ISO-10303-21;
HEADER;
/* Generated by software containing ST-Developer
 * from STEP Tools, Inc. (www.steptools.com) 
 */
/* OPTION: using custom renumber hook */

FILE_DESCRIPTION(
/* description */ ('STEP AP242 Edition 2',
'CAx-IF Rec.Pracs.---Representation and Presentation of Product Manufa
cturing Information (PMI)---4.0---2014-10-13',
'CAx-IF Rec.Pracs.---3D Tessellated Geometry---0.4---2014-09-14','2;1',
'CAx-IF Rec.Pracs.---User Defined Attributes---1.5---2016-08-15'),
/* implementation_level */ '2;1');

FILE_NAME(
/* name */ 'alarm clock - Part 1',
/* time_stamp */ '2026-09-07T14:06:58Z',
/* author */ (''),
/* organization */ (''),
/* preprocessor_version */ 'ST-DEVELOPER v20',
/* originating_system */ 'ONSHAPE BY PTC INC, 1.220',
/* authorisation */ '  ');

FILE_SCHEMA (('AP242_MANAGED_MODEL_BASED_3D_ENGINEERING_MIM_LF { 1 0 10303 442 3 1 4 }'));
ENDSEC;

DATA;
#10=SHAPE_REPRESENTATION_RELATIONSHIP('','',#2141,#11);
#11=ADVANCED_BREP_SHAPE_REPRESENTATION('',(#2139),#3047);
#12=CYLINDRICAL_SURFACE('',#2232,0.00015);
#13=CYLINDRICAL_SURFACE('',#2233,0.00015);
#14=CYLINDRICAL_SURFACE('',#2234,0.00015);
#15=CYLINDRICAL_SURFACE('',#2235,0.00015);
#16=CIRCLE('',#2145,0.00015);
#17=CIRCLE('',#2146,0.00015);
#18=CIRCLE('',#2147,0.00015);
#19=CIRCLE('',#2148,0.00015);
#20=CIRCLE('',#2151,0.00015);
#21=CIRCLE('',#2152,0.00015);
#22=CIRCLE('',#2153,0.00015);
#23=CIRCLE('',#2154,0.00015);
#24=ORIENTED_EDGE('',*,*,#432,.F.);
#25=ORIENTED_EDGE('',*,*,#433,.F.);
#26=ORIENTED_EDGE('',*,*,#434,.F.);
#27=ORIENTED_EDGE('',*,*,#435,.F.);
#28=ORIENTED_EDGE('',*,*,#436,.F.);
#29=ORIENTED_EDGE('',*,*,#437,.F.);
#30=ORIENTED_EDGE('',*,*,#438,.F.);
#31=ORIENTED_EDGE('',*,*,#439,.F.);
#32=ORIENTED_EDGE('',*,*,#440,.F.);
#33=ORIENTED_EDGE('',*,*,#441,.F.);
#34=ORIENTED_EDGE('',*,*,#442,.F.);
#35=ORIENTED_EDGE('',*,*,#443,.F.);
#36=ORIENTED_EDGE('',*,*,#444,.F.);
#37=ORIENTED_EDGE('',*,*,#445,.F.);
#38=ORIENTED_EDGE('',*,*,#446,.F.);
#39=ORIENTED_EDGE('',*,*,#447,.F.);
#40=ORIENTED_EDGE('',*,*,#448,.F.);
#41=ORIENTED_EDGE('',*,*,#449,.F.);
#42=ORIENTED_EDGE('',*,*,#450,.F.);
#43=ORIENTED_EDGE('',*,*,#451,.F.);
#44=ORIENTED_EDGE('',*,*,#452,.F.);
#45=ORIENTED_EDGE('',*,*,#453,.T.);
#46=ORIENTED_EDGE('',*,*,#454,.T.);
#47=ORIENTED_EDGE('',*,*,#455,.T.);
#48=ORIENTED_EDGE('',*,*,#456,.F.);
#49=ORIENTED_EDGE('',*,*,#457,.T.);
#50=ORIENTED_EDGE('',*,*,#458,.T.);
#51=ORIENTED_EDGE('',*,*,#459,.F.);
#52=ORIENTED_EDGE('',*,*,#460,.T.);
#53=ORIENTED_EDGE('',*,*,#461,.T.);
#54=ORIENTED_EDGE('',*,*,#462,.T.);
#55=ORIENTED_EDGE('',*,*,#463,.T.);
#56=ORIENTED_EDGE('',*,*,#464,.T.);
#57=ORIENTED_EDGE('',*,*,#465,.T.);
#58=ORIENTED_EDGE('',*,*,#466,.T.);
#59=ORIENTED_EDGE('',*,*,#467,.T.);
#60=ORIENTED_EDGE('',*,*,#468,.T.);
#61=ORIENTED_EDGE('',*,*,#469,.T.);
#62=ORIENTED_EDGE('',*,*,#470,.T.);
#63=ORIENTED_EDGE('',*,*,#471,.T.);
#64=ORIENTED_EDGE('',*,*,#472,.F.);
#65=ORIENTED_EDGE('',*,*,#473,.T.);
#66=ORIENTED_EDGE('',*,*,#474,.T.);
#67=ORIENTED_EDGE('',*,*,#475,.F.);
#68=ORIENTED_EDGE('',*,*,#476,.T.);
#69=ORIENTED_EDGE('',*,*,#477,.T.);
#70=ORIENTED_EDGE('',*,*,#478,.T.);
#71=ORIENTED_EDGE('',*,*,#479,.T.);
#72=ORIENTED_EDGE('',*,*,#480,.T.);
#73=ORIENTED_EDGE('',*,*,#481,.T.);
#74=ORIENTED_EDGE('',*,*,#482,.F.);
#75=ORIENTED_EDGE('',*,*,#483,.F.);
#76=ORIENTED_EDGE('',*,*,#484,.F.);
#77=ORIENTED_EDGE('',*,*,#485,.T.);
#78=ORIENTED_EDGE('',*,*,#486,.T.);
#79=ORIENTED_EDGE('',*,*,#487,.F.);
#80=ORIENTED_EDGE('',*,*,#488,.F.);
#81=ORIENTED_EDGE('',*,*,#489,.T.);
#82=ORIENTED_EDGE('',*,*,#490,.F.);
#83=ORIENTED_EDGE('',*,*,#491,.T.);
#84=ORIENTED_EDGE('',*,*,#492,.T.);
#85=ORIENTED_EDGE('',*,*,#493,.T.);
#86=ORIENTED_EDGE('',*,*,#452,.T.);
#87=ORIENTED_EDGE('',*,*,#494,.T.);
#88=ORIENTED_EDGE('',*,*,#495,.F.);
#89=ORIENTED_EDGE('',*,*,#496,.T.);
#90=ORIENTED_EDGE('',*,*,#497,.F.);
#91=ORIENTED_EDGE('',*,*,#498,.F.);
#92=ORIENTED_EDGE('',*,*,#499,.F.);
#93=ORIENTED_EDGE('',*,*,#500,.F.);
#94=ORIENTED_EDGE('',*,*,#501,.T.);
#95=ORIENTED_EDGE('',*,*,#502,.F.);
#96=ORIENTED_EDGE('',*,*,#492,.F.);
#97=ORIENTED_EDGE('',*,*,#503,.T.);
#98=ORIENTED_EDGE('',*,*,#504,.T.);
#99=ORIENTED_EDGE('',*,*,#505,.T.);
#100=ORIENTED_EDGE('',*,*,#506,.T.);
#101=ORIENTED_EDGE('',*,*,#507,.T.);
#102=ORIENTED_EDGE('',*,*,#508,.T.);
#103=ORIENTED_EDGE('',*,*,#509,.T.);
#104=ORIENTED_EDGE('',*,*,#454,.F.);
#105=ORIENTED_EDGE('',*,*,#510,.T.);
#106=ORIENTED_EDGE('',*,*,#504,.F.);
#107=ORIENTED_EDGE('',*,*,#511,.T.);
#108=ORIENTED_EDGE('',*,*,#508,.F.);
#109=ORIENTED_EDGE('',*,*,#512,.T.);
#110=ORIENTED_EDGE('',*,*,#488,.T.);
#111=ORIENTED_EDGE('',*,*,#513,.T.);
#112=ORIENTED_EDGE('',*,*,#490,.T.);
#113=ORIENTED_EDGE('',*,*,#514,.T.);
#114=ORIENTED_EDGE('',*,*,#506,.F.);
#115=ORIENTED_EDGE('',*,*,#515,.T.);
#116=ORIENTED_EDGE('',*,*,#496,.F.);
#117=ORIENTED_EDGE('',*,*,#516,.F.);
#118=ORIENTED_EDGE('',*,*,#517,.T.);
#119=ORIENTED_EDGE('',*,*,#518,.T.);
#120=ORIENTED_EDGE('',*,*,#495,.T.);
#121=ORIENTED_EDGE('',*,*,#519,.F.);
#122=ORIENTED_EDGE('',*,*,#520,.F.);
#123=ORIENTED_EDGE('',*,*,#516,.T.);
#124=ORIENTED_EDGE('',*,*,#498,.T.);
#125=ORIENTED_EDGE('',*,*,#521,.F.);
#126=ORIENTED_EDGE('',*,*,#522,.F.);
#127=ORIENTED_EDGE('',*,*,#519,.T.);
#128=ORIENTED_EDGE('',*,*,#497,.T.);
#129=ORIENTED_EDGE('',*,*,#518,.F.);
#130=ORIENTED_EDGE('',*,*,#523,.F.);
#131=ORIENTED_EDGE('',*,*,#521,.T.);
#132=ORIENTED_EDGE('',*,*,#517,.F.);
#133=ORIENTED_EDGE('',*,*,#520,.T.);
#134=ORIENTED_EDGE('',*,*,#522,.T.);
#135=ORIENTED_EDGE('',*,*,#523,.T.);
#136=ORIENTED_EDGE('',*,*,#499,.T.);
#137=ORIENTED_EDGE('',*,*,#524,.F.);
#138=ORIENTED_EDGE('',*,*,#525,.F.);
#139=ORIENTED_EDGE('',*,*,#526,.T.);
#140=ORIENTED_EDGE('',*,*,#502,.T.);
#141=ORIENTED_EDGE('',*,*,#527,.F.);
#142=ORIENTED_EDGE('',*,*,#528,.F.);
#143=ORIENTED_EDGE('',*,*,#524,.T.);
#144=ORIENTED_EDGE('',*,*,#501,.F.);
#145=ORIENTED_EDGE('',*,*,#529,.F.);
#146=ORIENTED_EDGE('',*,*,#530,.T.);
#147=ORIENTED_EDGE('',*,*,#527,.T.);
#148=ORIENTED_EDGE('',*,*,#500,.T.);
#149=ORIENTED_EDGE('',*,*,#526,.F.);
#150=ORIENTED_EDGE('',*,*,#531,.F.);
#151=ORIENTED_EDGE('',*,*,#529,.T.);
#152=ORIENTED_EDGE('',*,*,#525,.T.);
#153=ORIENTED_EDGE('',*,*,#528,.T.);
#154=ORIENTED_EDGE('',*,*,#530,.F.);
#155=ORIENTED_EDGE('',*,*,#531,.T.);
#156=ORIENTED_EDGE('',*,*,#485,.F.);
#157=ORIENTED_EDGE('',*,*,#532,.F.);
#158=ORIENTED_EDGE('',*,*,#533,.T.);
#159=ORIENTED_EDGE('',*,*,#534,.T.);
#160=ORIENTED_EDGE('',*,*,#484,.T.);
#161=ORIENTED_EDGE('',*,*,#535,.F.);
#162=ORIENTED_EDGE('',*,*,#536,.F.);
#163=ORIENTED_EDGE('',*,*,#532,.T.);
#164=ORIENTED_EDGE('',*,*,#487,.T.);
#165=ORIENTED_EDGE('',*,*,#537,.F.);
#166=ORIENTED_EDGE('',*,*,#538,.F.);
#167=ORIENTED_EDGE('',*,*,#535,.T.);
#168=ORIENTED_EDGE('',*,*,#486,.F.);
#169=ORIENTED_EDGE('',*,*,#534,.F.);
#170=ORIENTED_EDGE('',*,*,#539,.T.);
#171=ORIENTED_EDGE('',*,*,#537,.T.);
#172=ORIENTED_EDGE('',*,*,#533,.F.);
#173=ORIENTED_EDGE('',*,*,#536,.T.);
#174=ORIENTED_EDGE('',*,*,#538,.T.);
#175=ORIENTED_EDGE('',*,*,#539,.F.);
#176=ORIENTED_EDGE('',*,*,#481,.F.);
#177=ORIENTED_EDGE('',*,*,#540,.F.);
#178=ORIENTED_EDGE('',*,*,#541,.T.);
#179=ORIENTED_EDGE('',*,*,#542,.T.);
#180=ORIENTED_EDGE('',*,*,#480,.F.);
#181=ORIENTED_EDGE('',*,*,#543,.F.);
#182=ORIENTED_EDGE('',*,*,#544,.T.);
#183=ORIENTED_EDGE('',*,*,#540,.T.);
#184=ORIENTED_EDGE('',*,*,#483,.T.);
#185=ORIENTED_EDGE('',*,*,#545,.F.);
#186=ORIENTED_EDGE('',*,*,#546,.F.);
#187=ORIENTED_EDGE('',*,*,#543,.T.);
#188=ORIENTED_EDGE('',*,*,#482,.T.);
#189=ORIENTED_EDGE('',*,*,#542,.F.);
#190=ORIENTED_EDGE('',*,*,#547,.F.);
#191=ORIENTED_EDGE('',*,*,#545,.T.);
#192=ORIENTED_EDGE('',*,*,#541,.F.);
#193=ORIENTED_EDGE('',*,*,#544,.F.);
#194=ORIENTED_EDGE('',*,*,#546,.T.);
#195=ORIENTED_EDGE('',*,*,#547,.T.);
#196=ORIENTED_EDGE('',*,*,#457,.F.);
#197=ORIENTED_EDGE('',*,*,#548,.F.);
#198=ORIENTED_EDGE('',*,*,#549,.T.);
#199=ORIENTED_EDGE('',*,*,#550,.T.);
#200=ORIENTED_EDGE('',*,*,#456,.T.);
#201=ORIENTED_EDGE('',*,*,#551,.F.);
#202=ORIENTED_EDGE('',*,*,#552,.F.);
#203=ORIENTED_EDGE('',*,*,#548,.T.);
#204=ORIENTED_EDGE('',*,*,#459,.T.);
#205=ORIENTED_EDGE('',*,*,#553,.F.);
#206=ORIENTED_EDGE('',*,*,#554,.F.);
#207=ORIENTED_EDGE('',*,*,#551,.T.);
#208=ORIENTED_EDGE('',*,*,#458,.F.);
#209=ORIENTED_EDGE('',*,*,#550,.F.);
#210=ORIENTED_EDGE('',*,*,#555,.T.);
#211=ORIENTED_EDGE('',*,*,#553,.T.);
#212=ORIENTED_EDGE('',*,*,#549,.F.);
#213=ORIENTED_EDGE('',*,*,#552,.T.);
#214=ORIENTED_EDGE('',*,*,#554,.T.);
#215=ORIENTED_EDGE('',*,*,#555,.F.);
#216=ORIENTED_EDGE('',*,*,#448,.T.);
#217=ORIENTED_EDGE('',*,*,#556,.F.);
#218=ORIENTED_EDGE('',*,*,#557,.F.);
#219=ORIENTED_EDGE('',*,*,#558,.T.);
#220=ORIENTED_EDGE('',*,*,#451,.T.);
#221=ORIENTED_EDGE('',*,*,#559,.F.);
#222=ORIENTED_EDGE('',*,*,#560,.F.);
#223=ORIENTED_EDGE('',*,*,#556,.T.);
#224=ORIENTED_EDGE('',*,*,#450,.T.);
#225=ORIENTED_EDGE('',*,*,#561,.F.);
#226=ORIENTED_EDGE('',*,*,#562,.F.);
#227=ORIENTED_EDGE('',*,*,#559,.T.);
#228=ORIENTED_EDGE('',*,*,#449,.T.);
#229=ORIENTED_EDGE('',*,*,#558,.F.);
#230=ORIENTED_EDGE('',*,*,#563,.F.);
#231=ORIENTED_EDGE('',*,*,#561,.T.);
#232=ORIENTED_EDGE('',*,*,#557,.T.);
#233=ORIENTED_EDGE('',*,*,#560,.T.);
#234=ORIENTED_EDGE('',*,*,#562,.T.);
#235=ORIENTED_EDGE('',*,*,#563,.T.);
#236=ORIENTED_EDGE('',*,*,#444,.T.);
#237=ORIENTED_EDGE('',*,*,#564,.F.);
#238=ORIENTED_EDGE('',*,*,#565,.F.);
#239=ORIENTED_EDGE('',*,*,#566,.T.);
#240=ORIENTED_EDGE('',*,*,#447,.T.);
#241=ORIENTED_EDGE('',*,*,#567,.F.);
#242=ORIENTED_EDGE('',*,*,#568,.F.);
#243=ORIENTED_EDGE('',*,*,#564,.T.);
#244=ORIENTED_EDGE('',*,*,#446,.T.);
#245=ORIENTED_EDGE('',*,*,#569,.F.);
#246=ORIENTED_EDGE('',*,*,#570,.F.);
#247=ORIENTED_EDGE('',*,*,#567,.T.);
#248=ORIENTED_EDGE('',*,*,#445,.T.);
#249=ORIENTED_EDGE('',*,*,#566,.F.);
#250=ORIENTED_EDGE('',*,*,#571,.F.);
#251=ORIENTED_EDGE('',*,*,#569,.T.);
#252=ORIENTED_EDGE('',*,*,#565,.T.);
#253=ORIENTED_EDGE('',*,*,#568,.T.);
#254=ORIENTED_EDGE('',*,*,#570,.T.);
#255=ORIENTED_EDGE('',*,*,#571,.T.);
#256=ORIENTED_EDGE('',*,*,#461,.F.);
#257=ORIENTED_EDGE('',*,*,#572,.F.);
#258=ORIENTED_EDGE('',*,*,#573,.T.);
#259=ORIENTED_EDGE('',*,*,#574,.T.);
#260=ORIENTED_EDGE('',*,*,#460,.F.);
#261=ORIENTED_EDGE('',*,*,#575,.F.);
#262=ORIENTED_EDGE('',*,*,#576,.T.);
#263=ORIENTED_EDGE('',*,*,#572,.T.);
#264=ORIENTED_EDGE('',*,*,#463,.F.);
#265=ORIENTED_EDGE('',*,*,#577,.F.);
#266=ORIENTED_EDGE('',*,*,#578,.T.);
#267=ORIENTED_EDGE('',*,*,#575,.T.);
#268=ORIENTED_EDGE('',*,*,#462,.F.);
#269=ORIENTED_EDGE('',*,*,#574,.F.);
#270=ORIENTED_EDGE('',*,*,#579,.T.);
#271=ORIENTED_EDGE('',*,*,#577,.T.);
#272=ORIENTED_EDGE('',*,*,#573,.F.);
#273=ORIENTED_EDGE('',*,*,#576,.F.);
#274=ORIENTED_EDGE('',*,*,#578,.F.);
#275=ORIENTED_EDGE('',*,*,#579,.F.);
#276=ORIENTED_EDGE('',*,*,#465,.F.);
#277=ORIENTED_EDGE('',*,*,#580,.F.);
#278=ORIENTED_EDGE('',*,*,#581,.T.);
#279=ORIENTED_EDGE('',*,*,#582,.T.);
#280=ORIENTED_EDGE('',*,*,#464,.F.);
#281=ORIENTED_EDGE('',*,*,#583,.F.);
#282=ORIENTED_EDGE('',*,*,#584,.T.);
#283=ORIENTED_EDGE('',*,*,#580,.T.);
#284=ORIENTED_EDGE('',*,*,#467,.F.);
#285=ORIENTED_EDGE('',*,*,#585,.F.);
#286=ORIENTED_EDGE('',*,*,#586,.T.);
#287=ORIENTED_EDGE('',*,*,#583,.T.);
#288=ORIENTED_EDGE('',*,*,#466,.F.);
#289=ORIENTED_EDGE('',*,*,#582,.F.);
#290=ORIENTED_EDGE('',*,*,#587,.T.);
#291=ORIENTED_EDGE('',*,*,#585,.T.);
#292=ORIENTED_EDGE('',*,*,#581,.F.);
#293=ORIENTED_EDGE('',*,*,#584,.F.);
#294=ORIENTED_EDGE('',*,*,#586,.F.);
#295=ORIENTED_EDGE('',*,*,#587,.F.);
#296=ORIENTED_EDGE('',*,*,#469,.F.);
#297=ORIENTED_EDGE('',*,*,#588,.F.);
#298=ORIENTED_EDGE('',*,*,#589,.T.);
#299=ORIENTED_EDGE('',*,*,#590,.T.);
#300=ORIENTED_EDGE('',*,*,#468,.F.);
#301=ORIENTED_EDGE('',*,*,#591,.F.);
#302=ORIENTED_EDGE('',*,*,#592,.T.);
#303=ORIENTED_EDGE('',*,*,#588,.T.);
#304=ORIENTED_EDGE('',*,*,#471,.F.);
#305=ORIENTED_EDGE('',*,*,#593,.F.);
#306=ORIENTED_EDGE('',*,*,#594,.T.);
#307=ORIENTED_EDGE('',*,*,#591,.T.);
#308=ORIENTED_EDGE('',*,*,#470,.F.);
#309=ORIENTED_EDGE('',*,*,#590,.F.);
#310=ORIENTED_EDGE('',*,*,#595,.T.);
#311=ORIENTED_EDGE('',*,*,#593,.T.);
#312=ORIENTED_EDGE('',*,*,#589,.F.);
#313=ORIENTED_EDGE('',*,*,#592,.F.);
#314=ORIENTED_EDGE('',*,*,#594,.F.);
#315=ORIENTED_EDGE('',*,*,#595,.F.);
#316=ORIENTED_EDGE('',*,*,#473,.F.);
#317=ORIENTED_EDGE('',*,*,#596,.F.);
#318=ORIENTED_EDGE('',*,*,#597,.T.);
#319=ORIENTED_EDGE('',*,*,#598,.T.);
#320=ORIENTED_EDGE('',*,*,#472,.T.);
#321=ORIENTED_EDGE('',*,*,#599,.F.);
#322=ORIENTED_EDGE('',*,*,#600,.F.);
#323=ORIENTED_EDGE('',*,*,#596,.T.);
#324=ORIENTED_EDGE('',*,*,#475,.T.);
#325=ORIENTED_EDGE('',*,*,#601,.F.);
#326=ORIENTED_EDGE('',*,*,#602,.F.);
#327=ORIENTED_EDGE('',*,*,#599,.T.);
#328=ORIENTED_EDGE('',*,*,#474,.F.);
#329=ORIENTED_EDGE('',*,*,#598,.F.);
#330=ORIENTED_EDGE('',*,*,#603,.T.);
#331=ORIENTED_EDGE('',*,*,#601,.T.);
#332=ORIENTED_EDGE('',*,*,#597,.F.);
#333=ORIENTED_EDGE('',*,*,#600,.T.);
#334=ORIENTED_EDGE('',*,*,#602,.T.);
#335=ORIENTED_EDGE('',*,*,#603,.F.);
#336=ORIENTED_EDGE('',*,*,#440,.T.);
#337=ORIENTED_EDGE('',*,*,#604,.F.);
#338=ORIENTED_EDGE('',*,*,#605,.F.);
#339=ORIENTED_EDGE('',*,*,#606,.T.);
#340=ORIENTED_EDGE('',*,*,#443,.T.);
#341=ORIENTED_EDGE('',*,*,#607,.F.);
#342=ORIENTED_EDGE('',*,*,#608,.F.);
#343=ORIENTED_EDGE('',*,*,#604,.T.);
#344=ORIENTED_EDGE('',*,*,#442,.T.);
#345=ORIENTED_EDGE('',*,*,#609,.F.);
#346=ORIENTED_EDGE('',*,*,#610,.F.);
#347=ORIENTED_EDGE('',*,*,#607,.T.);
#348=ORIENTED_EDGE('',*,*,#441,.T.);
#349=ORIENTED_EDGE('',*,*,#606,.F.);
#350=ORIENTED_EDGE('',*,*,#611,.F.);
#351=ORIENTED_EDGE('',*,*,#609,.T.);
#352=ORIENTED_EDGE('',*,*,#605,.T.);
#353=ORIENTED_EDGE('',*,*,#608,.T.);
#354=ORIENTED_EDGE('',*,*,#610,.T.);
#355=ORIENTED_EDGE('',*,*,#611,.T.);
#356=ORIENTED_EDGE('',*,*,#436,.T.);
#357=ORIENTED_EDGE('',*,*,#612,.F.);
#358=ORIENTED_EDGE('',*,*,#613,.F.);
#359=ORIENTED_EDGE('',*,*,#614,.T.);
#360=ORIENTED_EDGE('',*,*,#439,.T.);
#361=ORIENTED_EDGE('',*,*,#615,.F.);
#362=ORIENTED_EDGE('',*,*,#616,.F.);
#363=ORIENTED_EDGE('',*,*,#612,.T.);
#364=ORIENTED_EDGE('',*,*,#438,.T.);
#365=ORIENTED_EDGE('',*,*,#617,.F.);
#366=ORIENTED_EDGE('',*,*,#618,.F.);
#367=ORIENTED_EDGE('',*,*,#615,.T.);
#368=ORIENTED_EDGE('',*,*,#437,.T.);
#369=ORIENTED_EDGE('',*,*,#614,.F.);
#370=ORIENTED_EDGE('',*,*,#619,.F.);
#371=ORIENTED_EDGE('',*,*,#617,.T.);
#372=ORIENTED_EDGE('',*,*,#613,.T.);
#373=ORIENTED_EDGE('',*,*,#616,.T.);
#374=ORIENTED_EDGE('',*,*,#618,.T.);
#375=ORIENTED_EDGE('',*,*,#619,.T.);
#376=ORIENTED_EDGE('',*,*,#432,.T.);
#377=ORIENTED_EDGE('',*,*,#620,.F.);
#378=ORIENTED_EDGE('',*,*,#621,.F.);
#379=ORIENTED_EDGE('',*,*,#622,.T.);
#380=ORIENTED_EDGE('',*,*,#435,.T.);
#381=ORIENTED_EDGE('',*,*,#623,.F.);
#382=ORIENTED_EDGE('',*,*,#624,.F.);
#383=ORIENTED_EDGE('',*,*,#620,.T.);
#384=ORIENTED_EDGE('',*,*,#434,.T.);
#385=ORIENTED_EDGE('',*,*,#625,.F.);
#386=ORIENTED_EDGE('',*,*,#626,.F.);
#387=ORIENTED_EDGE('',*,*,#623,.T.);
#388=ORIENTED_EDGE('',*,*,#433,.T.);
#389=ORIENTED_EDGE('',*,*,#622,.F.);
#390=ORIENTED_EDGE('',*,*,#627,.F.);
#391=ORIENTED_EDGE('',*,*,#625,.T.);
#392=ORIENTED_EDGE('',*,*,#621,.T.);
#393=ORIENTED_EDGE('',*,*,#624,.T.);
#394=ORIENTED_EDGE('',*,*,#626,.T.);
#395=ORIENTED_EDGE('',*,*,#627,.T.);
#396=ORIENTED_EDGE('',*,*,#477,.F.);
#397=ORIENTED_EDGE('',*,*,#628,.F.);
#398=ORIENTED_EDGE('',*,*,#629,.T.);
#399=ORIENTED_EDGE('',*,*,#630,.T.);
#400=ORIENTED_EDGE('',*,*,#476,.F.);
#401=ORIENTED_EDGE('',*,*,#631,.F.);
#402=ORIENTED_EDGE('',*,*,#632,.T.);
#403=ORIENTED_EDGE('',*,*,#628,.T.);
#404=ORIENTED_EDGE('',*,*,#479,.F.);
#405=ORIENTED_EDGE('',*,*,#633,.F.);
#406=ORIENTED_EDGE('',*,*,#634,.T.);
#407=ORIENTED_EDGE('',*,*,#631,.T.);
#408=ORIENTED_EDGE('',*,*,#478,.F.);
#409=ORIENTED_EDGE('',*,*,#630,.F.);
#410=ORIENTED_EDGE('',*,*,#635,.T.);
#411=ORIENTED_EDGE('',*,*,#633,.T.);
#412=ORIENTED_EDGE('',*,*,#629,.F.);
#413=ORIENTED_EDGE('',*,*,#632,.F.);
#414=ORIENTED_EDGE('',*,*,#634,.F.);
#415=ORIENTED_EDGE('',*,*,#635,.F.);
#416=ORIENTED_EDGE('',*,*,#493,.F.);
#417=ORIENTED_EDGE('',*,*,#505,.F.);
#418=ORIENTED_EDGE('',*,*,#510,.F.);
#419=ORIENTED_EDGE('',*,*,#453,.F.);
#420=ORIENTED_EDGE('',*,*,#494,.F.);
#421=ORIENTED_EDGE('',*,*,#455,.F.);
#422=ORIENTED_EDGE('',*,*,#509,.F.);
#423=ORIENTED_EDGE('',*,*,#513,.F.);
#424=ORIENTED_EDGE('',*,*,#489,.F.);
#425=ORIENTED_EDGE('',*,*,#512,.F.);
#426=ORIENTED_EDGE('',*,*,#507,.F.);
#427=ORIENTED_EDGE('',*,*,#514,.F.);
#428=ORIENTED_EDGE('',*,*,#491,.F.);
#429=ORIENTED_EDGE('',*,*,#515,.F.);
#430=ORIENTED_EDGE('',*,*,#511,.F.);
#431=ORIENTED_EDGE('',*,*,#503,.F.);
#432=EDGE_CURVE('',#636,#637,#772,.T.);
#433=EDGE_CURVE('',#638,#636,#773,.T.);
#434=EDGE_CURVE('',#639,#638,#774,.T.);
#435=EDGE_CURVE('',#637,#639,#775,.T.);
#436=EDGE_CURVE('',#640,#641,#776,.T.);
#437=EDGE_CURVE('',#642,#640,#777,.T.);
#438=EDGE_CURVE('',#643,#642,#778,.T.);
#439=EDGE_CURVE('',#641,#643,#779,.T.);
#440=EDGE_CURVE('',#644,#645,#780,.T.);
#441=EDGE_CURVE('',#646,#644,#781,.T.);
#442=EDGE_CURVE('',#647,#646,#782,.T.);
#443=EDGE_CURVE('',#645,#647,#783,.T.);
#444=EDGE_CURVE('',#648,#649,#784,.T.);
#445=EDGE_CURVE('',#650,#648,#785,.T.);
#446=EDGE_CURVE('',#651,#650,#786,.T.);
#447=EDGE_CURVE('',#649,#651,#787,.T.);
#448=EDGE_CURVE('',#652,#653,#788,.T.);
#449=EDGE_CURVE('',#654,#652,#789,.T.);
#450=EDGE_CURVE('',#655,#654,#790,.T.);
#451=EDGE_CURVE('',#653,#655,#791,.T.);
#452=EDGE_CURVE('',#656,#657,#792,.T.);
#453=EDGE_CURVE('',#656,#658,#793,.T.);
#454=EDGE_CURVE('',#658,#659,#794,.T.);
#455=EDGE_CURVE('',#659,#657,#795,.F.);
#456=EDGE_CURVE('',#660,#661,#796,.T.);
#457=EDGE_CURVE('',#660,#662,#797,.T.);
#458=EDGE_CURVE('',#662,#663,#798,.T.);
#459=EDGE_CURVE('',#661,#663,#799,.T.);
#460=EDGE_CURVE('',#664,#665,#800,.T.);
#461=EDGE_CURVE('',#665,#666,#801,.T.);
#462=EDGE_CURVE('',#666,#667,#802,.T.);
#463=EDGE_CURVE('',#667,#664,#803,.T.);
#464=EDGE_CURVE('',#668,#669,#804,.T.);
#465=EDGE_CURVE('',#669,#670,#805,.T.);
#466=EDGE_CURVE('',#670,#671,#806,.T.);
#467=EDGE_CURVE('',#671,#668,#807,.T.);
#468=EDGE_CURVE('',#672,#673,#808,.T.);
#469=EDGE_CURVE('',#673,#674,#809,.T.);
#470=EDGE_CURVE('',#674,#675,#810,.T.);
#471=EDGE_CURVE('',#675,#672,#811,.T.);
#472=EDGE_CURVE('',#676,#677,#812,.T.);
#473=EDGE_CURVE('',#676,#678,#813,.T.);
#474=EDGE_CURVE('',#678,#679,#814,.T.);
#475=EDGE_CURVE('',#677,#679,#815,.T.);
#476=EDGE_CURVE('',#680,#681,#816,.T.);
#477=EDGE_CURVE('',#681,#682,#817,.T.);
#478=EDGE_CURVE('',#682,#683,#818,.T.);
#479=EDGE_CURVE('',#683,#680,#819,.T.);
#480=EDGE_CURVE('',#684,#685,#820,.T.);
#481=EDGE_CURVE('',#685,#686,#821,.T.);
#482=EDGE_CURVE('',#687,#686,#822,.T.);
#483=EDGE_CURVE('',#684,#687,#823,.T.);
#484=EDGE_CURVE('',#688,#689,#824,.T.);
#485=EDGE_CURVE('',#688,#690,#825,.T.);
#486=EDGE_CURVE('',#690,#691,#826,.T.);
#487=EDGE_CURVE('',#689,#691,#827,.T.);
#488=EDGE_CURVE('',#692,#693,#828,.T.);
#489=EDGE_CURVE('',#692,#694,#16,.F.);
#490=EDGE_CURVE('',#695,#694,#829,.T.);
#491=EDGE_CURVE('',#695,#696,#17,.F.);
#492=EDGE_CURVE('',#696,#697,#830,.T.);
#493=EDGE_CURVE('',#697,#656,#18,.F.);
#494=EDGE_CURVE('',#657,#693,#19,.F.);
#495=EDGE_CURVE('',#698,#699,#831,.T.);
#496=EDGE_CURVE('',#698,#700,#832,.T.);
#497=EDGE_CURVE('',#701,#700,#833,.T.);
#498=EDGE_CURVE('',#699,#701,#834,.T.);
#499=EDGE_CURVE('',#702,#703,#835,.T.);
#500=EDGE_CURVE('',#704,#702,#836,.T.);
#501=EDGE_CURVE('',#704,#705,#837,.T.);
#502=EDGE_CURVE('',#703,#705,#838,.T.);
#503=EDGE_CURVE('',#696,#706,#839,.T.);
#504=EDGE_CURVE('',#706,#707,#840,.T.);
#505=EDGE_CURVE('',#707,#697,#841,.F.);
#506=EDGE_CURVE('',#708,#709,#842,.T.);
#507=EDGE_CURVE('',#709,#710,#20,.T.);
#508=EDGE_CURVE('',#710,#711,#843,.T.);
#509=EDGE_CURVE('',#711,#659,#21,.T.);
#510=EDGE_CURVE('',#658,#707,#22,.T.);
#511=EDGE_CURVE('',#706,#708,#23,.T.);
#512=EDGE_CURVE('',#710,#692,#844,.F.);
#513=EDGE_CURVE('',#693,#711,#845,.T.);
#514=EDGE_CURVE('',#694,#709,#846,.T.);
#515=EDGE_CURVE('',#708,#695,#847,.F.);
#516=EDGE_CURVE('',#712,#698,#848,.T.);
#517=EDGE_CURVE('',#712,#713,#849,.T.);
#518=EDGE_CURVE('',#713,#700,#850,.T.);
#519=EDGE_CURVE('',#714,#699,#851,.T.);
#520=EDGE_CURVE('',#712,#714,#852,.T.);
#521=EDGE_CURVE('',#715,#701,#853,.T.);
#522=EDGE_CURVE('',#714,#715,#854,.T.);
#523=EDGE_CURVE('',#715,#713,#855,.T.);
#524=EDGE_CURVE('',#716,#703,#856,.T.);
#525=EDGE_CURVE('',#717,#716,#857,.T.);
#526=EDGE_CURVE('',#717,#702,#858,.T.);
#527=EDGE_CURVE('',#718,#705,#859,.T.);
#528=EDGE_CURVE('',#716,#718,#860,.T.);
#529=EDGE_CURVE('',#719,#704,#861,.T.);
#530=EDGE_CURVE('',#719,#718,#862,.T.);
#531=EDGE_CURVE('',#719,#717,#863,.T.);
#532=EDGE_CURVE('',#720,#688,#864,.T.);
#533=EDGE_CURVE('',#720,#721,#865,.T.);
#534=EDGE_CURVE('',#721,#690,#866,.T.);
#535=EDGE_CURVE('',#722,#689,#867,.T.);
#536=EDGE_CURVE('',#720,#722,#868,.T.);
#537=EDGE_CURVE('',#723,#691,#869,.T.);
#538=EDGE_CURVE('',#722,#723,#870,.T.);
#539=EDGE_CURVE('',#721,#723,#871,.T.);
#540=EDGE_CURVE('',#724,#685,#872,.T.);
#541=EDGE_CURVE('',#724,#725,#873,.T.);
#542=EDGE_CURVE('',#725,#686,#874,.T.);
#543=EDGE_CURVE('',#726,#684,#875,.T.);
#544=EDGE_CURVE('',#726,#724,#876,.T.);
#545=EDGE_CURVE('',#727,#687,#877,.T.);
#546=EDGE_CURVE('',#726,#727,#878,.T.);
#547=EDGE_CURVE('',#727,#725,#879,.T.);
#548=EDGE_CURVE('',#728,#660,#880,.T.);
#549=EDGE_CURVE('',#728,#729,#881,.T.);
#550=EDGE_CURVE('',#729,#662,#882,.T.);
#551=EDGE_CURVE('',#730,#661,#883,.T.);
#552=EDGE_CURVE('',#728,#730,#884,.T.);
#553=EDGE_CURVE('',#731,#663,#885,.T.);
#554=EDGE_CURVE('',#730,#731,#886,.T.);
#555=EDGE_CURVE('',#729,#731,#887,.T.);
#556=EDGE_CURVE('',#732,#653,#888,.T.);
#557=EDGE_CURVE('',#733,#732,#889,.T.);
#558=EDGE_CURVE('',#733,#652,#890,.T.);
#559=EDGE_CURVE('',#734,#655,#891,.T.);
#560=EDGE_CURVE('',#732,#734,#892,.T.);
#561=EDGE_CURVE('',#735,#654,#893,.T.);
#562=EDGE_CURVE('',#734,#735,#894,.T.);
#563=EDGE_CURVE('',#735,#733,#895,.T.);
#564=EDGE_CURVE('',#736,#649,#896,.T.);
#565=EDGE_CURVE('',#737,#736,#897,.T.);
#566=EDGE_CURVE('',#737,#648,#898,.T.);
#567=EDGE_CURVE('',#738,#651,#899,.T.);
#568=EDGE_CURVE('',#736,#738,#900,.T.);
#569=EDGE_CURVE('',#739,#650,#901,.T.);
#570=EDGE_CURVE('',#738,#739,#902,.T.);
#571=EDGE_CURVE('',#739,#737,#903,.T.);
#572=EDGE_CURVE('',#740,#665,#904,.T.);
#573=EDGE_CURVE('',#740,#741,#905,.T.);
#574=EDGE_CURVE('',#741,#666,#906,.T.);
#575=EDGE_CURVE('',#742,#664,#907,.T.);
#576=EDGE_CURVE('',#742,#740,#908,.T.);
#577=EDGE_CURVE('',#743,#667,#909,.T.);
#578=EDGE_CURVE('',#743,#742,#910,.T.);
#579=EDGE_CURVE('',#741,#743,#911,.T.);
#580=EDGE_CURVE('',#744,#669,#912,.T.);
#581=EDGE_CURVE('',#744,#745,#913,.T.);
#582=EDGE_CURVE('',#745,#670,#914,.T.);
#583=EDGE_CURVE('',#746,#668,#915,.T.);
#584=EDGE_CURVE('',#746,#744,#916,.T.);
#585=EDGE_CURVE('',#747,#671,#917,.T.);
#586=EDGE_CURVE('',#747,#746,#918,.T.);
#587=EDGE_CURVE('',#745,#747,#919,.T.);
#588=EDGE_CURVE('',#748,#673,#920,.T.);
#589=EDGE_CURVE('',#748,#749,#921,.T.);
#590=EDGE_CURVE('',#749,#674,#922,.T.);
#591=EDGE_CURVE('',#750,#672,#923,.T.);
#592=EDGE_CURVE('',#750,#748,#924,.T.);
#593=EDGE_CURVE('',#751,#675,#925,.T.);
#594=EDGE_CURVE('',#751,#750,#926,.T.);
#595=EDGE_CURVE('',#749,#751,#927,.T.);
#596=EDGE_CURVE('',#752,#676,#928,.T.);
#597=EDGE_CURVE('',#752,#753,#929,.T.);
#598=EDGE_CURVE('',#753,#678,#930,.T.);
#599=EDGE_CURVE('',#754,#677,#931,.T.);
#600=EDGE_CURVE('',#752,#754,#932,.T.);
#601=EDGE_CURVE('',#755,#679,#933,.T.);
#602=EDGE_CURVE('',#754,#755,#934,.T.);
#603=EDGE_CURVE('',#753,#755,#935,.T.);
#604=EDGE_CURVE('',#756,#645,#936,.T.);
#605=EDGE_CURVE('',#757,#756,#937,.T.);
#606=EDGE_CURVE('',#757,#644,#938,.T.);
#607=EDGE_CURVE('',#758,#647,#939,.T.);
#608=EDGE_CURVE('',#756,#758,#940,.T.);
#609=EDGE_CURVE('',#759,#646,#941,.T.);
#610=EDGE_CURVE('',#758,#759,#942,.T.);
#611=EDGE_CURVE('',#759,#757,#943,.T.);
#612=EDGE_CURVE('',#760,#641,#944,.T.);
#613=EDGE_CURVE('',#761,#760,#945,.T.);
#614=EDGE_CURVE('',#761,#640,#946,.T.);
#615=EDGE_CURVE('',#762,#643,#947,.T.);
#616=EDGE_CURVE('',#760,#762,#948,.T.);
#617=EDGE_CURVE('',#763,#642,#949,.T.);
#618=EDGE_CURVE('',#762,#763,#950,.T.);
#619=EDGE_CURVE('',#763,#761,#951,.T.);
#620=EDGE_CURVE('',#764,#637,#952,.T.);
#621=EDGE_CURVE('',#765,#764,#953,.T.);
#622=EDGE_CURVE('',#765,#636,#954,.T.);
#623=EDGE_CURVE('',#766,#639,#955,.T.);
#624=EDGE_CURVE('',#764,#766,#956,.T.);
#625=EDGE_CURVE('',#767,#638,#957,.T.);
#626=EDGE_CURVE('',#766,#767,#958,.T.);
#627=EDGE_CURVE('',#767,#765,#959,.T.);
#628=EDGE_CURVE('',#768,#681,#960,.T.);
#629=EDGE_CURVE('',#768,#769,#961,.T.);
#630=EDGE_CURVE('',#769,#682,#962,.T.);
#631=EDGE_CURVE('',#770,#680,#963,.T.);
#632=EDGE_CURVE('',#770,#768,#964,.T.);
#633=EDGE_CURVE('',#771,#683,#965,.T.);
#634=EDGE_CURVE('',#771,#770,#966,.T.);
#635=EDGE_CURVE('',#769,#771,#967,.T.);
#636=VERTEX_POINT('',#2623);
#637=VERTEX_POINT('',#2624);
#638=VERTEX_POINT('',#2626);
#639=VERTEX_POINT('',#2628);
#640=VERTEX_POINT('',#2631);
#641=VERTEX_POINT('',#2632);
#642=VERTEX_POINT('',#2634);
#643=VERTEX_POINT('',#2636);
#644=VERTEX_POINT('',#2639);
#645=VERTEX_POINT('',#2640);
#646=VERTEX_POINT('',#2642);
#647=VERTEX_POINT('',#2644);
#648=VERTEX_POINT('',#2647);
#649=VERTEX_POINT('',#2648);
#650=VERTEX_POINT('',#2650);
#651=VERTEX_POINT('',#2652);
#652=VERTEX_POINT('',#2655);
#653=VERTEX_POINT('',#2656);
#654=VERTEX_POINT('',#2658);
#655=VERTEX_POINT('',#2660);
#656=VERTEX_POINT('',#2663);
#657=VERTEX_POINT('',#2664);
#658=VERTEX_POINT('',#2666);
#659=VERTEX_POINT('',#2668);
#660=VERTEX_POINT('',#2671);
#661=VERTEX_POINT('',#2672);
#662=VERTEX_POINT('',#2674);
#663=VERTEX_POINT('',#2676);
#664=VERTEX_POINT('',#2679);
#665=VERTEX_POINT('',#2680);
#666=VERTEX_POINT('',#2682);
#667=VERTEX_POINT('',#2684);
#668=VERTEX_POINT('',#2687);
#669=VERTEX_POINT('',#2688);
#670=VERTEX_POINT('',#2690);
#671=VERTEX_POINT('',#2692);
#672=VERTEX_POINT('',#2695);
#673=VERTEX_POINT('',#2696);
#674=VERTEX_POINT('',#2698);
#675=VERTEX_POINT('',#2700);
#676=VERTEX_POINT('',#2703);
#677=VERTEX_POINT('',#2704);
#678=VERTEX_POINT('',#2706);
#679=VERTEX_POINT('',#2708);
#680=VERTEX_POINT('',#2711);
#681=VERTEX_POINT('',#2712);
#682=VERTEX_POINT('',#2714);
#683=VERTEX_POINT('',#2716);
#684=VERTEX_POINT('',#2720);
#685=VERTEX_POINT('',#2721);
#686=VERTEX_POINT('',#2723);
#687=VERTEX_POINT('',#2725);
#688=VERTEX_POINT('',#2728);
#689=VERTEX_POINT('',#2729);
#690=VERTEX_POINT('',#2731);
#691=VERTEX_POINT('',#2733);
#692=VERTEX_POINT('',#2736);
#693=VERTEX_POINT('',#2737);
#694=VERTEX_POINT('',#2739);
#695=VERTEX_POINT('',#2741);
#696=VERTEX_POINT('',#2743);
#697=VERTEX_POINT('',#2745);
#698=VERTEX_POINT('',#2749);
#699=VERTEX_POINT('',#2750);
#700=VERTEX_POINT('',#2752);
#701=VERTEX_POINT('',#2754);
#702=VERTEX_POINT('',#2757);
#703=VERTEX_POINT('',#2758);
#704=VERTEX_POINT('',#2760);
#705=VERTEX_POINT('',#2762);
#706=VERTEX_POINT('',#2766);
#707=VERTEX_POINT('',#2768);
#708=VERTEX_POINT('',#2772);
#709=VERTEX_POINT('',#2773);
#710=VERTEX_POINT('',#2775);
#711=VERTEX_POINT('',#2777);
#712=VERTEX_POINT('',#2789);
#713=VERTEX_POINT('',#2791);
#714=VERTEX_POINT('',#2795);
#715=VERTEX_POINT('',#2799);
#716=VERTEX_POINT('',#2806);
#717=VERTEX_POINT('',#2808);
#718=VERTEX_POINT('',#2812);
#719=VERTEX_POINT('',#2816);
#720=VERTEX_POINT('',#2823);
#721=VERTEX_POINT('',#2825);
#722=VERTEX_POINT('',#2829);
#723=VERTEX_POINT('',#2833);
#724=VERTEX_POINT('',#2840);
#725=VERTEX_POINT('',#2842);
#726=VERTEX_POINT('',#2846);
#727=VERTEX_POINT('',#2850);
#728=VERTEX_POINT('',#2857);
#729=VERTEX_POINT('',#2859);
#730=VERTEX_POINT('',#2863);
#731=VERTEX_POINT('',#2867);
#732=VERTEX_POINT('',#2874);
#733=VERTEX_POINT('',#2876);
#734=VERTEX_POINT('',#2880);
#735=VERTEX_POINT('',#2884);
#736=VERTEX_POINT('',#2891);
#737=VERTEX_POINT('',#2893);
#738=VERTEX_POINT('',#2897);
#739=VERTEX_POINT('',#2901);
#740=VERTEX_POINT('',#2908);
#741=VERTEX_POINT('',#2910);
#742=VERTEX_POINT('',#2914);
#743=VERTEX_POINT('',#2918);
#744=VERTEX_POINT('',#2925);
#745=VERTEX_POINT('',#2927);
#746=VERTEX_POINT('',#2931);
#747=VERTEX_POINT('',#2935);
#748=VERTEX_POINT('',#2942);
#749=VERTEX_POINT('',#2944);
#750=VERTEX_POINT('',#2948);
#751=VERTEX_POINT('',#2952);
#752=VERTEX_POINT('',#2959);
#753=VERTEX_POINT('',#2961);
#754=VERTEX_POINT('',#2965);
#755=VERTEX_POINT('',#2969);
#756=VERTEX_POINT('',#2976);
#757=VERTEX_POINT('',#2978);
#758=VERTEX_POINT('',#2982);
#759=VERTEX_POINT('',#2986);
#760=VERTEX_POINT('',#2993);
#761=VERTEX_POINT('',#2995);
#762=VERTEX_POINT('',#2999);
#763=VERTEX_POINT('',#3003);
#764=VERTEX_POINT('',#3010);
#765=VERTEX_POINT('',#3012);
#766=VERTEX_POINT('',#3016);
#767=VERTEX_POINT('',#3020);
#768=VERTEX_POINT('',#3027);
#769=VERTEX_POINT('',#3029);
#770=VERTEX_POINT('',#3033);
#771=VERTEX_POINT('',#3037);
#772=LINE('',#2622,#968);
#773=LINE('',#2625,#969);
#774=LINE('',#2627,#970);
#775=LINE('',#2629,#971);
#776=LINE('',#2630,#972);
#777=LINE('',#2633,#973);
#778=LINE('',#2635,#974);
#779=LINE('',#2637,#975);
#780=LINE('',#2638,#976);
#781=LINE('',#2641,#977);
#782=LINE('',#2643,#978);
#783=LINE('',#2645,#979);
#784=LINE('',#2646,#980);
#785=LINE('',#2649,#981);
#786=LINE('',#2651,#982);
#787=LINE('',#2653,#983);
#788=LINE('',#2654,#984);
#789=LINE('',#2657,#985);
#790=LINE('',#2659,#986);
#791=LINE('',#2661,#987);
#792=LINE('',#2662,#988);
#793=LINE('',#2665,#989);
#794=LINE('',#2667,#990);
#795=LINE('',#2669,#991);
#796=LINE('',#2670,#992);
#797=LINE('',#2673,#993);
#798=LINE('',#2675,#994);
#799=LINE('',#2677,#995);
#800=LINE('',#2678,#996);
#801=LINE('',#2681,#997);
#802=LINE('',#2683,#998);
#803=LINE('',#2685,#999);
#804=LINE('',#2686,#1000);
#805=LINE('',#2689,#1001);
#806=LINE('',#2691,#1002);
#807=LINE('',#2693,#1003);
#808=LINE('',#2694,#1004);
#809=LINE('',#2697,#1005);
#810=LINE('',#2699,#1006);
#811=LINE('',#2701,#1007);
#812=LINE('',#2702,#1008);
#813=LINE('',#2705,#1009);
#814=LINE('',#2707,#1010);
#815=LINE('',#2709,#1011);
#816=LINE('',#2710,#1012);
#817=LINE('',#2713,#1013);
#818=LINE('',#2715,#1014);
#819=LINE('',#2717,#1015);
#820=LINE('',#2719,#1016);
#821=LINE('',#2722,#1017);
#822=LINE('',#2724,#1018);
#823=LINE('',#2726,#1019);
#824=LINE('',#2727,#1020);
#825=LINE('',#2730,#1021);
#826=LINE('',#2732,#1022);
#827=LINE('',#2734,#1023);
#828=LINE('',#2735,#1024);
#829=LINE('',#2740,#1025);
#830=LINE('',#2744,#1026);
#831=LINE('',#2748,#1027);
#832=LINE('',#2751,#1028);
#833=LINE('',#2753,#1029);
#834=LINE('',#2755,#1030);
#835=LINE('',#2756,#1031);
#836=LINE('',#2759,#1032);
#837=LINE('',#2761,#1033);
#838=LINE('',#2763,#1034);
#839=LINE('',#2765,#1035);
#840=LINE('',#2767,#1036);
#841=LINE('',#2769,#1037);
#842=LINE('',#2771,#1038);
#843=LINE('',#2776,#1039);
#844=LINE('',#2782,#1040);
#845=LINE('',#2783,#1041);
#846=LINE('',#2785,#1042);
#847=LINE('',#2786,#1043);
#848=LINE('',#2788,#1044);
#849=LINE('',#2790,#1045);
#850=LINE('',#2792,#1046);
#851=LINE('',#2794,#1047);
#852=LINE('',#2796,#1048);
#853=LINE('',#2798,#1049);
#854=LINE('',#2800,#1050);
#855=LINE('',#2802,#1051);
#856=LINE('',#2805,#1052);
#857=LINE('',#2807,#1053);
#858=LINE('',#2809,#1054);
#859=LINE('',#2811,#1055);
#860=LINE('',#2813,#1056);
#861=LINE('',#2815,#1057);
#862=LINE('',#2817,#1058);
#863=LINE('',#2819,#1059);
#864=LINE('',#2822,#1060);
#865=LINE('',#2824,#1061);
#866=LINE('',#2826,#1062);
#867=LINE('',#2828,#1063);
#868=LINE('',#2830,#1064);
#869=LINE('',#2832,#1065);
#870=LINE('',#2834,#1066);
#871=LINE('',#2836,#1067);
#872=LINE('',#2839,#1068);
#873=LINE('',#2841,#1069);
#874=LINE('',#2843,#1070);
#875=LINE('',#2845,#1071);
#876=LINE('',#2847,#1072);
#877=LINE('',#2849,#1073);
#878=LINE('',#2851,#1074);
#879=LINE('',#2853,#1075);
#880=LINE('',#2856,#1076);
#881=LINE('',#2858,#1077);
#882=LINE('',#2860,#1078);
#883=LINE('',#2862,#1079);
#884=LINE('',#2864,#1080);
#885=LINE('',#2866,#1081);
#886=LINE('',#2868,#1082);
#887=LINE('',#2870,#1083);
#888=LINE('',#2873,#1084);
#889=LINE('',#2875,#1085);
#890=LINE('',#2877,#1086);
#891=LINE('',#2879,#1087);
#892=LINE('',#2881,#1088);
#893=LINE('',#2883,#1089);
#894=LINE('',#2885,#1090);
#895=LINE('',#2887,#1091);
#896=LINE('',#2890,#1092);
#897=LINE('',#2892,#1093);
#898=LINE('',#2894,#1094);
#899=LINE('',#2896,#1095);
#900=LINE('',#2898,#1096);
#901=LINE('',#2900,#1097);
#902=LINE('',#2902,#1098);
#903=LINE('',#2904,#1099);
#904=LINE('',#2907,#1100);
#905=LINE('',#2909,#1101);
#906=LINE('',#2911,#1102);
#907=LINE('',#2913,#1103);
#908=LINE('',#2915,#1104);
#909=LINE('',#2917,#1105);
#910=LINE('',#2919,#1106);
#911=LINE('',#2921,#1107);
#912=LINE('',#2924,#1108);
#913=LINE('',#2926,#1109);
#914=LINE('',#2928,#1110);
#915=LINE('',#2930,#1111);
#916=LINE('',#2932,#1112);
#917=LINE('',#2934,#1113);
#918=LINE('',#2936,#1114);
#919=LINE('',#2938,#1115);
#920=LINE('',#2941,#1116);
#921=LINE('',#2943,#1117);
#922=LINE('',#2945,#1118);
#923=LINE('',#2947,#1119);
#924=LINE('',#2949,#1120);
#925=LINE('',#2951,#1121);
#926=LINE('',#2953,#1122);
#927=LINE('',#2955,#1123);
#928=LINE('',#2958,#1124);
#929=LINE('',#2960,#1125);
#930=LINE('',#2962,#1126);
#931=LINE('',#2964,#1127);
#932=LINE('',#2966,#1128);
#933=LINE('',#2968,#1129);
#934=LINE('',#2970,#1130);
#935=LINE('',#2972,#1131);
#936=LINE('',#2975,#1132);
#937=LINE('',#2977,#1133);
#938=LINE('',#2979,#1134);
#939=LINE('',#2981,#1135);
#940=LINE('',#2983,#1136);
#941=LINE('',#2985,#1137);
#942=LINE('',#2987,#1138);
#943=LINE('',#2989,#1139);
#944=LINE('',#2992,#1140);
#945=LINE('',#2994,#1141);
#946=LINE('',#2996,#1142);
#947=LINE('',#2998,#1143);
#948=LINE('',#3000,#1144);
#949=LINE('',#3002,#1145);
#950=LINE('',#3004,#1146);
#951=LINE('',#3006,#1147);
#952=LINE('',#3009,#1148);
#953=LINE('',#3011,#1149);
#954=LINE('',#3013,#1150);
#955=LINE('',#3015,#1151);
#956=LINE('',#3017,#1152);
#957=LINE('',#3019,#1153);
#958=LINE('',#3021,#1154);
#959=LINE('',#3023,#1155);
#960=LINE('',#3026,#1156);
#961=LINE('',#3028,#1157);
#962=LINE('',#3030,#1158);
#963=LINE('',#3032,#1159);
#964=LINE('',#3034,#1160);
#965=LINE('',#3036,#1161);
#966=LINE('',#3038,#1162);
#967=LINE('',#3040,#1163);
#968=VECTOR('',#2240,1.);
#969=VECTOR('',#2241,1.);
#970=VECTOR('',#2242,1.);
#971=VECTOR('',#2243,1.);
#972=VECTOR('',#2244,1.);
#973=VECTOR('',#2245,1.);
#974=VECTOR('',#2246,1.);
#975=VECTOR('',#2247,1.);
#976=VECTOR('',#2248,1.);
#977=VECTOR('',#2249,1.);
#978=VECTOR('',#2250,1.);
#979=VECTOR('',#2251,1.);
#980=VECTOR('',#2252,1.);
#981=VECTOR('',#2253,1.);
#982=VECTOR('',#2254,1.);
#983=VECTOR('',#2255,1.);
#984=VECTOR('',#2256,1.);
#985=VECTOR('',#2257,1.);
#986=VECTOR('',#2258,1.);
#987=VECTOR('',#2259,1.);
#988=VECTOR('',#2260,1.);
#989=VECTOR('',#2261,1.);
#990=VECTOR('',#2262,1.);
#991=VECTOR('',#2263,1.);
#992=VECTOR('',#2264,1.);
#993=VECTOR('',#2265,1.);
#994=VECTOR('',#2266,1.);
#995=VECTOR('',#2267,1.);
#996=VECTOR('',#2268,1.);
#997=VECTOR('',#2269,1.);
#998=VECTOR('',#2270,1.);
#999=VECTOR('',#2271,1.);
#1000=VECTOR('',#2272,1.);
#1001=VECTOR('',#2273,1.);
#1002=VECTOR('',#2274,1.);
#1003=VECTOR('',#2275,1.);
#1004=VECTOR('',#2276,1.);
#1005=VECTOR('',#2277,1.);
#1006=VECTOR('',#2278,1.);
#1007=VECTOR('',#2279,1.);
#1008=VECTOR('',#2280,1.);
#1009=VECTOR('',#2281,1.);
#1010=VECTOR('',#2282,1.);
#1011=VECTOR('',#2283,1.);
#1012=VECTOR('',#2284,1.);
#1013=VECTOR('',#2285,1.);
#1014=VECTOR('',#2286,1.);
#1015=VECTOR('',#2287,1.);
#1016=VECTOR('',#2290,1.);
#1017=VECTOR('',#2291,1.);
#1018=VECTOR('',#2292,1.);
#1019=VECTOR('',#2293,1.);
#1020=VECTOR('',#2294,1.);
#1021=VECTOR('',#2295,1.);
#1022=VECTOR('',#2296,1.);
#1023=VECTOR('',#2297,1.);
#1024=VECTOR('',#2298,1.);
#1025=VECTOR('',#2301,1.);
#1026=VECTOR('',#2304,1.);
#1027=VECTOR('',#2309,1.);
#1028=VECTOR('',#2310,1.);
#1029=VECTOR('',#2311,1.);
#1030=VECTOR('',#2312,1.);
#1031=VECTOR('',#2313,1.);
#1032=VECTOR('',#2314,1.);
#1033=VECTOR('',#2315,1.);
#1034=VECTOR('',#2316,1.);
#1035=VECTOR('',#2319,1.);
#1036=VECTOR('',#2320,1.);
#1037=VECTOR('',#2321,1.);
#1038=VECTOR('',#2324,1.);
#1039=VECTOR('',#2327,1.);
#1040=VECTOR('',#2336,1.);
#1041=VECTOR('',#2337,1.);
#1042=VECTOR('',#2340,1.);
#1043=VECTOR('',#2341,1.);
#1044=VECTOR('',#2344,1.);
#1045=VECTOR('',#2345,1.);
#1046=VECTOR('',#2346,1.);
#1047=VECTOR('',#2349,1.);
#1048=VECTOR('',#2350,1.);
#1049=VECTOR('',#2353,1.);
#1050=VECTOR('',#2354,1.);
#1051=VECTOR('',#2357,1.);
#1052=VECTOR('',#2362,1.);
#1053=VECTOR('',#2363,1.);
#1054=VECTOR('',#2364,1.);
#1055=VECTOR('',#2367,1.);
#1056=VECTOR('',#2368,1.);
#1057=VECTOR('',#2371,1.);
#1058=VECTOR('',#2372,1.);
#1059=VECTOR('',#2375,1.);
#1060=VECTOR('',#2380,1.);
#1061=VECTOR('',#2381,1.);
#1062=VECTOR('',#2382,1.);
#1063=VECTOR('',#2385,1.);
#1064=VECTOR('',#2386,1.);
#1065=VECTOR('',#2389,1.);
#1066=VECTOR('',#2390,1.);
#1067=VECTOR('',#2393,1.);
#1068=VECTOR('',#2398,1.);
#1069=VECTOR('',#2399,1.);
#1070=VECTOR('',#2400,1.);
#1071=VECTOR('',#2403,1.);
#1072=VECTOR('',#2404,1.);
#1073=VECTOR('',#2407,1.);
#1074=VECTOR('',#2408,1.);
#1075=VECTOR('',#2411,1.);
#1076=VECTOR('',#2416,1.);
#1077=VECTOR('',#2417,1.);
#1078=VECTOR('',#2418,1.);
#1079=VECTOR('',#2421,1.);
#1080=VECTOR('',#2422,1.);
#1081=VECTOR('',#2425,1.);
#1082=VECTOR('',#2426,1.);
#1083=VECTOR('',#2429,1.);
#1084=VECTOR('',#2434,1.);
#1085=VECTOR('',#2435,1.);
#1086=VECTOR('',#2436,1.);
#1087=VECTOR('',#2439,1.);
#1088=VECTOR('',#2440,1.);
#1089=VECTOR('',#2443,1.);
#1090=VECTOR('',#2444,1.);
#1091=VECTOR('',#2447,1.);
#1092=VECTOR('',#2452,1.);
#1093=VECTOR('',#2453,1.);
#1094=VECTOR('',#2454,1.);
#1095=VECTOR('',#2457,1.);
#1096=VECTOR('',#2458,1.);
#1097=VECTOR('',#2461,1.);
#1098=VECTOR('',#2462,1.);
#1099=VECTOR('',#2465,1.);
#1100=VECTOR('',#2470,1.);
#1101=VECTOR('',#2471,1.);
#1102=VECTOR('',#2472,1.);
#1103=VECTOR('',#2475,1.);
#1104=VECTOR('',#2476,1.);
#1105=VECTOR('',#2479,1.);
#1106=VECTOR('',#2480,1.);
#1107=VECTOR('',#2483,1.);
#1108=VECTOR('',#2488,1.);
#1109=VECTOR('',#2489,1.);
#1110=VECTOR('',#2490,1.);
#1111=VECTOR('',#2493,1.);
#1112=VECTOR('',#2494,1.);
#1113=VECTOR('',#2497,1.);
#1114=VECTOR('',#2498,1.);
#1115=VECTOR('',#2501,1.);
#1116=VECTOR('',#2506,1.);
#1117=VECTOR('',#2507,1.);
#1118=VECTOR('',#2508,1.);
#1119=VECTOR('',#2511,1.);
#1120=VECTOR('',#2512,1.);
#1121=VECTOR('',#2515,1.);
#1122=VECTOR('',#2516,1.);
#1123=VECTOR('',#2519,1.);
#1124=VECTOR('',#2524,1.);
#1125=VECTOR('',#2525,1.);
#1126=VECTOR('',#2526,1.);
#1127=VECTOR('',#2529,1.);
#1128=VECTOR('',#2530,1.);
#1129=VECTOR('',#2533,1.);
#1130=VECTOR('',#2534,1.);
#1131=VECTOR('',#2537,1.);
#1132=VECTOR('',#2542,1.);
#1133=VECTOR('',#2543,1.);
#1134=VECTOR('',#2544,1.);
#1135=VECTOR('',#2547,1.);
#1136=VECTOR('',#2548,1.);
#1137=VECTOR('',#2551,1.);
#1138=VECTOR('',#2552,1.);
#1139=VECTOR('',#2555,1.);
#1140=VECTOR('',#2560,1.);
#1141=VECTOR('',#2561,1.);
#1142=VECTOR('',#2562,1.);
#1143=VECTOR('',#2565,1.);
#1144=VECTOR('',#2566,1.);
#1145=VECTOR('',#2569,1.);
#1146=VECTOR('',#2570,1.);
#1147=VECTOR('',#2573,1.);
#1148=VECTOR('',#2578,1.);
#1149=VECTOR('',#2579,1.);
#1150=VECTOR('',#2580,1.);
#1151=VECTOR('',#2583,1.);
#1152=VECTOR('',#2584,1.);
#1153=VECTOR('',#2587,1.);
#1154=VECTOR('',#2588,1.);
#1155=VECTOR('',#2591,1.);
#1156=VECTOR('',#2596,1.);
#1157=VECTOR('',#2597,1.);
#1158=VECTOR('',#2598,1.);
#1159=VECTOR('',#2601,1.);
#1160=VECTOR('',#2602,1.);
#1161=VECTOR('',#2605,1.);
#1162=VECTOR('',#2606,1.);
#1163=VECTOR('',#2609,1.);
#1164=EDGE_LOOP('',(#24,#25,#26,#27));
#1165=EDGE_LOOP('',(#28,#29,#30,#31));
#1166=EDGE_LOOP('',(#32,#33,#34,#35));
#1167=EDGE_LOOP('',(#36,#37,#38,#39));
#1168=EDGE_LOOP('',(#40,#41,#42,#43));
#1169=EDGE_LOOP('',(#44,#45,#46,#47));
#1170=EDGE_LOOP('',(#48,#49,#50,#51));
#1171=EDGE_LOOP('',(#52,#53,#54,#55));
#1172=EDGE_LOOP('',(#56,#57,#58,#59));
#1173=EDGE_LOOP('',(#60,#61,#62,#63));
#1174=EDGE_LOOP('',(#64,#65,#66,#67));
#1175=EDGE_LOOP('',(#68,#69,#70,#71));
#1176=EDGE_LOOP('',(#72,#73,#74,#75));
#1177=EDGE_LOOP('',(#76,#77,#78,#79));
#1178=EDGE_LOOP('',(#80,#81,#82,#83,#84,#85,#86,#87));
#1179=EDGE_LOOP('',(#88,#89,#90,#91));
#1180=EDGE_LOOP('',(#92,#93,#94,#95));
#1181=EDGE_LOOP('',(#96,#97,#98,#99));
#1182=EDGE_LOOP('',(#100,#101,#102,#103,#104,#105,#106,#107));
#1183=EDGE_LOOP('',(#108,#109,#110,#111));
#1184=EDGE_LOOP('',(#112,#113,#114,#115));
#1185=EDGE_LOOP('',(#116,#117,#118,#119));
#1186=EDGE_LOOP('',(#120,#121,#122,#123));
#1187=EDGE_LOOP('',(#124,#125,#126,#127));
#1188=EDGE_LOOP('',(#128,#129,#130,#131));
#1189=EDGE_LOOP('',(#132,#133,#134,#135));
#1190=EDGE_LOOP('',(#136,#137,#138,#139));
#1191=EDGE_LOOP('',(#140,#141,#142,#143));
#1192=EDGE_LOOP('',(#144,#145,#146,#147));
#1193=EDGE_LOOP('',(#148,#149,#150,#151));
#1194=EDGE_LOOP('',(#152,#153,#154,#155));
#1195=EDGE_LOOP('',(#156,#157,#158,#159));
#1196=EDGE_LOOP('',(#160,#161,#162,#163));
#1197=EDGE_LOOP('',(#164,#165,#166,#167));
#1198=EDGE_LOOP('',(#168,#169,#170,#171));
#1199=EDGE_LOOP('',(#172,#173,#174,#175));
#1200=EDGE_LOOP('',(#176,#177,#178,#179));
#1201=EDGE_LOOP('',(#180,#181,#182,#183));
#1202=EDGE_LOOP('',(#184,#185,#186,#187));
#1203=EDGE_LOOP('',(#188,#189,#190,#191));
#1204=EDGE_LOOP('',(#192,#193,#194,#195));
#1205=EDGE_LOOP('',(#196,#197,#198,#199));
#1206=EDGE_LOOP('',(#200,#201,#202,#203));
#1207=EDGE_LOOP('',(#204,#205,#206,#207));
#1208=EDGE_LOOP('',(#208,#209,#210,#211));
#1209=EDGE_LOOP('',(#212,#213,#214,#215));
#1210=EDGE_LOOP('',(#216,#217,#218,#219));
#1211=EDGE_LOOP('',(#220,#221,#222,#223));
#1212=EDGE_LOOP('',(#224,#225,#226,#227));
#1213=EDGE_LOOP('',(#228,#229,#230,#231));
#1214=EDGE_LOOP('',(#232,#233,#234,#235));
#1215=EDGE_LOOP('',(#236,#237,#238,#239));
#1216=EDGE_LOOP('',(#240,#241,#242,#243));
#1217=EDGE_LOOP('',(#244,#245,#246,#247));
#1218=EDGE_LOOP('',(#248,#249,#250,#251));
#1219=EDGE_LOOP('',(#252,#253,#254,#255));
#1220=EDGE_LOOP('',(#256,#257,#258,#259));
#1221=EDGE_LOOP('',(#260,#261,#262,#263));
#1222=EDGE_LOOP('',(#264,#265,#266,#267));
#1223=EDGE_LOOP('',(#268,#269,#270,#271));
#1224=EDGE_LOOP('',(#272,#273,#274,#275));
#1225=EDGE_LOOP('',(#276,#277,#278,#279));
#1226=EDGE_LOOP('',(#280,#281,#282,#283));
#1227=EDGE_LOOP('',(#284,#285,#286,#287));
#1228=EDGE_LOOP('',(#288,#289,#290,#291));
#1229=EDGE_LOOP('',(#292,#293,#294,#295));
#1230=EDGE_LOOP('',(#296,#297,#298,#299));
#1231=EDGE_LOOP('',(#300,#301,#302,#303));
#1232=EDGE_LOOP('',(#304,#305,#306,#307));
#1233=EDGE_LOOP('',(#308,#309,#310,#311));
#1234=EDGE_LOOP('',(#312,#313,#314,#315));
#1235=EDGE_LOOP('',(#316,#317,#318,#319));
#1236=EDGE_LOOP('',(#320,#321,#322,#323));
#1237=EDGE_LOOP('',(#324,#325,#326,#327));
#1238=EDGE_LOOP('',(#328,#329,#330,#331));
#1239=EDGE_LOOP('',(#332,#333,#334,#335));
#1240=EDGE_LOOP('',(#336,#337,#338,#339));
#1241=EDGE_LOOP('',(#340,#341,#342,#343));
#1242=EDGE_LOOP('',(#344,#345,#346,#347));
#1243=EDGE_LOOP('',(#348,#349,#350,#351));
#1244=EDGE_LOOP('',(#352,#353,#354,#355));
#1245=EDGE_LOOP('',(#356,#357,#358,#359));
#1246=EDGE_LOOP('',(#360,#361,#362,#363));
#1247=EDGE_LOOP('',(#364,#365,#366,#367));
#1248=EDGE_LOOP('',(#368,#369,#370,#371));
#1249=EDGE_LOOP('',(#372,#373,#374,#375));
#1250=EDGE_LOOP('',(#376,#377,#378,#379));
#1251=EDGE_LOOP('',(#380,#381,#382,#383));
#1252=EDGE_LOOP('',(#384,#385,#386,#387));
#1253=EDGE_LOOP('',(#388,#389,#390,#391));
#1254=EDGE_LOOP('',(#392,#393,#394,#395));
#1255=EDGE_LOOP('',(#396,#397,#398,#399));
#1256=EDGE_LOOP('',(#400,#401,#402,#403));
#1257=EDGE_LOOP('',(#404,#405,#406,#407));
#1258=EDGE_LOOP('',(#408,#409,#410,#411));
#1259=EDGE_LOOP('',(#412,#413,#414,#415));
#1260=EDGE_LOOP('',(#416,#417,#418,#419));
#1261=EDGE_LOOP('',(#420,#421,#422,#423));
#1262=EDGE_LOOP('',(#424,#425,#426,#427));
#1263=EDGE_LOOP('',(#428,#429,#430,#431));
#1264=FACE_BOUND('',#1164,.T.);
#1265=FACE_BOUND('',#1165,.T.);
#1266=FACE_BOUND('',#1166,.T.);
#1267=FACE_BOUND('',#1167,.T.);
#1268=FACE_BOUND('',#1168,.T.);
#1269=FACE_BOUND('',#1169,.T.);
#1270=FACE_BOUND('',#1170,.T.);
#1271=FACE_BOUND('',#1171,.T.);
#1272=FACE_BOUND('',#1172,.T.);
#1273=FACE_BOUND('',#1173,.T.);
#1274=FACE_BOUND('',#1174,.T.);
#1275=FACE_BOUND('',#1175,.T.);
#1276=FACE_BOUND('',#1176,.T.);
#1277=FACE_BOUND('',#1177,.T.);
#1278=FACE_BOUND('',#1178,.T.);
#1279=FACE_BOUND('',#1179,.T.);
#1280=FACE_BOUND('',#1180,.T.);
#1281=FACE_BOUND('',#1181,.T.);
#1282=FACE_BOUND('',#1182,.T.);
#1283=FACE_BOUND('',#1183,.T.);
#1284=FACE_BOUND('',#1184,.T.);
#1285=FACE_BOUND('',#1185,.T.);
#1286=FACE_BOUND('',#1186,.T.);
#1287=FACE_BOUND('',#1187,.T.);
#1288=FACE_BOUND('',#1188,.T.);
#1289=FACE_BOUND('',#1189,.T.);
#1290=FACE_BOUND('',#1190,.T.);
#1291=FACE_BOUND('',#1191,.T.);
#1292=FACE_BOUND('',#1192,.T.);
#1293=FACE_BOUND('',#1193,.T.);
#1294=FACE_BOUND('',#1194,.T.);
#1295=FACE_BOUND('',#1195,.T.);
#1296=FACE_BOUND('',#1196,.T.);
#1297=FACE_BOUND('',#1197,.T.);
#1298=FACE_BOUND('',#1198,.T.);
#1299=FACE_BOUND('',#1199,.T.);
#1300=FACE_BOUND('',#1200,.T.);
#1301=FACE_BOUND('',#1201,.T.);
#1302=FACE_BOUND('',#1202,.T.);
#1303=FACE_BOUND('',#1203,.T.);
#1304=FACE_BOUND('',#1204,.T.);
#1305=FACE_BOUND('',#1205,.T.);
#1306=FACE_BOUND('',#1206,.T.);
#1307=FACE_BOUND('',#1207,.T.);
#1308=FACE_BOUND('',#1208,.T.);
#1309=FACE_BOUND('',#1209,.T.);
#1310=FACE_BOUND('',#1210,.T.);
#1311=FACE_BOUND('',#1211,.T.);
#1312=FACE_BOUND('',#1212,.T.);
#1313=FACE_BOUND('',#1213,.T.);
#1314=FACE_BOUND('',#1214,.T.);
#1315=FACE_BOUND('',#1215,.T.);
#1316=FACE_BOUND('',#1216,.T.);
#1317=FACE_BOUND('',#1217,.T.);
#1318=FACE_BOUND('',#1218,.T.);
#1319=FACE_BOUND('',#1219,.T.);
#1320=FACE_BOUND('',#1220,.T.);
#1321=FACE_BOUND('',#1221,.T.);
#1322=FACE_BOUND('',#1222,.T.);
#1323=FACE_BOUND('',#1223,.T.);
#1324=FACE_BOUND('',#1224,.T.);
#1325=FACE_BOUND('',#1225,.T.);
#1326=FACE_BOUND('',#1226,.T.);
#1327=FACE_BOUND('',#1227,.T.);
#1328=FACE_BOUND('',#1228,.T.);
#1329=FACE_BOUND('',#1229,.T.);
#1330=FACE_BOUND('',#1230,.T.);
#1331=FACE_BOUND('',#1231,.T.);
#1332=FACE_BOUND('',#1232,.T.);
#1333=FACE_BOUND('',#1233,.T.);
#1334=FACE_BOUND('',#1234,.T.);
#1335=FACE_BOUND('',#1235,.T.);
#1336=FACE_BOUND('',#1236,.T.);
#1337=FACE_BOUND('',#1237,.T.);
#1338=FACE_BOUND('',#1238,.T.);
#1339=FACE_BOUND('',#1239,.T.);
#1340=FACE_BOUND('',#1240,.T.);
#1341=FACE_BOUND('',#1241,.T.);
#1342=FACE_BOUND('',#1242,.T.);
#1343=FACE_BOUND('',#1243,.T.);
#1344=FACE_BOUND('',#1244,.T.);
#1345=FACE_BOUND('',#1245,.T.);
#1346=FACE_BOUND('',#1246,.T.);
#1347=FACE_BOUND('',#1247,.T.);
#1348=FACE_BOUND('',#1248,.T.);
#1349=FACE_BOUND('',#1249,.T.);
#1350=FACE_BOUND('',#1250,.T.);
#1351=FACE_BOUND('',#1251,.T.);
#1352=FACE_BOUND('',#1252,.T.);
#1353=FACE_BOUND('',#1253,.T.);
#1354=FACE_BOUND('',#1254,.T.);
#1355=FACE_BOUND('',#1255,.T.);
#1356=FACE_BOUND('',#1256,.T.);
#1357=FACE_BOUND('',#1257,.T.);
#1358=FACE_BOUND('',#1258,.T.);
#1359=FACE_BOUND('',#1259,.T.);
#1360=FACE_BOUND('',#1260,.T.);
#1361=FACE_BOUND('',#1261,.T.);
#1362=FACE_BOUND('',#1262,.T.);
#1363=FACE_BOUND('',#1263,.T.);
#1364=PLANE('',#2143);
#1365=PLANE('',#2144);
#1366=PLANE('',#2149);
#1367=PLANE('',#2150);
#1368=PLANE('',#2155);
#1369=PLANE('',#2156);
#1370=PLANE('',#2157);
#1371=PLANE('',#2158);
#1372=PLANE('',#2159);
#1373=PLANE('',#2160);
#1374=PLANE('',#2161);
#1375=PLANE('',#2162);
#1376=PLANE('',#2163);
#1377=PLANE('',#2164);
#1378=PLANE('',#2165);
#1379=PLANE('',#2166);
#1380=PLANE('',#2167);
#1381=PLANE('',#2168);
#1382=PLANE('',#2169);
#1383=PLANE('',#2170);
#1384=PLANE('',#2171);
#1385=PLANE('',#2172);
#1386=PLANE('',#2173);
#1387=PLANE('',#2174);
#1388=PLANE('',#2175);
#1389=PLANE('',#2176);
#1390=PLANE('',#2177);
#1391=PLANE('',#2178);
#1392=PLANE('',#2179);
#1393=PLANE('',#2180);
#1394=PLANE('',#2181);
#1395=PLANE('',#2182);
#1396=PLANE('',#2183);
#1397=PLANE('',#2184);
#1398=PLANE('',#2185);
#1399=PLANE('',#2186);
#1400=PLANE('',#2187);
#1401=PLANE('',#2188);
#1402=PLANE('',#2189);
#1403=PLANE('',#2190);
#1404=PLANE('',#2191);
#1405=PLANE('',#2192);
#1406=PLANE('',#2193);
#1407=PLANE('',#2194);
#1408=PLANE('',#2195);
#1409=PLANE('',#2196);
#1410=PLANE('',#2197);
#1411=PLANE('',#2198);
#1412=PLANE('',#2199);
#1413=PLANE('',#2200);
#1414=PLANE('',#2201);
#1415=PLANE('',#2202);
#1416=PLANE('',#2203);
#1417=PLANE('',#2204);
#1418=PLANE('',#2205);
#1419=PLANE('',#2206);
#1420=PLANE('',#2207);
#1421=PLANE('',#2208);
#1422=PLANE('',#2209);
#1423=PLANE('',#2210);
#1424=PLANE('',#2211);
#1425=PLANE('',#2212);
#1426=PLANE('',#2213);
#1427=PLANE('',#2214);
#1428=PLANE('',#2215);
#1429=PLANE('',#2216);
#1430=PLANE('',#2217);
#1431=PLANE('',#2218);
#1432=PLANE('',#2219);
#1433=PLANE('',#2220);
#1434=PLANE('',#2221);
#1435=PLANE('',#2222);
#1436=PLANE('',#2223);
#1437=PLANE('',#2224);
#1438=PLANE('',#2225);
#1439=PLANE('',#2226);
#1440=PLANE('',#2227);
#1441=PLANE('',#2228);
#1442=PLANE('',#2229);
#1443=PLANE('',#2230);
#1444=PLANE('',#2231);
#1445=OVER_RIDING_STYLED_ITEM('',(#1619),#1531,#1617);
#1446=OVER_RIDING_STYLED_ITEM('',(#1620),#1532,#1617);
#1447=OVER_RIDING_STYLED_ITEM('',(#1621),#1533,#1617);
#1448=OVER_RIDING_STYLED_ITEM('',(#1622),#1534,#1617);
#1449=OVER_RIDING_STYLED_ITEM('',(#1623),#1535,#1617);
#1450=OVER_RIDING_STYLED_ITEM('',(#1624),#1536,#1617);
#1451=OVER_RIDING_STYLED_ITEM('',(#1625),#1537,#1617);
#1452=OVER_RIDING_STYLED_ITEM('',(#1626),#1538,#1617);
#1453=OVER_RIDING_STYLED_ITEM('',(#1627),#1539,#1617);
#1454=OVER_RIDING_STYLED_ITEM('',(#1628),#1540,#1617);
#1455=OVER_RIDING_STYLED_ITEM('',(#1629),#1541,#1617);
#1456=OVER_RIDING_STYLED_ITEM('',(#1630),#1542,#1617);
#1457=OVER_RIDING_STYLED_ITEM('',(#1631),#1543,#1617);
#1458=OVER_RIDING_STYLED_ITEM('',(#1632),#1544,#1617);
#1459=OVER_RIDING_STYLED_ITEM('',(#1633),#1545,#1617);
#1460=OVER_RIDING_STYLED_ITEM('',(#1634),#1546,#1617);
#1461=OVER_RIDING_STYLED_ITEM('',(#1635),#1547,#1617);
#1462=OVER_RIDING_STYLED_ITEM('',(#1636),#1548,#1617);
#1463=OVER_RIDING_STYLED_ITEM('',(#1637),#1549,#1617);
#1464=OVER_RIDING_STYLED_ITEM('',(#1638),#1550,#1617);
#1465=OVER_RIDING_STYLED_ITEM('',(#1639),#1551,#1617);
#1466=OVER_RIDING_STYLED_ITEM('',(#1640),#1552,#1617);
#1467=OVER_RIDING_STYLED_ITEM('',(#1641),#1553,#1617);
#1468=OVER_RIDING_STYLED_ITEM('',(#1642),#1554,#1617);
#1469=OVER_RIDING_STYLED_ITEM('',(#1643),#1555,#1617);
#1470=OVER_RIDING_STYLED_ITEM('',(#1644),#1556,#1617);
#1471=OVER_RIDING_STYLED_ITEM('',(#1645),#1557,#1617);
#1472=OVER_RIDING_STYLED_ITEM('',(#1646),#1558,#1617);
#1473=OVER_RIDING_STYLED_ITEM('',(#1647),#1559,#1617);
#1474=OVER_RIDING_STYLED_ITEM('',(#1648),#1560,#1617);
#1475=OVER_RIDING_STYLED_ITEM('',(#1649),#1561,#1617);
#1476=OVER_RIDING_STYLED_ITEM('',(#1650),#1562,#1617);
#1477=OVER_RIDING_STYLED_ITEM('',(#1651),#1563,#1617);
#1478=OVER_RIDING_STYLED_ITEM('',(#1652),#1564,#1617);
#1479=OVER_RIDING_STYLED_ITEM('',(#1653),#1565,#1617);
#1480=OVER_RIDING_STYLED_ITEM('',(#1654),#1566,#1617);
#1481=OVER_RIDING_STYLED_ITEM('',(#1655),#1567,#1617);
#1482=OVER_RIDING_STYLED_ITEM('',(#1656),#1568,#1617);
#1483=OVER_RIDING_STYLED_ITEM('',(#1657),#1569,#1617);
#1484=OVER_RIDING_STYLED_ITEM('',(#1658),#1570,#1617);
#1485=OVER_RIDING_STYLED_ITEM('',(#1659),#1571,#1617);
#1486=OVER_RIDING_STYLED_ITEM('',(#1660),#1572,#1617);
#1487=OVER_RIDING_STYLED_ITEM('',(#1661),#1573,#1617);
#1488=OVER_RIDING_STYLED_ITEM('',(#1662),#1574,#1617);
#1489=OVER_RIDING_STYLED_ITEM('',(#1663),#1575,#1617);
#1490=OVER_RIDING_STYLED_ITEM('',(#1664),#1576,#1617);
#1491=OVER_RIDING_STYLED_ITEM('',(#1665),#1577,#1617);
#1492=OVER_RIDING_STYLED_ITEM('',(#1666),#1578,#1617);
#1493=OVER_RIDING_STYLED_ITEM('',(#1667),#1579,#1617);
#1494=OVER_RIDING_STYLED_ITEM('',(#1668),#1580,#1617);
#1495=OVER_RIDING_STYLED_ITEM('',(#1669),#1581,#1617);
#1496=OVER_RIDING_STYLED_ITEM('',(#1670),#1582,#1617);
#1497=OVER_RIDING_STYLED_ITEM('',(#1671),#1583,#1617);
#1498=OVER_RIDING_STYLED_ITEM('',(#1672),#1584,#1617);
#1499=OVER_RIDING_STYLED_ITEM('',(#1673),#1585,#1617);
#1500=OVER_RIDING_STYLED_ITEM('',(#1674),#1586,#1617);
#1501=OVER_RIDING_STYLED_ITEM('',(#1675),#1587,#1617);
#1502=OVER_RIDING_STYLED_ITEM('',(#1676),#1588,#1617);
#1503=OVER_RIDING_STYLED_ITEM('',(#1677),#1589,#1617);
#1504=OVER_RIDING_STYLED_ITEM('',(#1678),#1590,#1617);
#1505=OVER_RIDING_STYLED_ITEM('',(#1679),#1591,#1617);
#1506=OVER_RIDING_STYLED_ITEM('',(#1680),#1592,#1617);
#1507=OVER_RIDING_STYLED_ITEM('',(#1681),#1593,#1617);
#1508=OVER_RIDING_STYLED_ITEM('',(#1682),#1594,#1617);
#1509=OVER_RIDING_STYLED_ITEM('',(#1683),#1595,#1617);
#1510=OVER_RIDING_STYLED_ITEM('',(#1684),#1596,#1617);
#1511=OVER_RIDING_STYLED_ITEM('',(#1685),#1597,#1617);
#1512=OVER_RIDING_STYLED_ITEM('',(#1686),#1598,#1617);
#1513=OVER_RIDING_STYLED_ITEM('',(#1687),#1599,#1617);
#1514=OVER_RIDING_STYLED_ITEM('',(#1688),#1600,#1617);
#1515=OVER_RIDING_STYLED_ITEM('',(#1689),#1601,#1617);
#1516=OVER_RIDING_STYLED_ITEM('',(#1690),#1602,#1617);
#1517=OVER_RIDING_STYLED_ITEM('',(#1691),#1603,#1617);
#1518=OVER_RIDING_STYLED_ITEM('',(#1692),#1604,#1617);
#1519=OVER_RIDING_STYLED_ITEM('',(#1693),#1605,#1617);
#1520=OVER_RIDING_STYLED_ITEM('',(#1694),#1606,#1617);
#1521=OVER_RIDING_STYLED_ITEM('',(#1695),#1607,#1617);
#1522=OVER_RIDING_STYLED_ITEM('',(#1696),#1608,#1617);
#1523=OVER_RIDING_STYLED_ITEM('',(#1697),#1609,#1617);
#1524=OVER_RIDING_STYLED_ITEM('',(#1698),#1610,#1617);
#1525=OVER_RIDING_STYLED_ITEM('',(#1699),#1611,#1617);
#1526=OVER_RIDING_STYLED_ITEM('',(#1700),#1612,#1617);
#1527=OVER_RIDING_STYLED_ITEM('',(#1701),#1613,#1617);
#1528=OVER_RIDING_STYLED_ITEM('',(#1702),#1614,#1617);
#1529=OVER_RIDING_STYLED_ITEM('',(#1703),#1615,#1617);
#1530=DRAUGHTING_PRE_DEFINED_COLOUR('black');
#1531=ADVANCED_FACE('Face appearance 1',(#1264,#1265,#1266,#1267,#1268,
#1269,#1270,#1271,#1272,#1273,#1274,#1275),#1364,.T.);
#1532=ADVANCED_FACE('Face appearance 22',(#1276,#1277,#1278,#1279,#1280),
#1365,.F.);
#1533=ADVANCED_FACE('Face appearance 22',(#1281),#1366,.T.);
#1534=ADVANCED_FACE('Face appearance 23',(#1282),#1367,.T.);
#1535=ADVANCED_FACE('Face appearance 23',(#1283),#1368,.F.);
#1536=ADVANCED_FACE('Face appearance 23',(#1284),#1369,.F.);
#1537=ADVANCED_FACE('Face appearance 17',(#1285),#1370,.T.);
#1538=ADVANCED_FACE('Face appearance 16',(#1286),#1371,.F.);
#1539=ADVANCED_FACE('Face appearance 20',(#1287),#1372,.F.);
#1540=ADVANCED_FACE('Face appearance 16',(#1288),#1373,.F.);
#1541=ADVANCED_FACE('Face appearance 15',(#1289),#1374,.T.);
#1542=ADVANCED_FACE('Face appearance 17',(#1290),#1375,.F.);
#1543=ADVANCED_FACE('Face appearance 16',(#1291),#1376,.F.);
#1544=ADVANCED_FACE('Face appearance 17',(#1292),#1377,.T.);
#1545=ADVANCED_FACE('Face appearance 16',(#1293),#1378,.F.);
#1546=ADVANCED_FACE('Face appearance 15',(#1294),#1379,.T.);
#1547=ADVANCED_FACE('Face appearance 18',(#1295),#1380,.T.);
#1548=ADVANCED_FACE('Face appearance 16',(#1296),#1381,.F.);
#1549=ADVANCED_FACE('Face appearance 17',(#1297),#1382,.F.);
#1550=ADVANCED_FACE('Face appearance 16',(#1298),#1383,.T.);
#1551=ADVANCED_FACE('Face appearance 15',(#1299),#1384,.T.);
#1552=ADVANCED_FACE('Face appearance 16',(#1300),#1385,.T.);
#1553=ADVANCED_FACE('Face appearance 19',(#1301),#1386,.T.);
#1554=ADVANCED_FACE('Face appearance 16',(#1302),#1387,.F.);
#1555=ADVANCED_FACE('Face appearance 18',(#1303),#1388,.F.);
#1556=ADVANCED_FACE('Face appearance 15',(#1304),#1389,.T.);
#1557=ADVANCED_FACE('Face appearance 5',(#1305),#1390,.T.);
#1558=ADVANCED_FACE('Face appearance 5',(#1306),#1391,.F.);
#1559=ADVANCED_FACE('Face appearance 5',(#1307),#1392,.F.);
#1560=ADVANCED_FACE('Face appearance 5',(#1308),#1393,.T.);
#1561=ADVANCED_FACE('Face appearance 3',(#1309),#1394,.T.);
#1562=ADVANCED_FACE('Face appearance 11',(#1310),#1395,.F.);
#1563=ADVANCED_FACE('Face appearance 13',(#1311),#1396,.F.);
#1564=ADVANCED_FACE('Face appearance 13',(#1312),#1397,.F.);
#1565=ADVANCED_FACE('Face appearance 11',(#1313),#1398,.F.);
#1566=ADVANCED_FACE('Face appearance 4',(#1314),#1399,.T.);
#1567=ADVANCED_FACE('Face appearance 10',(#1315),#1400,.F.);
#1568=ADVANCED_FACE('Face appearance 11',(#1316),#1401,.F.);
#1569=ADVANCED_FACE('Face appearance 10',(#1317),#1402,.F.);
#1570=ADVANCED_FACE('Face appearance 10',(#1318),#1403,.F.);
#1571=ADVANCED_FACE('Face appearance 4',(#1319),#1404,.T.);
#1572=ADVANCED_FACE('Face appearance 13',(#1320),#1405,.T.);
#1573=ADVANCED_FACE('Face appearance 14',(#1321),#1406,.T.);
#1574=ADVANCED_FACE('Face appearance 14',(#1322),#1407,.T.);
#1575=ADVANCED_FACE('Face appearance 13',(#1323),#1408,.T.);
#1576=ADVANCED_FACE('Face appearance 4',(#1324),#1409,.T.);
#1577=ADVANCED_FACE('Face appearance 8',(#1325),#1410,.T.);
#1578=ADVANCED_FACE('Face appearance 7',(#1326),#1411,.T.);
#1579=ADVANCED_FACE('Face appearance 7',(#1327),#1412,.T.);
#1580=ADVANCED_FACE('Face appearance 8',(#1328),#1413,.T.);
#1581=ADVANCED_FACE('Face appearance 3',(#1329),#1414,.T.);
#1582=ADVANCED_FACE('Face appearance 9',(#1330),#1415,.T.);
#1583=ADVANCED_FACE('Face appearance 7',(#1331),#1416,.T.);
#1584=ADVANCED_FACE('Face appearance 7',(#1332),#1417,.T.);
#1585=ADVANCED_FACE('Face appearance 9',(#1333),#1418,.T.);
#1586=ADVANCED_FACE('Face appearance 3',(#1334),#1419,.T.);
#1587=ADVANCED_FACE('Face appearance 5',(#1335),#1420,.T.);
#1588=ADVANCED_FACE('Face appearance 5',(#1336),#1421,.F.);
#1589=ADVANCED_FACE('Face appearance 5',(#1337),#1422,.F.);
#1590=ADVANCED_FACE('Face appearance 5',(#1338),#1423,.T.);
#1591=ADVANCED_FACE('Face appearance 3',(#1339),#1424,.T.);
#1592=ADVANCED_FACE('Face appearance 8',(#1340),#1425,.F.);
#1593=ADVANCED_FACE('Face appearance 7',(#1341),#1426,.F.);
#1594=ADVANCED_FACE('Face appearance 7',(#1342),#1427,.F.);
#1595=ADVANCED_FACE('Face appearance 8',(#1343),#1428,.F.);
#1596=ADVANCED_FACE('Face appearance 3',(#1344),#1429,.T.);
#1597=ADVANCED_FACE('Face appearance 6',(#1345),#1430,.F.);
#1598=ADVANCED_FACE('Face appearance 6',(#1346),#1431,.F.);
#1599=ADVANCED_FACE('Face appearance 6',(#1347),#1432,.F.);
#1600=ADVANCED_FACE('Face appearance 6',(#1348),#1433,.F.);
#1601=ADVANCED_FACE('Face appearance 3',(#1349),#1434,.T.);
#1602=ADVANCED_FACE('Face appearance 2',(#1350),#1435,.F.);
#1603=ADVANCED_FACE('Face appearance 2',(#1351),#1436,.F.);
#1604=ADVANCED_FACE('Face appearance 2',(#1352),#1437,.F.);
#1605=ADVANCED_FACE('Face appearance 2',(#1353),#1438,.F.);
#1606=ADVANCED_FACE('Face appearance 2',(#1354),#1439,.T.);
#1607=ADVANCED_FACE('Face appearance 11',(#1355),#1440,.T.);
#1608=ADVANCED_FACE('Face appearance 12',(#1356),#1441,.T.);
#1609=ADVANCED_FACE('Face appearance 12',(#1357),#1442,.T.);
#1610=ADVANCED_FACE('Face appearance 11',(#1358),#1443,.T.);
#1611=ADVANCED_FACE('Face appearance 4',(#1359),#1444,.T.);
#1612=ADVANCED_FACE('Face appearance 21',(#1360),#12,.T.);
#1613=ADVANCED_FACE('Face appearance 21',(#1361),#13,.T.);
#1614=ADVANCED_FACE('Face appearance 23',(#1362),#14,.T.);
#1615=ADVANCED_FACE('Face appearance 23',(#1363),#15,.T.);
#1616=CLOSED_SHELL('',(#1531,#1532,#1533,#1534,#1535,#1536,#1537,#1538,
#1539,#1540,#1541,#1542,#1543,#1544,#1545,#1546,#1547,#1548,#1549,#1550,
#1551,#1552,#1553,#1554,#1555,#1556,#1557,#1558,#1559,#1560,#1561,#1562,
#1563,#1564,#1565,#1566,#1567,#1568,#1569,#1570,#1571,#1572,#1573,#1574,
#1575,#1576,#1577,#1578,#1579,#1580,#1581,#1582,#1583,#1584,#1585,#1586,
#1587,#1588,#1589,#1590,#1591,#1592,#1593,#1594,#1595,#1596,#1597,#1598,
#1599,#1600,#1601,#1602,#1603,#1604,#1605,#1606,#1607,#1608,#1609,#1610,
#1611,#1612,#1613,#1614,#1615));
#1617=STYLED_ITEM('',(#1618),#2139);
#1618=PRESENTATION_STYLE_ASSIGNMENT((#1704));
#1619=PRESENTATION_STYLE_ASSIGNMENT((#1705));
#1620=PRESENTATION_STYLE_ASSIGNMENT((#1706));
#1621=PRESENTATION_STYLE_ASSIGNMENT((#1707));
#1622=PRESENTATION_STYLE_ASSIGNMENT((#1708));
#1623=PRESENTATION_STYLE_ASSIGNMENT((#1709));
#1624=PRESENTATION_STYLE_ASSIGNMENT((#1710));
#1625=PRESENTATION_STYLE_ASSIGNMENT((#1711));
#1626=PRESENTATION_STYLE_ASSIGNMENT((#1712));
#1627=PRESENTATION_STYLE_ASSIGNMENT((#1713));
#1628=PRESENTATION_STYLE_ASSIGNMENT((#1714));
#1629=PRESENTATION_STYLE_ASSIGNMENT((#1715));
#1630=PRESENTATION_STYLE_ASSIGNMENT((#1716));
#1631=PRESENTATION_STYLE_ASSIGNMENT((#1717));
#1632=PRESENTATION_STYLE_ASSIGNMENT((#1718));
#1633=PRESENTATION_STYLE_ASSIGNMENT((#1719));
#1634=PRESENTATION_STYLE_ASSIGNMENT((#1720));
#1635=PRESENTATION_STYLE_ASSIGNMENT((#1721));
#1636=PRESENTATION_STYLE_ASSIGNMENT((#1722));
#1637=PRESENTATION_STYLE_ASSIGNMENT((#1723));
#1638=PRESENTATION_STYLE_ASSIGNMENT((#1724));
#1639=PRESENTATION_STYLE_ASSIGNMENT((#1725));
#1640=PRESENTATION_STYLE_ASSIGNMENT((#1726));
#1641=PRESENTATION_STYLE_ASSIGNMENT((#1727));
#1642=PRESENTATION_STYLE_ASSIGNMENT((#1728));
#1643=PRESENTATION_STYLE_ASSIGNMENT((#1729));
#1644=PRESENTATION_STYLE_ASSIGNMENT((#1730));
#1645=PRESENTATION_STYLE_ASSIGNMENT((#1731));
#1646=PRESENTATION_STYLE_ASSIGNMENT((#1732));
#1647=PRESENTATION_STYLE_ASSIGNMENT((#1733));
#1648=PRESENTATION_STYLE_ASSIGNMENT((#1734));
#1649=PRESENTATION_STYLE_ASSIGNMENT((#1735));
#1650=PRESENTATION_STYLE_ASSIGNMENT((#1736));
#1651=PRESENTATION_STYLE_ASSIGNMENT((#1737));
#1652=PRESENTATION_STYLE_ASSIGNMENT((#1738));
#1653=PRESENTATION_STYLE_ASSIGNMENT((#1739));
#1654=PRESENTATION_STYLE_ASSIGNMENT((#1740));
#1655=PRESENTATION_STYLE_ASSIGNMENT((#1741));
#1656=PRESENTATION_STYLE_ASSIGNMENT((#1742));
#1657=PRESENTATION_STYLE_ASSIGNMENT((#1743));
#1658=PRESENTATION_STYLE_ASSIGNMENT((#1744));
#1659=PRESENTATION_STYLE_ASSIGNMENT((#1745));
#1660=PRESENTATION_STYLE_ASSIGNMENT((#1746));
#1661=PRESENTATION_STYLE_ASSIGNMENT((#1747));
#1662=PRESENTATION_STYLE_ASSIGNMENT((#1748));
#1663=PRESENTATION_STYLE_ASSIGNMENT((#1749));
#1664=PRESENTATION_STYLE_ASSIGNMENT((#1750));
#1665=PRESENTATION_STYLE_ASSIGNMENT((#1751));
#1666=PRESENTATION_STYLE_ASSIGNMENT((#1752));
#1667=PRESENTATION_STYLE_ASSIGNMENT((#1753));
#1668=PRESENTATION_STYLE_ASSIGNMENT((#1754));
#1669=PRESENTATION_STYLE_ASSIGNMENT((#1755));
#1670=PRESENTATION_STYLE_ASSIGNMENT((#1756));
#1671=PRESENTATION_STYLE_ASSIGNMENT((#1757));
#1672=PRESENTATION_STYLE_ASSIGNMENT((#1758));
#1673=PRESENTATION_STYLE_ASSIGNMENT((#1759));
#1674=PRESENTATION_STYLE_ASSIGNMENT((#1760));
#1675=PRESENTATION_STYLE_ASSIGNMENT((#1761));
#1676=PRESENTATION_STYLE_ASSIGNMENT((#1762));
#1677=PRESENTATION_STYLE_ASSIGNMENT((#1763));
#1678=PRESENTATION_STYLE_ASSIGNMENT((#1764));
#1679=PRESENTATION_STYLE_ASSIGNMENT((#1765));
#1680=PRESENTATION_STYLE_ASSIGNMENT((#1766));
#1681=PRESENTATION_STYLE_ASSIGNMENT((#1767));
#1682=PRESENTATION_STYLE_ASSIGNMENT((#1768));
#1683=PRESENTATION_STYLE_ASSIGNMENT((#1769));
#1684=PRESENTATION_STYLE_ASSIGNMENT((#1770));
#1685=PRESENTATION_STYLE_ASSIGNMENT((#1771));
#1686=PRESENTATION_STYLE_ASSIGNMENT((#1772));
#1687=PRESENTATION_STYLE_ASSIGNMENT((#1773));
#1688=PRESENTATION_STYLE_ASSIGNMENT((#1774));
#1689=PRESENTATION_STYLE_ASSIGNMENT((#1775));
#1690=PRESENTATION_STYLE_ASSIGNMENT((#1776));
#1691=PRESENTATION_STYLE_ASSIGNMENT((#1777));
#1692=PRESENTATION_STYLE_ASSIGNMENT((#1778));
#1693=PRESENTATION_STYLE_ASSIGNMENT((#1779));
#1694=PRESENTATION_STYLE_ASSIGNMENT((#1780));
#1695=PRESENTATION_STYLE_ASSIGNMENT((#1781));
#1696=PRESENTATION_STYLE_ASSIGNMENT((#1782));
#1697=PRESENTATION_STYLE_ASSIGNMENT((#1783));
#1698=PRESENTATION_STYLE_ASSIGNMENT((#1784));
#1699=PRESENTATION_STYLE_ASSIGNMENT((#1785));
#1700=PRESENTATION_STYLE_ASSIGNMENT((#1786));
#1701=PRESENTATION_STYLE_ASSIGNMENT((#1787));
#1702=PRESENTATION_STYLE_ASSIGNMENT((#1788));
#1703=PRESENTATION_STYLE_ASSIGNMENT((#1789));
#1704=SURFACE_STYLE_USAGE(.BOTH.,#1790);
#1705=SURFACE_STYLE_USAGE(.BOTH.,#1791);
#1706=SURFACE_STYLE_USAGE(.BOTH.,#1792);
#1707=SURFACE_STYLE_USAGE(.BOTH.,#1793);
#1708=SURFACE_STYLE_USAGE(.BOTH.,#1794);
#1709=SURFACE_STYLE_USAGE(.BOTH.,#1795);
#1710=SURFACE_STYLE_USAGE(.BOTH.,#1796);
#1711=SURFACE_STYLE_USAGE(.BOTH.,#1797);
#1712=SURFACE_STYLE_USAGE(.BOTH.,#1798);
#1713=SURFACE_STYLE_USAGE(.BOTH.,#1799);
#1714=SURFACE_STYLE_USAGE(.BOTH.,#1800);
#1715=SURFACE_STYLE_USAGE(.BOTH.,#1801);
#1716=SURFACE_STYLE_USAGE(.BOTH.,#1802);
#1717=SURFACE_STYLE_USAGE(.BOTH.,#1803);
#1718=SURFACE_STYLE_USAGE(.BOTH.,#1804);
#1719=SURFACE_STYLE_USAGE(.BOTH.,#1805);
#1720=SURFACE_STYLE_USAGE(.BOTH.,#1806);
#1721=SURFACE_STYLE_USAGE(.BOTH.,#1807);
#1722=SURFACE_STYLE_USAGE(.BOTH.,#1808);
#1723=SURFACE_STYLE_USAGE(.BOTH.,#1809);
#1724=SURFACE_STYLE_USAGE(.BOTH.,#1810);
#1725=SURFACE_STYLE_USAGE(.BOTH.,#1811);
#1726=SURFACE_STYLE_USAGE(.BOTH.,#1812);
#1727=SURFACE_STYLE_USAGE(.BOTH.,#1813);
#1728=SURFACE_STYLE_USAGE(.BOTH.,#1814);
#1729=SURFACE_STYLE_USAGE(.BOTH.,#1815);
#1730=SURFACE_STYLE_USAGE(.BOTH.,#1816);
#1731=SURFACE_STYLE_USAGE(.BOTH.,#1817);
#1732=SURFACE_STYLE_USAGE(.BOTH.,#1818);
#1733=SURFACE_STYLE_USAGE(.BOTH.,#1819);
#1734=SURFACE_STYLE_USAGE(.BOTH.,#1820);
#1735=SURFACE_STYLE_USAGE(.BOTH.,#1821);
#1736=SURFACE_STYLE_USAGE(.BOTH.,#1822);
#1737=SURFACE_STYLE_USAGE(.BOTH.,#1823);
#1738=SURFACE_STYLE_USAGE(.BOTH.,#1824);
#1739=SURFACE_STYLE_USAGE(.BOTH.,#1825);
#1740=SURFACE_STYLE_USAGE(.BOTH.,#1826);
#1741=SURFACE_STYLE_USAGE(.BOTH.,#1827);
#1742=SURFACE_STYLE_USAGE(.BOTH.,#1828);
#1743=SURFACE_STYLE_USAGE(.BOTH.,#1829);
#1744=SURFACE_STYLE_USAGE(.BOTH.,#1830);
#1745=SURFACE_STYLE_USAGE(.BOTH.,#1831);
#1746=SURFACE_STYLE_USAGE(.BOTH.,#1832);
#1747=SURFACE_STYLE_USAGE(.BOTH.,#1833);
#1748=SURFACE_STYLE_USAGE(.BOTH.,#1834);
#1749=SURFACE_STYLE_USAGE(.BOTH.,#1835);
#1750=SURFACE_STYLE_USAGE(.BOTH.,#1836);
#1751=SURFACE_STYLE_USAGE(.BOTH.,#1837);
#1752=SURFACE_STYLE_USAGE(.BOTH.,#1838);
#1753=SURFACE_STYLE_USAGE(.BOTH.,#1839);
#1754=SURFACE_STYLE_USAGE(.BOTH.,#1840);
#1755=SURFACE_STYLE_USAGE(.BOTH.,#1841);
#1756=SURFACE_STYLE_USAGE(.BOTH.,#1842);
#1757=SURFACE_STYLE_USAGE(.BOTH.,#1843);
#1758=SURFACE_STYLE_USAGE(.BOTH.,#1844);
#1759=SURFACE_STYLE_USAGE(.BOTH.,#1845);
#1760=SURFACE_STYLE_USAGE(.BOTH.,#1846);
#1761=SURFACE_STYLE_USAGE(.BOTH.,#1847);
#1762=SURFACE_STYLE_USAGE(.BOTH.,#1848);
#1763=SURFACE_STYLE_USAGE(.BOTH.,#1849);
#1764=SURFACE_STYLE_USAGE(.BOTH.,#1850);
#1765=SURFACE_STYLE_USAGE(.BOTH.,#1851);
#1766=SURFACE_STYLE_USAGE(.BOTH.,#1852);
#1767=SURFACE_STYLE_USAGE(.BOTH.,#1853);
#1768=SURFACE_STYLE_USAGE(.BOTH.,#1854);
#1769=SURFACE_STYLE_USAGE(.BOTH.,#1855);
#1770=SURFACE_STYLE_USAGE(.BOTH.,#1856);
#1771=SURFACE_STYLE_USAGE(.BOTH.,#1857);
#1772=SURFACE_STYLE_USAGE(.BOTH.,#1858);
#1773=SURFACE_STYLE_USAGE(.BOTH.,#1859);
#1774=SURFACE_STYLE_USAGE(.BOTH.,#1860);
#1775=SURFACE_STYLE_USAGE(.BOTH.,#1861);
#1776=SURFACE_STYLE_USAGE(.BOTH.,#1862);
#1777=SURFACE_STYLE_USAGE(.BOTH.,#1863);
#1778=SURFACE_STYLE_USAGE(.BOTH.,#1864);
#1779=SURFACE_STYLE_USAGE(.BOTH.,#1865);
#1780=SURFACE_STYLE_USAGE(.BOTH.,#1866);
#1781=SURFACE_STYLE_USAGE(.BOTH.,#1867);
#1782=SURFACE_STYLE_USAGE(.BOTH.,#1868);
#1783=SURFACE_STYLE_USAGE(.BOTH.,#1869);
#1784=SURFACE_STYLE_USAGE(.BOTH.,#1870);
#1785=SURFACE_STYLE_USAGE(.BOTH.,#1871);
#1786=SURFACE_STYLE_USAGE(.BOTH.,#1872);
#1787=SURFACE_STYLE_USAGE(.BOTH.,#1873);
#1788=SURFACE_STYLE_USAGE(.BOTH.,#1874);
#1789=SURFACE_STYLE_USAGE(.BOTH.,#1875);
#1790=SURFACE_SIDE_STYLE('',(#1876));
#1791=SURFACE_SIDE_STYLE('',(#1877));
#1792=SURFACE_SIDE_STYLE('',(#1878));
#1793=SURFACE_SIDE_STYLE('',(#1879));
#1794=SURFACE_SIDE_STYLE('',(#1880));
#1795=SURFACE_SIDE_STYLE('',(#1881));
#1796=SURFACE_SIDE_STYLE('',(#1882));
#1797=SURFACE_SIDE_STYLE('',(#1883));
#1798=SURFACE_SIDE_STYLE('',(#1884));
#1799=SURFACE_SIDE_STYLE('',(#1885));
#1800=SURFACE_SIDE_STYLE('',(#1886));
#1801=SURFACE_SIDE_STYLE('',(#1887));
#1802=SURFACE_SIDE_STYLE('',(#1888));
#1803=SURFACE_SIDE_STYLE('',(#1889));
#1804=SURFACE_SIDE_STYLE('',(#1890));
#1805=SURFACE_SIDE_STYLE('',(#1891));
#1806=SURFACE_SIDE_STYLE('',(#1892));
#1807=SURFACE_SIDE_STYLE('',(#1893));
#1808=SURFACE_SIDE_STYLE('',(#1894));
#1809=SURFACE_SIDE_STYLE('',(#1895));
#1810=SURFACE_SIDE_STYLE('',(#1896));
#1811=SURFACE_SIDE_STYLE('',(#1897));
#1812=SURFACE_SIDE_STYLE('',(#1898));
#1813=SURFACE_SIDE_STYLE('',(#1899));
#1814=SURFACE_SIDE_STYLE('',(#1900));
#1815=SURFACE_SIDE_STYLE('',(#1901));
#1816=SURFACE_SIDE_STYLE('',(#1902));
#1817=SURFACE_SIDE_STYLE('',(#1903));
#1818=SURFACE_SIDE_STYLE('',(#1904));
#1819=SURFACE_SIDE_STYLE('',(#1905));
#1820=SURFACE_SIDE_STYLE('',(#1906));
#1821=SURFACE_SIDE_STYLE('',(#1907));
#1822=SURFACE_SIDE_STYLE('',(#1908));
#1823=SURFACE_SIDE_STYLE('',(#1909));
#1824=SURFACE_SIDE_STYLE('',(#1910));
#1825=SURFACE_SIDE_STYLE('',(#1911));
#1826=SURFACE_SIDE_STYLE('',(#1912));
#1827=SURFACE_SIDE_STYLE('',(#1913));
#1828=SURFACE_SIDE_STYLE('',(#1914));
#1829=SURFACE_SIDE_STYLE('',(#1915));
#1830=SURFACE_SIDE_STYLE('',(#1916));
#1831=SURFACE_SIDE_STYLE('',(#1917));
#1832=SURFACE_SIDE_STYLE('',(#1918));
#1833=SURFACE_SIDE_STYLE('',(#1919));
#1834=SURFACE_SIDE_STYLE('',(#1920));
#1835=SURFACE_SIDE_STYLE('',(#1921));
#1836=SURFACE_SIDE_STYLE('',(#1922));
#1837=SURFACE_SIDE_STYLE('',(#1923));
#1838=SURFACE_SIDE_STYLE('',(#1924));
#1839=SURFACE_SIDE_STYLE('',(#1925));
#1840=SURFACE_SIDE_STYLE('',(#1926));
#1841=SURFACE_SIDE_STYLE('',(#1927));
#1842=SURFACE_SIDE_STYLE('',(#1928));
#1843=SURFACE_SIDE_STYLE('',(#1929));
#1844=SURFACE_SIDE_STYLE('',(#1930));
#1845=SURFACE_SIDE_STYLE('',(#1931));
#1846=SURFACE_SIDE_STYLE('',(#1932));
#1847=SURFACE_SIDE_STYLE('',(#1933));
#1848=SURFACE_SIDE_STYLE('',(#1934));
#1849=SURFACE_SIDE_STYLE('',(#1935));
#1850=SURFACE_SIDE_STYLE('',(#1936));
#1851=SURFACE_SIDE_STYLE('',(#1937));
#1852=SURFACE_SIDE_STYLE('',(#1938));
#1853=SURFACE_SIDE_STYLE('',(#1939));
#1854=SURFACE_SIDE_STYLE('',(#1940));
#1855=SURFACE_SIDE_STYLE('',(#1941));
#1856=SURFACE_SIDE_STYLE('',(#1942));
#1857=SURFACE_SIDE_STYLE('',(#1943));
#1858=SURFACE_SIDE_STYLE('',(#1944));
#1859=SURFACE_SIDE_STYLE('',(#1945));
#1860=SURFACE_SIDE_STYLE('',(#1946));
#1861=SURFACE_SIDE_STYLE('',(#1947));
#1862=SURFACE_SIDE_STYLE('',(#1948));
#1863=SURFACE_SIDE_STYLE('',(#1949));
#1864=SURFACE_SIDE_STYLE('',(#1950));
#1865=SURFACE_SIDE_STYLE('',(#1951));
#1866=SURFACE_SIDE_STYLE('',(#1952));
#1867=SURFACE_SIDE_STYLE('',(#1953));
#1868=SURFACE_SIDE_STYLE('',(#1954));
#1869=SURFACE_SIDE_STYLE('',(#1955));
#1870=SURFACE_SIDE_STYLE('',(#1956));
#1871=SURFACE_SIDE_STYLE('',(#1957));
#1872=SURFACE_SIDE_STYLE('',(#1958));
#1873=SURFACE_SIDE_STYLE('',(#1959));
#1874=SURFACE_SIDE_STYLE('',(#1960));
#1875=SURFACE_SIDE_STYLE('',(#1961));
#1876=SURFACE_STYLE_FILL_AREA(#1962);
#1877=SURFACE_STYLE_FILL_AREA(#1963);
#1878=SURFACE_STYLE_FILL_AREA(#1964);
#1879=SURFACE_STYLE_FILL_AREA(#1965);
#1880=SURFACE_STYLE_FILL_AREA(#1966);
#1881=SURFACE_STYLE_FILL_AREA(#1967);
#1882=SURFACE_STYLE_FILL_AREA(#1968);
#1883=SURFACE_STYLE_FILL_AREA(#1969);
#1884=SURFACE_STYLE_FILL_AREA(#1970);
#1885=SURFACE_STYLE_FILL_AREA(#1971);
#1886=SURFACE_STYLE_FILL_AREA(#1972);
#1887=SURFACE_STYLE_FILL_AREA(#1973);
#1888=SURFACE_STYLE_FILL_AREA(#1974);
#1889=SURFACE_STYLE_FILL_AREA(#1975);
#1890=SURFACE_STYLE_FILL_AREA(#1976);
#1891=SURFACE_STYLE_FILL_AREA(#1977);
#1892=SURFACE_STYLE_FILL_AREA(#1978);
#1893=SURFACE_STYLE_FILL_AREA(#1979);
#1894=SURFACE_STYLE_FILL_AREA(#1980);
#1895=SURFACE_STYLE_FILL_AREA(#1981);
#1896=SURFACE_STYLE_FILL_AREA(#1982);
#1897=SURFACE_STYLE_FILL_AREA(#1983);
#1898=SURFACE_STYLE_FILL_AREA(#1984);
#1899=SURFACE_STYLE_FILL_AREA(#1985);
#1900=SURFACE_STYLE_FILL_AREA(#1986);
#1901=SURFACE_STYLE_FILL_AREA(#1987);
#1902=SURFACE_STYLE_FILL_AREA(#1988);
#1903=SURFACE_STYLE_FILL_AREA(#1989);
#1904=SURFACE_STYLE_FILL_AREA(#1990);
#1905=SURFACE_STYLE_FILL_AREA(#1991);
#1906=SURFACE_STYLE_FILL_AREA(#1992);
#1907=SURFACE_STYLE_FILL_AREA(#1993);
#1908=SURFACE_STYLE_FILL_AREA(#1994);
#1909=SURFACE_STYLE_FILL_AREA(#1995);
#1910=SURFACE_STYLE_FILL_AREA(#1996);
#1911=SURFACE_STYLE_FILL_AREA(#1997);
#1912=SURFACE_STYLE_FILL_AREA(#1998);
#1913=SURFACE_STYLE_FILL_AREA(#1999);
#1914=SURFACE_STYLE_FILL_AREA(#2000);
#1915=SURFACE_STYLE_FILL_AREA(#2001);
#1916=SURFACE_STYLE_FILL_AREA(#2002);
#1917=SURFACE_STYLE_FILL_AREA(#2003);
#1918=SURFACE_STYLE_FILL_AREA(#2004);
#1919=SURFACE_STYLE_FILL_AREA(#2005);
#1920=SURFACE_STYLE_FILL_AREA(#2006);
#1921=SURFACE_STYLE_FILL_AREA(#2007);
#1922=SURFACE_STYLE_FILL_AREA(#2008);
#1923=SURFACE_STYLE_FILL_AREA(#2009);
#1924=SURFACE_STYLE_FILL_AREA(#2010);
#1925=SURFACE_STYLE_FILL_AREA(#2011);
#1926=SURFACE_STYLE_FILL_AREA(#2012);
#1927=SURFACE_STYLE_FILL_AREA(#2013);
#1928=SURFACE_STYLE_FILL_AREA(#2014);
#1929=SURFACE_STYLE_FILL_AREA(#2015);
#1930=SURFACE_STYLE_FILL_AREA(#2016);
#1931=SURFACE_STYLE_FILL_AREA(#2017);
#1932=SURFACE_STYLE_FILL_AREA(#2018);
#1933=SURFACE_STYLE_FILL_AREA(#2019);
#1934=SURFACE_STYLE_FILL_AREA(#2020);
#1935=SURFACE_STYLE_FILL_AREA(#2021);
#1936=SURFACE_STYLE_FILL_AREA(#2022);
#1937=SURFACE_STYLE_FILL_AREA(#2023);
#1938=SURFACE_STYLE_FILL_AREA(#2024);
#1939=SURFACE_STYLE_FILL_AREA(#2025);
#1940=SURFACE_STYLE_FILL_AREA(#2026);
#1941=SURFACE_STYLE_FILL_AREA(#2027);
#1942=SURFACE_STYLE_FILL_AREA(#2028);
#1943=SURFACE_STYLE_FILL_AREA(#2029);
#1944=SURFACE_STYLE_FILL_AREA(#2030);
#1945=SURFACE_STYLE_FILL_AREA(#2031);
#1946=SURFACE_STYLE_FILL_AREA(#2032);
#1947=SURFACE_STYLE_FILL_AREA(#2033);
#1948=SURFACE_STYLE_FILL_AREA(#2034);
#1949=SURFACE_STYLE_FILL_AREA(#2035);
#1950=SURFACE_STYLE_FILL_AREA(#2036);
#1951=SURFACE_STYLE_FILL_AREA(#2037);
#1952=SURFACE_STYLE_FILL_AREA(#2038);
#1953=SURFACE_STYLE_FILL_AREA(#2039);
#1954=SURFACE_STYLE_FILL_AREA(#2040);
#1955=SURFACE_STYLE_FILL_AREA(#2041);
#1956=SURFACE_STYLE_FILL_AREA(#2042);
#1957=SURFACE_STYLE_FILL_AREA(#2043);
#1958=SURFACE_STYLE_FILL_AREA(#2044);
#1959=SURFACE_STYLE_FILL_AREA(#2045);
#1960=SURFACE_STYLE_FILL_AREA(#2046);
#1961=SURFACE_STYLE_FILL_AREA(#2047);
#1962=FILL_AREA_STYLE('',(#2048));
#1963=FILL_AREA_STYLE('',(#2049));
#1964=FILL_AREA_STYLE('',(#2050));
#1965=FILL_AREA_STYLE('',(#2051));
#1966=FILL_AREA_STYLE('',(#2052));
#1967=FILL_AREA_STYLE('',(#2053));
#1968=FILL_AREA_STYLE('',(#2054));
#1969=FILL_AREA_STYLE('',(#2055));
#1970=FILL_AREA_STYLE('',(#2056));
#1971=FILL_AREA_STYLE('',(#2057));
#1972=FILL_AREA_STYLE('',(#2058));
#1973=FILL_AREA_STYLE('',(#2059));
#1974=FILL_AREA_STYLE('',(#2060));
#1975=FILL_AREA_STYLE('',(#2061));
#1976=FILL_AREA_STYLE('',(#2062));
#1977=FILL_AREA_STYLE('',(#2063));
#1978=FILL_AREA_STYLE('',(#2064));
#1979=FILL_AREA_STYLE('',(#2065));
#1980=FILL_AREA_STYLE('',(#2066));
#1981=FILL_AREA_STYLE('',(#2067));
#1982=FILL_AREA_STYLE('',(#2068));
#1983=FILL_AREA_STYLE('',(#2069));
#1984=FILL_AREA_STYLE('',(#2070));
#1985=FILL_AREA_STYLE('',(#2071));
#1986=FILL_AREA_STYLE('',(#2072));
#1987=FILL_AREA_STYLE('',(#2073));
#1988=FILL_AREA_STYLE('',(#2074));
#1989=FILL_AREA_STYLE('',(#2075));
#1990=FILL_AREA_STYLE('',(#2076));
#1991=FILL_AREA_STYLE('',(#2077));
#1992=FILL_AREA_STYLE('',(#2078));
#1993=FILL_AREA_STYLE('',(#2079));
#1994=FILL_AREA_STYLE('',(#2080));
#1995=FILL_AREA_STYLE('',(#2081));
#1996=FILL_AREA_STYLE('',(#2082));
#1997=FILL_AREA_STYLE('',(#2083));
#1998=FILL_AREA_STYLE('',(#2084));
#1999=FILL_AREA_STYLE('',(#2085));
#2000=FILL_AREA_STYLE('',(#2086));
#2001=FILL_AREA_STYLE('',(#2087));
#2002=FILL_AREA_STYLE('',(#2088));
#2003=FILL_AREA_STYLE('',(#2089));
#2004=FILL_AREA_STYLE('',(#2090));
#2005=FILL_AREA_STYLE('',(#2091));
#2006=FILL_AREA_STYLE('',(#2092));
#2007=FILL_AREA_STYLE('',(#2093));
#2008=FILL_AREA_STYLE('',(#2094));
#2009=FILL_AREA_STYLE('',(#2095));
#2010=FILL_AREA_STYLE('',(#2096));
#2011=FILL_AREA_STYLE('',(#2097));
#2012=FILL_AREA_STYLE('',(#2098));
#2013=FILL_AREA_STYLE('',(#2099));
#2014=FILL_AREA_STYLE('',(#2100));
#2015=FILL_AREA_STYLE('',(#2101));
#2016=FILL_AREA_STYLE('',(#2102));
#2017=FILL_AREA_STYLE('',(#2103));
#2018=FILL_AREA_STYLE('',(#2104));
#2019=FILL_AREA_STYLE('',(#2105));
#2020=FILL_AREA_STYLE('',(#2106));
#2021=FILL_AREA_STYLE('',(#2107));
#2022=FILL_AREA_STYLE('',(#2108));
#2023=FILL_AREA_STYLE('',(#2109));
#2024=FILL_AREA_STYLE('',(#2110));
#2025=FILL_AREA_STYLE('',(#2111));
#2026=FILL_AREA_STYLE('',(#2112));
#2027=FILL_AREA_STYLE('',(#2113));
#2028=FILL_AREA_STYLE('',(#2114));
#2029=FILL_AREA_STYLE('',(#2115));
#2030=FILL_AREA_STYLE('',(#2116));
#2031=FILL_AREA_STYLE('',(#2117));
#2032=FILL_AREA_STYLE('',(#2118));
#2033=FILL_AREA_STYLE('',(#2119));
#2034=FILL_AREA_STYLE('',(#2120));
#2035=FILL_AREA_STYLE('',(#2121));
#2036=FILL_AREA_STYLE('',(#2122));
#2037=FILL_AREA_STYLE('',(#2123));
#2038=FILL_AREA_STYLE('',(#2124));
#2039=FILL_AREA_STYLE('',(#2125));
#2040=FILL_AREA_STYLE('',(#2126));
#2041=FILL_AREA_STYLE('',(#2127));
#2042=FILL_AREA_STYLE('',(#2128));
#2043=FILL_AREA_STYLE('',(#2129));
#2044=FILL_AREA_STYLE('',(#2130));
#2045=FILL_AREA_STYLE('',(#2131));
#2046=FILL_AREA_STYLE('',(#2132));
#2047=FILL_AREA_STYLE('',(#2133));
#2048=FILL_AREA_STYLE_COLOUR('',#2134);
#2049=FILL_AREA_STYLE_COLOUR('',#1530);
#2050=FILL_AREA_STYLE_COLOUR('',#2135);
#2051=FILL_AREA_STYLE_COLOUR('',#2135);
#2052=FILL_AREA_STYLE_COLOUR('',#2135);
#2053=FILL_AREA_STYLE_COLOUR('',#2135);
#2054=FILL_AREA_STYLE_COLOUR('',#2135);
#2055=FILL_AREA_STYLE_COLOUR('',#2136);
#2056=FILL_AREA_STYLE_COLOUR('',#2136);
#2057=FILL_AREA_STYLE_COLOUR('',#2136);
#2058=FILL_AREA_STYLE_COLOUR('',#2136);
#2059=FILL_AREA_STYLE_COLOUR('',#2137);
#2060=FILL_AREA_STYLE_COLOUR('',#2136);
#2061=FILL_AREA_STYLE_COLOUR('',#2136);
#2062=FILL_AREA_STYLE_COLOUR('',#2136);
#2063=FILL_AREA_STYLE_COLOUR('',#2136);
#2064=FILL_AREA_STYLE_COLOUR('',#2137);
#2065=FILL_AREA_STYLE_COLOUR('',#2136);
#2066=FILL_AREA_STYLE_COLOUR('',#2136);
#2067=FILL_AREA_STYLE_COLOUR('',#2136);
#2068=FILL_AREA_STYLE_COLOUR('',#2136);
#2069=FILL_AREA_STYLE_COLOUR('',#2137);
#2070=FILL_AREA_STYLE_COLOUR('',#2136);
#2071=FILL_AREA_STYLE_COLOUR('',#2136);
#2072=FILL_AREA_STYLE_COLOUR('',#2136);
#2073=FILL_AREA_STYLE_COLOUR('',#2136);
#2074=FILL_AREA_STYLE_COLOUR('',#2137);
#2075=FILL_AREA_STYLE_COLOUR('',#2138);
#2076=FILL_AREA_STYLE_COLOUR('',#2138);
#2077=FILL_AREA_STYLE_COLOUR('',#2138);
#2078=FILL_AREA_STYLE_COLOUR('',#2138);
#2079=FILL_AREA_STYLE_COLOUR('',#2138);
#2080=FILL_AREA_STYLE_COLOUR('',#2138);
#2081=FILL_AREA_STYLE_COLOUR('',#2138);
#2082=FILL_AREA_STYLE_COLOUR('',#2138);
#2083=FILL_AREA_STYLE_COLOUR('',#2138);
#2084=FILL_AREA_STYLE_COLOUR('',#2138);
#2085=FILL_AREA_STYLE_COLOUR('',#2138);
#2086=FILL_AREA_STYLE_COLOUR('',#2138);
#2087=FILL_AREA_STYLE_COLOUR('',#2138);
#2088=FILL_AREA_STYLE_COLOUR('',#2138);
#2089=FILL_AREA_STYLE_COLOUR('',#2138);
#2090=FILL_AREA_STYLE_COLOUR('',#2138);
#2091=FILL_AREA_STYLE_COLOUR('',#2138);
#2092=FILL_AREA_STYLE_COLOUR('',#2138);
#2093=FILL_AREA_STYLE_COLOUR('',#2138);
#2094=FILL_AREA_STYLE_COLOUR('',#2138);
#2095=FILL_AREA_STYLE_COLOUR('',#2138);
#2096=FILL_AREA_STYLE_COLOUR('',#2138);
#2097=FILL_AREA_STYLE_COLOUR('',#2138);
#2098=FILL_AREA_STYLE_COLOUR('',#2138);
#2099=FILL_AREA_STYLE_COLOUR('',#2138);
#2100=FILL_AREA_STYLE_COLOUR('',#2138);
#2101=FILL_AREA_STYLE_COLOUR('',#2138);
#2102=FILL_AREA_STYLE_COLOUR('',#2138);
#2103=FILL_AREA_STYLE_COLOUR('',#2138);
#2104=FILL_AREA_STYLE_COLOUR('',#2138);
#2105=FILL_AREA_STYLE_COLOUR('',#2138);
#2106=FILL_AREA_STYLE_COLOUR('',#2138);
#2107=FILL_AREA_STYLE_COLOUR('',#2138);
#2108=FILL_AREA_STYLE_COLOUR('',#2138);
#2109=FILL_AREA_STYLE_COLOUR('',#2138);
#2110=FILL_AREA_STYLE_COLOUR('',#2138);
#2111=FILL_AREA_STYLE_COLOUR('',#2138);
#2112=FILL_AREA_STYLE_COLOUR('',#2138);
#2113=FILL_AREA_STYLE_COLOUR('',#2138);
#2114=FILL_AREA_STYLE_COLOUR('',#2138);
#2115=FILL_AREA_STYLE_COLOUR('',#2138);
#2116=FILL_AREA_STYLE_COLOUR('',#2138);
#2117=FILL_AREA_STYLE_COLOUR('',#2138);
#2118=FILL_AREA_STYLE_COLOUR('',#2138);
#2119=FILL_AREA_STYLE_COLOUR('',#2138);
#2120=FILL_AREA_STYLE_COLOUR('',#2138);
#2121=FILL_AREA_STYLE_COLOUR('',#2138);
#2122=FILL_AREA_STYLE_COLOUR('',#2138);
#2123=FILL_AREA_STYLE_COLOUR('',#2138);
#2124=FILL_AREA_STYLE_COLOUR('',#2138);
#2125=FILL_AREA_STYLE_COLOUR('',#2138);
#2126=FILL_AREA_STYLE_COLOUR('',#2138);
#2127=FILL_AREA_STYLE_COLOUR('',#2138);
#2128=FILL_AREA_STYLE_COLOUR('',#2138);
#2129=FILL_AREA_STYLE_COLOUR('',#2138);
#2130=FILL_AREA_STYLE_COLOUR('',#1530);
#2131=FILL_AREA_STYLE_COLOUR('',#1530);
#2132=FILL_AREA_STYLE_COLOUR('',#2135);
#2133=FILL_AREA_STYLE_COLOUR('',#2135);
#2134=COLOUR_RGB('',0.615686274509804,0.811764705882353,0.929411764705882);
#2135=COLOUR_RGB('',0.701960784313725,0.701960784313725,0.701960784313725);
#2136=COLOUR_RGB('',0.501960784313726,0.501960784313726,0.501960784313726);
#2137=COLOUR_RGB('',0.6,0.6,0.6);
#2138=COLOUR_RGB('',0.282352941176471,0.364705882352941,1.);
#2139=MANIFOLD_SOLID_BREP('Part 1',#1616);
#2140=SHAPE_DEFINITION_REPRESENTATION(#3052,#2141);
#2141=SHAPE_REPRESENTATION('Part 1',(#2142),#3047);
#2142=AXIS2_PLACEMENT_3D('',#2620,#2236,#2237);
#2143=AXIS2_PLACEMENT_3D('',#2621,#2238,#2239);
#2144=AXIS2_PLACEMENT_3D('',#2718,#2288,#2289);
#2145=AXIS2_PLACEMENT_3D('',#2738,#2299,#2300);
#2146=AXIS2_PLACEMENT_3D('',#2742,#2302,#2303);
#2147=AXIS2_PLACEMENT_3D('',#2746,#2305,#2306);
#2148=AXIS2_PLACEMENT_3D('',#2747,#2307,#2308);
#2149=AXIS2_PLACEMENT_3D('',#2764,#2317,#2318);
#2150=AXIS2_PLACEMENT_3D('',#2770,#2322,#2323);
#2151=AXIS2_PLACEMENT_3D('',#2774,#2325,#2326);
#2152=AXIS2_PLACEMENT_3D('',#2778,#2328,#2329);
#2153=AXIS2_PLACEMENT_3D('',#2779,#2330,#2331);
#2154=AXIS2_PLACEMENT_3D('',#2780,#2332,#2333);
#2155=AXIS2_PLACEMENT_3D('',#2781,#2334,#2335);
#2156=AXIS2_PLACEMENT_3D('',#2784,#2338,#2339);
#2157=AXIS2_PLACEMENT_3D('',#2787,#2342,#2343);
#2158=AXIS2_PLACEMENT_3D('',#2793,#2347,#2348);
#2159=AXIS2_PLACEMENT_3D('',#2797,#2351,#2352);
#2160=AXIS2_PLACEMENT_3D('',#2801,#2355,#2356);
#2161=AXIS2_PLACEMENT_3D('',#2803,#2358,#2359);
#2162=AXIS2_PLACEMENT_3D('',#2804,#2360,#2361);
#2163=AXIS2_PLACEMENT_3D('',#2810,#2365,#2366);
#2164=AXIS2_PLACEMENT_3D('',#2814,#2369,#2370);
#2165=AXIS2_PLACEMENT_3D('',#2818,#2373,#2374);
#2166=AXIS2_PLACEMENT_3D('',#2820,#2376,#2377);
#2167=AXIS2_PLACEMENT_3D('',#2821,#2378,#2379);
#2168=AXIS2_PLACEMENT_3D('',#2827,#2383,#2384);
#2169=AXIS2_PLACEMENT_3D('',#2831,#2387,#2388);
#2170=AXIS2_PLACEMENT_3D('',#2835,#2391,#2392);
#2171=AXIS2_PLACEMENT_3D('',#2837,#2394,#2395);
#2172=AXIS2_PLACEMENT_3D('',#2838,#2396,#2397);
#2173=AXIS2_PLACEMENT_3D('',#2844,#2401,#2402);
#2174=AXIS2_PLACEMENT_3D('',#2848,#2405,#2406);
#2175=AXIS2_PLACEMENT_3D('',#2852,#2409,#2410);
#2176=AXIS2_PLACEMENT_3D('',#2854,#2412,#2413);
#2177=AXIS2_PLACEMENT_3D('',#2855,#2414,#2415);
#2178=AXIS2_PLACEMENT_3D('',#2861,#2419,#2420);
#2179=AXIS2_PLACEMENT_3D('',#2865,#2423,#2424);
#2180=AXIS2_PLACEMENT_3D('',#2869,#2427,#2428);
#2181=AXIS2_PLACEMENT_3D('',#2871,#2430,#2431);
#2182=AXIS2_PLACEMENT_3D('',#2872,#2432,#2433);
#2183=AXIS2_PLACEMENT_3D('',#2878,#2437,#2438);
#2184=AXIS2_PLACEMENT_3D('',#2882,#2441,#2442);
#2185=AXIS2_PLACEMENT_3D('',#2886,#2445,#2446);
#2186=AXIS2_PLACEMENT_3D('',#2888,#2448,#2449);
#2187=AXIS2_PLACEMENT_3D('',#2889,#2450,#2451);
#2188=AXIS2_PLACEMENT_3D('',#2895,#2455,#2456);
#2189=AXIS2_PLACEMENT_3D('',#2899,#2459,#2460);
#2190=AXIS2_PLACEMENT_3D('',#2903,#2463,#2464);
#2191=AXIS2_PLACEMENT_3D('',#2905,#2466,#2467);
#2192=AXIS2_PLACEMENT_3D('',#2906,#2468,#2469);
#2193=AXIS2_PLACEMENT_3D('',#2912,#2473,#2474);
#2194=AXIS2_PLACEMENT_3D('',#2916,#2477,#2478);
#2195=AXIS2_PLACEMENT_3D('',#2920,#2481,#2482);
#2196=AXIS2_PLACEMENT_3D('',#2922,#2484,#2485);
#2197=AXIS2_PLACEMENT_3D('',#2923,#2486,#2487);
#2198=AXIS2_PLACEMENT_3D('',#2929,#2491,#2492);
#2199=AXIS2_PLACEMENT_3D('',#2933,#2495,#2496);
#2200=AXIS2_PLACEMENT_3D('',#2937,#2499,#2500);
#2201=AXIS2_PLACEMENT_3D('',#2939,#2502,#2503);
#2202=AXIS2_PLACEMENT_3D('',#2940,#2504,#2505);
#2203=AXIS2_PLACEMENT_3D('',#2946,#2509,#2510);
#2204=AXIS2_PLACEMENT_3D('',#2950,#2513,#2514);
#2205=AXIS2_PLACEMENT_3D('',#2954,#2517,#2518);
#2206=AXIS2_PLACEMENT_3D('',#2956,#2520,#2521);
#2207=AXIS2_PLACEMENT_3D('',#2957,#2522,#2523);
#2208=AXIS2_PLACEMENT_3D('',#2963,#2527,#2528);
#2209=AXIS2_PLACEMENT_3D('',#2967,#2531,#2532);
#2210=AXIS2_PLACEMENT_3D('',#2971,#2535,#2536);
#2211=AXIS2_PLACEMENT_3D('',#2973,#2538,#2539);
#2212=AXIS2_PLACEMENT_3D('',#2974,#2540,#2541);
#2213=AXIS2_PLACEMENT_3D('',#2980,#2545,#2546);
#2214=AXIS2_PLACEMENT_3D('',#2984,#2549,#2550);
#2215=AXIS2_PLACEMENT_3D('',#2988,#2553,#2554);
#2216=AXIS2_PLACEMENT_3D('',#2990,#2556,#2557);
#2217=AXIS2_PLACEMENT_3D('',#2991,#2558,#2559);
#2218=AXIS2_PLACEMENT_3D('',#2997,#2563,#2564);
#2219=AXIS2_PLACEMENT_3D('',#3001,#2567,#2568);
#2220=AXIS2_PLACEMENT_3D('',#3005,#2571,#2572);
#2221=AXIS2_PLACEMENT_3D('',#3007,#2574,#2575);
#2222=AXIS2_PLACEMENT_3D('',#3008,#2576,#2577);
#2223=AXIS2_PLACEMENT_3D('',#3014,#2581,#2582);
#2224=AXIS2_PLACEMENT_3D('',#3018,#2585,#2586);
#2225=AXIS2_PLACEMENT_3D('',#3022,#2589,#2590);
#2226=AXIS2_PLACEMENT_3D('',#3024,#2592,#2593);
#2227=AXIS2_PLACEMENT_3D('',#3025,#2594,#2595);
#2228=AXIS2_PLACEMENT_3D('',#3031,#2599,#2600);
#2229=AXIS2_PLACEMENT_3D('',#3035,#2603,#2604);
#2230=AXIS2_PLACEMENT_3D('',#3039,#2607,#2608);
#2231=AXIS2_PLACEMENT_3D('',#3041,#2610,#2611);
#2232=AXIS2_PLACEMENT_3D('',#3042,#2612,#2613);
#2233=AXIS2_PLACEMENT_3D('',#3043,#2614,#2615);
#2234=AXIS2_PLACEMENT_3D('',#3044,#2616,#2617);
#2235=AXIS2_PLACEMENT_3D('',#3045,#2618,#2619);
#2236=DIRECTION('',(0.,0.,1.));
#2237=DIRECTION('',(1.,0.,0.));
#2238=DIRECTION('',(0.,-1.,0.));
#2239=DIRECTION('',(1.,0.,0.));
#2240=DIRECTION('',(0.,0.,-1.));
#2241=DIRECTION('',(-0.904818653541061,0.,-0.425797139732221));
#2242=DIRECTION('',(0.,0.,1.));
#2243=DIRECTION('',(0.904818653541062,0.,0.42579713973222));
#2244=DIRECTION('',(0.,0.,-1.));
#2245=DIRECTION('',(-0.904818653541063,0.,-0.425797139732218));
#2246=DIRECTION('',(0.,0.,1.));
#2247=DIRECTION('',(0.904818653541062,0.,0.42579713973222));
#2248=DIRECTION('',(1.25051677933065E-16,0.,1.));
#2249=DIRECTION('',(0.904818653541062,0.,0.42579713973222));
#2250=DIRECTION('',(-1.25051677933065E-16,0.,-1.));
#2251=DIRECTION('',(-0.904818653541062,0.,-0.42579713973222));
#2252=DIRECTION('',(0.,0.,-1.));
#2253=DIRECTION('',(-0.904818653541063,0.,-0.425797139732218));
#2254=DIRECTION('',(0.,0.,1.));
#2255=DIRECTION('',(0.904818653541063,0.,0.425797139732218));
#2256=DIRECTION('',(0.,0.,1.));
#2257=DIRECTION('',(0.904818653541062,0.,0.42579713973222));
#2258=DIRECTION('',(0.,0.,-1.));
#2259=DIRECTION('',(-0.904818653541062,0.,-0.42579713973222));
#2260=DIRECTION('',(1.,0.,0.));
#2261=DIRECTION('',(0.,0.,-1.));
#2262=DIRECTION('',(1.,0.,0.));
#2263=DIRECTION('',(0.,0.,-1.));
#2264=DIRECTION('',(0.,0.,-1.));
#2265=DIRECTION('',(1.,0.,0.));
#2266=DIRECTION('',(0.,0.,-1.));
#2267=DIRECTION('',(1.,0.,0.));
#2268=DIRECTION('',(1.,0.,0.));
#2269=DIRECTION('',(-0.904818653541063,0.,-0.425797139732218));
#2270=DIRECTION('',(-1.,0.,0.));
#2271=DIRECTION('',(0.904818653541063,0.,0.425797139732218));
#2272=DIRECTION('',(1.,0.,0.));
#2273=DIRECTION('',(-0.904818653541063,0.,-0.425797139732218));
#2274=DIRECTION('',(-1.,0.,0.));
#2275=DIRECTION('',(0.904818653541063,0.,0.425797139732218));
#2276=DIRECTION('',(1.,0.,0.));
#2277=DIRECTION('',(-0.904818653541063,0.,-0.425797139732218));
#2278=DIRECTION('',(-1.,0.,0.));
#2279=DIRECTION('',(0.904818653541063,0.,0.425797139732218));
#2280=DIRECTION('',(0.,0.,-1.));
#2281=DIRECTION('',(1.,0.,0.));
#2282=DIRECTION('',(0.,0.,-1.));
#2283=DIRECTION('',(1.,0.,0.));
#2284=DIRECTION('',(1.,0.,0.));
#2285=DIRECTION('',(-0.904818653541063,0.,-0.425797139732218));
#2286=DIRECTION('',(-1.,0.,0.));
#2287=DIRECTION('',(0.904818653541063,0.,0.425797139732218));
#2288=DIRECTION('',(0.,0.,-1.));
#2289=DIRECTION('',(-1.,0.,0.));
#2290=DIRECTION('',(-1.40489490217585E-15,1.,0.));
#2291=DIRECTION('',(1.,0.,0.));
#2292=DIRECTION('',(0.,1.,0.));
#2293=DIRECTION('',(1.,1.81912639510791E-16,0.));
#2294=DIRECTION('',(1.,1.93554934620909E-16,0.));
#2295=DIRECTION('',(0.,1.,0.));
#2296=DIRECTION('',(1.,0.,0.));
#2297=DIRECTION('',(0.,1.,0.));
#2298=DIRECTION('',(0.,-1.,0.));
#2299=DIRECTION('',(0.,0.,-1.));
#2300=DIRECTION('',(-1.,0.,0.));
#2301=DIRECTION('',(1.,0.,0.));
#2302=DIRECTION('',(0.,0.,-1.));
#2303=DIRECTION('',(-1.,0.,0.));
#2304=DIRECTION('',(0.,-1.,0.));
#2305=DIRECTION('',(0.,0.,-1.));
#2306=DIRECTION('',(-1.,0.,0.));
#2307=DIRECTION('',(0.,0.,-1.));
#2308=DIRECTION('',(-1.,0.,0.));
#2309=DIRECTION('',(1.,1.81912639510791E-16,0.));
#2310=DIRECTION('',(0.,1.,0.));
#2311=DIRECTION('',(-1.,0.,0.));
#2312=DIRECTION('',(0.,1.,0.));
#2313=DIRECTION('',(0.,1.,0.));
#2314=DIRECTION('',(1.,1.91008271486331E-16,0.));
#2315=DIRECTION('',(0.,1.,0.));
#2316=DIRECTION('',(-1.,0.,0.));
#2317=DIRECTION('',(-1.,0.,0.));
#2318=DIRECTION('',(0.,0.,1.));
#2319=DIRECTION('',(0.,0.,-1.));
#2320=DIRECTION('',(0.,-1.,0.));
#2321=DIRECTION('',(0.,0.,-1.));
#2322=DIRECTION('',(0.,0.,-1.));
#2323=DIRECTION('',(-1.,0.,0.));
#2324=DIRECTION('',(1.,0.,0.));
#2325=DIRECTION('',(0.,0.,-1.));
#2326=DIRECTION('',(-1.,0.,0.));
#2327=DIRECTION('',(0.,-1.,0.));
#2328=DIRECTION('',(0.,0.,-1.));
#2329=DIRECTION('',(-1.,0.,0.));
#2330=DIRECTION('',(0.,0.,-1.));
#2331=DIRECTION('',(-1.,0.,0.));
#2332=DIRECTION('',(0.,0.,-1.));
#2333=DIRECTION('',(-1.,0.,0.));
#2334=DIRECTION('',(-1.,0.,0.));
#2335=DIRECTION('',(0.,0.,1.));
#2336=DIRECTION('',(0.,0.,-1.));
#2337=DIRECTION('',(0.,0.,-1.));
#2338=DIRECTION('',(0.,-1.,0.));
#2339=DIRECTION('',(1.,0.,0.));
#2340=DIRECTION('',(0.,0.,-1.));
#2341=DIRECTION('',(0.,0.,-1.));
#2342=DIRECTION('',(-1.,0.,0.));
#2343=DIRECTION('',(0.,0.,1.));
#2344=DIRECTION('',(0.,0.,-1.));
#2345=DIRECTION('',(0.,1.,0.));
#2346=DIRECTION('',(0.,0.,-1.));
#2347=DIRECTION('',(-1.81912639510791E-16,1.,0.));
#2348=DIRECTION('',(-1.,-1.81912639510791E-16,0.));
#2349=DIRECTION('',(0.,0.,-1.));
#2350=DIRECTION('',(1.,1.81912639510791E-16,0.));
#2351=DIRECTION('',(-1.,0.,0.));
#2352=DIRECTION('',(0.,0.,1.));
#2353=DIRECTION('',(0.,0.,-1.));
#2354=DIRECTION('',(0.,1.,0.));
#2355=DIRECTION('',(0.,-1.,0.));
#2356=DIRECTION('',(0.,0.,-1.));
#2357=DIRECTION('',(-1.,0.,0.));
#2358=DIRECTION('',(0.,0.,1.));
#2359=DIRECTION('',(1.,0.,0.));
#2360=DIRECTION('',(-1.,0.,0.));
#2361=DIRECTION('',(0.,0.,1.));
#2362=DIRECTION('',(0.,0.,-1.));
#2363=DIRECTION('',(0.,1.,0.));
#2364=DIRECTION('',(0.,0.,-1.));
#2365=DIRECTION('',(0.,-1.,0.));
#2366=DIRECTION('',(0.,0.,-1.));
#2367=DIRECTION('',(0.,0.,-1.));
#2368=DIRECTION('',(-1.,0.,0.));
#2369=DIRECTION('',(-1.,0.,0.));
#2370=DIRECTION('',(0.,0.,1.));
#2371=DIRECTION('',(0.,0.,-1.));
#2372=DIRECTION('',(0.,1.,0.));
#2373=DIRECTION('',(-1.91008271486331E-16,1.,0.));
#2374=DIRECTION('',(-1.,-1.91008271486331E-16,0.));
#2375=DIRECTION('',(1.,1.91008271486331E-16,0.));
#2376=DIRECTION('',(0.,0.,1.));
#2377=DIRECTION('',(1.,0.,0.));
#2378=DIRECTION('',(-1.,0.,0.));
#2379=DIRECTION('',(0.,0.,1.));
#2380=DIRECTION('',(0.,0.,-1.));
#2381=DIRECTION('',(0.,1.,0.));
#2382=DIRECTION('',(0.,0.,-1.));
#2383=DIRECTION('',(-1.93554934620909E-16,1.,0.));
#2384=DIRECTION('',(-1.,-1.93554934620909E-16,0.));
#2385=DIRECTION('',(0.,0.,-1.));
#2386=DIRECTION('',(1.,1.93554934620909E-16,0.));
#2387=DIRECTION('',(-1.,0.,0.));
#2388=DIRECTION('',(0.,0.,1.));
#2389=DIRECTION('',(0.,0.,-1.));
#2390=DIRECTION('',(0.,1.,0.));
#2391=DIRECTION('',(0.,1.,0.));
#2392=DIRECTION('',(0.,0.,1.));
#2393=DIRECTION('',(1.,0.,0.));
#2394=DIRECTION('',(0.,0.,1.));
#2395=DIRECTION('',(1.,0.,0.));
#2396=DIRECTION('',(0.,1.,0.));
#2397=DIRECTION('',(0.,0.,1.));
#2398=DIRECTION('',(0.,0.,-1.));
#2399=DIRECTION('',(1.,0.,0.));
#2400=DIRECTION('',(0.,0.,-1.));
#2401=DIRECTION('',(-1.,-1.40489490217585E-15,0.));
#2402=DIRECTION('',(1.40489490217585E-15,-1.,0.));
#2403=DIRECTION('',(0.,0.,-1.));
#2404=DIRECTION('',(-1.40489490217585E-15,1.,0.));
#2405=DIRECTION('',(-1.81912639510791E-16,1.,0.));
#2406=DIRECTION('',(-1.,-1.81912639510791E-16,0.));
#2407=DIRECTION('',(0.,0.,-1.));
#2408=DIRECTION('',(1.,1.81912639510791E-16,0.));
#2409=DIRECTION('',(-1.,0.,0.));
#2410=DIRECTION('',(0.,0.,1.));
#2411=DIRECTION('',(0.,1.,0.));
#2412=DIRECTION('',(0.,0.,1.));
#2413=DIRECTION('',(1.,0.,0.));
#2414=DIRECTION('',(0.,0.,-1.));
#2415=DIRECTION('',(-1.,0.,0.));
#2416=DIRECTION('',(0.,-1.,0.));
#2417=DIRECTION('',(1.,0.,0.));
#2418=DIRECTION('',(0.,-1.,0.));
#2419=DIRECTION('',(-1.,0.,0.));
#2420=DIRECTION('',(0.,0.,1.));
#2421=DIRECTION('',(0.,-1.,0.));
#2422=DIRECTION('',(0.,0.,-1.));
#2423=DIRECTION('',(0.,0.,-1.));
#2424=DIRECTION('',(-1.,0.,0.));
#2425=DIRECTION('',(0.,-1.,0.));
#2426=DIRECTION('',(1.,0.,0.));
#2427=DIRECTION('',(-1.,0.,0.));
#2428=DIRECTION('',(0.,0.,1.));
#2429=DIRECTION('',(0.,0.,-1.));
#2430=DIRECTION('',(0.,-1.,0.));
#2431=DIRECTION('',(1.,0.,0.));
#2432=DIRECTION('',(1.,0.,0.));
#2433=DIRECTION('',(0.,0.,-1.));
#2434=DIRECTION('',(0.,-1.,0.));
#2435=DIRECTION('',(0.,0.,1.));
#2436=DIRECTION('',(0.,-1.,0.));
#2437=DIRECTION('',(-0.425797139732219,0.,0.904818653541062));
#2438=DIRECTION('',(0.904818653541062,0.,0.42579713973222));
#2439=DIRECTION('',(0.,-1.,0.));
#2440=DIRECTION('',(-0.904818653541062,0.,-0.42579713973222));
#2441=DIRECTION('',(-1.,0.,0.));
#2442=DIRECTION('',(0.,0.,1.));
#2443=DIRECTION('',(0.,-1.,0.));
#2444=DIRECTION('',(0.,0.,-1.));
#2445=DIRECTION('',(0.42579713973222,0.,-0.904818653541062));
#2446=DIRECTION('',(-0.904818653541062,0.,-0.42579713973222));
#2447=DIRECTION('',(0.904818653541062,0.,0.42579713973222));
#2448=DIRECTION('',(0.,-1.,0.));
#2449=DIRECTION('',(1.,0.,0.));
#2450=DIRECTION('',(-1.,0.,0.));
#2451=DIRECTION('',(0.,0.,1.));
#2452=DIRECTION('',(0.,-1.,0.));
#2453=DIRECTION('',(0.,0.,-1.));
#2454=DIRECTION('',(0.,-1.,0.));
#2455=DIRECTION('',(0.425797139732218,0.,-0.904818653541063));
#2456=DIRECTION('',(-0.904818653541063,0.,-0.425797139732218));
#2457=DIRECTION('',(0.,-1.,0.));
#2458=DIRECTION('',(0.904818653541063,0.,0.425797139732218));
#2459=DIRECTION('',(1.,0.,0.));
#2460=DIRECTION('',(0.,0.,-1.));
#2461=DIRECTION('',(0.,-1.,0.));
#2462=DIRECTION('',(0.,0.,1.));
#2463=DIRECTION('',(-0.425797139732218,0.,0.904818653541063));
#2464=DIRECTION('',(0.904818653541063,0.,0.425797139732218));
#2465=DIRECTION('',(-0.904818653541063,0.,-0.425797139732218));
#2466=DIRECTION('',(0.,-1.,0.));
#2467=DIRECTION('',(1.,0.,0.));
#2468=DIRECTION('',(-0.425797139732218,0.,0.904818653541063));
#2469=DIRECTION('',(0.904818653541063,0.,0.425797139732218));
#2470=DIRECTION('',(0.,-1.,0.));
#2471=DIRECTION('',(-0.904818653541063,0.,-0.425797139732218));
#2472=DIRECTION('',(0.,-1.,0.));
#2473=DIRECTION('',(0.,0.,-1.));
#2474=DIRECTION('',(-1.,0.,0.));
#2475=DIRECTION('',(0.,-1.,0.));
#2476=DIRECTION('',(1.,0.,0.));
#2477=DIRECTION('',(0.425797139732218,0.,-0.904818653541063));
#2478=DIRECTION('',(-0.904818653541063,0.,-0.425797139732218));
#2479=DIRECTION('',(0.,-1.,0.));
#2480=DIRECTION('',(0.904818653541063,0.,0.425797139732218));
#2481=DIRECTION('',(0.,0.,1.));
#2482=DIRECTION('',(1.,0.,0.));
#2483=DIRECTION('',(-1.,0.,0.));
#2484=DIRECTION('',(0.,-1.,0.));
#2485=DIRECTION('',(1.,0.,0.));
#2486=DIRECTION('',(-0.425797139732218,0.,0.904818653541063));
#2487=DIRECTION('',(0.904818653541063,0.,0.425797139732218));
#2488=DIRECTION('',(0.,-1.,0.));
#2489=DIRECTION('',(-0.904818653541063,0.,-0.425797139732218));
#2490=DIRECTION('',(0.,-1.,0.));
#2491=DIRECTION('',(0.,0.,-1.));
#2492=DIRECTION('',(-1.,0.,0.));
#2493=DIRECTION('',(0.,-1.,0.));
#2494=DIRECTION('',(1.,0.,0.));
#2495=DIRECTION('',(0.425797139732218,0.,-0.904818653541063));
#2496=DIRECTION('',(-0.904818653541063,0.,-0.425797139732218));
#2497=DIRECTION('',(0.,-1.,0.));
#2498=DIRECTION('',(0.904818653541063,0.,0.425797139732218));
#2499=DIRECTION('',(0.,0.,1.));
#2500=DIRECTION('',(1.,0.,0.));
#2501=DIRECTION('',(-1.,0.,0.));
#2502=DIRECTION('',(0.,-1.,0.));
#2503=DIRECTION('',(1.,0.,0.));
#2504=DIRECTION('',(-0.425797139732218,0.,0.904818653541063));
#2505=DIRECTION('',(0.904818653541063,0.,0.425797139732218));
#2506=DIRECTION('',(0.,-1.,0.));
#2507=DIRECTION('',(-0.904818653541063,0.,-0.425797139732218));
#2508=DIRECTION('',(0.,-1.,0.));
#2509=DIRECTION('',(0.,0.,-1.));
#2510=DIRECTION('',(-1.,0.,0.));
#2511=DIRECTION('',(0.,-1.,0.));
#2512=DIRECTION('',(1.,0.,0.));
#2513=DIRECTION('',(0.425797139732218,0.,-0.904818653541063));
#2514=DIRECTION('',(-0.904818653541063,0.,-0.425797139732218));
#2515=DIRECTION('',(0.,-1.,0.));
#2516=DIRECTION('',(0.904818653541063,0.,0.425797139732218));
#2517=DIRECTION('',(0.,0.,1.));
#2518=DIRECTION('',(1.,0.,0.));
#2519=DIRECTION('',(-1.,0.,0.));
#2520=DIRECTION('',(0.,-1.,0.));
#2521=DIRECTION('',(1.,0.,0.));
#2522=DIRECTION('',(0.,0.,-1.));
#2523=DIRECTION('',(-1.,0.,0.));
#2524=DIRECTION('',(0.,-1.,0.));
#2525=DIRECTION('',(1.,0.,0.));
#2526=DIRECTION('',(0.,-1.,0.));
#2527=DIRECTION('',(-1.,0.,0.));
#2528=DIRECTION('',(0.,0.,1.));
#2529=DIRECTION('',(0.,-1.,0.));
#2530=DIRECTION('',(0.,0.,-1.));
#2531=DIRECTION('',(0.,0.,-1.));
#2532=DIRECTION('',(-1.,0.,0.));
#2533=DIRECTION('',(0.,-1.,0.));
#2534=DIRECTION('',(1.,0.,0.));
#2535=DIRECTION('',(-1.,0.,0.));
#2536=DIRECTION('',(0.,0.,1.));
#2537=DIRECTION('',(0.,0.,-1.));
#2538=DIRECTION('',(0.,-1.,0.));
#2539=DIRECTION('',(1.,0.,0.));
#2540=DIRECTION('',(1.,0.,-1.25051677933065E-16));
#2541=DIRECTION('',(-1.25051677933065E-16,0.,-1.));
#2542=DIRECTION('',(0.,-1.,0.));
#2543=DIRECTION('',(1.25051677933065E-16,0.,1.));
#2544=DIRECTION('',(0.,-1.,0.));
#2545=DIRECTION('',(-0.42579713973222,0.,0.904818653541062));
#2546=DIRECTION('',(0.904818653541062,0.,0.42579713973222));
#2547=DIRECTION('',(0.,-1.,0.));
#2548=DIRECTION('',(-0.904818653541062,0.,-0.42579713973222));
#2549=DIRECTION('',(-1.,0.,1.25051677933065E-16));
#2550=DIRECTION('',(1.25051677933065E-16,0.,1.));
#2551=DIRECTION('',(0.,-1.,0.));
#2552=DIRECTION('',(-1.25051677933065E-16,0.,-1.));
#2553=DIRECTION('',(0.42579713973222,0.,-0.904818653541062));
#2554=DIRECTION('',(-0.904818653541062,0.,-0.42579713973222));
#2555=DIRECTION('',(0.904818653541062,0.,0.42579713973222));
#2556=DIRECTION('',(0.,-1.,0.));
#2557=DIRECTION('',(1.,0.,0.));
#2558=DIRECTION('',(-1.,0.,0.));
#2559=DIRECTION('',(0.,0.,1.));
#2560=DIRECTION('',(0.,-1.,0.));
#2561=DIRECTION('',(0.,0.,-1.));
#2562=DIRECTION('',(0.,-1.,0.));
#2563=DIRECTION('',(0.42579713973222,0.,-0.904818653541062));
#2564=DIRECTION('',(-0.904818653541062,0.,-0.42579713973222));
#2565=DIRECTION('',(0.,-1.,0.));
#2566=DIRECTION('',(0.904818653541062,0.,0.42579713973222));
#2567=DIRECTION('',(1.,0.,0.));
#2568=DIRECTION('',(0.,0.,-1.));
#2569=DIRECTION('',(0.,-1.,0.));
#2570=DIRECTION('',(0.,0.,1.));
#2571=DIRECTION('',(-0.425797139732218,0.,0.904818653541063));
#2572=DIRECTION('',(0.904818653541063,0.,0.425797139732218));
#2573=DIRECTION('',(-0.904818653541063,0.,-0.425797139732218));
#2574=DIRECTION('',(0.,-1.,0.));
#2575=DIRECTION('',(1.,0.,0.));
#2576=DIRECTION('',(-1.,0.,0.));
#2577=DIRECTION('',(0.,0.,1.));
#2578=DIRECTION('',(0.,-1.,0.));
#2579=DIRECTION('',(0.,0.,-1.));
#2580=DIRECTION('',(0.,-1.,0.));
#2581=DIRECTION('',(0.42579713973222,0.,-0.904818653541062));
#2582=DIRECTION('',(-0.904818653541062,0.,-0.42579713973222));
#2583=DIRECTION('',(0.,-1.,0.));
#2584=DIRECTION('',(0.904818653541062,0.,0.42579713973222));
#2585=DIRECTION('',(1.,0.,0.));
#2586=DIRECTION('',(0.,0.,-1.));
#2587=DIRECTION('',(0.,-1.,0.));
#2588=DIRECTION('',(0.,0.,1.));
#2589=DIRECTION('',(-0.425797139732221,0.,0.904818653541061));
#2590=DIRECTION('',(0.904818653541062,0.,0.425797139732221));
#2591=DIRECTION('',(-0.904818653541061,0.,-0.425797139732221));
#2592=DIRECTION('',(0.,-1.,0.));
#2593=DIRECTION('',(1.,0.,0.));
#2594=DIRECTION('',(-0.425797139732218,0.,0.904818653541063));
#2595=DIRECTION('',(0.904818653541063,0.,0.425797139732218));
#2596=DIRECTION('',(0.,-1.,0.));
#2597=DIRECTION('',(-0.904818653541063,0.,-0.425797139732218));
#2598=DIRECTION('',(0.,-1.,0.));
#2599=DIRECTION('',(0.,0.,-1.));
#2600=DIRECTION('',(-1.,0.,0.));
#2601=DIRECTION('',(0.,-1.,0.));
#2602=DIRECTION('',(1.,0.,0.));
#2603=DIRECTION('',(0.425797139732218,0.,-0.904818653541063));
#2604=DIRECTION('',(-0.904818653541063,0.,-0.425797139732218));
#2605=DIRECTION('',(0.,-1.,0.));
#2606=DIRECTION('',(0.904818653541063,0.,0.425797139732218));
#2607=DIRECTION('',(0.,0.,1.));
#2608=DIRECTION('',(1.,0.,0.));
#2609=DIRECTION('',(-1.,0.,0.));
#2610=DIRECTION('',(0.,-1.,0.));
#2611=DIRECTION('',(1.,0.,0.));
#2612=DIRECTION('',(0.,0.,-1.));
#2613=DIRECTION('',(-1.,0.,0.));
#2614=DIRECTION('',(0.,0.,1.));
#2615=DIRECTION('',(1.,0.,0.));
#2616=DIRECTION('',(0.,0.,-1.));
#2617=DIRECTION('',(-1.,0.,0.));
#2618=DIRECTION('',(0.,0.,1.));
#2619=DIRECTION('',(1.,0.,0.));
#2620=CARTESIAN_POINT('',(0.,0.,0.));
#2621=CARTESIAN_POINT('',(-0.0012172132730484,0.,0.00172899593599141));
#2622=CARTESIAN_POINT('',(-0.00251346426084637,0.,0.0021104493906023));
#2623=CARTESIAN_POINT('',(-0.00251346426084637,0.,0.00263065136969089));
#2624=CARTESIAN_POINT('',(-0.00251346426084637,0.,0.000549843453336507));
#2625=CARTESIAN_POINT('',(-0.00238481551252082,0.,0.00269119197509594));
#2626=CARTESIAN_POINT('',(-0.00225616676419526,0.,0.00275173258050099));
#2627=CARTESIAN_POINT('',(-0.00225616676419526,0.,0.00223153060141239));
#2628=CARTESIAN_POINT('',(-0.00225616676419526,0.,0.000670924664146596));
#2629=CARTESIAN_POINT('',(-0.00238481551252082,0.,0.000610384058741552));
#2630=CARTESIAN_POINT('',(-0.00093916676419526,0.,0.0021104493906023));
#2631=CARTESIAN_POINT('',(-0.00093916676419526,0.,0.00263065136969089));
#2632=CARTESIAN_POINT('',(-0.00093916676419526,0.,0.000549843453336507));
#2633=CARTESIAN_POINT('',(-0.000810518015869702,0.,0.00269119197509594));
#2634=CARTESIAN_POINT('',(-0.000681869267544143,0.,0.00275173258050099));
#2635=CARTESIAN_POINT('',(-0.000681869267544143,0.,0.00223153060141239));
#2636=CARTESIAN_POINT('',(-0.000681869267544143,0.,0.000670924664146596));
#2637=CARTESIAN_POINT('',(-0.000810518015869701,0.,0.000610384058741552));
#2638=CARTESIAN_POINT('',(0.000312,0.,0.00119112664323519));
#2639=CARTESIAN_POINT('',(0.000312,0.,0.000670924664146597));
#2640=CARTESIAN_POINT('',(0.000312,0.,0.00275173258050099));
#2641=CARTESIAN_POINT('',(0.000183351251674442,0.,0.000610384058741552));
#2642=CARTESIAN_POINT('',(5.4702503348883E-5,0.,0.000549843453336507));
#2643=CARTESIAN_POINT('',(5.47025033488831E-5,0.,0.0010700454324251));
#2644=CARTESIAN_POINT('',(5.47025033488833E-5,0.,0.00263065136969089));
#2645=CARTESIAN_POINT('',(0.000183351251674442,0.,0.00269119197509594));
#2646=CARTESIAN_POINT('',(0.000735351251674443,0.,0.0021104493906023));
#2647=CARTESIAN_POINT('',(0.000735351251674443,0.,0.00263065136969089));
#2648=CARTESIAN_POINT('',(0.000735351251674442,0.,0.000549843453336508));
#2649=CARTESIAN_POINT('',(0.000864,0.,0.00269119197509594));
#2650=CARTESIAN_POINT('',(0.00099264874832556,0.,0.00275173258050099));
#2651=CARTESIAN_POINT('',(0.00099264874832556,0.,0.00223153060141239));
#2652=CARTESIAN_POINT('',(0.00099264874832556,0.,0.000670924664146596));
#2653=CARTESIAN_POINT('',(0.000864,0.,0.000610384058741552));
#2654=CARTESIAN_POINT('',(0.0019865180158697,0.,0.00119112664323519));
#2655=CARTESIAN_POINT('',(0.0019865180158697,0.,0.000670924664146597));
#2656=CARTESIAN_POINT('',(0.0019865180158697,0.,0.00275173258050099));
#2657=CARTESIAN_POINT('',(0.00185786926754415,0.,0.000610384058741552));
#2658=CARTESIAN_POINT('',(0.00172922051921858,0.,0.000549843453336507));
#2659=CARTESIAN_POINT('',(0.00172922051921858,0.,0.0010700454324251));
#2660=CARTESIAN_POINT('',(0.00172922051921858,0.,0.00263065136969089));
#2661=CARTESIAN_POINT('',(0.00185786926754415,0.,0.00269119197509594));
#2662=CARTESIAN_POINT('',(-0.0012172132730484,0.,0.00345799187198282));
#2663=CARTESIAN_POINT('',(-0.00485717237591744,0.,0.00345799187198282));
#2664=CARTESIAN_POINT('',(0.00242274582982064,0.,0.00345799187198282));
#2665=CARTESIAN_POINT('',(-0.00485717237591744,0.,0.00172899593599141));
#2666=CARTESIAN_POINT('',(-0.00485717237591744,0.,0.));
#2667=CARTESIAN_POINT('',(-0.0012172132730484,0.,0.));
#2668=CARTESIAN_POINT('',(0.00242274582982064,0.,0.));
#2669=CARTESIAN_POINT('',(0.00242274582982064,0.,0.00345799187198282));
#2670=CARTESIAN_POINT('',(-0.00170745961368084,0.,0.00214129127562046));
#2671=CARTESIAN_POINT('',(-0.00170745961368084,0.,0.00229344530962407));
#2672=CARTESIAN_POINT('',(-0.00170745961368084,0.,0.00198913724161685));
#2673=CARTESIAN_POINT('',(-0.00155530557967722,0.,0.00229344530962407));
#2674=CARTESIAN_POINT('',(-0.00140315154567361,0.,0.00229344530962407));
#2675=CARTESIAN_POINT('',(-0.00140315154567361,0.,0.00214129127562046));
#2676=CARTESIAN_POINT('',(-0.00140315154567361,0.,0.00198913724161685));
#2677=CARTESIAN_POINT('',(-0.00155530557967722,0.,0.00198913724161685));
#2678=CARTESIAN_POINT('',(0.00162524906529039,0.,0.00284688211977482));
#2679=CARTESIAN_POINT('',(0.00128398328130841,0.,0.00284688211977482));
#2680=CARTESIAN_POINT('',(0.00196651484927237,0.,0.00284688211977482));
#2681=CARTESIAN_POINT('',(0.00184786768424548,0.,0.00279104814320053));
#2682=CARTESIAN_POINT('',(0.00172922051921858,0.,0.00273521416662625));
#2683=CARTESIAN_POINT('',(0.00138795473523661,0.,0.00273521416662625));
#2684=CARTESIAN_POINT('',(0.00104668895125463,0.,0.00273521416662625));
#2685=CARTESIAN_POINT('',(0.00116533611628152,0.,0.00279104814320053));
#2686=CARTESIAN_POINT('',(-0.000316380852305889,0.,0.000591249152608256));
#2687=CARTESIAN_POINT('',(-0.000657646636287865,0.,0.000591249152608256));
#2688=CARTESIAN_POINT('',(2.48849316760888E-5,0.,0.000591249152608256));
#2689=CARTESIAN_POINT('',(-9.37622333508013E-5,0.,0.000535415176033972));
#2690=CARTESIAN_POINT('',(-0.000212409398377691,0.,0.000479581199459689));
#2691=CARTESIAN_POINT('',(-0.000553675182359669,0.,0.000479581199459689));
#2692=CARTESIAN_POINT('',(-0.000894940966341646,0.,0.000479581199459689));
#2693=CARTESIAN_POINT('',(-0.000776293801314756,0.,0.000535415176033972));
#2694=CARTESIAN_POINT('',(-4.92689505793136E-5,0.,0.00284688211977482));
#2695=CARTESIAN_POINT('',(-0.00039053473456129,0.,0.00284688211977482));
#2696=CARTESIAN_POINT('',(0.000291996833402664,0.,0.00284688211977482));
#2697=CARTESIAN_POINT('',(0.000173349668375774,0.,0.00279104814320053));
#2698=CARTESIAN_POINT('',(5.47025033488833E-5,0.,0.00273521416662625));
#2699=CARTESIAN_POINT('',(-0.000286563280633094,0.,0.00273521416662625));
#2700=CARTESIAN_POINT('',(-0.000627829064615071,0.,0.00273521416662625));
#2701=CARTESIAN_POINT('',(-0.000509181899588181,0.,0.00279104814320053));
#2702=CARTESIAN_POINT('',(-0.00170745961368084,0.,0.0011214016466551));
#2703=CARTESIAN_POINT('',(-0.00170745961368084,0.,0.00127355568065871));
#2704=CARTESIAN_POINT('',(-0.00170745961368084,0.,0.000969247612651481));
#2705=CARTESIAN_POINT('',(-0.00155530557967722,0.,0.00127355568065871));
#2706=CARTESIAN_POINT('',(-0.00140315154567361,0.,0.00127355568065871));
#2707=CARTESIAN_POINT('',(-0.00140315154567361,0.,0.0011214016466551));
#2708=CARTESIAN_POINT('',(-0.00140315154567361,0.,0.000969247612651481));
#2709=CARTESIAN_POINT('',(-0.00155530557967722,0.,0.000969247612651481));
#2710=CARTESIAN_POINT('',(0.00135813716356381,0.,0.000591249152608256));
#2711=CARTESIAN_POINT('',(0.00101687137958184,0.,0.000591249152608256));
#2712=CARTESIAN_POINT('',(0.00169940294754579,0.,0.000591249152608256));
#2713=CARTESIAN_POINT('',(0.0015807557825189,0.,0.000535415176033972));
#2714=CARTESIAN_POINT('',(0.00146210861749201,0.,0.000479581199459689));
#2715=CARTESIAN_POINT('',(0.00112084283351003,0.,0.000479581199459689));
#2716=CARTESIAN_POINT('',(0.000779577049528057,0.,0.000479581199459689));
#2717=CARTESIAN_POINT('',(0.000898224214554947,0.,0.000535415176033972));
#2718=CARTESIAN_POINT('',(-0.0012172132730484,0.00369,0.00345799187198282));
#2719=CARTESIAN_POINT('',(-0.00488717237591744,0.00049043129844591,0.00345799187198282));
#2720=CARTESIAN_POINT('',(-0.00488717237591744,0.00012,0.00345799187198282));
#2721=CARTESIAN_POINT('',(-0.00488717237591744,0.000860862596891821,0.00345799187198282));
#2722=CARTESIAN_POINT('',(-0.00399317003330848,0.000860862596891821,0.00345799187198282));
#2723=CARTESIAN_POINT('',(-0.00309916769069953,0.00086086259689182,0.00345799187198282));
#2724=CARTESIAN_POINT('',(-0.00309916769069953,0.000305215649222955,0.00345799187198282));
#2725=CARTESIAN_POINT('',(-0.00309916769069953,0.00012,0.00345799187198282));
#2726=CARTESIAN_POINT('',(-0.00399317003330848,0.00012,0.00345799187198282));
#2727=CARTESIAN_POINT('',(-0.00232234051499926,0.00012,0.00345799187198282));
#2728=CARTESIAN_POINT('',(-0.00303653453574405,0.00012,0.00345799187198282));
#2729=CARTESIAN_POINT('',(-0.00124852985052614,0.00012,0.00345799187198282));
#2730=CARTESIAN_POINT('',(-0.00303653453574405,0.000305215649222955,0.00345799187198282));
#2731=CARTESIAN_POINT('',(-0.00303653453574405,0.000860862596891821,0.00345799187198282));
#2732=CARTESIAN_POINT('',(-0.0021425321931351,0.000860862596891821,0.00345799187198282));
#2733=CARTESIAN_POINT('',(-0.00124852985052614,0.00086086259689182,0.00345799187198282));
#2734=CARTESIAN_POINT('',(-0.00124852985052614,0.000305215649222955,0.00345799187198282));
#2735=CARTESIAN_POINT('',(0.00257274582982064,0.00369,0.00345799187198282));
#2736=CARTESIAN_POINT('',(0.00257274582982064,0.00354,0.00345799187198282));
#2737=CARTESIAN_POINT('',(0.00257274582982064,0.00015,0.00345799187198282));
#2738=CARTESIAN_POINT('',(0.00242274582982064,0.00354,0.00345799187198282));
#2739=CARTESIAN_POINT('',(0.00242274582982064,0.00369,0.00345799187198282));
#2740=CARTESIAN_POINT('',(-0.0012172132730484,0.00369,0.00345799187198282));
#2741=CARTESIAN_POINT('',(-0.00485717237591744,0.00369,0.00345799187198282));
#2742=CARTESIAN_POINT('',(-0.00485717237591744,0.00354,0.00345799187198282));
#2743=CARTESIAN_POINT('',(-0.00500717237591744,0.00354,0.00345799187198282));
#2744=CARTESIAN_POINT('',(-0.00500717237591744,0.00369,0.00345799187198282));
#2745=CARTESIAN_POINT('',(-0.00500717237591744,0.00015,0.00345799187198282));
#2746=CARTESIAN_POINT('',(-0.00485717237591744,0.00015,0.00345799187198282));
#2747=CARTESIAN_POINT('',(0.00242274582982064,0.00015,0.00345799187198282));
#2748=CARTESIAN_POINT('',(0.00155874348721168,0.00012,0.00345799187198282));
#2749=CARTESIAN_POINT('',(0.000664741144602725,0.00012,0.00345799187198282));
#2750=CARTESIAN_POINT('',(0.00245274582982064,0.00012,0.00345799187198282));
#2751=CARTESIAN_POINT('',(0.000664741144602725,0.000305215649222955,0.00345799187198282));
#2752=CARTESIAN_POINT('',(0.000664741144602725,0.00086086259689182,0.00345799187198282));
#2753=CARTESIAN_POINT('',(0.00155874348721168,0.000860862596891821,0.00345799187198282));
#2754=CARTESIAN_POINT('',(0.00245274582982064,0.000860862596891821,0.00345799187198282));
#2755=CARTESIAN_POINT('',(0.00245274582982064,0.000490431298445911,0.00345799187198282));
#2756=CARTESIAN_POINT('',(0.000602107989647248,0.000305215649222955,0.00345799187198282));
#2757=CARTESIAN_POINT('',(0.000602107989647248,0.00012,0.00345799187198282));
#2758=CARTESIAN_POINT('',(0.000602107989647247,0.000860862596891821,0.00345799187198282));
#2759=CARTESIAN_POINT('',(-0.000291894352961707,0.00012,0.00345799187198282));
#2760=CARTESIAN_POINT('',(-0.00118589669557066,0.00012,0.00345799187198282));
#2761=CARTESIAN_POINT('',(-0.00118589669557066,0.000675646947668865,0.00345799187198282));
#2762=CARTESIAN_POINT('',(-0.00118589669557066,0.00086086259689182,0.00345799187198282));
#2763=CARTESIAN_POINT('',(-0.000291894352961707,0.000860862596891821,0.00345799187198282));
#2764=CARTESIAN_POINT('',(-0.00500717237591744,0.00369,0.00172899593599141));
#2765=CARTESIAN_POINT('',(-0.00500717237591744,0.00354,0.));
#2766=CARTESIAN_POINT('',(-0.00500717237591744,0.00354,0.));
#2767=CARTESIAN_POINT('',(-0.00500717237591744,0.00369,0.));
#2768=CARTESIAN_POINT('',(-0.00500717237591744,0.00015,0.));
#2769=CARTESIAN_POINT('',(-0.00500717237591744,0.00015,0.00172899593599141));
#2770=CARTESIAN_POINT('',(-0.0012172132730484,0.00369,0.));
#2771=CARTESIAN_POINT('',(-0.0012172132730484,0.00369,0.));
#2772=CARTESIAN_POINT('',(-0.00485717237591744,0.00369,0.));
#2773=CARTESIAN_POINT('',(0.00242274582982064,0.00369,0.));
#2774=CARTESIAN_POINT('',(0.00242274582982064,0.00354,0.));
#2775=CARTESIAN_POINT('',(0.00257274582982064,0.00354,0.));
#2776=CARTESIAN_POINT('',(0.00257274582982064,0.00369,0.));
#2777=CARTESIAN_POINT('',(0.00257274582982064,0.00015,0.));
#2778=CARTESIAN_POINT('',(0.00242274582982064,0.00015,0.));
#2779=CARTESIAN_POINT('',(-0.00485717237591744,0.00015,0.));
#2780=CARTESIAN_POINT('',(-0.00485717237591744,0.00354,0.));
#2781=CARTESIAN_POINT('',(0.00257274582982064,0.00369,0.00172899593599141));
#2782=CARTESIAN_POINT('',(0.00257274582982064,0.00354,0.00172899593599141));
#2783=CARTESIAN_POINT('',(0.00257274582982064,0.00015,0.));
#2784=CARTESIAN_POINT('',(-0.0012172132730484,0.00369,0.00172899593599141));
#2785=CARTESIAN_POINT('',(0.00242274582982064,0.00369,0.00172899593599141));
#2786=CARTESIAN_POINT('',(-0.00485717237591744,0.00369,0.00345799187198282));
#2787=CARTESIAN_POINT('',(0.000664741144602725,0.000305215649222955,0.00357799187198281));
#2788=CARTESIAN_POINT('',(0.000664741144602725,0.00012,0.00357799187198281));
#2789=CARTESIAN_POINT('',(0.000664741144602725,0.00012,0.00357799187198281));
#2790=CARTESIAN_POINT('',(0.000664741144602725,0.000305215649222955,0.00357799187198281));
#2791=CARTESIAN_POINT('',(0.000664741144602725,0.00086086259689182,0.00357799187198281));
#2792=CARTESIAN_POINT('',(0.000664741144602725,0.00086086259689182,0.00357799187198281));
#2793=CARTESIAN_POINT('',(0.00155874348721168,0.00012,0.00357799187198281));
#2794=CARTESIAN_POINT('',(0.00245274582982064,0.00012,0.00357799187198281));
#2795=CARTESIAN_POINT('',(0.00245274582982064,0.00012,0.00357799187198281));
#2796=CARTESIAN_POINT('',(0.00155874348721168,0.00012,0.00357799187198281));
#2797=CARTESIAN_POINT('',(0.00245274582982064,0.000490431298445911,0.00357799187198281));
#2798=CARTESIAN_POINT('',(0.00245274582982064,0.000860862596891821,0.00357799187198281));
#2799=CARTESIAN_POINT('',(0.00245274582982064,0.000860862596891821,0.00357799187198281));
#2800=CARTESIAN_POINT('',(0.00245274582982064,0.000490431298445911,0.00357799187198281));
#2801=CARTESIAN_POINT('',(0.00155874348721168,0.000860862596891821,0.00357799187198281));
#2802=CARTESIAN_POINT('',(0.00155874348721168,0.000860862596891821,0.00357799187198281));
#2803=CARTESIAN_POINT('',(-0.0012172132730484,0.001845,0.00357799187198281));
#2804=CARTESIAN_POINT('',(0.000602107989647248,0.000305215649222955,0.00357799187198281));
#2805=CARTESIAN_POINT('',(0.000602107989647247,0.000860862596891821,0.00357799187198281));
#2806=CARTESIAN_POINT('',(0.000602107989647247,0.000860862596891821,0.00357799187198281));
#2807=CARTESIAN_POINT('',(0.000602107989647248,0.000305215649222955,0.00357799187198281));
#2808=CARTESIAN_POINT('',(0.000602107989647248,0.00012,0.00357799187198281));
#2809=CARTESIAN_POINT('',(0.000602107989647248,0.00012,0.00357799187198281));
#2810=CARTESIAN_POINT('',(-0.000291894352961707,0.000860862596891821,0.00357799187198281));
#2811=CARTESIAN_POINT('',(-0.00118589669557066,0.00086086259689182,0.00357799187198281));
#2812=CARTESIAN_POINT('',(-0.00118589669557066,0.00086086259689182,0.00357799187198281));
#2813=CARTESIAN_POINT('',(-0.000291894352961707,0.000860862596891821,0.00357799187198281));
#2814=CARTESIAN_POINT('',(-0.00118589669557066,0.000675646947668865,0.00357799187198281));
#2815=CARTESIAN_POINT('',(-0.00118589669557066,0.00012,0.00357799187198281));
#2816=CARTESIAN_POINT('',(-0.00118589669557066,0.00012,0.00357799187198281));
#2817=CARTESIAN_POINT('',(-0.00118589669557066,0.000675646947668865,0.00357799187198281));
#2818=CARTESIAN_POINT('',(-0.000291894352961707,0.00012,0.00357799187198281));
#2819=CARTESIAN_POINT('',(-0.000291894352961707,0.00012,0.00357799187198281));
#2820=CARTESIAN_POINT('',(-0.0012172132730484,0.001845,0.00357799187198281));
#2821=CARTESIAN_POINT('',(-0.00303653453574405,0.000305215649222955,0.00357799187198281));
#2822=CARTESIAN_POINT('',(-0.00303653453574405,0.00012,0.00357799187198281));
#2823=CARTESIAN_POINT('',(-0.00303653453574405,0.00012,0.00357799187198281));
#2824=CARTESIAN_POINT('',(-0.00303653453574405,0.000305215649222955,0.00357799187198281));
#2825=CARTESIAN_POINT('',(-0.00303653453574405,0.000860862596891821,0.00357799187198281));
#2826=CARTESIAN_POINT('',(-0.00303653453574405,0.000860862596891821,0.00357799187198281));
#2827=CARTESIAN_POINT('',(-0.00232234051499926,0.00012,0.00357799187198281));
#2828=CARTESIAN_POINT('',(-0.00124852985052614,0.00012,0.00357799187198281));
#2829=CARTESIAN_POINT('',(-0.00124852985052614,0.00012,0.00357799187198281));
#2830=CARTESIAN_POINT('',(-0.00232234051499926,0.00012,0.00357799187198281));
#2831=CARTESIAN_POINT('',(-0.00124852985052614,0.000305215649222955,0.00357799187198281));
#2832=CARTESIAN_POINT('',(-0.00124852985052614,0.00086086259689182,0.00357799187198281));
#2833=CARTESIAN_POINT('',(-0.00124852985052614,0.00086086259689182,0.00357799187198281));
#2834=CARTESIAN_POINT('',(-0.00124852985052614,0.000305215649222955,0.00357799187198281));
#2835=CARTESIAN_POINT('',(-0.0021425321931351,0.000860862596891821,0.00357799187198281));
#2836=CARTESIAN_POINT('',(-0.0021425321931351,0.000860862596891821,0.00357799187198281));
#2837=CARTESIAN_POINT('',(-0.0012172132730484,0.001845,0.00357799187198281));
#2838=CARTESIAN_POINT('',(-0.00399317003330848,0.000860862596891821,0.00357799187198281));
#2839=CARTESIAN_POINT('',(-0.00488717237591744,0.000860862596891821,0.00357799187198281));
#2840=CARTESIAN_POINT('',(-0.00488717237591744,0.000860862596891821,0.00357799187198281));
#2841=CARTESIAN_POINT('',(-0.00399317003330848,0.000860862596891821,0.00357799187198281));
#2842=CARTESIAN_POINT('',(-0.00309916769069953,0.00086086259689182,0.00357799187198281));
#2843=CARTESIAN_POINT('',(-0.00309916769069953,0.00086086259689182,0.00357799187198281));
#2844=CARTESIAN_POINT('',(-0.00488717237591744,0.00049043129844591,0.00357799187198281));
#2845=CARTESIAN_POINT('',(-0.00488717237591744,0.00012,0.00357799187198281));
#2846=CARTESIAN_POINT('',(-0.00488717237591744,0.00012,0.00357799187198281));
#2847=CARTESIAN_POINT('',(-0.00488717237591744,0.00049043129844591,0.00357799187198281));
#2848=CARTESIAN_POINT('',(-0.00399317003330848,0.00012,0.00357799187198281));
#2849=CARTESIAN_POINT('',(-0.00309916769069953,0.00012,0.00357799187198281));
#2850=CARTESIAN_POINT('',(-0.00309916769069953,0.00012,0.00357799187198281));
#2851=CARTESIAN_POINT('',(-0.00399317003330848,0.00012,0.00357799187198281));
#2852=CARTESIAN_POINT('',(-0.00309916769069953,0.000305215649222955,0.00357799187198281));
#2853=CARTESIAN_POINT('',(-0.00309916769069953,0.000305215649222955,0.00357799187198281));
#2854=CARTESIAN_POINT('',(-0.0012172132730484,0.001845,0.00357799187198281));
#2855=CARTESIAN_POINT('',(-0.00155530557967722,0.000162,0.00229344530962407));
#2856=CARTESIAN_POINT('',(-0.00170745961368084,0.000162,0.00229344530962407));
#2857=CARTESIAN_POINT('',(-0.00170745961368084,0.000162,0.00229344530962407));
#2858=CARTESIAN_POINT('',(-0.00155530557967722,0.000162,0.00229344530962407));
#2859=CARTESIAN_POINT('',(-0.00140315154567361,0.000162,0.00229344530962407));
#2860=CARTESIAN_POINT('',(-0.00140315154567361,0.000162,0.00229344530962407));
#2861=CARTESIAN_POINT('',(-0.00170745961368084,0.000162,0.00214129127562046));
#2862=CARTESIAN_POINT('',(-0.00170745961368084,0.000162,0.00198913724161685));
#2863=CARTESIAN_POINT('',(-0.00170745961368084,0.000162,0.00198913724161685));
#2864=CARTESIAN_POINT('',(-0.00170745961368084,0.000162,0.00214129127562046));
#2865=CARTESIAN_POINT('',(-0.00155530557967722,0.000162,0.00198913724161685));
#2866=CARTESIAN_POINT('',(-0.00140315154567361,0.000162,0.00198913724161685));
#2867=CARTESIAN_POINT('',(-0.00140315154567361,0.000162,0.00198913724161685));
#2868=CARTESIAN_POINT('',(-0.00155530557967722,0.000162,0.00198913724161685));
#2869=CARTESIAN_POINT('',(-0.00140315154567361,0.000162,0.00214129127562046));
#2870=CARTESIAN_POINT('',(-0.00140315154567361,0.000162,0.00214129127562046));
#2871=CARTESIAN_POINT('',(-0.0012172132730484,0.000162,0.00172899593599141));
#2872=CARTESIAN_POINT('',(0.0019865180158697,0.000162,0.00119112664323519));
#2873=CARTESIAN_POINT('',(0.0019865180158697,0.000162,0.00275173258050099));
#2874=CARTESIAN_POINT('',(0.0019865180158697,0.000162,0.00275173258050099));
#2875=CARTESIAN_POINT('',(0.0019865180158697,0.000162,0.00119112664323519));
#2876=CARTESIAN_POINT('',(0.0019865180158697,0.000162,0.000670924664146597));
#2877=CARTESIAN_POINT('',(0.0019865180158697,0.000162,0.000670924664146597));
#2878=CARTESIAN_POINT('',(0.00185786926754415,0.000162,0.00269119197509594));
#2879=CARTESIAN_POINT('',(0.00172922051921858,0.000162,0.00263065136969089));
#2880=CARTESIAN_POINT('',(0.00172922051921858,0.000162,0.00263065136969089));
#2881=CARTESIAN_POINT('',(0.00185786926754415,0.000162,0.00269119197509594));
#2882=CARTESIAN_POINT('',(0.00172922051921858,0.000162,0.0010700454324251));
#2883=CARTESIAN_POINT('',(0.00172922051921858,0.000162,0.000549843453336507));
#2884=CARTESIAN_POINT('',(0.00172922051921858,0.000162,0.000549843453336507));
#2885=CARTESIAN_POINT('',(0.00172922051921858,0.000162,0.0010700454324251));
#2886=CARTESIAN_POINT('',(0.00185786926754415,0.000162,0.000610384058741552));
#2887=CARTESIAN_POINT('',(0.00185786926754415,0.000162,0.000610384058741552));
#2888=CARTESIAN_POINT('',(-0.0012172132730484,0.000162,0.00172899593599141));
#2889=CARTESIAN_POINT('',(0.000735351251674443,0.000162,0.0021104493906023));
#2890=CARTESIAN_POINT('',(0.000735351251674442,0.000162,0.000549843453336508));
#2891=CARTESIAN_POINT('',(0.000735351251674442,0.000162,0.000549843453336508));
#2892=CARTESIAN_POINT('',(0.000735351251674443,0.000162,0.0021104493906023));
#2893=CARTESIAN_POINT('',(0.000735351251674443,0.000162,0.00263065136969089));
#2894=CARTESIAN_POINT('',(0.000735351251674443,0.000162,0.00263065136969089));
#2895=CARTESIAN_POINT('',(0.000864,0.000162,0.000610384058741552));
#2896=CARTESIAN_POINT('',(0.00099264874832556,0.000162,0.000670924664146596));
#2897=CARTESIAN_POINT('',(0.00099264874832556,0.000162,0.000670924664146596));
#2898=CARTESIAN_POINT('',(0.000864,0.000162,0.000610384058741552));
#2899=CARTESIAN_POINT('',(0.00099264874832556,0.000162,0.00223153060141239));
#2900=CARTESIAN_POINT('',(0.00099264874832556,0.000162,0.00275173258050099));
#2901=CARTESIAN_POINT('',(0.00099264874832556,0.000162,0.00275173258050099));
#2902=CARTESIAN_POINT('',(0.00099264874832556,0.000162,0.00223153060141239));
#2903=CARTESIAN_POINT('',(0.000864,0.000162,0.00269119197509594));
#2904=CARTESIAN_POINT('',(0.000864,0.000162,0.00269119197509594));
#2905=CARTESIAN_POINT('',(-0.0012172132730484,0.000162,0.00172899593599141));
#2906=CARTESIAN_POINT('',(0.00184786768424548,0.000162,0.00279104814320053));
#2907=CARTESIAN_POINT('',(0.00196651484927237,0.000162,0.00284688211977482));
#2908=CARTESIAN_POINT('',(0.00196651484927237,0.000162,0.00284688211977482));
#2909=CARTESIAN_POINT('',(0.00184786768424548,0.000162,0.00279104814320053));
#2910=CARTESIAN_POINT('',(0.00172922051921858,0.000162,0.00273521416662625));
#2911=CARTESIAN_POINT('',(0.00172922051921858,0.000162,0.00273521416662625));
#2912=CARTESIAN_POINT('',(0.00162524906529039,0.000162,0.00284688211977482));
#2913=CARTESIAN_POINT('',(0.00128398328130841,0.000162,0.00284688211977482));
#2914=CARTESIAN_POINT('',(0.00128398328130841,0.000162,0.00284688211977482));
#2915=CARTESIAN_POINT('',(0.00162524906529039,0.000162,0.00284688211977482));
#2916=CARTESIAN_POINT('',(0.00116533611628152,0.000162,0.00279104814320053));
#2917=CARTESIAN_POINT('',(0.00104668895125463,0.000162,0.00273521416662625));
#2918=CARTESIAN_POINT('',(0.00104668895125463,0.000162,0.00273521416662625));
#2919=CARTESIAN_POINT('',(0.00116533611628152,0.000162,0.00279104814320053));
#2920=CARTESIAN_POINT('',(0.00138795473523661,0.000162,0.00273521416662625));
#2921=CARTESIAN_POINT('',(0.00138795473523661,0.000162,0.00273521416662625));
#2922=CARTESIAN_POINT('',(-0.0012172132730484,0.000162,0.00172899593599141));
#2923=CARTESIAN_POINT('',(-9.37622333508013E-5,0.000162,0.000535415176033972));
#2924=CARTESIAN_POINT('',(2.48849316760888E-5,0.000162,0.000591249152608256));
#2925=CARTESIAN_POINT('',(2.48849316760888E-5,0.000162,0.000591249152608256));
#2926=CARTESIAN_POINT('',(-9.37622333508013E-5,0.000162,0.000535415176033972));
#2927=CARTESIAN_POINT('',(-0.000212409398377691,0.000162,0.000479581199459689));
#2928=CARTESIAN_POINT('',(-0.000212409398377691,0.000162,0.000479581199459689));
#2929=CARTESIAN_POINT('',(-0.000316380852305889,0.000162,0.000591249152608256));
#2930=CARTESIAN_POINT('',(-0.000657646636287865,0.000162,0.000591249152608256));
#2931=CARTESIAN_POINT('',(-0.000657646636287865,0.000162,0.000591249152608256));
#2932=CARTESIAN_POINT('',(-0.000316380852305889,0.000162,0.000591249152608256));
#2933=CARTESIAN_POINT('',(-0.000776293801314756,0.000162,0.000535415176033972));
#2934=CARTESIAN_POINT('',(-0.000894940966341646,0.000162,0.000479581199459689));
#2935=CARTESIAN_POINT('',(-0.000894940966341646,0.000162,0.000479581199459689));
#2936=CARTESIAN_POINT('',(-0.000776293801314756,0.000162,0.000535415176033972));
#2937=CARTESIAN_POINT('',(-0.000553675182359669,0.000162,0.000479581199459689));
#2938=CARTESIAN_POINT('',(-0.000553675182359669,0.000162,0.000479581199459689));
#2939=CARTESIAN_POINT('',(-0.0012172132730484,0.000162,0.00172899593599141));
#2940=CARTESIAN_POINT('',(0.000173349668375774,0.000162,0.00279104814320053));
#2941=CARTESIAN_POINT('',(0.000291996833402664,0.000162,0.00284688211977482));
#2942=CARTESIAN_POINT('',(0.000291996833402664,0.000162,0.00284688211977482));
#2943=CARTESIAN_POINT('',(0.000173349668375774,0.000162,0.00279104814320053));
#2944=CARTESIAN_POINT('',(5.47025033488833E-5,0.000162,0.00273521416662625));
#2945=CARTESIAN_POINT('',(5.47025033488833E-5,0.000162,0.00273521416662625));
#2946=CARTESIAN_POINT('',(-4.92689505793136E-5,0.000162,0.00284688211977482));
#2947=CARTESIAN_POINT('',(-0.00039053473456129,0.000162,0.00284688211977482));
#2948=CARTESIAN_POINT('',(-0.00039053473456129,0.000162,0.00284688211977482));
#2949=CARTESIAN_POINT('',(-4.92689505793136E-5,0.000162,0.00284688211977482));
#2950=CARTESIAN_POINT('',(-0.000509181899588181,0.000162,0.00279104814320053));
#2951=CARTESIAN_POINT('',(-0.000627829064615071,0.000162,0.00273521416662625));
#2952=CARTESIAN_POINT('',(-0.000627829064615071,0.000162,0.00273521416662625));
#2953=CARTESIAN_POINT('',(-0.000509181899588181,0.000162,0.00279104814320053));
#2954=CARTESIAN_POINT('',(-0.000286563280633094,0.000162,0.00273521416662625));
#2955=CARTESIAN_POINT('',(-0.000286563280633094,0.000162,0.00273521416662625));
#2956=CARTESIAN_POINT('',(-0.0012172132730484,0.000162,0.00172899593599141));
#2957=CARTESIAN_POINT('',(-0.00155530557967722,0.000162,0.00127355568065871));
#2958=CARTESIAN_POINT('',(-0.00170745961368084,0.000162,0.00127355568065871));
#2959=CARTESIAN_POINT('',(-0.00170745961368084,0.000162,0.00127355568065871));
#2960=CARTESIAN_POINT('',(-0.00155530557967722,0.000162,0.00127355568065871));
#2961=CARTESIAN_POINT('',(-0.00140315154567361,0.000162,0.00127355568065871));
#2962=CARTESIAN_POINT('',(-0.00140315154567361,0.000162,0.00127355568065871));
#2963=CARTESIAN_POINT('',(-0.00170745961368084,0.000162,0.0011214016466551));
#2964=CARTESIAN_POINT('',(-0.00170745961368084,0.000162,0.000969247612651481));
#2965=CARTESIAN_POINT('',(-0.00170745961368084,0.000162,0.000969247612651481));
#2966=CARTESIAN_POINT('',(-0.00170745961368084,0.000162,0.0011214016466551));
#2967=CARTESIAN_POINT('',(-0.00155530557967722,0.000162,0.000969247612651481));
#2968=CARTESIAN_POINT('',(-0.00140315154567361,0.000162,0.000969247612651481));
#2969=CARTESIAN_POINT('',(-0.00140315154567361,0.000162,0.000969247612651481));
#2970=CARTESIAN_POINT('',(-0.00155530557967722,0.000162,0.000969247612651481));
#2971=CARTESIAN_POINT('',(-0.00140315154567361,0.000162,0.0011214016466551));
#2972=CARTESIAN_POINT('',(-0.00140315154567361,0.000162,0.0011214016466551));
#2973=CARTESIAN_POINT('',(-0.0012172132730484,0.000162,0.00172899593599141));
#2974=CARTESIAN_POINT('',(0.000312,0.000162,0.00119112664323519));
#2975=CARTESIAN_POINT('',(0.000312,0.000162,0.00275173258050099));
#2976=CARTESIAN_POINT('',(0.000312,0.000162,0.00275173258050099));
#2977=CARTESIAN_POINT('',(0.000312,0.000162,0.00119112664323519));
#2978=CARTESIAN_POINT('',(0.000312,0.000162,0.000670924664146597));
#2979=CARTESIAN_POINT('',(0.000312,0.000162,0.000670924664146597));
#2980=CARTESIAN_POINT('',(0.000183351251674442,0.000162,0.00269119197509594));
#2981=CARTESIAN_POINT('',(5.47025033488833E-5,0.000162,0.00263065136969089));
#2982=CARTESIAN_POINT('',(5.47025033488833E-5,0.000162,0.00263065136969089));
#2983=CARTESIAN_POINT('',(0.000183351251674442,0.000162,0.00269119197509594));
#2984=CARTESIAN_POINT('',(5.47025033488831E-5,0.000162,0.0010700454324251));
#2985=CARTESIAN_POINT('',(5.4702503348883E-5,0.000162,0.000549843453336507));
#2986=CARTESIAN_POINT('',(5.4702503348883E-5,0.000162,0.000549843453336507));
#2987=CARTESIAN_POINT('',(5.47025033488831E-5,0.000162,0.0010700454324251));
#2988=CARTESIAN_POINT('',(0.000183351251674442,0.000162,0.000610384058741552));
#2989=CARTESIAN_POINT('',(0.000183351251674442,0.000162,0.000610384058741552));
#2990=CARTESIAN_POINT('',(-0.0012172132730484,0.000162,0.00172899593599141));
#2991=CARTESIAN_POINT('',(-0.00093916676419526,0.000162,0.0021104493906023));
#2992=CARTESIAN_POINT('',(-0.00093916676419526,0.000162,0.000549843453336507));
#2993=CARTESIAN_POINT('',(-0.00093916676419526,0.000162,0.000549843453336507));
#2994=CARTESIAN_POINT('',(-0.00093916676419526,0.000162,0.0021104493906023));
#2995=CARTESIAN_POINT('',(-0.00093916676419526,0.000162,0.00263065136969089));
#2996=CARTESIAN_POINT('',(-0.00093916676419526,0.000162,0.00263065136969089));
#2997=CARTESIAN_POINT('',(-0.000810518015869701,0.000162,0.000610384058741552));
#2998=CARTESIAN_POINT('',(-0.000681869267544143,0.000162,0.000670924664146596));
#2999=CARTESIAN_POINT('',(-0.000681869267544143,0.000162,0.000670924664146596));
#3000=CARTESIAN_POINT('',(-0.000810518015869701,0.000162,0.000610384058741552));
#3001=CARTESIAN_POINT('',(-0.000681869267544143,0.000162,0.00223153060141239));
#3002=CARTESIAN_POINT('',(-0.000681869267544143,0.000162,0.00275173258050099));
#3003=CARTESIAN_POINT('',(-0.000681869267544143,0.000162,0.00275173258050099));
#3004=CARTESIAN_POINT('',(-0.000681869267544143,0.000162,0.00223153060141239));
#3005=CARTESIAN_POINT('',(-0.000810518015869702,0.000162,0.00269119197509594));
#3006=CARTESIAN_POINT('',(-0.000810518015869702,0.000162,0.00269119197509594));
#3007=CARTESIAN_POINT('',(-0.0012172132730484,0.000162,0.00172899593599141));
#3008=CARTESIAN_POINT('',(-0.00251346426084637,0.000162,0.0021104493906023));
#3009=CARTESIAN_POINT('',(-0.00251346426084637,0.000162,0.000549843453336507));
#3010=CARTESIAN_POINT('',(-0.00251346426084637,0.000162,0.000549843453336507));
#3011=CARTESIAN_POINT('',(-0.00251346426084637,0.000162,0.0021104493906023));
#3012=CARTESIAN_POINT('',(-0.00251346426084637,0.000162,0.00263065136969089));
#3013=CARTESIAN_POINT('',(-0.00251346426084637,0.000162,0.00263065136969089));
#3014=CARTESIAN_POINT('',(-0.00238481551252082,0.000162,0.000610384058741552));
#3015=CARTESIAN_POINT('',(-0.00225616676419526,0.000162,0.000670924664146596));
#3016=CARTESIAN_POINT('',(-0.00225616676419526,0.000162,0.000670924664146596));
#3017=CARTESIAN_POINT('',(-0.00238481551252082,0.000162,0.000610384058741552));
#3018=CARTESIAN_POINT('',(-0.00225616676419526,0.000162,0.00223153060141239));
#3019=CARTESIAN_POINT('',(-0.00225616676419526,0.000162,0.00275173258050099));
#3020=CARTESIAN_POINT('',(-0.00225616676419526,0.000162,0.00275173258050099));
#3021=CARTESIAN_POINT('',(-0.00225616676419526,0.000162,0.00223153060141239));
#3022=CARTESIAN_POINT('',(-0.00238481551252082,0.000162,0.00269119197509594));
#3023=CARTESIAN_POINT('',(-0.00238481551252082,0.000162,0.00269119197509594));
#3024=CARTESIAN_POINT('',(-0.0012172132730484,0.000162,0.00172899593599141));
#3025=CARTESIAN_POINT('',(0.0015807557825189,0.000162,0.000535415176033972));
#3026=CARTESIAN_POINT('',(0.00169940294754579,0.000162,0.000591249152608256));
#3027=CARTESIAN_POINT('',(0.00169940294754579,0.000162,0.000591249152608256));
#3028=CARTESIAN_POINT('',(0.0015807557825189,0.000162,0.000535415176033972));
#3029=CARTESIAN_POINT('',(0.00146210861749201,0.000162,0.000479581199459689));
#3030=CARTESIAN_POINT('',(0.00146210861749201,0.000162,0.000479581199459689));
#3031=CARTESIAN_POINT('',(0.00135813716356381,0.000162,0.000591249152608256));
#3032=CARTESIAN_POINT('',(0.00101687137958184,0.000162,0.000591249152608256));
#3033=CARTESIAN_POINT('',(0.00101687137958184,0.000162,0.000591249152608256));
#3034=CARTESIAN_POINT('',(0.00135813716356381,0.000162,0.000591249152608256));
#3035=CARTESIAN_POINT('',(0.000898224214554947,0.000162,0.000535415176033972));
#3036=CARTESIAN_POINT('',(0.000779577049528057,0.000162,0.000479581199459689));
#3037=CARTESIAN_POINT('',(0.000779577049528057,0.000162,0.000479581199459689));
#3038=CARTESIAN_POINT('',(0.000898224214554947,0.000162,0.000535415176033972));
#3039=CARTESIAN_POINT('',(0.00112084283351003,0.000162,0.000479581199459689));
#3040=CARTESIAN_POINT('',(0.00112084283351003,0.000162,0.000479581199459689));
#3041=CARTESIAN_POINT('',(-0.0012172132730484,0.000162,0.00172899593599141));
#3042=CARTESIAN_POINT('',(-0.00485717237591744,0.00015,0.00172899593599141));
#3043=CARTESIAN_POINT('',(0.00242274582982064,0.00015,0.00172899593599141));
#3044=CARTESIAN_POINT('',(0.00242274582982064,0.00354,0.00172899593599141));
#3045=CARTESIAN_POINT('',(-0.00485717237591744,0.00354,0.00172899593599141));
#3046=MECHANICAL_DESIGN_GEOMETRIC_PRESENTATION_REPRESENTATION('',(#1617,
#1445,#1446,#1447,#1448,#1449,#1450,#1451,#1452,#1453,#1454,#1455,#1456,
#1457,#1458,#1459,#1460,#1461,#1462,#1463,#1464,#1465,#1466,#1467,#1468,
#1469,#1470,#1471,#1472,#1473,#1474,#1475,#1476,#1477,#1478,#1479,#1480,
#1481,#1482,#1483,#1484,#1485,#1486,#1487,#1488,#1489,#1490,#1491,#1492,
#1493,#1494,#1495,#1496,#1497,#1498,#1499,#1500,#1501,#1502,#1503,#1504,
#1505,#1506,#1507,#1508,#1509,#1510,#1511,#1512,#1513,#1514,#1515,#1516,
#1517,#1518,#1519,#1520,#1521,#1522,#1523,#1524,#1525,#1526,#1527,#1528,
#1529),#3047);
#3047=(
GEOMETRIC_REPRESENTATION_CONTEXT(3)
GLOBAL_UNCERTAINTY_ASSIGNED_CONTEXT((#3048))
GLOBAL_UNIT_ASSIGNED_CONTEXT((#3051,#3050,#3049))
REPRESENTATION_CONTEXT('Part 1','TOP_LEVEL_ASSEMBLY_PART')
);
#3048=UNCERTAINTY_MEASURE_WITH_UNIT(LENGTH_MEASURE(1.E-8),#3051,
'DISTANCE_ACCURACY_VALUE','Maximum Tolerance applied to model');
#3049=(
NAMED_UNIT(*)
SI_UNIT($,.STERADIAN.)
SOLID_ANGLE_UNIT()
);
#3050=(
NAMED_UNIT(*)
PLANE_ANGLE_UNIT()
SI_UNIT($,.RADIAN.)
);
#3051=(
LENGTH_UNIT()
NAMED_UNIT(*)
SI_UNIT($,.METRE.)
);
#3052=PRODUCT_DEFINITION_SHAPE('','',#3053);
#3053=PRODUCT_DEFINITION('','',#3055,#3054);
#3054=PRODUCT_DEFINITION_CONTEXT('',#3061,'design');
#3055=PRODUCT_DEFINITION_FORMATION_WITH_SPECIFIED_SOURCE('','',#3057,
 .NOT_KNOWN.);
#3056=PRODUCT_RELATED_PRODUCT_CATEGORY('','',(#3057));
#3057=PRODUCT('Part 1','Part 1','Part 1',(#3059));
#3058=PRODUCT_CATEGORY('','');
#3059=PRODUCT_CONTEXT('',#3061,'mechanical');
#3060=APPLICATION_PROTOCOL_DEFINITION('international standard',
'ap242_managed_model_based_3d_engineering',2020,#3061);
#3061=APPLICATION_CONTEXT('managed model based 3d engineering');
ENDSEC;
END-ISO-10303-21;
