ISO-10303-21;
HEADER;
/* Generated by software containing ST-Developer
 * from STEP Tools, Inc. (www.steptools.com) 
 */
/* OPTION: using custom renumber hook */

FILE_DESCRIPTION(
/* description */ ('STEP AP242 Edition 2',
'CAx-IF Rec.Pracs.---Representation and Presentation of Product Manufa
cturing Information (PMI)---4.0---2014-10-13',
'CAx-IF Rec.Pracs.---3D Tessellated Geometry---0.4---2014-09-14','2;1',
'CAx-IF Rec.Pracs.---User Defined Attributes---1.5---2016-08-15'),
/* implementation_level */ '2;1');

FILE_NAME(
/* name */ 'back - Part 1',
/* time_stamp */ '2026-09-07T14:06:34Z',
/* author */ (''),
/* organization */ (''),
/* preprocessor_version */ 'ST-DEVELOPER v20',
/* originating_system */ 'ONSHAPE BY PTC INC, 1.220',
/* authorisation */ '  ');

FILE_SCHEMA (('AP242_MANAGED_MODEL_BASED_3D_ENGINEERING_MIM_LF { 1 0 10303 442 3 1 4 }'));
ENDSEC;

DATA;
#10=SHAPE_REPRESENTATION_RELATIONSHIP('','',#3954,#11);
#11=ADVANCED_BREP_SHAPE_REPRESENTATION('',(#3952),#7374);
#12=B_SPLINE_SURFACE_WITH_KNOTS('',3,1,((#5483,#5484),(#5485,#5486),(#5487,
#5488),(#5489,#5490),(#5491,#5492),(#5493,#5494),(#5495,#5496),(#5497,#5498),
(#5499,#5500),(#5501,#5502),(#5503,#5504),(#5505,#5506),(#5507,#5508),(#5509,
#5510),(#5511,#5512),(#5513,#5514)),.SURF_OF_LINEAR_EXTRUSION.,.F.,.F.,
 .F.,(4,1,1,1,1,1,1,1,1,1,1,1,1,4),(2,2),(0.,0.125,0.1875,0.25,0.3125,0.375,
0.4375,0.5,0.625,0.6875,0.75,0.8125,0.875,1.),(0.,1.),.UNSPECIFIED.);
#13=B_SPLINE_SURFACE_WITH_KNOTS('',3,1,((#5526,#5527),(#5528,#5529),(#5530,
#5531),(#5532,#5533),(#5534,#5535),(#5536,#5537),(#5538,#5539),(#5540,#5541),
(#5542,#5543),(#5544,#5545),(#5546,#5547),(#5548,#5549)),
 .SURF_OF_LINEAR_EXTRUSION.,.F.,.F.,.F.,(4,1,1,1,1,1,1,1,1,4),(2,2),(0.,
0.125,0.25,0.375,0.5,0.625,0.6875,0.75,0.875,1.),(0.,1.),.UNSPECIFIED.);
#14=B_SPLINE_SURFACE_WITH_KNOTS('',3,1,((#5559,#5560),(#5561,#5562),(#5563,
#5564),(#5565,#5566),(#5567,#5568),(#5569,#5570),(#5571,#5572),(#5573,#5574),
(#5575,#5576),(#5577,#5578),(#5579,#5580),(#5581,#5582),(#5583,#5584),(#5585,
#5586),(#5587,#5588),(#5589,#5590),(#5591,#5592),(#5593,#5594),(#5595,#5596),
(#5597,#5598),(#5599,#5600),(#5601,#5602),(#5603,#5604),(#5605,#5606)),
 .SURF_OF_LINEAR_EXTRUSION.,.F.,.F.,.F.,(4,1,1,1,1,1,1,1,1,1,1,1,1,1,1,
1,1,1,1,1,1,4),(2,2),(0.,0.03125,0.0625,0.09375,0.125,0.15625,0.1875,0.21875,
0.25,0.3125,0.34375,0.375,0.4375,0.5,0.5625,0.625,0.6875,0.75,0.8125,0.875,
0.9375,1.),(0.,1.),.UNSPECIFIED.);
#15=B_SPLINE_SURFACE_WITH_KNOTS('',3,1,((#5622,#5623),(#5624,#5625),(#5626,
#5627),(#5628,#5629),(#5630,#5631),(#5632,#5633)),
 .SURF_OF_LINEAR_EXTRUSION.,.F.,.F.,.F.,(4,1,1,4),(2,2),(0.,0.308219666389462,
0.738659016438579,1.),(0.,1.),.UNSPECIFIED.);
#16=B_SPLINE_SURFACE_WITH_KNOTS('',3,1,((#5642,#5643),(#5644,#5645),(#5646,
#5647),(#5648,#5649),(#5650,#5651)),.SURF_OF_LINEAR_EXTRUSION.,.F.,.F.,
 .F.,(4,1,4),(2,2),(0.,0.359024764936097,1.),(0.,1.),.UNSPECIFIED.);
#17=B_SPLINE_SURFACE_WITH_KNOTS('',3,1,((#5659,#5660),(#5661,#5662),(#5663,
#5664),(#5665,#5666),(#5667,#5668)),.SURF_OF_LINEAR_EXTRUSION.,.F.,.F.,
 .F.,(4,1,4),(2,2),(0.,0.373135947155749,0.746271894311498),(0.,1.),
 .UNSPECIFIED.);
#18=B_SPLINE_SURFACE_WITH_KNOTS('',3,1,((#5677,#5678),(#5679,#5680),(#5681,
#5682),(#5683,#5684),(#5685,#5686),(#5687,#5688),(#5689,#5690),(#5691,#5692),
(#5693,#5694)),.SURF_OF_LINEAR_EXTRUSION.,.F.,.F.,.F.,(4,1,1,1,1,1,4),(2,
2),(0.,0.125,0.25,0.375,0.5,0.75,1.),(0.,1.),.UNSPECIFIED.);
#19=B_SPLINE_SURFACE_WITH_KNOTS('',3,1,((#5704,#5705),(#5706,#5707),(#5708,
#5709),(#5710,#5711),(#5712,#5713),(#5714,#5715),(#5716,#5717),(#5718,#5719),
(#5720,#5721),(#5722,#5723)),.SURF_OF_LINEAR_EXTRUSION.,.F.,.F.,.F.,(4,
1,1,1,1,1,1,4),(2,2),(0.,0.0827776360766913,0.165555272153383,0.206944090191728,
0.248332908230074,0.331110544306765,0.496665816460148,0.66222108861353),
(0.,1.),.UNSPECIFIED.);
#20=B_SPLINE_SURFACE_WITH_KNOTS('',3,1,((#5733,#5734),(#5735,#5736),(#5737,
#5738),(#5739,#5740),(#5741,#5742),(#5743,#5744),(#5745,#5746),(#5747,#5748),
(#5749,#5750),(#5751,#5752)),.SURF_OF_LINEAR_EXTRUSION.,.F.,.F.,.F.,(4,
1,1,1,1,1,1,4),(2,2),(0.,0.0827776360766913,0.165555272153383,0.206944090191728,
0.248332908230074,0.331110544306765,0.496665816460148,0.66222108861353),
(0.,1.),.UNSPECIFIED.);
#21=B_SPLINE_SURFACE_WITH_KNOTS('',3,1,((#5762,#5763),(#5764,#5765),(#5766,
#5767),(#5768,#5769),(#5770,#5771),(#5772,#5773),(#5774,#5775),(#5776,#5777),
(#5778,#5779)),.SURF_OF_LINEAR_EXTRUSION.,.F.,.F.,.F.,(4,1,1,1,1,1,4),(2,
2),(0.,0.125,0.25,0.375,0.5,0.75,1.),(0.,1.),.UNSPECIFIED.);
#22=B_SPLINE_SURFACE_WITH_KNOTS('',3,1,((#5789,#5790),(#5791,#5792),(#5793,
#5794),(#5795,#5796),(#5797,#5798)),.SURF_OF_LINEAR_EXTRUSION.,.F.,.F.,
 .F.,(4,1,4),(2,2),(0.,0.37313594796119,0.74627189592238),(0.,1.),
 .UNSPECIFIED.);
#23=B_SPLINE_SURFACE_WITH_KNOTS('',3,1,((#5807,#5808),(#5809,#5810),(#5811,
#5812),(#5813,#5814),(#5815,#5816)),.SURF_OF_LINEAR_EXTRUSION.,.F.,.F.,
 .F.,(4,1,4),(2,2),(0.,0.359024764936097,1.),(0.,1.),.UNSPECIFIED.);
#24=B_SPLINE_SURFACE_WITH_KNOTS('',3,1,((#5824,#5825),(#5826,#5827),(#5828,
#5829),(#5830,#5831),(#5832,#5833),(#5834,#5835)),
 .SURF_OF_LINEAR_EXTRUSION.,.F.,.F.,.F.,(4,1,1,4),(2,2),(0.,0.308219666389462,
0.738659016438579,1.),(0.,1.),.UNSPECIFIED.);
#25=B_SPLINE_SURFACE_WITH_KNOTS('',3,1,((#5844,#5845),(#5846,#5847),(#5848,
#5849),(#5850,#5851),(#5852,#5853),(#5854,#5855),(#5856,#5857),(#5858,#5859),
(#5860,#5861),(#5862,#5863),(#5864,#5865),(#5866,#5867),(#5868,#5869),(#5870,
#5871),(#5872,#5873),(#5874,#5875),(#5876,#5877),(#5878,#5879),(#5880,#5881),
(#5882,#5883),(#5884,#5885),(#5886,#5887),(#5888,#5889),(#5890,#5891)),
 .SURF_OF_LINEAR_EXTRUSION.,.F.,.F.,.F.,(4,1,1,1,1,1,1,1,1,1,1,1,1,1,1,
1,1,1,1,1,1,4),(2,2),(0.,0.03125,0.0625,0.09375,0.125,0.15625,0.1875,0.21875,
0.25,0.3125,0.34375,0.375,0.4375,0.5,0.5625,0.625,0.6875,0.75,0.8125,0.875,
0.9375,1.),(0.,1.),.UNSPECIFIED.);
#26=B_SPLINE_SURFACE_WITH_KNOTS('',3,1,((#5907,#5908),(#5909,#5910),(#5911,
#5912),(#5913,#5914),(#5915,#5916),(#5917,#5918),(#5919,#5920),(#5921,#5922),
(#5923,#5924),(#5925,#5926),(#5927,#5928),(#5929,#5930)),
 .SURF_OF_LINEAR_EXTRUSION.,.F.,.F.,.F.,(4,1,1,1,1,1,1,1,1,4),(2,2),(0.,
0.125,0.25,0.375,0.5,0.625,0.6875,0.75,0.875,1.),(0.,1.),.UNSPECIFIED.);
#27=B_SPLINE_SURFACE_WITH_KNOTS('',3,1,((#5940,#5941),(#5942,#5943),(#5944,
#5945),(#5946,#5947),(#5948,#5949),(#5950,#5951),(#5952,#5953),(#5954,#5955),
(#5956,#5957),(#5958,#5959),(#5960,#5961),(#5962,#5963),(#5964,#5965),(#5966,
#5967),(#5968,#5969),(#5970,#5971)),.SURF_OF_LINEAR_EXTRUSION.,.F.,.F.,
 .F.,(4,1,1,1,1,1,1,1,1,1,1,1,1,4),(2,2),(0.,0.125,0.1875,0.25,0.3125,0.375,
0.4375,0.5,0.625,0.6875,0.75,0.8125,0.875,1.),(0.,1.),.UNSPECIFIED.);
#28=B_SPLINE_SURFACE_WITH_KNOTS('',3,1,((#5995,#5996),(#5997,#5998),(#5999,
#6000),(#6001,#6002)),.SURF_OF_LINEAR_EXTRUSION.,.F.,.F.,.F.,(4,4),(2,2),
(0.,0.280852407838981),(0.,1.),.PIECEWISE_BEZIER_KNOTS.);
#29=B_SPLINE_SURFACE_WITH_KNOTS('',3,1,((#6010,#6011),(#6012,#6013),(#6014,
#6015),(#6016,#6017),(#6018,#6019),(#6020,#6021),(#6022,#6023)),
 .SURF_OF_LINEAR_EXTRUSION.,.F.,.F.,.F.,(4,1,1,1,4),(2,2),(0.,0.25,0.5,
0.75,1.),(0.,1.),.UNSPECIFIED.);
#30=B_SPLINE_SURFACE_WITH_KNOTS('',3,1,((#6045,#6046),(#6047,#6048),(#6049,
#6050),(#6051,#6052),(#6053,#6054),(#6055,#6056),(#6057,#6058)),
 .SURF_OF_LINEAR_EXTRUSION.,.F.,.F.,.F.,(4,1,1,1,4),(2,2),(0.,0.25,0.5,
0.75,1.),(0.,1.),.UNSPECIFIED.);
#31=B_SPLINE_SURFACE_WITH_KNOTS('',3,1,((#6068,#6069),(#6070,#6071),(#6072,
#6073),(#6074,#6075)),.SURF_OF_LINEAR_EXTRUSION.,.F.,.F.,.F.,(4,4),(2,2),
(0.,0.280852407838494),(0.,1.),.PIECEWISE_BEZIER_KNOTS.);
#32=B_SPLINE_SURFACE_WITH_KNOTS('',3,1,((#6086,#6087),(#6088,#6089),(#6090,
#6091),(#6092,#6093)),.SURF_OF_LINEAR_EXTRUSION.,.F.,.F.,.F.,(4,4),(2,2),
(0.,1.),(0.,1.),.PIECEWISE_BEZIER_KNOTS.);
#33=B_SPLINE_SURFACE_WITH_KNOTS('',3,1,((#6109,#6110),(#6111,#6112),(#6113,
#6114),(#6115,#6116)),.SURF_OF_LINEAR_EXTRUSION.,.F.,.F.,.F.,(4,4),(2,2),
(0.,1.),(0.,1.),.PIECEWISE_BEZIER_KNOTS.);
#34=B_SPLINE_SURFACE_WITH_KNOTS('',3,1,((#6122,#6123),(#6124,#6125),(#6126,
#6127),(#6128,#6129)),.SURF_OF_LINEAR_EXTRUSION.,.F.,.F.,.F.,(4,4),(2,2),
(0.,1.),(0.,1.),.PIECEWISE_BEZIER_KNOTS.);
#35=B_SPLINE_SURFACE_WITH_KNOTS('',3,1,((#6135,#6136),(#6137,#6138),(#6139,
#6140),(#6141,#6142)),.SURF_OF_LINEAR_EXTRUSION.,.F.,.F.,.F.,(4,4),(2,2),
(0.,1.),(0.,1.),.PIECEWISE_BEZIER_KNOTS.);
#36=B_SPLINE_SURFACE_WITH_KNOTS('',3,1,((#6148,#6149),(#6150,#6151),(#6152,
#6153),(#6154,#6155)),.SURF_OF_LINEAR_EXTRUSION.,.F.,.F.,.F.,(4,4),(2,2),
(0.,1.),(0.,1.),.PIECEWISE_BEZIER_KNOTS.);
#37=B_SPLINE_SURFACE_WITH_KNOTS('',3,1,((#6177,#6178),(#6179,#6180),(#6181,
#6182),(#6183,#6184)),.SURF_OF_LINEAR_EXTRUSION.,.F.,.F.,.F.,(4,4),(2,2),
(0.,1.),(0.,1.),.PIECEWISE_BEZIER_KNOTS.);
#38=B_SPLINE_SURFACE_WITH_KNOTS('',3,1,((#6190,#6191),(#6192,#6193),(#6194,
#6195),(#6196,#6197)),.SURF_OF_LINEAR_EXTRUSION.,.F.,.F.,.F.,(4,4),(2,2),
(0.,1.),(0.,1.),.PIECEWISE_BEZIER_KNOTS.);
#39=B_SPLINE_SURFACE_WITH_KNOTS('',3,1,((#6211,#6212),(#6213,#6214),(#6215,
#6216),(#6217,#6218)),.SURF_OF_LINEAR_EXTRUSION.,.F.,.F.,.F.,(4,4),(2,2),
(0.,1.),(0.,1.),.PIECEWISE_BEZIER_KNOTS.);
#40=B_SPLINE_SURFACE_WITH_KNOTS('',3,1,((#6236,#6237),(#6238,#6239),(#6240,
#6241),(#6242,#6243)),.SURF_OF_LINEAR_EXTRUSION.,.F.,.F.,.F.,(4,4),(2,2),
(0.,1.),(0.,1.),.PIECEWISE_BEZIER_KNOTS.);
#41=B_SPLINE_SURFACE_WITH_KNOTS('',3,1,((#6269,#6270),(#6271,#6272),(#6273,
#6274),(#6275,#6276)),.SURF_OF_LINEAR_EXTRUSION.,.F.,.F.,.F.,(4,4),(2,2),
(0.,1.),(0.,1.),.PIECEWISE_BEZIER_KNOTS.);
#42=B_SPLINE_SURFACE_WITH_KNOTS('',3,1,((#6319,#6320),(#6321,#6322),(#6323,
#6324),(#6325,#6326)),.SURF_OF_LINEAR_EXTRUSION.,.F.,.F.,.F.,(4,4),(2,2),
(0.,1.),(0.,1.),.PIECEWISE_BEZIER_KNOTS.);
#43=B_SPLINE_SURFACE_WITH_KNOTS('',3,1,((#6332,#6333),(#6334,#6335),(#6336,
#6337),(#6338,#6339)),.SURF_OF_LINEAR_EXTRUSION.,.F.,.F.,.F.,(4,4),(2,2),
(0.,1.),(0.,1.),.PIECEWISE_BEZIER_KNOTS.);
#44=B_SPLINE_SURFACE_WITH_KNOTS('',3,1,((#6352,#6353),(#6354,#6355),(#6356,
#6357),(#6358,#6359)),.SURF_OF_LINEAR_EXTRUSION.,.F.,.F.,.F.,(4,4),(2,2),
(0.,1.),(0.,1.),.PIECEWISE_BEZIER_KNOTS.);
#45=B_SPLINE_SURFACE_WITH_KNOTS('',3,1,((#6387,#6388),(#6389,#6390),(#6391,
#6392),(#6393,#6394)),.SURF_OF_LINEAR_EXTRUSION.,.F.,.F.,.F.,(4,4),(2,2),
(0.,1.),(0.,1.),.PIECEWISE_BEZIER_KNOTS.);
#46=B_SPLINE_SURFACE_WITH_KNOTS('',3,1,((#6400,#6401),(#6402,#6403),(#6404,
#6405),(#6406,#6407)),.SURF_OF_LINEAR_EXTRUSION.,.F.,.F.,.F.,(4,4),(2,2),
(0.,1.),(0.,1.),.PIECEWISE_BEZIER_KNOTS.);
#47=B_SPLINE_SURFACE_WITH_KNOTS('',3,1,((#6421,#6422),(#6423,#6424),(#6425,
#6426),(#6427,#6428)),.SURF_OF_LINEAR_EXTRUSION.,.F.,.F.,.F.,(4,4),(2,2),
(0.,1.),(0.,1.),.PIECEWISE_BEZIER_KNOTS.);
#48=B_SPLINE_SURFACE_WITH_KNOTS('',3,1,((#6434,#6435),(#6436,#6437),(#6438,
#6439),(#6440,#6441)),.SURF_OF_LINEAR_EXTRUSION.,.F.,.F.,.F.,(4,4),(2,2),
(0.,1.),(0.,1.),.PIECEWISE_BEZIER_KNOTS.);
#49=B_SPLINE_SURFACE_WITH_KNOTS('',3,1,((#6447,#6448),(#6449,#6450),(#6451,
#6452),(#6453,#6454)),.SURF_OF_LINEAR_EXTRUSION.,.F.,.F.,.F.,(4,4),(2,2),
(0.,1.),(0.,1.),.PIECEWISE_BEZIER_KNOTS.);
#50=B_SPLINE_SURFACE_WITH_KNOTS('',3,1,((#6460,#6461),(#6462,#6463),(#6464,
#6465),(#6466,#6467)),.SURF_OF_LINEAR_EXTRUSION.,.F.,.F.,.F.,(4,4),(2,2),
(0.,1.),(0.,1.),.PIECEWISE_BEZIER_KNOTS.);
#51=B_SPLINE_SURFACE_WITH_KNOTS('',3,1,((#6473,#6474),(#6475,#6476),(#6477,
#6478),(#6479,#6480)),.SURF_OF_LINEAR_EXTRUSION.,.F.,.F.,.F.,(4,4),(2,2),
(0.,1.),(0.,1.),.PIECEWISE_BEZIER_KNOTS.);
#52=B_SPLINE_SURFACE_WITH_KNOTS('',3,1,((#6493,#6494),(#6495,#6496),(#6497,
#6498),(#6499,#6500)),.SURF_OF_LINEAR_EXTRUSION.,.F.,.F.,.F.,(4,4),(2,2),
(0.,1.),(0.,1.),.PIECEWISE_BEZIER_KNOTS.);
#53=B_SPLINE_SURFACE_WITH_KNOTS('',3,1,((#6510,#6511),(#6512,#6513),(#6514,
#6515),(#6516,#6517)),.SURF_OF_LINEAR_EXTRUSION.,.F.,.F.,.F.,(4,4),(2,2),
(0.,1.),(0.,1.),.PIECEWISE_BEZIER_KNOTS.);
#54=B_SPLINE_SURFACE_WITH_KNOTS('',3,1,((#6533,#6534),(#6535,#6536),(#6537,
#6538),(#6539,#6540)),.SURF_OF_LINEAR_EXTRUSION.,.F.,.F.,.F.,(4,4),(2,2),
(0.,1.),(0.,1.),.PIECEWISE_BEZIER_KNOTS.);
#55=B_SPLINE_SURFACE_WITH_KNOTS('',3,1,((#6547,#6548),(#6549,#6550),(#6551,
#6552),(#6553,#6554)),.SURF_OF_LINEAR_EXTRUSION.,.F.,.F.,.F.,(4,4),(2,2),
(0.,1.),(0.,1.),.PIECEWISE_BEZIER_KNOTS.);
#56=B_SPLINE_SURFACE_WITH_KNOTS('',3,1,((#6570,#6571),(#6572,#6573),(#6574,
#6575),(#6576,#6577)),.SURF_OF_LINEAR_EXTRUSION.,.F.,.F.,.F.,(4,4),(2,2),
(0.,1.),(0.,1.),.PIECEWISE_BEZIER_KNOTS.);
#57=B_SPLINE_SURFACE_WITH_KNOTS('',3,1,((#6583,#6584),(#6585,#6586),(#6587,
#6588),(#6589,#6590)),.SURF_OF_LINEAR_EXTRUSION.,.F.,.F.,.F.,(4,4),(2,2),
(0.,1.),(0.,1.),.PIECEWISE_BEZIER_KNOTS.);
#58=B_SPLINE_SURFACE_WITH_KNOTS('',3,1,((#6596,#6597),(#6598,#6599),(#6600,
#6601),(#6602,#6603)),.SURF_OF_LINEAR_EXTRUSION.,.F.,.F.,.F.,(4,4),(2,2),
(0.,1.),(0.,1.),.PIECEWISE_BEZIER_KNOTS.);
#59=B_SPLINE_SURFACE_WITH_KNOTS('',3,1,((#6641,#6642),(#6643,#6644),(#6645,
#6646),(#6647,#6648)),.SURF_OF_LINEAR_EXTRUSION.,.F.,.F.,.F.,(4,4),(2,2),
(0.,1.),(0.,1.),.PIECEWISE_BEZIER_KNOTS.);
#60=B_SPLINE_SURFACE_WITH_KNOTS('',3,1,((#6654,#6655),(#6656,#6657),(#6658,
#6659),(#6660,#6661)),.SURF_OF_LINEAR_EXTRUSION.,.F.,.F.,.F.,(4,4),(2,2),
(0.,1.),(0.,1.),.PIECEWISE_BEZIER_KNOTS.);
#61=B_SPLINE_SURFACE_WITH_KNOTS('',3,1,((#6667,#6668),(#6669,#6670),(#6671,
#6672),(#6673,#6674)),.SURF_OF_LINEAR_EXTRUSION.,.F.,.F.,.F.,(4,4),(2,2),
(0.,1.),(0.,1.),.PIECEWISE_BEZIER_KNOTS.);
#62=B_SPLINE_SURFACE_WITH_KNOTS('',3,1,((#6689,#6690),(#6691,#6692),(#6693,
#6694),(#6695,#6696)),.SURF_OF_LINEAR_EXTRUSION.,.F.,.F.,.F.,(4,4),(2,2),
(0.,1.),(0.,1.),.PIECEWISE_BEZIER_KNOTS.);
#63=B_SPLINE_SURFACE_WITH_KNOTS('',3,1,((#6702,#6703),(#6704,#6705),(#6706,
#6707),(#6708,#6709)),.SURF_OF_LINEAR_EXTRUSION.,.F.,.F.,.F.,(4,4),(2,2),
(0.,1.),(0.,1.),.PIECEWISE_BEZIER_KNOTS.);
#64=B_SPLINE_SURFACE_WITH_KNOTS('',3,1,((#6759,#6760),(#6761,#6762),(#6763,
#6764),(#6765,#6766)),.SURF_OF_LINEAR_EXTRUSION.,.F.,.F.,.F.,(4,4),(2,2),
(0.,1.),(0.,1.),.PIECEWISE_BEZIER_KNOTS.);
#65=B_SPLINE_SURFACE_WITH_KNOTS('',3,1,((#6772,#6773),(#6774,#6775),(#6776,
#6777),(#6778,#6779)),.SURF_OF_LINEAR_EXTRUSION.,.F.,.F.,.F.,(4,4),(2,2),
(0.,1.),(0.,1.),.PIECEWISE_BEZIER_KNOTS.);
#66=B_SPLINE_SURFACE_WITH_KNOTS('',3,1,((#6785,#6786),(#6787,#6788),(#6789,
#6790),(#6791,#6792)),.SURF_OF_LINEAR_EXTRUSION.,.F.,.F.,.F.,(4,4),(2,2),
(0.,1.),(0.,1.),.PIECEWISE_BEZIER_KNOTS.);
#67=B_SPLINE_SURFACE_WITH_KNOTS('',3,1,((#6801,#6802),(#6803,#6804),(#6805,
#6806),(#6807,#6808)),.SURF_OF_LINEAR_EXTRUSION.,.F.,.F.,.F.,(4,4),(2,2),
(0.,1.),(0.,1.),.PIECEWISE_BEZIER_KNOTS.);
#68=B_SPLINE_SURFACE_WITH_KNOTS('',3,1,((#6816,#6817),(#6818,#6819),(#6820,
#6821),(#6822,#6823)),.SURF_OF_LINEAR_EXTRUSION.,.F.,.F.,.F.,(4,4),(2,2),
(0.,1.),(0.,1.),.PIECEWISE_BEZIER_KNOTS.);
#69=B_SPLINE_SURFACE_WITH_KNOTS('',3,1,((#6837,#6838),(#6839,#6840),(#6841,
#6842),(#6843,#6844)),.SURF_OF_LINEAR_EXTRUSION.,.F.,.F.,.F.,(4,4),(2,2),
(0.,1.),(0.,1.),.PIECEWISE_BEZIER_KNOTS.);
#70=B_SPLINE_SURFACE_WITH_KNOTS('',3,1,((#6850,#6851),(#6852,#6853),(#6854,
#6855),(#6856,#6857)),.SURF_OF_LINEAR_EXTRUSION.,.F.,.F.,.F.,(4,4),(2,2),
(0.,1.),(0.,1.),.PIECEWISE_BEZIER_KNOTS.);
#71=B_SPLINE_SURFACE_WITH_KNOTS('',3,1,((#6863,#6864),(#6865,#6866),(#6867,
#6868),(#6869,#6870)),.SURF_OF_LINEAR_EXTRUSION.,.F.,.F.,.F.,(4,4),(2,2),
(0.,1.),(0.,1.),.PIECEWISE_BEZIER_KNOTS.);
#72=B_SPLINE_SURFACE_WITH_KNOTS('',3,1,((#6884,#6885),(#6886,#6887),(#6888,
#6889),(#6890,#6891)),.SURF_OF_LINEAR_EXTRUSION.,.F.,.F.,.F.,(4,4),(2,2),
(0.,1.),(0.,1.),.PIECEWISE_BEZIER_KNOTS.);
#73=B_SPLINE_SURFACE_WITH_KNOTS('',3,1,((#6904,#6905),(#6906,#6907),(#6908,
#6909),(#6910,#6911)),.SURF_OF_LINEAR_EXTRUSION.,.F.,.F.,.F.,(4,4),(2,2),
(0.,1.),(0.,1.),.PIECEWISE_BEZIER_KNOTS.);
#74=B_SPLINE_SURFACE_WITH_KNOTS('',3,1,((#6921,#6922),(#6923,#6924),(#6925,
#6926),(#6927,#6928)),.SURF_OF_LINEAR_EXTRUSION.,.F.,.F.,.F.,(4,4),(2,2),
(0.,1.),(0.,1.),.PIECEWISE_BEZIER_KNOTS.);
#75=B_SPLINE_SURFACE_WITH_KNOTS('',3,1,((#6938,#6939),(#6940,#6941),(#6942,
#6943),(#6944,#6945)),.SURF_OF_LINEAR_EXTRUSION.,.F.,.F.,.F.,(4,4),(2,2),
(0.,1.),(0.,1.),.PIECEWISE_BEZIER_KNOTS.);
#76=B_SPLINE_SURFACE_WITH_KNOTS('',3,1,((#6955,#6956),(#6957,#6958),(#6959,
#6960),(#6961,#6962)),.SURF_OF_LINEAR_EXTRUSION.,.F.,.F.,.F.,(4,4),(2,2),
(0.,1.),(0.,1.),.PIECEWISE_BEZIER_KNOTS.);
#77=B_SPLINE_SURFACE_WITH_KNOTS('',3,1,((#6972,#6973),(#6974,#6975),(#6976,
#6977),(#6978,#6979)),.SURF_OF_LINEAR_EXTRUSION.,.F.,.F.,.F.,(4,4),(2,2),
(0.,1.),(0.,1.),.PIECEWISE_BEZIER_KNOTS.);
#78=B_SPLINE_SURFACE_WITH_KNOTS('',3,1,((#6989,#6990),(#6991,#6992),(#6993,
#6994),(#6995,#6996)),.SURF_OF_LINEAR_EXTRUSION.,.F.,.F.,.F.,(4,4),(2,2),
(0.,1.),(0.,1.),.PIECEWISE_BEZIER_KNOTS.);
#79=B_SPLINE_SURFACE_WITH_KNOTS('',3,1,((#7006,#7007),(#7008,#7009),(#7010,
#7011),(#7012,#7013)),.SURF_OF_LINEAR_EXTRUSION.,.F.,.F.,.F.,(4,4),(2,2),
(0.,1.),(0.,1.),.PIECEWISE_BEZIER_KNOTS.);
#80=B_SPLINE_SURFACE_WITH_KNOTS('',3,1,((#7020,#7021),(#7022,#7023),(#7024,
#7025),(#7026,#7027)),.SURF_OF_LINEAR_EXTRUSION.,.F.,.F.,.F.,(4,4),(2,2),
(0.,1.),(0.,1.),.PIECEWISE_BEZIER_KNOTS.);
#81=B_SPLINE_SURFACE_WITH_KNOTS('',3,1,((#7071,#7072),(#7073,#7074),(#7075,
#7076),(#7077,#7078)),.SURF_OF_LINEAR_EXTRUSION.,.F.,.F.,.F.,(4,4),(2,2),
(0.,1.),(0.,1.),.PIECEWISE_BEZIER_KNOTS.);
#82=B_SPLINE_SURFACE_WITH_KNOTS('',3,1,((#7084,#7085),(#7086,#7087),(#7088,
#7089),(#7090,#7091)),.SURF_OF_LINEAR_EXTRUSION.,.F.,.F.,.F.,(4,4),(2,2),
(0.,1.),(0.,1.),.PIECEWISE_BEZIER_KNOTS.);
#83=B_SPLINE_SURFACE_WITH_KNOTS('',3,1,((#7119,#7120),(#7121,#7122),(#7123,
#7124),(#7125,#7126)),.SURF_OF_LINEAR_EXTRUSION.,.F.,.F.,.F.,(4,4),(2,2),
(0.,1.),(0.,1.),.PIECEWISE_BEZIER_KNOTS.);
#84=B_SPLINE_SURFACE_WITH_KNOTS('',3,1,((#7136,#7137),(#7138,#7139),(#7140,
#7141),(#7142,#7143)),.SURF_OF_LINEAR_EXTRUSION.,.F.,.F.,.F.,(4,4),(2,2),
(0.,1.),(0.,1.),.PIECEWISE_BEZIER_KNOTS.);
#85=B_SPLINE_SURFACE_WITH_KNOTS('',3,1,((#7153,#7154),(#7155,#7156),(#7157,
#7158),(#7159,#7160)),.SURF_OF_LINEAR_EXTRUSION.,.F.,.F.,.F.,(4,4),(2,2),
(0.,1.),(0.,1.),.PIECEWISE_BEZIER_KNOTS.);
#86=B_SPLINE_SURFACE_WITH_KNOTS('',3,1,((#7191,#7192),(#7193,#7194),(#7195,
#7196),(#7197,#7198)),.SURF_OF_LINEAR_EXTRUSION.,.F.,.F.,.F.,(4,4),(2,2),
(0.,1.),(0.,1.),.PIECEWISE_BEZIER_KNOTS.);
#87=B_SPLINE_SURFACE_WITH_KNOTS('',3,1,((#7208,#7209),(#7210,#7211),(#7212,
#7213),(#7214,#7215)),.SURF_OF_LINEAR_EXTRUSION.,.F.,.F.,.F.,(4,4),(2,2),
(0.,1.),(0.,1.),.PIECEWISE_BEZIER_KNOTS.);
#88=B_SPLINE_SURFACE_WITH_KNOTS('',3,1,((#7225,#7226),(#7227,#7228),(#7229,
#7230),(#7231,#7232)),.SURF_OF_LINEAR_EXTRUSION.,.F.,.F.,.F.,(4,4),(2,2),
(0.,1.),(0.,1.),.PIECEWISE_BEZIER_KNOTS.);
#89=B_SPLINE_SURFACE_WITH_KNOTS('',3,1,((#7256,#7257),(#7258,#7259),(#7260,
#7261),(#7262,#7263)),.SURF_OF_LINEAR_EXTRUSION.,.F.,.F.,.F.,(4,4),(2,2),
(0.,1.),(0.,1.),.PIECEWISE_BEZIER_KNOTS.);
#90=B_SPLINE_SURFACE_WITH_KNOTS('',3,1,((#7269,#7270),(#7271,#7272),(#7273,
#7274),(#7275,#7276)),.SURF_OF_LINEAR_EXTRUSION.,.F.,.F.,.F.,(4,4),(2,2),
(0.,1.),(0.,1.),.PIECEWISE_BEZIER_KNOTS.);
#91=B_SPLINE_SURFACE_WITH_KNOTS('',3,1,((#7282,#7283),(#7284,#7285),(#7286,
#7287),(#7288,#7289)),.SURF_OF_LINEAR_EXTRUSION.,.F.,.F.,.F.,(4,4),(2,2),
(0.,1.),(0.,1.),.PIECEWISE_BEZIER_KNOTS.);
#92=B_SPLINE_SURFACE_WITH_KNOTS('',3,1,((#7295,#7296),(#7297,#7298),(#7299,
#7300),(#7301,#7302)),.SURF_OF_LINEAR_EXTRUSION.,.F.,.F.,.F.,(4,4),(2,2),
(0.,1.),(0.,1.),.PIECEWISE_BEZIER_KNOTS.);
#93=B_SPLINE_SURFACE_WITH_KNOTS('',3,1,((#7316,#7317),(#7318,#7319),(#7320,
#7321),(#7322,#7323)),.SURF_OF_LINEAR_EXTRUSION.,.F.,.F.,.F.,(4,4),(2,2),
(0.,1.),(0.,1.),.PIECEWISE_BEZIER_KNOTS.);
#94=B_SPLINE_SURFACE_WITH_KNOTS('',3,1,((#7329,#7330),(#7331,#7332),(#7333,
#7334),(#7335,#7336)),.SURF_OF_LINEAR_EXTRUSION.,.F.,.F.,.F.,(4,4),(2,2),
(0.,1.),(0.,1.),.PIECEWISE_BEZIER_KNOTS.);
#95=B_SPLINE_SURFACE_WITH_KNOTS('',3,1,((#7342,#7343),(#7344,#7345),(#7346,
#7347),(#7348,#7349)),.SURF_OF_LINEAR_EXTRUSION.,.F.,.F.,.F.,(4,4),(2,2),
(0.,1.),(0.,1.),.PIECEWISE_BEZIER_KNOTS.);
#96=B_SPLINE_SURFACE_WITH_KNOTS('',3,1,((#7356,#7357),(#7358,#7359),(#7360,
#7361),(#7362,#7363)),.SURF_OF_LINEAR_EXTRUSION.,.F.,.F.,.F.,(4,4),(2,2),
(0.,1.),(0.,1.),.PIECEWISE_BEZIER_KNOTS.);
#97=CYLINDRICAL_SURFACE('',#4008,0.00310290459931918);
#98=CYLINDRICAL_SURFACE('',#4012,0.00310290459931918);
#99=CYLINDRICAL_SURFACE('',#4016,0.00310290459931919);
#100=CYLINDRICAL_SURFACE('',#4021,0.000633849858200006);
#101=CYLINDRICAL_SURFACE('',#4023,0.000571627019853791);
#102=CYLINDRICAL_SURFACE('',#4025,0.000957613071512405);
#103=CYLINDRICAL_SURFACE('',#4027,0.00340667945577512);
#104=CYLINDRICAL_SURFACE('',#4030,0.00180786339073105);
#105=CYLINDRICAL_SURFACE('',#4032,0.000684943543311827);
#106=CYLINDRICAL_SURFACE('',#4034,0.000546338034999827);
#107=CYLINDRICAL_SURFACE('',#4036,0.00371803060672377);
#108=CYLINDRICAL_SURFACE('',#4038,0.000650501489122331);
#109=CYLINDRICAL_SURFACE('',#4040,0.000156347838488175);
#110=CYLINDRICAL_SURFACE('',#4042,0.00152285741120455);
#111=CYLINDRICAL_SURFACE('',#4044,0.00206576985451092);
#112=CYLINDRICAL_SURFACE('',#4047,0.00153743000631674);
#113=CYLINDRICAL_SURFACE('',#4049,0.0021936128977305);
#114=CYLINDRICAL_SURFACE('',#4052,0.000976810923912748);
#115=CYLINDRICAL_SURFACE('',#4054,0.000673475898847286);
#116=CYLINDRICAL_SURFACE('',#4056,0.000818358110428014);
#117=CYLINDRICAL_SURFACE('',#4064,0.000693414791665321);
#118=CYLINDRICAL_SURFACE('',#4068,0.00212113267181682);
#119=CYLINDRICAL_SURFACE('',#4070,0.00139513112500629);
#120=CYLINDRICAL_SURFACE('',#4073,0.00185237594480694);
#121=CYLINDRICAL_SURFACE('',#4075,0.00163476072470211);
#122=CYLINDRICAL_SURFACE('',#4086,0.0104946768728212);
#123=CYLINDRICAL_SURFACE('',#4095,0.00131069584617865);
#124=CYLINDRICAL_SURFACE('',#4110,0.000905774986342241);
#125=CYLINDRICAL_SURFACE('',#4112,0.00109980631824767);
#126=CYLINDRICAL_SURFACE('',#4114,0.000911258717476039);
#127=CYLINDRICAL_SURFACE('',#4116,0.00109180236877701);
#128=CYLINDRICAL_SURFACE('',#4120,0.000976810923898237);
#129=CYLINDRICAL_SURFACE('',#4122,0.000673475898846996);
#130=CYLINDRICAL_SURFACE('',#4124,0.000818358110428251);
#131=CYLINDRICAL_SURFACE('',#4132,0.000693414791665221);
#132=CYLINDRICAL_SURFACE('',#4145,0.000476115852206644);
#133=OVER_RIDING_STYLED_ITEM('',(#3891),#3687,#3889);
#134=OVER_RIDING_STYLED_ITEM('',(#3892),#3688,#3889);
#135=OVER_RIDING_STYLED_ITEM('',(#3893),#3689,#3889);
#136=OVER_RIDING_STYLED_ITEM('',(#3894),#3690,#3889);
#137=OVER_RIDING_STYLED_ITEM('',(#3895),#3691,#3889);
#138=OVER_RIDING_STYLED_ITEM('',(#3896),#3692,#3889);
#139=OVER_RIDING_STYLED_ITEM('',(#3897),#3693,#3889);
#140=OVER_RIDING_STYLED_ITEM('',(#3898),#3694,#3889);
#141=OVER_RIDING_STYLED_ITEM('',(#3899),#3695,#3889);
#142=CIRCLE('',#3957,0.000476115852206644);
#143=CIRCLE('',#3958,0.00310290459931918);
#144=CIRCLE('',#3959,0.00310290459931919);
#145=CIRCLE('',#3960,0.00310290459931918);
#146=CIRCLE('',#3961,0.000633849858200006);
#147=CIRCLE('',#3962,0.0021936128977305);
#148=CIRCLE('',#3963,0.00153743000631674);
#149=CIRCLE('',#3964,0.00206576985451092);
#150=CIRCLE('',#3965,0.00152285741120455);
#151=CIRCLE('',#3966,0.000156347838488175);
#152=CIRCLE('',#3967,0.000650501489122331);
#153=CIRCLE('',#3968,0.00371803060672377);
#154=CIRCLE('',#3969,0.000546338034999827);
#155=CIRCLE('',#3970,0.000684943543311827);
#156=CIRCLE('',#3971,0.00180786339073105);
#157=CIRCLE('',#3972,0.00340667945577512);
#158=CIRCLE('',#3973,0.000957613071512405);
#159=CIRCLE('',#3974,0.000571627019853791);
#160=CIRCLE('',#3975,0.000673475898847286);
#161=CIRCLE('',#3976,0.000976810923912748);
#162=CIRCLE('',#3977,0.000693414791665321);
#163=CIRCLE('',#3978,0.000818358110428014);
#164=CIRCLE('',#3979,0.00212113267181682);
#165=CIRCLE('',#3980,0.00163476072470211);
#166=CIRCLE('',#3981,0.00185237594480694);
#167=CIRCLE('',#3982,0.00139513112500629);
#168=CIRCLE('',#3983,0.0104946768728212);
#169=CIRCLE('',#3984,0.00131069584617865);
#170=CIRCLE('',#3985,0.00109180236877701);
#171=CIRCLE('',#3986,0.000911258717476039);
#172=CIRCLE('',#3987,0.00109980631824767);
#173=CIRCLE('',#3988,0.000905774986342241);
#174=CIRCLE('',#3989,0.000673475898846996);
#175=CIRCLE('',#3990,0.000976810923898237);
#176=CIRCLE('',#3991,0.000693414791665221);
#177=CIRCLE('',#3992,0.000818358110428251);
#178=CIRCLE('',#4009,0.00310290459931918);
#179=CIRCLE('',#4013,0.00310290459931918);
#180=CIRCLE('',#4017,0.00310290459931919);
#181=CIRCLE('',#4022,0.000633849858200006);
#182=CIRCLE('',#4024,0.000571627019853791);
#183=CIRCLE('',#4026,0.000957613071512405);
#184=CIRCLE('',#4028,0.00340667945577512);
#185=CIRCLE('',#4031,0.00180786339073105);
#186=CIRCLE('',#4033,0.000684943543311827);
#187=CIRCLE('',#4035,0.000546338034999827);
#188=CIRCLE('',#4037,0.00371803060672377);
#189=CIRCLE('',#4039,0.000650501489122331);
#190=CIRCLE('',#4041,0.000156347838488175);
#191=CIRCLE('',#4043,0.00152285741120455);
#192=CIRCLE('',#4045,0.00206576985451092);
#193=CIRCLE('',#4048,0.00153743000631674);
#194=CIRCLE('',#4050,0.0021936128977305);
#195=CIRCLE('',#4053,0.000976810923912748);
#196=CIRCLE('',#4055,0.000673475898847286);
#197=CIRCLE('',#4057,0.000818358110428014);
#198=CIRCLE('',#4065,0.000693414791665321);
#199=CIRCLE('',#4069,0.00212113267181682);
#200=CIRCLE('',#4071,0.00139513112500629);
#201=CIRCLE('',#4074,0.00185237594480694);
#202=CIRCLE('',#4076,0.00163476072470211);
#203=CIRCLE('',#4087,0.0104946768728212);
#204=CIRCLE('',#4096,0.00131069584617865);
#205=CIRCLE('',#4111,0.000905774986342241);
#206=CIRCLE('',#4113,0.00109980631824767);
#207=CIRCLE('',#4115,0.000911258717476039);
#208=CIRCLE('',#4117,0.00109180236877701);
#209=CIRCLE('',#4121,0.000976810923898237);
#210=CIRCLE('',#4123,0.000673475898846996);
#211=CIRCLE('',#4125,0.000818358110428251);
#212=CIRCLE('',#4133,0.000693414791665221);
#213=CIRCLE('',#4146,0.000476115852206644);
#214=B_SPLINE_CURVE_WITH_KNOTS('',2,(#4881,#4882,#4883),.UNSPECIFIED.,.F.,
 .F.,(3,3),(0.,1.),.PIECEWISE_BEZIER_KNOTS.);
#215=B_SPLINE_CURVE_WITH_KNOTS('',2,(#4885,#4886,#4887),.UNSPECIFIED.,.F.,
 .F.,(3,3),(0.,1.),.PIECEWISE_BEZIER_KNOTS.);
#216=B_SPLINE_CURVE_WITH_KNOTS('',2,(#4889,#4890,#4891),.UNSPECIFIED.,.F.,
 .F.,(3,3),(0.,1.),.PIECEWISE_BEZIER_KNOTS.);
#217=B_SPLINE_CURVE_WITH_KNOTS('',2,(#4897,#4898,#4899),.UNSPECIFIED.,.F.,
 .F.,(3,3),(0.,1.),.PIECEWISE_BEZIER_KNOTS.);
#218=B_SPLINE_CURVE_WITH_KNOTS('',2,(#4901,#4902,#4903),.UNSPECIFIED.,.F.,
 .F.,(3,3),(0.,1.),.PIECEWISE_BEZIER_KNOTS.);
#219=B_SPLINE_CURVE_WITH_KNOTS('',2,(#4905,#4906,#4907),.UNSPECIFIED.,.F.,
 .F.,(3,3),(0.,1.),.PIECEWISE_BEZIER_KNOTS.);
#220=B_SPLINE_CURVE_WITH_KNOTS('',2,(#4909,#4910,#4911),.UNSPECIFIED.,.F.,
 .F.,(3,3),(0.,1.),.PIECEWISE_BEZIER_KNOTS.);
#221=B_SPLINE_CURVE_WITH_KNOTS('',3,(#4919,#4920,#4921,#4922,#4923),
 .UNSPECIFIED.,.F.,.F.,(4,1,4),(0.,0.246939318199977,0.280852407838494),
 .UNSPECIFIED.);
#222=B_SPLINE_CURVE_WITH_KNOTS('',3,(#4925,#4926,#4927,#4928,#4929,#4930,
#4931),.UNSPECIFIED.,.F.,.F.,(4,1,1,1,4),(0.,0.220947077882225,0.449962371976926,
0.69252131238223,1.),.UNSPECIFIED.);
#223=B_SPLINE_CURVE_WITH_KNOTS('',3,(#4939,#4940,#4941,#4942,#4943,#4944,
#4945),.UNSPECIFIED.,.F.,.F.,(4,1,1,1,4),(0.,0.220947077882225,0.449962371976926,
0.69252131238223,1.),.UNSPECIFIED.);
#224=B_SPLINE_CURVE_WITH_KNOTS('',3,(#4947,#4948,#4949,#4950,#4951),
 .UNSPECIFIED.,.F.,.F.,(4,1,4),(0.,0.246939318199977,0.280852407838981),
 .UNSPECIFIED.);
#225=B_SPLINE_CURVE_WITH_KNOTS('',3,(#4959,#4960,#4961,#4962,#4963,#4964,
#4965,#4966,#4967),.UNSPECIFIED.,.F.,.F.,(4,1,1,1,1,1,4),(0.,0.200550156247474,
0.286789934145619,0.393350562304206,0.703450246539648,0.854402310800615,
1.),.UNSPECIFIED.);
#226=B_SPLINE_CURVE_WITH_KNOTS('',3,(#4969,#4970,#4971,#4972,#4973,#4974,
#4975),.UNSPECIFIED.,.F.,.F.,(4,1,1,1,4),(0.,0.22339907187618,0.535769017682933,
0.701373975939811,1.),.UNSPECIFIED.);
#227=B_SPLINE_CURVE_WITH_KNOTS('',3,(#4977,#4978,#4979,#4980,#4981,#4982,
#4983,#4984,#4985,#4986,#4987,#4988,#4989),.UNSPECIFIED.,.F.,.F.,(4,1,1,
1,1,1,1,1,1,1,4),(0.,0.0451847040312562,0.0952137661027735,0.156478387654863,
0.360192069411632,0.559695190139713,0.625047013177844,0.673946637322089,
0.738640278209108,0.805166059450169,1.),.UNSPECIFIED.);
#228=B_SPLINE_CURVE_WITH_KNOTS('',3,(#4991,#4992,#4993,#4994,#4995,#4996),
 .UNSPECIFIED.,.F.,.F.,(4,1,1,4),(0.,0.308219666389462,0.738659016438579,
1.),.UNSPECIFIED.);
#229=B_SPLINE_CURVE_WITH_KNOTS('',3,(#4998,#4999,#5000,#5001,#5002),
 .UNSPECIFIED.,.F.,.F.,(4,1,4),(0.,0.359024764936097,1.),.UNSPECIFIED.);
#230=B_SPLINE_CURVE_WITH_KNOTS('',3,(#5004,#5005,#5006,#5007,#5008,#5009),
 .UNSPECIFIED.,.F.,.F.,(4,1,1,4),(0.,0.339062789852514,0.662083846420359,
0.74627189592238),.UNSPECIFIED.);
#231=B_SPLINE_CURVE_WITH_KNOTS('',3,(#5011,#5012,#5013,#5014,#5015,#5016,
#5017),.UNSPECIFIED.,.F.,.F.,(4,1,1,1,4),(0.,0.190814220220294,0.32769348039316,
0.455894964091087,1.),.UNSPECIFIED.);
#232=B_SPLINE_CURVE_WITH_KNOTS('',3,(#5019,#5020,#5021,#5022,#5023,#5024,
#5025),.UNSPECIFIED.,.F.,.F.,(4,1,1,1,4),(0.,0.116112883074556,0.205979874940312,
0.314413364083777,0.66222108861353),.UNSPECIFIED.);
#233=B_SPLINE_CURVE_WITH_KNOTS('',3,(#5027,#5028,#5029,#5030,#5031,#5032,
#5033),.UNSPECIFIED.,.F.,.F.,(4,1,1,1,4),(0.,0.116112883074556,0.205979874940312,
0.314413364083777,0.66222108861353),.UNSPECIFIED.);
#234=B_SPLINE_CURVE_WITH_KNOTS('',3,(#5035,#5036,#5037,#5038,#5039,#5040,
#5041),.UNSPECIFIED.,.F.,.F.,(4,1,1,1,4),(0.,0.190814220220294,0.32769348039316,
0.455894964091087,1.),.UNSPECIFIED.);
#235=B_SPLINE_CURVE_WITH_KNOTS('',3,(#5043,#5044,#5045,#5046,#5047,#5048),
 .UNSPECIFIED.,.F.,.F.,(4,1,1,4),(0.,0.339062789852514,0.662083846420359,
0.746271894311498),.UNSPECIFIED.);
#236=B_SPLINE_CURVE_WITH_KNOTS('',3,(#5050,#5051,#5052,#5053,#5054),
 .UNSPECIFIED.,.F.,.F.,(4,1,4),(0.,0.359024764936097,1.),.UNSPECIFIED.);
#237=B_SPLINE_CURVE_WITH_KNOTS('',3,(#5056,#5057,#5058,#5059,#5060,#5061),
 .UNSPECIFIED.,.F.,.F.,(4,1,1,4),(0.,0.308219666389462,0.738659016438579,
1.),.UNSPECIFIED.);
#238=B_SPLINE_CURVE_WITH_KNOTS('',3,(#5063,#5064,#5065,#5066,#5067,#5068,
#5069,#5070,#5071,#5072,#5073,#5074,#5075),.UNSPECIFIED.,.F.,.F.,(4,1,1,
1,1,1,1,1,1,1,4),(0.,0.0451847040312562,0.0952137661027735,0.156478387654863,
0.360192069411632,0.559695190139713,0.625047013177844,0.673946637322089,
0.738640278209108,0.805166059450169,1.),.UNSPECIFIED.);
#239=B_SPLINE_CURVE_WITH_KNOTS('',3,(#5077,#5078,#5079,#5080,#5081,#5082,
#5083),.UNSPECIFIED.,.F.,.F.,(4,1,1,1,4),(0.,0.223399071876182,0.535769017682936,
0.701373975939809,1.),.UNSPECIFIED.);
#240=B_SPLINE_CURVE_WITH_KNOTS('',3,(#5085,#5086,#5087,#5088,#5089,#5090,
#5091,#5092,#5093),.UNSPECIFIED.,.F.,.F.,(4,1,1,1,1,1,4),(0.,0.200550156247474,
0.286789934145619,0.393350562304206,0.703450246539648,0.854402310800615,
1.),.UNSPECIFIED.);
#241=B_SPLINE_CURVE_WITH_KNOTS('',2,(#5107,#5108,#5109),.UNSPECIFIED.,.F.,
 .F.,(3,3),(0.,1.),.PIECEWISE_BEZIER_KNOTS.);
#242=B_SPLINE_CURVE_WITH_KNOTS('',2,(#5111,#5112,#5113),.UNSPECIFIED.,.F.,
 .F.,(3,3),(0.,1.),.PIECEWISE_BEZIER_KNOTS.);
#243=B_SPLINE_CURVE_WITH_KNOTS('',2,(#5125,#5126,#5127),.UNSPECIFIED.,.F.,
 .F.,(3,3),(0.,1.),.PIECEWISE_BEZIER_KNOTS.);
#244=B_SPLINE_CURVE_WITH_KNOTS('',2,(#5135,#5136,#5137),.UNSPECIFIED.,.F.,
 .F.,(3,3),(0.,1.),.PIECEWISE_BEZIER_KNOTS.);
#245=B_SPLINE_CURVE_WITH_KNOTS('',2,(#5143,#5144,#5145),.UNSPECIFIED.,.F.,
 .F.,(3,3),(0.,1.),.PIECEWISE_BEZIER_KNOTS.);
#246=B_SPLINE_CURVE_WITH_KNOTS('',2,(#5147,#5148,#5149),.UNSPECIFIED.,.F.,
 .F.,(3,3),(0.,1.),.PIECEWISE_BEZIER_KNOTS.);
#247=B_SPLINE_CURVE_WITH_KNOTS('',2,(#5159,#5160,#5161),.UNSPECIFIED.,.F.,
 .F.,(3,3),(0.,1.),.PIECEWISE_BEZIER_KNOTS.);
#248=B_SPLINE_CURVE_WITH_KNOTS('',2,(#5163,#5164,#5165),.UNSPECIFIED.,.F.,
 .F.,(3,3),(0.,1.),.PIECEWISE_BEZIER_KNOTS.);
#249=B_SPLINE_CURVE_WITH_KNOTS('',2,(#5167,#5168,#5169),.UNSPECIFIED.,.F.,
 .F.,(3,3),(0.,1.),.PIECEWISE_BEZIER_KNOTS.);
#250=B_SPLINE_CURVE_WITH_KNOTS('',2,(#5171,#5172,#5173),.UNSPECIFIED.,.F.,
 .F.,(3,3),(0.,1.),.PIECEWISE_BEZIER_KNOTS.);
#251=B_SPLINE_CURVE_WITH_KNOTS('',2,(#5185,#5186,#5187),.UNSPECIFIED.,.F.,
 .F.,(3,3),(0.,1.),.PIECEWISE_BEZIER_KNOTS.);
#252=B_SPLINE_CURVE_WITH_KNOTS('',2,(#5189,#5190,#5191),.UNSPECIFIED.,.F.,
 .F.,(3,3),(0.,1.),.PIECEWISE_BEZIER_KNOTS.);
#253=B_SPLINE_CURVE_WITH_KNOTS('',2,(#5209,#5210,#5211),.UNSPECIFIED.,.F.,
 .F.,(3,3),(0.,1.),.PIECEWISE_BEZIER_KNOTS.);
#254=B_SPLINE_CURVE_WITH_KNOTS('',2,(#5213,#5214,#5215),.UNSPECIFIED.,.F.,
 .F.,(3,3),(0.,1.),.PIECEWISE_BEZIER_KNOTS.);
#255=B_SPLINE_CURVE_WITH_KNOTS('',2,(#5217,#5218,#5219),.UNSPECIFIED.,.F.,
 .F.,(3,3),(0.,1.),.PIECEWISE_BEZIER_KNOTS.);
#256=B_SPLINE_CURVE_WITH_KNOTS('',2,(#5221,#5222,#5223),.UNSPECIFIED.,.F.,
 .F.,(3,3),(0.,1.),.PIECEWISE_BEZIER_KNOTS.);
#257=B_SPLINE_CURVE_WITH_KNOTS('',2,(#5225,#5226,#5227),.UNSPECIFIED.,.F.,
 .F.,(3,3),(0.,1.),.PIECEWISE_BEZIER_KNOTS.);
#258=B_SPLINE_CURVE_WITH_KNOTS('',2,(#5229,#5230,#5231),.UNSPECIFIED.,.F.,
 .F.,(3,3),(0.,1.),.PIECEWISE_BEZIER_KNOTS.);
#259=B_SPLINE_CURVE_WITH_KNOTS('',2,(#5237,#5238,#5239),.UNSPECIFIED.,.F.,
 .F.,(3,3),(0.,1.),.PIECEWISE_BEZIER_KNOTS.);
#260=B_SPLINE_CURVE_WITH_KNOTS('',2,(#5241,#5242,#5243),.UNSPECIFIED.,.F.,
 .F.,(3,3),(0.,1.),.PIECEWISE_BEZIER_KNOTS.);
#261=B_SPLINE_CURVE_WITH_KNOTS('',2,(#5259,#5260,#5261),.UNSPECIFIED.,.F.,
 .F.,(3,3),(0.,1.),.PIECEWISE_BEZIER_KNOTS.);
#262=B_SPLINE_CURVE_WITH_KNOTS('',2,(#5263,#5264,#5265),.UNSPECIFIED.,.F.,
 .F.,(3,3),(0.,1.),.PIECEWISE_BEZIER_KNOTS.);
#263=B_SPLINE_CURVE_WITH_KNOTS('',2,(#5267,#5268,#5269),.UNSPECIFIED.,.F.,
 .F.,(3,3),(0.,1.),.PIECEWISE_BEZIER_KNOTS.);
#264=B_SPLINE_CURVE_WITH_KNOTS('',2,(#5287,#5288,#5289),.UNSPECIFIED.,.F.,
 .F.,(3,3),(0.,1.),.PIECEWISE_BEZIER_KNOTS.);
#265=B_SPLINE_CURVE_WITH_KNOTS('',2,(#5291,#5292,#5293),.UNSPECIFIED.,.F.,
 .F.,(3,3),(0.,1.),.PIECEWISE_BEZIER_KNOTS.);
#266=B_SPLINE_CURVE_WITH_KNOTS('',2,(#5295,#5296,#5297),.UNSPECIFIED.,.F.,
 .F.,(3,3),(0.,1.),.PIECEWISE_BEZIER_KNOTS.);
#267=B_SPLINE_CURVE_WITH_KNOTS('',2,(#5298,#5299,#5300),.UNSPECIFIED.,.F.,
 .F.,(3,3),(0.,1.),.PIECEWISE_BEZIER_KNOTS.);
#268=B_SPLINE_CURVE_WITH_KNOTS('',2,(#5307,#5308,#5309),.UNSPECIFIED.,.F.,
 .F.,(3,3),(0.,1.),.PIECEWISE_BEZIER_KNOTS.);
#269=B_SPLINE_CURVE_WITH_KNOTS('',2,(#5311,#5312,#5313),.UNSPECIFIED.,.F.,
 .F.,(3,3),(0.,1.),.PIECEWISE_BEZIER_KNOTS.);
#270=B_SPLINE_CURVE_WITH_KNOTS('',2,(#5315,#5316,#5317),.UNSPECIFIED.,.F.,
 .F.,(3,3),(0.,1.),.PIECEWISE_BEZIER_KNOTS.);
#271=B_SPLINE_CURVE_WITH_KNOTS('',2,(#5341,#5342,#5343),.UNSPECIFIED.,.F.,
 .F.,(3,3),(0.,1.),.PIECEWISE_BEZIER_KNOTS.);
#272=B_SPLINE_CURVE_WITH_KNOTS('',2,(#5344,#5345,#5346),.UNSPECIFIED.,.F.,
 .F.,(3,3),(0.,1.),.PIECEWISE_BEZIER_KNOTS.);
#273=B_SPLINE_CURVE_WITH_KNOTS('',2,(#5349,#5350,#5351),.UNSPECIFIED.,.F.,
 .F.,(3,3),(0.,1.),.PIECEWISE_BEZIER_KNOTS.);
#274=B_SPLINE_CURVE_WITH_KNOTS('',2,(#5353,#5354,#5355),.UNSPECIFIED.,.F.,
 .F.,(3,3),(0.,1.),.PIECEWISE_BEZIER_KNOTS.);
#275=B_SPLINE_CURVE_WITH_KNOTS('',2,(#5361,#5362,#5363),.UNSPECIFIED.,.F.,
 .F.,(3,3),(0.,1.),.PIECEWISE_BEZIER_KNOTS.);
#276=B_SPLINE_CURVE_WITH_KNOTS('',2,(#5365,#5366,#5367),.UNSPECIFIED.,.F.,
 .F.,(3,3),(0.,1.),.PIECEWISE_BEZIER_KNOTS.);
#277=B_SPLINE_CURVE_WITH_KNOTS('',2,(#5369,#5370,#5371),.UNSPECIFIED.,.F.,
 .F.,(3,3),(0.,1.),.PIECEWISE_BEZIER_KNOTS.);
#278=B_SPLINE_CURVE_WITH_KNOTS('',2,(#5385,#5386,#5387),.UNSPECIFIED.,.F.,
 .F.,(3,3),(0.,1.),.PIECEWISE_BEZIER_KNOTS.);
#279=B_SPLINE_CURVE_WITH_KNOTS('',2,(#5389,#5390,#5391),.UNSPECIFIED.,.F.,
 .F.,(3,3),(0.,1.),.PIECEWISE_BEZIER_KNOTS.);
#280=B_SPLINE_CURVE_WITH_KNOTS('',3,(#5517,#5518,#5519,#5520,#5521,#5522,
#5523,#5524,#5525),.UNSPECIFIED.,.F.,.F.,(4,1,1,1,1,1,4),(0.,0.200550156247474,
0.286789934145619,0.393350562304206,0.703450246539648,0.854402310800615,
1.),.UNSPECIFIED.);
#281=B_SPLINE_CURVE_WITH_KNOTS('',3,(#5552,#5553,#5554,#5555,#5556,#5557,
#5558),.UNSPECIFIED.,.F.,.F.,(4,1,1,1,4),(0.,0.223399071876182,0.535769017682936,
0.701373975939809,1.),.UNSPECIFIED.);
#282=B_SPLINE_CURVE_WITH_KNOTS('',3,(#5609,#5610,#5611,#5612,#5613,#5614,
#5615,#5616,#5617,#5618,#5619,#5620,#5621),.UNSPECIFIED.,.F.,.F.,(4,1,1,
1,1,1,1,1,1,1,4),(0.,0.0451847040312562,0.0952137661027735,0.156478387654863,
0.360192069411632,0.559695190139713,0.625047013177844,0.673946637322089,
0.738640278209108,0.805166059450169,1.),.UNSPECIFIED.);
#283=B_SPLINE_CURVE_WITH_KNOTS('',3,(#5636,#5637,#5638,#5639,#5640,#5641),
 .UNSPECIFIED.,.F.,.F.,(4,1,1,4),(0.,0.308219666389462,0.738659016438579,
1.),.UNSPECIFIED.);
#284=B_SPLINE_CURVE_WITH_KNOTS('',3,(#5654,#5655,#5656,#5657,#5658),
 .UNSPECIFIED.,.F.,.F.,(4,1,4),(0.,0.359024764936097,1.),.UNSPECIFIED.);
#285=B_SPLINE_CURVE_WITH_KNOTS('',3,(#5671,#5672,#5673,#5674,#5675,#5676),
 .UNSPECIFIED.,.F.,.F.,(4,1,1,4),(0.,0.339062789852514,0.662083846420359,
0.746271894311498),.UNSPECIFIED.);
#286=B_SPLINE_CURVE_WITH_KNOTS('',3,(#5697,#5698,#5699,#5700,#5701,#5702,
#5703),.UNSPECIFIED.,.F.,.F.,(4,1,1,1,4),(0.,0.190814220220294,0.32769348039316,
0.455894964091087,1.),.UNSPECIFIED.);
#287=B_SPLINE_CURVE_WITH_KNOTS('',3,(#5726,#5727,#5728,#5729,#5730,#5731,
#5732),.UNSPECIFIED.,.F.,.F.,(4,1,1,1,4),(0.,0.116112883074556,0.205979874940312,
0.314413364083777,0.66222108861353),.UNSPECIFIED.);
#288=B_SPLINE_CURVE_WITH_KNOTS('',3,(#5755,#5756,#5757,#5758,#5759,#5760,
#5761),.UNSPECIFIED.,.F.,.F.,(4,1,1,1,4),(0.,0.116112883074556,0.205979874940312,
0.314413364083777,0.66222108861353),.UNSPECIFIED.);
#289=B_SPLINE_CURVE_WITH_KNOTS('',3,(#5782,#5783,#5784,#5785,#5786,#5787,
#5788),.UNSPECIFIED.,.F.,.F.,(4,1,1,1,4),(0.,0.190814220220294,0.32769348039316,
0.455894964091087,1.),.UNSPECIFIED.);
#290=B_SPLINE_CURVE_WITH_KNOTS('',3,(#5801,#5802,#5803,#5804,#5805,#5806),
 .UNSPECIFIED.,.F.,.F.,(4,1,1,4),(0.,0.339062789852514,0.662083846420359,
0.74627189592238),.UNSPECIFIED.);
#291=B_SPLINE_CURVE_WITH_KNOTS('',3,(#5819,#5820,#5821,#5822,#5823),
 .UNSPECIFIED.,.F.,.F.,(4,1,4),(0.,0.359024764936097,1.),.UNSPECIFIED.);
#292=B_SPLINE_CURVE_WITH_KNOTS('',3,(#5838,#5839,#5840,#5841,#5842,#5843),
 .UNSPECIFIED.,.F.,.F.,(4,1,1,4),(0.,0.308219666389462,0.738659016438579,
1.),.UNSPECIFIED.);
#293=B_SPLINE_CURVE_WITH_KNOTS('',3,(#5894,#5895,#5896,#5897,#5898,#5899,
#5900,#5901,#5902,#5903,#5904,#5905,#5906),.UNSPECIFIED.,.F.,.F.,(4,1,1,
1,1,1,1,1,1,1,4),(0.,0.0451847040312562,0.0952137661027735,0.156478387654863,
0.360192069411632,0.559695190139713,0.625047013177844,0.673946637322089,
0.738640278209108,0.805166059450169,1.),.UNSPECIFIED.);
#294=B_SPLINE_CURVE_WITH_KNOTS('',3,(#5933,#5934,#5935,#5936,#5937,#5938,
#5939),.UNSPECIFIED.,.F.,.F.,(4,1,1,1,4),(0.,0.22339907187618,0.535769017682933,
0.701373975939811,1.),.UNSPECIFIED.);
#295=B_SPLINE_CURVE_WITH_KNOTS('',3,(#5974,#5975,#5976,#5977,#5978,#5979,
#5980,#5981,#5982),.UNSPECIFIED.,.F.,.F.,(4,1,1,1,1,1,4),(0.,0.200550156247474,
0.286789934145619,0.393350562304206,0.703450246539648,0.854402310800615,
1.),.UNSPECIFIED.);
#296=B_SPLINE_CURVE_WITH_KNOTS('',3,(#6005,#6006,#6007,#6008,#6009),
 .UNSPECIFIED.,.F.,.F.,(4,1,4),(0.,0.246939318199977,0.280852407838981),
 .UNSPECIFIED.);
#297=B_SPLINE_CURVE_WITH_KNOTS('',3,(#6026,#6027,#6028,#6029,#6030,#6031,
#6032),.UNSPECIFIED.,.F.,.F.,(4,1,1,1,4),(0.,0.220947077882225,0.449962371976926,
0.69252131238223,1.),.UNSPECIFIED.);
#298=B_SPLINE_CURVE_WITH_KNOTS('',3,(#6061,#6062,#6063,#6064,#6065,#6066,
#6067),.UNSPECIFIED.,.F.,.F.,(4,1,1,1,4),(0.,0.220947077882225,0.449962371976926,
0.69252131238223,1.),.UNSPECIFIED.);
#299=B_SPLINE_CURVE_WITH_KNOTS('',3,(#6078,#6079,#6080,#6081,#6082),
 .UNSPECIFIED.,.F.,.F.,(4,1,4),(0.,0.246939318199977,0.280852407838494),
 .UNSPECIFIED.);
#300=B_SPLINE_CURVE_WITH_KNOTS('',2,(#6096,#6097,#6098),.UNSPECIFIED.,.F.,
 .F.,(3,3),(0.,1.),.PIECEWISE_BEZIER_KNOTS.);
#301=B_SPLINE_CURVE_WITH_KNOTS('',2,(#6119,#6120,#6121),.UNSPECIFIED.,.F.,
 .F.,(3,3),(0.,1.),.PIECEWISE_BEZIER_KNOTS.);
#302=B_SPLINE_CURVE_WITH_KNOTS('',2,(#6132,#6133,#6134),.UNSPECIFIED.,.F.,
 .F.,(3,3),(0.,1.),.PIECEWISE_BEZIER_KNOTS.);
#303=B_SPLINE_CURVE_WITH_KNOTS('',2,(#6145,#6146,#6147),.UNSPECIFIED.,.F.,
 .F.,(3,3),(0.,1.),.PIECEWISE_BEZIER_KNOTS.);
#304=B_SPLINE_CURVE_WITH_KNOTS('',2,(#6158,#6159,#6160),.UNSPECIFIED.,.F.,
 .F.,(3,3),(0.,1.),.PIECEWISE_BEZIER_KNOTS.);
#305=B_SPLINE_CURVE_WITH_KNOTS('',2,(#6187,#6188,#6189),.UNSPECIFIED.,.F.,
 .F.,(3,3),(0.,1.),.PIECEWISE_BEZIER_KNOTS.);
#306=B_SPLINE_CURVE_WITH_KNOTS('',2,(#6200,#6201,#6202),.UNSPECIFIED.,.F.,
 .F.,(3,3),(0.,1.),.PIECEWISE_BEZIER_KNOTS.);
#307=B_SPLINE_CURVE_WITH_KNOTS('',2,(#6221,#6222,#6223),.UNSPECIFIED.,.F.,
 .F.,(3,3),(0.,1.),.PIECEWISE_BEZIER_KNOTS.);
#308=B_SPLINE_CURVE_WITH_KNOTS('',2,(#6246,#6247,#6248),.UNSPECIFIED.,.F.,
 .F.,(3,3),(0.,1.),.PIECEWISE_BEZIER_KNOTS.);
#309=B_SPLINE_CURVE_WITH_KNOTS('',2,(#6277,#6278,#6279),.UNSPECIFIED.,.F.,
 .F.,(3,3),(0.,1.),.PIECEWISE_BEZIER_KNOTS.);
#310=B_SPLINE_CURVE_WITH_KNOTS('',2,(#6329,#6330,#6331),.UNSPECIFIED.,.F.,
 .F.,(3,3),(0.,1.),.PIECEWISE_BEZIER_KNOTS.);
#311=B_SPLINE_CURVE_WITH_KNOTS('',2,(#6342,#6343,#6344),.UNSPECIFIED.,.F.,
 .F.,(3,3),(0.,1.),.PIECEWISE_BEZIER_KNOTS.);
#312=B_SPLINE_CURVE_WITH_KNOTS('',2,(#6362,#6363,#6364),.UNSPECIFIED.,.F.,
 .F.,(3,3),(0.,1.),.PIECEWISE_BEZIER_KNOTS.);
#313=B_SPLINE_CURVE_WITH_KNOTS('',2,(#6397,#6398,#6399),.UNSPECIFIED.,.F.,
 .F.,(3,3),(0.,1.),.PIECEWISE_BEZIER_KNOTS.);
#314=B_SPLINE_CURVE_WITH_KNOTS('',2,(#6410,#6411,#6412),.UNSPECIFIED.,.F.,
 .F.,(3,3),(0.,1.),.PIECEWISE_BEZIER_KNOTS.);
#315=B_SPLINE_CURVE_WITH_KNOTS('',2,(#6431,#6432,#6433),.UNSPECIFIED.,.F.,
 .F.,(3,3),(0.,1.),.PIECEWISE_BEZIER_KNOTS.);
#316=B_SPLINE_CURVE_WITH_KNOTS('',2,(#6444,#6445,#6446),.UNSPECIFIED.,.F.,
 .F.,(3,3),(0.,1.),.PIECEWISE_BEZIER_KNOTS.);
#317=B_SPLINE_CURVE_WITH_KNOTS('',2,(#6457,#6458,#6459),.UNSPECIFIED.,.F.,
 .F.,(3,3),(0.,1.),.PIECEWISE_BEZIER_KNOTS.);
#318=B_SPLINE_CURVE_WITH_KNOTS('',2,(#6470,#6471,#6472),.UNSPECIFIED.,.F.,
 .F.,(3,3),(0.,1.),.PIECEWISE_BEZIER_KNOTS.);
#319=B_SPLINE_CURVE_WITH_KNOTS('',2,(#6481,#6482,#6483),.UNSPECIFIED.,.F.,
 .F.,(3,3),(0.,1.),.PIECEWISE_BEZIER_KNOTS.);
#320=B_SPLINE_CURVE_WITH_KNOTS('',2,(#6488,#6489,#6490),.UNSPECIFIED.,.F.,
 .F.,(3,3),(0.,1.),.PIECEWISE_BEZIER_KNOTS.);
#321=B_SPLINE_CURVE_WITH_KNOTS('',2,(#6501,#6502,#6503),.UNSPECIFIED.,.F.,
 .F.,(3,3),(0.,1.),.PIECEWISE_BEZIER_KNOTS.);
#322=B_SPLINE_CURVE_WITH_KNOTS('',2,(#6507,#6508,#6509),.UNSPECIFIED.,.F.,
 .F.,(3,3),(0.,1.),.PIECEWISE_BEZIER_KNOTS.);
#323=B_SPLINE_CURVE_WITH_KNOTS('',2,(#6518,#6519,#6520),.UNSPECIFIED.,.F.,
 .F.,(3,3),(0.,1.),.PIECEWISE_BEZIER_KNOTS.);
#324=B_SPLINE_CURVE_WITH_KNOTS('',2,(#6524,#6525,#6526),.UNSPECIFIED.,.F.,
 .F.,(3,3),(0.,1.),.PIECEWISE_BEZIER_KNOTS.);
#325=B_SPLINE_CURVE_WITH_KNOTS('',2,(#6541,#6542,#6543),.UNSPECIFIED.,.F.,
 .F.,(3,3),(0.,1.),.PIECEWISE_BEZIER_KNOTS.);
#326=B_SPLINE_CURVE_WITH_KNOTS('',2,(#6544,#6545,#6546),.UNSPECIFIED.,.F.,
 .F.,(3,3),(0.,1.),.PIECEWISE_BEZIER_KNOTS.);
#327=B_SPLINE_CURVE_WITH_KNOTS('',2,(#6555,#6556,#6557),.UNSPECIFIED.,.F.,
 .F.,(3,3),(0.,1.),.PIECEWISE_BEZIER_KNOTS.);
#328=B_SPLINE_CURVE_WITH_KNOTS('',2,(#6580,#6581,#6582),.UNSPECIFIED.,.F.,
 .F.,(3,3),(0.,1.),.PIECEWISE_BEZIER_KNOTS.);
#329=B_SPLINE_CURVE_WITH_KNOTS('',2,(#6593,#6594,#6595),.UNSPECIFIED.,.F.,
 .F.,(3,3),(0.,1.),.PIECEWISE_BEZIER_KNOTS.);
#330=B_SPLINE_CURVE_WITH_KNOTS('',2,(#6606,#6607,#6608),.UNSPECIFIED.,.F.,
 .F.,(3,3),(0.,1.),.PIECEWISE_BEZIER_KNOTS.);
#331=B_SPLINE_CURVE_WITH_KNOTS('',2,(#6651,#6652,#6653),.UNSPECIFIED.,.F.,
 .F.,(3,3),(0.,1.),.PIECEWISE_BEZIER_KNOTS.);
#332=B_SPLINE_CURVE_WITH_KNOTS('',2,(#6664,#6665,#6666),.UNSPECIFIED.,.F.,
 .F.,(3,3),(0.,1.),.PIECEWISE_BEZIER_KNOTS.);
#333=B_SPLINE_CURVE_WITH_KNOTS('',2,(#6677,#6678,#6679),.UNSPECIFIED.,.F.,
 .F.,(3,3),(0.,1.),.PIECEWISE_BEZIER_KNOTS.);
#334=B_SPLINE_CURVE_WITH_KNOTS('',2,(#6699,#6700,#6701),.UNSPECIFIED.,.F.,
 .F.,(3,3),(0.,1.),.PIECEWISE_BEZIER_KNOTS.);
#335=B_SPLINE_CURVE_WITH_KNOTS('',2,(#6712,#6713,#6714),.UNSPECIFIED.,.F.,
 .F.,(3,3),(0.,1.),.PIECEWISE_BEZIER_KNOTS.);
#336=B_SPLINE_CURVE_WITH_KNOTS('',2,(#6769,#6770,#6771),.UNSPECIFIED.,.F.,
 .F.,(3,3),(0.,1.),.PIECEWISE_BEZIER_KNOTS.);
#337=B_SPLINE_CURVE_WITH_KNOTS('',2,(#6782,#6783,#6784),.UNSPECIFIED.,.F.,
 .F.,(3,3),(0.,1.),.PIECEWISE_BEZIER_KNOTS.);
#338=B_SPLINE_CURVE_WITH_KNOTS('',2,(#6795,#6796,#6797),.UNSPECIFIED.,.F.,
 .F.,(3,3),(0.,1.),.PIECEWISE_BEZIER_KNOTS.);
#339=B_SPLINE_CURVE_WITH_KNOTS('',2,(#6811,#6812,#6813),.UNSPECIFIED.,.F.,
 .F.,(3,3),(0.,1.),.PIECEWISE_BEZIER_KNOTS.);
#340=B_SPLINE_CURVE_WITH_KNOTS('',2,(#6826,#6827,#6828),.UNSPECIFIED.,.F.,
 .F.,(3,3),(0.,1.),.PIECEWISE_BEZIER_KNOTS.);
#341=B_SPLINE_CURVE_WITH_KNOTS('',2,(#6847,#6848,#6849),.UNSPECIFIED.,.F.,
 .F.,(3,3),(0.,1.),.PIECEWISE_BEZIER_KNOTS.);
#342=B_SPLINE_CURVE_WITH_KNOTS('',2,(#6860,#6861,#6862),.UNSPECIFIED.,.F.,
 .F.,(3,3),(0.,1.),.PIECEWISE_BEZIER_KNOTS.);
#343=B_SPLINE_CURVE_WITH_KNOTS('',2,(#6873,#6874,#6875),.UNSPECIFIED.,.F.,
 .F.,(3,3),(0.,1.),.PIECEWISE_BEZIER_KNOTS.);
#344=B_SPLINE_CURVE_WITH_KNOTS('',2,(#6892,#6893,#6894),.UNSPECIFIED.,.F.,
 .F.,(3,3),(0.,1.),.PIECEWISE_BEZIER_KNOTS.);
#345=B_SPLINE_CURVE_WITH_KNOTS('',2,(#6899,#6900,#6901),.UNSPECIFIED.,.F.,
 .F.,(3,3),(0.,1.),.PIECEWISE_BEZIER_KNOTS.);
#346=B_SPLINE_CURVE_WITH_KNOTS('',2,(#6912,#6913,#6914),.UNSPECIFIED.,.F.,
 .F.,(3,3),(0.,1.),.PIECEWISE_BEZIER_KNOTS.);
#347=B_SPLINE_CURVE_WITH_KNOTS('',2,(#6918,#6919,#6920),.UNSPECIFIED.,.F.,
 .F.,(3,3),(0.,1.),.PIECEWISE_BEZIER_KNOTS.);
#348=B_SPLINE_CURVE_WITH_KNOTS('',2,(#6929,#6930,#6931),.UNSPECIFIED.,.F.,
 .F.,(3,3),(0.,1.),.PIECEWISE_BEZIER_KNOTS.);
#349=B_SPLINE_CURVE_WITH_KNOTS('',2,(#6935,#6936,#6937),.UNSPECIFIED.,.F.,
 .F.,(3,3),(0.,1.),.PIECEWISE_BEZIER_KNOTS.);
#350=B_SPLINE_CURVE_WITH_KNOTS('',2,(#6946,#6947,#6948),.UNSPECIFIED.,.F.,
 .F.,(3,3),(0.,1.),.PIECEWISE_BEZIER_KNOTS.);
#351=B_SPLINE_CURVE_WITH_KNOTS('',2,(#6952,#6953,#6954),.UNSPECIFIED.,.F.,
 .F.,(3,3),(0.,1.),.PIECEWISE_BEZIER_KNOTS.);
#352=B_SPLINE_CURVE_WITH_KNOTS('',2,(#6963,#6964,#6965),.UNSPECIFIED.,.F.,
 .F.,(3,3),(0.,1.),.PIECEWISE_BEZIER_KNOTS.);
#353=B_SPLINE_CURVE_WITH_KNOTS('',2,(#6969,#6970,#6971),.UNSPECIFIED.,.F.,
 .F.,(3,3),(0.,1.),.PIECEWISE_BEZIER_KNOTS.);
#354=B_SPLINE_CURVE_WITH_KNOTS('',2,(#6980,#6981,#6982),.UNSPECIFIED.,.F.,
 .F.,(3,3),(0.,1.),.PIECEWISE_BEZIER_KNOTS.);
#355=B_SPLINE_CURVE_WITH_KNOTS('',2,(#6986,#6987,#6988),.UNSPECIFIED.,.F.,
 .F.,(3,3),(0.,1.),.PIECEWISE_BEZIER_KNOTS.);
#356=B_SPLINE_CURVE_WITH_KNOTS('',2,(#6997,#6998,#6999),.UNSPECIFIED.,.F.,
 .F.,(3,3),(0.,1.),.PIECEWISE_BEZIER_KNOTS.);
#357=B_SPLINE_CURVE_WITH_KNOTS('',2,(#7003,#7004,#7005),.UNSPECIFIED.,.F.,
 .F.,(3,3),(0.,1.),.PIECEWISE_BEZIER_KNOTS.);
#358=B_SPLINE_CURVE_WITH_KNOTS('',2,(#7014,#7015,#7016),.UNSPECIFIED.,.F.,
 .F.,(3,3),(0.,1.),.PIECEWISE_BEZIER_KNOTS.);
#359=B_SPLINE_CURVE_WITH_KNOTS('',2,(#7017,#7018,#7019),.UNSPECIFIED.,.F.,
 .F.,(3,3),(0.,1.),.PIECEWISE_BEZIER_KNOTS.);
#360=B_SPLINE_CURVE_WITH_KNOTS('',2,(#7028,#7029,#7030),.UNSPECIFIED.,.F.,
 .F.,(3,3),(0.,1.),.PIECEWISE_BEZIER_KNOTS.);
#361=B_SPLINE_CURVE_WITH_KNOTS('',2,(#7081,#7082,#7083),.UNSPECIFIED.,.F.,
 .F.,(3,3),(0.,1.),.PIECEWISE_BEZIER_KNOTS.);
#362=B_SPLINE_CURVE_WITH_KNOTS('',2,(#7094,#7095,#7096),.UNSPECIFIED.,.F.,
 .F.,(3,3),(0.,1.),.PIECEWISE_BEZIER_KNOTS.);
#363=B_SPLINE_CURVE_WITH_KNOTS('',2,(#7127,#7128,#7129),.UNSPECIFIED.,.F.,
 .F.,(3,3),(0.,1.),.PIECEWISE_BEZIER_KNOTS.);
#364=B_SPLINE_CURVE_WITH_KNOTS('',2,(#7133,#7134,#7135),.UNSPECIFIED.,.F.,
 .F.,(3,3),(0.,1.),.PIECEWISE_BEZIER_KNOTS.);
#365=B_SPLINE_CURVE_WITH_KNOTS('',2,(#7144,#7145,#7146),.UNSPECIFIED.,.F.,
 .F.,(3,3),(0.,1.),.PIECEWISE_BEZIER_KNOTS.);
#366=B_SPLINE_CURVE_WITH_KNOTS('',2,(#7150,#7151,#7152),.UNSPECIFIED.,.F.,
 .F.,(3,3),(0.,1.),.PIECEWISE_BEZIER_KNOTS.);
#367=B_SPLINE_CURVE_WITH_KNOTS('',2,(#7161,#7162,#7163),.UNSPECIFIED.,.F.,
 .F.,(3,3),(0.,1.),.PIECEWISE_BEZIER_KNOTS.);
#368=B_SPLINE_CURVE_WITH_KNOTS('',2,(#7167,#7168,#7169),.UNSPECIFIED.,.F.,
 .F.,(3,3),(0.,1.),.PIECEWISE_BEZIER_KNOTS.);
#369=B_SPLINE_CURVE_WITH_KNOTS('',2,(#7199,#7200,#7201),.UNSPECIFIED.,.F.,
 .F.,(3,3),(0.,1.),.PIECEWISE_BEZIER_KNOTS.);
#370=B_SPLINE_CURVE_WITH_KNOTS('',2,(#7205,#7206,#7207),.UNSPECIFIED.,.F.,
 .F.,(3,3),(0.,1.),.PIECEWISE_BEZIER_KNOTS.);
#371=B_SPLINE_CURVE_WITH_KNOTS('',2,(#7216,#7217,#7218),.UNSPECIFIED.,.F.,
 .F.,(3,3),(0.,1.),.PIECEWISE_BEZIER_KNOTS.);
#372=B_SPLINE_CURVE_WITH_KNOTS('',2,(#7222,#7223,#7224),.UNSPECIFIED.,.F.,
 .F.,(3,3),(0.,1.),.PIECEWISE_BEZIER_KNOTS.);
#373=B_SPLINE_CURVE_WITH_KNOTS('',2,(#7233,#7234,#7235),.UNSPECIFIED.,.F.,
 .F.,(3,3),(0.,1.),.PIECEWISE_BEZIER_KNOTS.);
#374=B_SPLINE_CURVE_WITH_KNOTS('',2,(#7239,#7240,#7241),.UNSPECIFIED.,.F.,
 .F.,(3,3),(0.,1.),.PIECEWISE_BEZIER_KNOTS.);
#375=B_SPLINE_CURVE_WITH_KNOTS('',2,(#7266,#7267,#7268),.UNSPECIFIED.,.F.,
 .F.,(3,3),(0.,1.),.PIECEWISE_BEZIER_KNOTS.);
#376=B_SPLINE_CURVE_WITH_KNOTS('',2,(#7279,#7280,#7281),.UNSPECIFIED.,.F.,
 .F.,(3,3),(0.,1.),.PIECEWISE_BEZIER_KNOTS.);
#377=B_SPLINE_CURVE_WITH_KNOTS('',2,(#7292,#7293,#7294),.UNSPECIFIED.,.F.,
 .F.,(3,3),(0.,1.),.PIECEWISE_BEZIER_KNOTS.);
#378=B_SPLINE_CURVE_WITH_KNOTS('',2,(#7305,#7306,#7307),.UNSPECIFIED.,.F.,
 .F.,(3,3),(0.,1.),.PIECEWISE_BEZIER_KNOTS.);
#379=B_SPLINE_CURVE_WITH_KNOTS('',2,(#7326,#7327,#7328),.UNSPECIFIED.,.F.,
 .F.,(3,3),(0.,1.),.PIECEWISE_BEZIER_KNOTS.);
#380=B_SPLINE_CURVE_WITH_KNOTS('',2,(#7339,#7340,#7341),.UNSPECIFIED.,.F.,
 .F.,(3,3),(0.,1.),.PIECEWISE_BEZIER_KNOTS.);
#381=B_SPLINE_CURVE_WITH_KNOTS('',2,(#7350,#7351,#7352),.UNSPECIFIED.,.F.,
 .F.,(3,3),(0.,1.),.PIECEWISE_BEZIER_KNOTS.);
#382=B_SPLINE_CURVE_WITH_KNOTS('',2,(#7353,#7354,#7355),.UNSPECIFIED.,.F.,
 .F.,(3,3),(0.,1.),.PIECEWISE_BEZIER_KNOTS.);
#383=B_SPLINE_CURVE_WITH_KNOTS('',2,(#7364,#7365,#7366),.UNSPECIFIED.,.F.,
 .F.,(3,3),(0.,1.),.PIECEWISE_BEZIER_KNOTS.);
#384=ORIENTED_EDGE('',*,*,#1530,.T.);
#385=ORIENTED_EDGE('',*,*,#1531,.T.);
#386=ORIENTED_EDGE('',*,*,#1532,.T.);
#387=ORIENTED_EDGE('',*,*,#1533,.T.);
#388=ORIENTED_EDGE('',*,*,#1534,.T.);
#389=ORIENTED_EDGE('',*,*,#1535,.T.);
#390=ORIENTED_EDGE('',*,*,#1536,.T.);
#391=ORIENTED_EDGE('',*,*,#1537,.T.);
#392=ORIENTED_EDGE('',*,*,#1538,.T.);
#393=ORIENTED_EDGE('',*,*,#1539,.T.);
#394=ORIENTED_EDGE('',*,*,#1540,.T.);
#395=ORIENTED_EDGE('',*,*,#1541,.T.);
#396=ORIENTED_EDGE('',*,*,#1542,.F.);
#397=ORIENTED_EDGE('',*,*,#1543,.T.);
#398=ORIENTED_EDGE('',*,*,#1544,.T.);
#399=ORIENTED_EDGE('',*,*,#1545,.F.);
#400=ORIENTED_EDGE('',*,*,#1546,.F.);
#401=ORIENTED_EDGE('',*,*,#1547,.F.);
#402=ORIENTED_EDGE('',*,*,#1548,.T.);
#403=ORIENTED_EDGE('',*,*,#1549,.T.);
#404=ORIENTED_EDGE('',*,*,#1550,.F.);
#405=ORIENTED_EDGE('',*,*,#1551,.F.);
#406=ORIENTED_EDGE('',*,*,#1552,.T.);
#407=ORIENTED_EDGE('',*,*,#1553,.T.);
#408=ORIENTED_EDGE('',*,*,#1554,.F.);
#409=ORIENTED_EDGE('',*,*,#1555,.F.);
#410=ORIENTED_EDGE('',*,*,#1556,.F.);
#411=ORIENTED_EDGE('',*,*,#1557,.F.);
#412=ORIENTED_EDGE('',*,*,#1558,.F.);
#413=ORIENTED_EDGE('',*,*,#1559,.T.);
#414=ORIENTED_EDGE('',*,*,#1560,.T.);
#415=ORIENTED_EDGE('',*,*,#1561,.T.);
#416=ORIENTED_EDGE('',*,*,#1562,.F.);
#417=ORIENTED_EDGE('',*,*,#1563,.F.);
#418=ORIENTED_EDGE('',*,*,#1564,.F.);
#419=ORIENTED_EDGE('',*,*,#1565,.T.);
#420=ORIENTED_EDGE('',*,*,#1566,.T.);
#421=ORIENTED_EDGE('',*,*,#1567,.T.);
#422=ORIENTED_EDGE('',*,*,#1568,.T.);
#423=ORIENTED_EDGE('',*,*,#1569,.T.);
#424=ORIENTED_EDGE('',*,*,#1570,.F.);
#425=ORIENTED_EDGE('',*,*,#1571,.F.);
#426=ORIENTED_EDGE('',*,*,#1572,.T.);
#427=ORIENTED_EDGE('',*,*,#1573,.T.);
#428=ORIENTED_EDGE('',*,*,#1574,.F.);
#429=ORIENTED_EDGE('',*,*,#1575,.T.);
#430=ORIENTED_EDGE('',*,*,#1576,.T.);
#431=ORIENTED_EDGE('',*,*,#1577,.T.);
#432=ORIENTED_EDGE('',*,*,#1578,.T.);
#433=ORIENTED_EDGE('',*,*,#1579,.T.);
#434=ORIENTED_EDGE('',*,*,#1580,.T.);
#435=ORIENTED_EDGE('',*,*,#1581,.T.);
#436=ORIENTED_EDGE('',*,*,#1582,.T.);
#437=ORIENTED_EDGE('',*,*,#1583,.T.);
#438=ORIENTED_EDGE('',*,*,#1584,.T.);
#439=ORIENTED_EDGE('',*,*,#1585,.T.);
#440=ORIENTED_EDGE('',*,*,#1586,.T.);
#441=ORIENTED_EDGE('',*,*,#1587,.T.);
#442=ORIENTED_EDGE('',*,*,#1588,.T.);
#443=ORIENTED_EDGE('',*,*,#1589,.T.);
#444=ORIENTED_EDGE('',*,*,#1590,.T.);
#445=ORIENTED_EDGE('',*,*,#1591,.T.);
#446=ORIENTED_EDGE('',*,*,#1592,.T.);
#447=ORIENTED_EDGE('',*,*,#1593,.T.);
#448=ORIENTED_EDGE('',*,*,#1594,.T.);
#449=ORIENTED_EDGE('',*,*,#1595,.T.);
#450=ORIENTED_EDGE('',*,*,#1596,.T.);
#451=ORIENTED_EDGE('',*,*,#1597,.T.);
#452=ORIENTED_EDGE('',*,*,#1598,.T.);
#453=ORIENTED_EDGE('',*,*,#1599,.T.);
#454=ORIENTED_EDGE('',*,*,#1600,.T.);
#455=ORIENTED_EDGE('',*,*,#1601,.T.);
#456=ORIENTED_EDGE('',*,*,#1602,.T.);
#457=ORIENTED_EDGE('',*,*,#1603,.T.);
#458=ORIENTED_EDGE('',*,*,#1604,.T.);
#459=ORIENTED_EDGE('',*,*,#1605,.T.);
#460=ORIENTED_EDGE('',*,*,#1606,.T.);
#461=ORIENTED_EDGE('',*,*,#1607,.T.);
#462=ORIENTED_EDGE('',*,*,#1608,.T.);
#463=ORIENTED_EDGE('',*,*,#1609,.T.);
#464=ORIENTED_EDGE('',*,*,#1610,.T.);
#465=ORIENTED_EDGE('',*,*,#1611,.T.);
#466=ORIENTED_EDGE('',*,*,#1612,.T.);
#467=ORIENTED_EDGE('',*,*,#1613,.T.);
#468=ORIENTED_EDGE('',*,*,#1614,.T.);
#469=ORIENTED_EDGE('',*,*,#1615,.T.);
#470=ORIENTED_EDGE('',*,*,#1616,.T.);
#471=ORIENTED_EDGE('',*,*,#1617,.T.);
#472=ORIENTED_EDGE('',*,*,#1618,.T.);
#473=ORIENTED_EDGE('',*,*,#1619,.T.);
#474=ORIENTED_EDGE('',*,*,#1620,.T.);
#475=ORIENTED_EDGE('',*,*,#1621,.T.);
#476=ORIENTED_EDGE('',*,*,#1622,.T.);
#477=ORIENTED_EDGE('',*,*,#1623,.T.);
#478=ORIENTED_EDGE('',*,*,#1624,.T.);
#479=ORIENTED_EDGE('',*,*,#1625,.T.);
#480=ORIENTED_EDGE('',*,*,#1626,.T.);
#481=ORIENTED_EDGE('',*,*,#1627,.T.);
#482=ORIENTED_EDGE('',*,*,#1628,.T.);
#483=ORIENTED_EDGE('',*,*,#1629,.T.);
#484=ORIENTED_EDGE('',*,*,#1630,.T.);
#485=ORIENTED_EDGE('',*,*,#1631,.T.);
#486=ORIENTED_EDGE('',*,*,#1632,.T.);
#487=ORIENTED_EDGE('',*,*,#1633,.T.);
#488=ORIENTED_EDGE('',*,*,#1634,.T.);
#489=ORIENTED_EDGE('',*,*,#1635,.T.);
#490=ORIENTED_EDGE('',*,*,#1636,.T.);
#491=ORIENTED_EDGE('',*,*,#1637,.T.);
#492=ORIENTED_EDGE('',*,*,#1638,.T.);
#493=ORIENTED_EDGE('',*,*,#1639,.T.);
#494=ORIENTED_EDGE('',*,*,#1640,.T.);
#495=ORIENTED_EDGE('',*,*,#1641,.T.);
#496=ORIENTED_EDGE('',*,*,#1642,.T.);
#497=ORIENTED_EDGE('',*,*,#1643,.T.);
#498=ORIENTED_EDGE('',*,*,#1644,.T.);
#499=ORIENTED_EDGE('',*,*,#1645,.T.);
#500=ORIENTED_EDGE('',*,*,#1646,.T.);
#501=ORIENTED_EDGE('',*,*,#1647,.T.);
#502=ORIENTED_EDGE('',*,*,#1648,.T.);
#503=ORIENTED_EDGE('',*,*,#1649,.T.);
#504=ORIENTED_EDGE('',*,*,#1650,.T.);
#505=ORIENTED_EDGE('',*,*,#1651,.T.);
#506=ORIENTED_EDGE('',*,*,#1652,.T.);
#507=ORIENTED_EDGE('',*,*,#1653,.T.);
#508=ORIENTED_EDGE('',*,*,#1654,.T.);
#509=ORIENTED_EDGE('',*,*,#1655,.T.);
#510=ORIENTED_EDGE('',*,*,#1656,.T.);
#511=ORIENTED_EDGE('',*,*,#1657,.T.);
#512=ORIENTED_EDGE('',*,*,#1658,.T.);
#513=ORIENTED_EDGE('',*,*,#1659,.T.);
#514=ORIENTED_EDGE('',*,*,#1660,.T.);
#515=ORIENTED_EDGE('',*,*,#1661,.T.);
#516=ORIENTED_EDGE('',*,*,#1662,.T.);
#517=ORIENTED_EDGE('',*,*,#1663,.T.);
#518=ORIENTED_EDGE('',*,*,#1664,.T.);
#519=ORIENTED_EDGE('',*,*,#1665,.T.);
#520=ORIENTED_EDGE('',*,*,#1666,.T.);
#521=ORIENTED_EDGE('',*,*,#1667,.T.);
#522=ORIENTED_EDGE('',*,*,#1668,.T.);
#523=ORIENTED_EDGE('',*,*,#1669,.T.);
#524=ORIENTED_EDGE('',*,*,#1670,.T.);
#525=ORIENTED_EDGE('',*,*,#1671,.T.);
#526=ORIENTED_EDGE('',*,*,#1672,.T.);
#527=ORIENTED_EDGE('',*,*,#1673,.T.);
#528=ORIENTED_EDGE('',*,*,#1674,.T.);
#529=ORIENTED_EDGE('',*,*,#1675,.T.);
#530=ORIENTED_EDGE('',*,*,#1676,.T.);
#531=ORIENTED_EDGE('',*,*,#1677,.T.);
#532=ORIENTED_EDGE('',*,*,#1678,.T.);
#533=ORIENTED_EDGE('',*,*,#1679,.T.);
#534=ORIENTED_EDGE('',*,*,#1680,.T.);
#535=ORIENTED_EDGE('',*,*,#1681,.T.);
#536=ORIENTED_EDGE('',*,*,#1682,.T.);
#537=ORIENTED_EDGE('',*,*,#1683,.T.);
#538=ORIENTED_EDGE('',*,*,#1684,.T.);
#539=ORIENTED_EDGE('',*,*,#1685,.T.);
#540=ORIENTED_EDGE('',*,*,#1686,.T.);
#541=ORIENTED_EDGE('',*,*,#1687,.F.);
#542=ORIENTED_EDGE('',*,*,#1688,.T.);
#543=ORIENTED_EDGE('',*,*,#1689,.T.);
#544=ORIENTED_EDGE('',*,*,#1690,.F.);
#545=ORIENTED_EDGE('',*,*,#1691,.T.);
#546=ORIENTED_EDGE('',*,*,#1692,.T.);
#547=ORIENTED_EDGE('',*,*,#1693,.F.);
#548=ORIENTED_EDGE('',*,*,#1694,.F.);
#549=ORIENTED_EDGE('',*,*,#1691,.F.);
#550=ORIENTED_EDGE('',*,*,#1695,.F.);
#551=ORIENTED_EDGE('',*,*,#1696,.T.);
#552=ORIENTED_EDGE('',*,*,#1697,.T.);
#553=ORIENTED_EDGE('',*,*,#1694,.T.);
#554=ORIENTED_EDGE('',*,*,#1698,.F.);
#555=ORIENTED_EDGE('',*,*,#1699,.F.);
#556=ORIENTED_EDGE('',*,*,#1695,.T.);
#557=ORIENTED_EDGE('',*,*,#1693,.T.);
#558=ORIENTED_EDGE('',*,*,#1700,.F.);
#559=ORIENTED_EDGE('',*,*,#1701,.F.);
#560=ORIENTED_EDGE('',*,*,#1698,.T.);
#561=ORIENTED_EDGE('',*,*,#1692,.F.);
#562=ORIENTED_EDGE('',*,*,#1697,.F.);
#563=ORIENTED_EDGE('',*,*,#1702,.T.);
#564=ORIENTED_EDGE('',*,*,#1700,.T.);
#565=ORIENTED_EDGE('',*,*,#1696,.F.);
#566=ORIENTED_EDGE('',*,*,#1699,.T.);
#567=ORIENTED_EDGE('',*,*,#1701,.T.);
#568=ORIENTED_EDGE('',*,*,#1702,.F.);
#569=ORIENTED_EDGE('',*,*,#1572,.F.);
#570=ORIENTED_EDGE('',*,*,#1703,.F.);
#571=ORIENTED_EDGE('',*,*,#1704,.T.);
#572=ORIENTED_EDGE('',*,*,#1705,.T.);
#573=ORIENTED_EDGE('',*,*,#1571,.T.);
#574=ORIENTED_EDGE('',*,*,#1706,.F.);
#575=ORIENTED_EDGE('',*,*,#1707,.F.);
#576=ORIENTED_EDGE('',*,*,#1703,.T.);
#577=ORIENTED_EDGE('',*,*,#1574,.T.);
#578=ORIENTED_EDGE('',*,*,#1708,.F.);
#579=ORIENTED_EDGE('',*,*,#1709,.F.);
#580=ORIENTED_EDGE('',*,*,#1706,.T.);
#581=ORIENTED_EDGE('',*,*,#1688,.F.);
#582=ORIENTED_EDGE('',*,*,#1710,.F.);
#583=ORIENTED_EDGE('',*,*,#1711,.T.);
#584=ORIENTED_EDGE('',*,*,#1712,.T.);
#585=ORIENTED_EDGE('',*,*,#1687,.T.);
#586=ORIENTED_EDGE('',*,*,#1713,.F.);
#587=ORIENTED_EDGE('',*,*,#1714,.F.);
#588=ORIENTED_EDGE('',*,*,#1710,.T.);
#589=ORIENTED_EDGE('',*,*,#1690,.T.);
#590=ORIENTED_EDGE('',*,*,#1715,.F.);
#591=ORIENTED_EDGE('',*,*,#1716,.F.);
#592=ORIENTED_EDGE('',*,*,#1713,.T.);
#593=ORIENTED_EDGE('',*,*,#1689,.F.);
#594=ORIENTED_EDGE('',*,*,#1712,.F.);
#595=ORIENTED_EDGE('',*,*,#1717,.T.);
#596=ORIENTED_EDGE('',*,*,#1715,.T.);
#597=ORIENTED_EDGE('',*,*,#1573,.F.);
#598=ORIENTED_EDGE('',*,*,#1705,.F.);
#599=ORIENTED_EDGE('',*,*,#1718,.T.);
#600=ORIENTED_EDGE('',*,*,#1708,.T.);
#601=ORIENTED_EDGE('',*,*,#1711,.F.);
#602=ORIENTED_EDGE('',*,*,#1714,.T.);
#603=ORIENTED_EDGE('',*,*,#1716,.T.);
#604=ORIENTED_EDGE('',*,*,#1717,.F.);
#605=ORIENTED_EDGE('',*,*,#1704,.F.);
#606=ORIENTED_EDGE('',*,*,#1707,.T.);
#607=ORIENTED_EDGE('',*,*,#1709,.T.);
#608=ORIENTED_EDGE('',*,*,#1718,.F.);
#609=ORIENTED_EDGE('',*,*,#1542,.T.);
#610=ORIENTED_EDGE('',*,*,#1719,.F.);
#611=ORIENTED_EDGE('',*,*,#1720,.F.);
#612=ORIENTED_EDGE('',*,*,#1721,.T.);
#613=ORIENTED_EDGE('',*,*,#1570,.T.);
#614=ORIENTED_EDGE('',*,*,#1722,.F.);
#615=ORIENTED_EDGE('',*,*,#1723,.F.);
#616=ORIENTED_EDGE('',*,*,#1719,.T.);
#617=ORIENTED_EDGE('',*,*,#1569,.F.);
#618=ORIENTED_EDGE('',*,*,#1724,.F.);
#619=ORIENTED_EDGE('',*,*,#1725,.T.);
#620=ORIENTED_EDGE('',*,*,#1722,.T.);
#621=ORIENTED_EDGE('',*,*,#1568,.F.);
#622=ORIENTED_EDGE('',*,*,#1726,.F.);
#623=ORIENTED_EDGE('',*,*,#1727,.T.);
#624=ORIENTED_EDGE('',*,*,#1724,.T.);
#625=ORIENTED_EDGE('',*,*,#1567,.F.);
#626=ORIENTED_EDGE('',*,*,#1728,.F.);
#627=ORIENTED_EDGE('',*,*,#1729,.T.);
#628=ORIENTED_EDGE('',*,*,#1726,.T.);
#629=ORIENTED_EDGE('',*,*,#1566,.F.);
#630=ORIENTED_EDGE('',*,*,#1730,.F.);
#631=ORIENTED_EDGE('',*,*,#1731,.T.);
#632=ORIENTED_EDGE('',*,*,#1728,.T.);
#633=ORIENTED_EDGE('',*,*,#1565,.F.);
#634=ORIENTED_EDGE('',*,*,#1732,.F.);
#635=ORIENTED_EDGE('',*,*,#1733,.T.);
#636=ORIENTED_EDGE('',*,*,#1730,.T.);
#637=ORIENTED_EDGE('',*,*,#1564,.T.);
#638=ORIENTED_EDGE('',*,*,#1734,.F.);
#639=ORIENTED_EDGE('',*,*,#1735,.F.);
#640=ORIENTED_EDGE('',*,*,#1732,.T.);
#641=ORIENTED_EDGE('',*,*,#1563,.T.);
#642=ORIENTED_EDGE('',*,*,#1736,.F.);
#643=ORIENTED_EDGE('',*,*,#1737,.F.);
#644=ORIENTED_EDGE('',*,*,#1734,.T.);
#645=ORIENTED_EDGE('',*,*,#1562,.T.);
#646=ORIENTED_EDGE('',*,*,#1738,.F.);
#647=ORIENTED_EDGE('',*,*,#1739,.F.);
#648=ORIENTED_EDGE('',*,*,#1736,.T.);
#649=ORIENTED_EDGE('',*,*,#1561,.F.);
#650=ORIENTED_EDGE('',*,*,#1740,.F.);
#651=ORIENTED_EDGE('',*,*,#1741,.T.);
#652=ORIENTED_EDGE('',*,*,#1738,.T.);
#653=ORIENTED_EDGE('',*,*,#1560,.F.);
#654=ORIENTED_EDGE('',*,*,#1742,.F.);
#655=ORIENTED_EDGE('',*,*,#1743,.T.);
#656=ORIENTED_EDGE('',*,*,#1740,.T.);
#657=ORIENTED_EDGE('',*,*,#1559,.F.);
#658=ORIENTED_EDGE('',*,*,#1744,.F.);
#659=ORIENTED_EDGE('',*,*,#1745,.T.);
#660=ORIENTED_EDGE('',*,*,#1742,.T.);
#661=ORIENTED_EDGE('',*,*,#1558,.T.);
#662=ORIENTED_EDGE('',*,*,#1746,.F.);
#663=ORIENTED_EDGE('',*,*,#1747,.F.);
#664=ORIENTED_EDGE('',*,*,#1744,.T.);
#665=ORIENTED_EDGE('',*,*,#1557,.T.);
#666=ORIENTED_EDGE('',*,*,#1748,.F.);
#667=ORIENTED_EDGE('',*,*,#1749,.F.);
#668=ORIENTED_EDGE('',*,*,#1746,.T.);
#669=ORIENTED_EDGE('',*,*,#1556,.T.);
#670=ORIENTED_EDGE('',*,*,#1750,.F.);
#671=ORIENTED_EDGE('',*,*,#1751,.F.);
#672=ORIENTED_EDGE('',*,*,#1748,.T.);
#673=ORIENTED_EDGE('',*,*,#1555,.T.);
#674=ORIENTED_EDGE('',*,*,#1752,.F.);
#675=ORIENTED_EDGE('',*,*,#1753,.F.);
#676=ORIENTED_EDGE('',*,*,#1750,.T.);
#677=ORIENTED_EDGE('',*,*,#1554,.T.);
#678=ORIENTED_EDGE('',*,*,#1754,.F.);
#679=ORIENTED_EDGE('',*,*,#1755,.F.);
#680=ORIENTED_EDGE('',*,*,#1752,.T.);
#681=ORIENTED_EDGE('',*,*,#1553,.F.);
#682=ORIENTED_EDGE('',*,*,#1756,.F.);
#683=ORIENTED_EDGE('',*,*,#1757,.T.);
#684=ORIENTED_EDGE('',*,*,#1754,.T.);
#685=ORIENTED_EDGE('',*,*,#1552,.F.);
#686=ORIENTED_EDGE('',*,*,#1758,.F.);
#687=ORIENTED_EDGE('',*,*,#1759,.T.);
#688=ORIENTED_EDGE('',*,*,#1756,.T.);
#689=ORIENTED_EDGE('',*,*,#1551,.T.);
#690=ORIENTED_EDGE('',*,*,#1760,.F.);
#691=ORIENTED_EDGE('',*,*,#1761,.F.);
#692=ORIENTED_EDGE('',*,*,#1758,.T.);
#693=ORIENTED_EDGE('',*,*,#1550,.T.);
#694=ORIENTED_EDGE('',*,*,#1762,.F.);
#695=ORIENTED_EDGE('',*,*,#1763,.F.);
#696=ORIENTED_EDGE('',*,*,#1760,.T.);
#697=ORIENTED_EDGE('',*,*,#1549,.F.);
#698=ORIENTED_EDGE('',*,*,#1764,.F.);
#699=ORIENTED_EDGE('',*,*,#1765,.T.);
#700=ORIENTED_EDGE('',*,*,#1762,.T.);
#701=ORIENTED_EDGE('',*,*,#1548,.F.);
#702=ORIENTED_EDGE('',*,*,#1766,.F.);
#703=ORIENTED_EDGE('',*,*,#1767,.T.);
#704=ORIENTED_EDGE('',*,*,#1764,.T.);
#705=ORIENTED_EDGE('',*,*,#1547,.T.);
#706=ORIENTED_EDGE('',*,*,#1768,.F.);
#707=ORIENTED_EDGE('',*,*,#1769,.F.);
#708=ORIENTED_EDGE('',*,*,#1766,.T.);
#709=ORIENTED_EDGE('',*,*,#1546,.T.);
#710=ORIENTED_EDGE('',*,*,#1770,.F.);
#711=ORIENTED_EDGE('',*,*,#1771,.F.);
#712=ORIENTED_EDGE('',*,*,#1768,.T.);
#713=ORIENTED_EDGE('',*,*,#1545,.T.);
#714=ORIENTED_EDGE('',*,*,#1772,.F.);
#715=ORIENTED_EDGE('',*,*,#1773,.F.);
#716=ORIENTED_EDGE('',*,*,#1770,.T.);
#717=ORIENTED_EDGE('',*,*,#1544,.F.);
#718=ORIENTED_EDGE('',*,*,#1774,.F.);
#719=ORIENTED_EDGE('',*,*,#1775,.T.);
#720=ORIENTED_EDGE('',*,*,#1772,.T.);
#721=ORIENTED_EDGE('',*,*,#1543,.F.);
#722=ORIENTED_EDGE('',*,*,#1721,.F.);
#723=ORIENTED_EDGE('',*,*,#1776,.T.);
#724=ORIENTED_EDGE('',*,*,#1774,.T.);
#725=ORIENTED_EDGE('',*,*,#1720,.T.);
#726=ORIENTED_EDGE('',*,*,#1723,.T.);
#727=ORIENTED_EDGE('',*,*,#1725,.F.);
#728=ORIENTED_EDGE('',*,*,#1727,.F.);
#729=ORIENTED_EDGE('',*,*,#1729,.F.);
#730=ORIENTED_EDGE('',*,*,#1731,.F.);
#731=ORIENTED_EDGE('',*,*,#1733,.F.);
#732=ORIENTED_EDGE('',*,*,#1735,.T.);
#733=ORIENTED_EDGE('',*,*,#1737,.T.);
#734=ORIENTED_EDGE('',*,*,#1739,.T.);
#735=ORIENTED_EDGE('',*,*,#1741,.F.);
#736=ORIENTED_EDGE('',*,*,#1743,.F.);
#737=ORIENTED_EDGE('',*,*,#1745,.F.);
#738=ORIENTED_EDGE('',*,*,#1747,.T.);
#739=ORIENTED_EDGE('',*,*,#1749,.T.);
#740=ORIENTED_EDGE('',*,*,#1751,.T.);
#741=ORIENTED_EDGE('',*,*,#1753,.T.);
#742=ORIENTED_EDGE('',*,*,#1755,.T.);
#743=ORIENTED_EDGE('',*,*,#1757,.F.);
#744=ORIENTED_EDGE('',*,*,#1759,.F.);
#745=ORIENTED_EDGE('',*,*,#1761,.T.);
#746=ORIENTED_EDGE('',*,*,#1763,.T.);
#747=ORIENTED_EDGE('',*,*,#1765,.F.);
#748=ORIENTED_EDGE('',*,*,#1767,.F.);
#749=ORIENTED_EDGE('',*,*,#1769,.T.);
#750=ORIENTED_EDGE('',*,*,#1771,.T.);
#751=ORIENTED_EDGE('',*,*,#1773,.T.);
#752=ORIENTED_EDGE('',*,*,#1775,.F.);
#753=ORIENTED_EDGE('',*,*,#1776,.F.);
#754=ORIENTED_EDGE('',*,*,#1576,.F.);
#755=ORIENTED_EDGE('',*,*,#1777,.F.);
#756=ORIENTED_EDGE('',*,*,#1778,.T.);
#757=ORIENTED_EDGE('',*,*,#1779,.T.);
#758=ORIENTED_EDGE('',*,*,#1575,.F.);
#759=ORIENTED_EDGE('',*,*,#1780,.F.);
#760=ORIENTED_EDGE('',*,*,#1781,.T.);
#761=ORIENTED_EDGE('',*,*,#1777,.T.);
#762=ORIENTED_EDGE('',*,*,#1600,.F.);
#763=ORIENTED_EDGE('',*,*,#1782,.F.);
#764=ORIENTED_EDGE('',*,*,#1783,.T.);
#765=ORIENTED_EDGE('',*,*,#1780,.T.);
#766=ORIENTED_EDGE('',*,*,#1599,.F.);
#767=ORIENTED_EDGE('',*,*,#1784,.F.);
#768=ORIENTED_EDGE('',*,*,#1785,.T.);
#769=ORIENTED_EDGE('',*,*,#1782,.T.);
#770=ORIENTED_EDGE('',*,*,#1598,.F.);
#771=ORIENTED_EDGE('',*,*,#1786,.F.);
#772=ORIENTED_EDGE('',*,*,#1787,.T.);
#773=ORIENTED_EDGE('',*,*,#1784,.T.);
#774=ORIENTED_EDGE('',*,*,#1597,.F.);
#775=ORIENTED_EDGE('',*,*,#1788,.F.);
#776=ORIENTED_EDGE('',*,*,#1789,.T.);
#777=ORIENTED_EDGE('',*,*,#1786,.T.);
#778=ORIENTED_EDGE('',*,*,#1596,.F.);
#779=ORIENTED_EDGE('',*,*,#1790,.F.);
#780=ORIENTED_EDGE('',*,*,#1791,.T.);
#781=ORIENTED_EDGE('',*,*,#1788,.T.);
#782=ORIENTED_EDGE('',*,*,#1595,.F.);
#783=ORIENTED_EDGE('',*,*,#1792,.F.);
#784=ORIENTED_EDGE('',*,*,#1793,.T.);
#785=ORIENTED_EDGE('',*,*,#1790,.T.);
#786=ORIENTED_EDGE('',*,*,#1594,.F.);
#787=ORIENTED_EDGE('',*,*,#1794,.F.);
#788=ORIENTED_EDGE('',*,*,#1795,.T.);
#789=ORIENTED_EDGE('',*,*,#1792,.T.);
#790=ORIENTED_EDGE('',*,*,#1593,.F.);
#791=ORIENTED_EDGE('',*,*,#1796,.F.);
#792=ORIENTED_EDGE('',*,*,#1797,.T.);
#793=ORIENTED_EDGE('',*,*,#1794,.T.);
#794=ORIENTED_EDGE('',*,*,#1592,.F.);
#795=ORIENTED_EDGE('',*,*,#1798,.F.);
#796=ORIENTED_EDGE('',*,*,#1799,.T.);
#797=ORIENTED_EDGE('',*,*,#1796,.T.);
#798=ORIENTED_EDGE('',*,*,#1591,.F.);
#799=ORIENTED_EDGE('',*,*,#1800,.F.);
#800=ORIENTED_EDGE('',*,*,#1801,.T.);
#801=ORIENTED_EDGE('',*,*,#1798,.T.);
#802=ORIENTED_EDGE('',*,*,#1590,.F.);
#803=ORIENTED_EDGE('',*,*,#1802,.F.);
#804=ORIENTED_EDGE('',*,*,#1803,.T.);
#805=ORIENTED_EDGE('',*,*,#1800,.T.);
#806=ORIENTED_EDGE('',*,*,#1589,.F.);
#807=ORIENTED_EDGE('',*,*,#1804,.F.);
#808=ORIENTED_EDGE('',*,*,#1805,.T.);
#809=ORIENTED_EDGE('',*,*,#1802,.T.);
#810=ORIENTED_EDGE('',*,*,#1588,.F.);
#811=ORIENTED_EDGE('',*,*,#1806,.F.);
#812=ORIENTED_EDGE('',*,*,#1807,.T.);
#813=ORIENTED_EDGE('',*,*,#1804,.T.);
#814=ORIENTED_EDGE('',*,*,#1587,.F.);
#815=ORIENTED_EDGE('',*,*,#1808,.F.);
#816=ORIENTED_EDGE('',*,*,#1809,.T.);
#817=ORIENTED_EDGE('',*,*,#1806,.T.);
#818=ORIENTED_EDGE('',*,*,#1586,.F.);
#819=ORIENTED_EDGE('',*,*,#1810,.F.);
#820=ORIENTED_EDGE('',*,*,#1811,.T.);
#821=ORIENTED_EDGE('',*,*,#1808,.T.);
#822=ORIENTED_EDGE('',*,*,#1585,.F.);
#823=ORIENTED_EDGE('',*,*,#1812,.F.);
#824=ORIENTED_EDGE('',*,*,#1813,.T.);
#825=ORIENTED_EDGE('',*,*,#1810,.T.);
#826=ORIENTED_EDGE('',*,*,#1584,.F.);
#827=ORIENTED_EDGE('',*,*,#1814,.F.);
#828=ORIENTED_EDGE('',*,*,#1815,.T.);
#829=ORIENTED_EDGE('',*,*,#1812,.T.);
#830=ORIENTED_EDGE('',*,*,#1583,.F.);
#831=ORIENTED_EDGE('',*,*,#1816,.F.);
#832=ORIENTED_EDGE('',*,*,#1817,.T.);
#833=ORIENTED_EDGE('',*,*,#1814,.T.);
#834=ORIENTED_EDGE('',*,*,#1582,.F.);
#835=ORIENTED_EDGE('',*,*,#1818,.F.);
#836=ORIENTED_EDGE('',*,*,#1819,.T.);
#837=ORIENTED_EDGE('',*,*,#1816,.T.);
#838=ORIENTED_EDGE('',*,*,#1581,.F.);
#839=ORIENTED_EDGE('',*,*,#1820,.F.);
#840=ORIENTED_EDGE('',*,*,#1821,.T.);
#841=ORIENTED_EDGE('',*,*,#1818,.T.);
#842=ORIENTED_EDGE('',*,*,#1580,.F.);
#843=ORIENTED_EDGE('',*,*,#1822,.F.);
#844=ORIENTED_EDGE('',*,*,#1823,.T.);
#845=ORIENTED_EDGE('',*,*,#1820,.T.);
#846=ORIENTED_EDGE('',*,*,#1579,.F.);
#847=ORIENTED_EDGE('',*,*,#1824,.F.);
#848=ORIENTED_EDGE('',*,*,#1825,.T.);
#849=ORIENTED_EDGE('',*,*,#1822,.T.);
#850=ORIENTED_EDGE('',*,*,#1578,.F.);
#851=ORIENTED_EDGE('',*,*,#1826,.F.);
#852=ORIENTED_EDGE('',*,*,#1827,.T.);
#853=ORIENTED_EDGE('',*,*,#1824,.T.);
#854=ORIENTED_EDGE('',*,*,#1577,.F.);
#855=ORIENTED_EDGE('',*,*,#1779,.F.);
#856=ORIENTED_EDGE('',*,*,#1828,.T.);
#857=ORIENTED_EDGE('',*,*,#1826,.T.);
#858=ORIENTED_EDGE('',*,*,#1778,.F.);
#859=ORIENTED_EDGE('',*,*,#1781,.F.);
#860=ORIENTED_EDGE('',*,*,#1783,.F.);
#861=ORIENTED_EDGE('',*,*,#1785,.F.);
#862=ORIENTED_EDGE('',*,*,#1787,.F.);
#863=ORIENTED_EDGE('',*,*,#1789,.F.);
#864=ORIENTED_EDGE('',*,*,#1791,.F.);
#865=ORIENTED_EDGE('',*,*,#1793,.F.);
#866=ORIENTED_EDGE('',*,*,#1795,.F.);
#867=ORIENTED_EDGE('',*,*,#1797,.F.);
#868=ORIENTED_EDGE('',*,*,#1799,.F.);
#869=ORIENTED_EDGE('',*,*,#1801,.F.);
#870=ORIENTED_EDGE('',*,*,#1803,.F.);
#871=ORIENTED_EDGE('',*,*,#1805,.F.);
#872=ORIENTED_EDGE('',*,*,#1807,.F.);
#873=ORIENTED_EDGE('',*,*,#1809,.F.);
#874=ORIENTED_EDGE('',*,*,#1811,.F.);
#875=ORIENTED_EDGE('',*,*,#1813,.F.);
#876=ORIENTED_EDGE('',*,*,#1815,.F.);
#877=ORIENTED_EDGE('',*,*,#1817,.F.);
#878=ORIENTED_EDGE('',*,*,#1819,.F.);
#879=ORIENTED_EDGE('',*,*,#1821,.F.);
#880=ORIENTED_EDGE('',*,*,#1823,.F.);
#881=ORIENTED_EDGE('',*,*,#1825,.F.);
#882=ORIENTED_EDGE('',*,*,#1827,.F.);
#883=ORIENTED_EDGE('',*,*,#1828,.F.);
#884=ORIENTED_EDGE('',*,*,#1602,.F.);
#885=ORIENTED_EDGE('',*,*,#1829,.F.);
#886=ORIENTED_EDGE('',*,*,#1830,.T.);
#887=ORIENTED_EDGE('',*,*,#1831,.T.);
#888=ORIENTED_EDGE('',*,*,#1601,.F.);
#889=ORIENTED_EDGE('',*,*,#1832,.F.);
#890=ORIENTED_EDGE('',*,*,#1833,.T.);
#891=ORIENTED_EDGE('',*,*,#1829,.T.);
#892=ORIENTED_EDGE('',*,*,#1613,.F.);
#893=ORIENTED_EDGE('',*,*,#1834,.F.);
#894=ORIENTED_EDGE('',*,*,#1835,.T.);
#895=ORIENTED_EDGE('',*,*,#1832,.T.);
#896=ORIENTED_EDGE('',*,*,#1612,.F.);
#897=ORIENTED_EDGE('',*,*,#1836,.F.);
#898=ORIENTED_EDGE('',*,*,#1837,.T.);
#899=ORIENTED_EDGE('',*,*,#1834,.T.);
#900=ORIENTED_EDGE('',*,*,#1611,.F.);
#901=ORIENTED_EDGE('',*,*,#1838,.F.);
#902=ORIENTED_EDGE('',*,*,#1839,.T.);
#903=ORIENTED_EDGE('',*,*,#1836,.T.);
#904=ORIENTED_EDGE('',*,*,#1610,.F.);
#905=ORIENTED_EDGE('',*,*,#1840,.F.);
#906=ORIENTED_EDGE('',*,*,#1841,.T.);
#907=ORIENTED_EDGE('',*,*,#1838,.T.);
#908=ORIENTED_EDGE('',*,*,#1609,.F.);
#909=ORIENTED_EDGE('',*,*,#1842,.F.);
#910=ORIENTED_EDGE('',*,*,#1843,.T.);
#911=ORIENTED_EDGE('',*,*,#1840,.T.);
#912=ORIENTED_EDGE('',*,*,#1608,.F.);
#913=ORIENTED_EDGE('',*,*,#1844,.F.);
#914=ORIENTED_EDGE('',*,*,#1845,.T.);
#915=ORIENTED_EDGE('',*,*,#1842,.T.);
#916=ORIENTED_EDGE('',*,*,#1607,.F.);
#917=ORIENTED_EDGE('',*,*,#1846,.F.);
#918=ORIENTED_EDGE('',*,*,#1847,.T.);
#919=ORIENTED_EDGE('',*,*,#1844,.T.);
#920=ORIENTED_EDGE('',*,*,#1606,.F.);
#921=ORIENTED_EDGE('',*,*,#1848,.F.);
#922=ORIENTED_EDGE('',*,*,#1849,.T.);
#923=ORIENTED_EDGE('',*,*,#1846,.T.);
#924=ORIENTED_EDGE('',*,*,#1605,.F.);
#925=ORIENTED_EDGE('',*,*,#1850,.F.);
#926=ORIENTED_EDGE('',*,*,#1851,.T.);
#927=ORIENTED_EDGE('',*,*,#1848,.T.);
#928=ORIENTED_EDGE('',*,*,#1604,.F.);
#929=ORIENTED_EDGE('',*,*,#1852,.F.);
#930=ORIENTED_EDGE('',*,*,#1853,.T.);
#931=ORIENTED_EDGE('',*,*,#1850,.T.);
#932=ORIENTED_EDGE('',*,*,#1603,.F.);
#933=ORIENTED_EDGE('',*,*,#1831,.F.);
#934=ORIENTED_EDGE('',*,*,#1854,.T.);
#935=ORIENTED_EDGE('',*,*,#1852,.T.);
#936=ORIENTED_EDGE('',*,*,#1830,.F.);
#937=ORIENTED_EDGE('',*,*,#1833,.F.);
#938=ORIENTED_EDGE('',*,*,#1835,.F.);
#939=ORIENTED_EDGE('',*,*,#1837,.F.);
#940=ORIENTED_EDGE('',*,*,#1839,.F.);
#941=ORIENTED_EDGE('',*,*,#1841,.F.);
#942=ORIENTED_EDGE('',*,*,#1843,.F.);
#943=ORIENTED_EDGE('',*,*,#1845,.F.);
#944=ORIENTED_EDGE('',*,*,#1847,.F.);
#945=ORIENTED_EDGE('',*,*,#1849,.F.);
#946=ORIENTED_EDGE('',*,*,#1851,.F.);
#947=ORIENTED_EDGE('',*,*,#1853,.F.);
#948=ORIENTED_EDGE('',*,*,#1854,.F.);
#949=ORIENTED_EDGE('',*,*,#1615,.F.);
#950=ORIENTED_EDGE('',*,*,#1855,.F.);
#951=ORIENTED_EDGE('',*,*,#1856,.T.);
#952=ORIENTED_EDGE('',*,*,#1857,.T.);
#953=ORIENTED_EDGE('',*,*,#1614,.F.);
#954=ORIENTED_EDGE('',*,*,#1858,.F.);
#955=ORIENTED_EDGE('',*,*,#1859,.T.);
#956=ORIENTED_EDGE('',*,*,#1855,.T.);
#957=ORIENTED_EDGE('',*,*,#1628,.F.);
#958=ORIENTED_EDGE('',*,*,#1860,.F.);
#959=ORIENTED_EDGE('',*,*,#1861,.T.);
#960=ORIENTED_EDGE('',*,*,#1858,.T.);
#961=ORIENTED_EDGE('',*,*,#1627,.F.);
#962=ORIENTED_EDGE('',*,*,#1862,.F.);
#963=ORIENTED_EDGE('',*,*,#1863,.T.);
#964=ORIENTED_EDGE('',*,*,#1860,.T.);
#965=ORIENTED_EDGE('',*,*,#1626,.F.);
#966=ORIENTED_EDGE('',*,*,#1864,.F.);
#967=ORIENTED_EDGE('',*,*,#1865,.T.);
#968=ORIENTED_EDGE('',*,*,#1862,.T.);
#969=ORIENTED_EDGE('',*,*,#1625,.F.);
#970=ORIENTED_EDGE('',*,*,#1866,.F.);
#971=ORIENTED_EDGE('',*,*,#1867,.T.);
#972=ORIENTED_EDGE('',*,*,#1864,.T.);
#973=ORIENTED_EDGE('',*,*,#1624,.F.);
#974=ORIENTED_EDGE('',*,*,#1868,.F.);
#975=ORIENTED_EDGE('',*,*,#1869,.T.);
#976=ORIENTED_EDGE('',*,*,#1866,.T.);
#977=ORIENTED_EDGE('',*,*,#1623,.F.);
#978=ORIENTED_EDGE('',*,*,#1870,.F.);
#979=ORIENTED_EDGE('',*,*,#1871,.T.);
#980=ORIENTED_EDGE('',*,*,#1868,.T.);
#981=ORIENTED_EDGE('',*,*,#1622,.F.);
#982=ORIENTED_EDGE('',*,*,#1872,.F.);
#983=ORIENTED_EDGE('',*,*,#1873,.T.);
#984=ORIENTED_EDGE('',*,*,#1870,.T.);
#985=ORIENTED_EDGE('',*,*,#1621,.F.);
#986=ORIENTED_EDGE('',*,*,#1874,.F.);
#987=ORIENTED_EDGE('',*,*,#1875,.T.);
#988=ORIENTED_EDGE('',*,*,#1872,.T.);
#989=ORIENTED_EDGE('',*,*,#1620,.F.);
#990=ORIENTED_EDGE('',*,*,#1876,.F.);
#991=ORIENTED_EDGE('',*,*,#1877,.T.);
#992=ORIENTED_EDGE('',*,*,#1874,.T.);
#993=ORIENTED_EDGE('',*,*,#1619,.F.);
#994=ORIENTED_EDGE('',*,*,#1878,.F.);
#995=ORIENTED_EDGE('',*,*,#1879,.T.);
#996=ORIENTED_EDGE('',*,*,#1876,.T.);
#997=ORIENTED_EDGE('',*,*,#1618,.F.);
#998=ORIENTED_EDGE('',*,*,#1880,.F.);
#999=ORIENTED_EDGE('',*,*,#1881,.T.);
#1000=ORIENTED_EDGE('',*,*,#1878,.T.);
#1001=ORIENTED_EDGE('',*,*,#1617,.F.);
#1002=ORIENTED_EDGE('',*,*,#1882,.F.);
#1003=ORIENTED_EDGE('',*,*,#1883,.T.);
#1004=ORIENTED_EDGE('',*,*,#1880,.T.);
#1005=ORIENTED_EDGE('',*,*,#1884,.F.);
#1006=ORIENTED_EDGE('',*,*,#1885,.F.);
#1007=ORIENTED_EDGE('',*,*,#1886,.T.);
#1008=ORIENTED_EDGE('',*,*,#1887,.T.);
#1009=ORIENTED_EDGE('',*,*,#1888,.F.);
#1010=ORIENTED_EDGE('',*,*,#1889,.F.);
#1011=ORIENTED_EDGE('',*,*,#1890,.T.);
#1012=ORIENTED_EDGE('',*,*,#1885,.T.);
#1013=ORIENTED_EDGE('',*,*,#1891,.F.);
#1014=ORIENTED_EDGE('',*,*,#1892,.F.);
#1015=ORIENTED_EDGE('',*,*,#1893,.T.);
#1016=ORIENTED_EDGE('',*,*,#1889,.T.);
#1017=ORIENTED_EDGE('',*,*,#1894,.F.);
#1018=ORIENTED_EDGE('',*,*,#1895,.F.);
#1019=ORIENTED_EDGE('',*,*,#1896,.T.);
#1020=ORIENTED_EDGE('',*,*,#1892,.T.);
#1021=ORIENTED_EDGE('',*,*,#1897,.F.);
#1022=ORIENTED_EDGE('',*,*,#1887,.F.);
#1023=ORIENTED_EDGE('',*,*,#1898,.T.);
#1024=ORIENTED_EDGE('',*,*,#1895,.T.);
#1025=ORIENTED_EDGE('',*,*,#1616,.F.);
#1026=ORIENTED_EDGE('',*,*,#1857,.F.);
#1027=ORIENTED_EDGE('',*,*,#1899,.T.);
#1028=ORIENTED_EDGE('',*,*,#1882,.T.);
#1029=ORIENTED_EDGE('',*,*,#1886,.F.);
#1030=ORIENTED_EDGE('',*,*,#1890,.F.);
#1031=ORIENTED_EDGE('',*,*,#1893,.F.);
#1032=ORIENTED_EDGE('',*,*,#1896,.F.);
#1033=ORIENTED_EDGE('',*,*,#1898,.F.);
#1034=ORIENTED_EDGE('',*,*,#1856,.F.);
#1035=ORIENTED_EDGE('',*,*,#1859,.F.);
#1036=ORIENTED_EDGE('',*,*,#1861,.F.);
#1037=ORIENTED_EDGE('',*,*,#1863,.F.);
#1038=ORIENTED_EDGE('',*,*,#1865,.F.);
#1039=ORIENTED_EDGE('',*,*,#1867,.F.);
#1040=ORIENTED_EDGE('',*,*,#1869,.F.);
#1041=ORIENTED_EDGE('',*,*,#1871,.F.);
#1042=ORIENTED_EDGE('',*,*,#1873,.F.);
#1043=ORIENTED_EDGE('',*,*,#1875,.F.);
#1044=ORIENTED_EDGE('',*,*,#1877,.F.);
#1045=ORIENTED_EDGE('',*,*,#1879,.F.);
#1046=ORIENTED_EDGE('',*,*,#1881,.F.);
#1047=ORIENTED_EDGE('',*,*,#1883,.F.);
#1048=ORIENTED_EDGE('',*,*,#1899,.F.);
#1049=ORIENTED_EDGE('',*,*,#1888,.T.);
#1050=ORIENTED_EDGE('',*,*,#1884,.T.);
#1051=ORIENTED_EDGE('',*,*,#1897,.T.);
#1052=ORIENTED_EDGE('',*,*,#1894,.T.);
#1053=ORIENTED_EDGE('',*,*,#1891,.T.);
#1054=ORIENTED_EDGE('',*,*,#1630,.F.);
#1055=ORIENTED_EDGE('',*,*,#1900,.F.);
#1056=ORIENTED_EDGE('',*,*,#1901,.T.);
#1057=ORIENTED_EDGE('',*,*,#1902,.T.);
#1058=ORIENTED_EDGE('',*,*,#1629,.F.);
#1059=ORIENTED_EDGE('',*,*,#1903,.F.);
#1060=ORIENTED_EDGE('',*,*,#1904,.T.);
#1061=ORIENTED_EDGE('',*,*,#1900,.T.);
#1062=ORIENTED_EDGE('',*,*,#1645,.F.);
#1063=ORIENTED_EDGE('',*,*,#1905,.F.);
#1064=ORIENTED_EDGE('',*,*,#1906,.T.);
#1065=ORIENTED_EDGE('',*,*,#1903,.T.);
#1066=ORIENTED_EDGE('',*,*,#1644,.F.);
#1067=ORIENTED_EDGE('',*,*,#1907,.F.);
#1068=ORIENTED_EDGE('',*,*,#1908,.T.);
#1069=ORIENTED_EDGE('',*,*,#1905,.T.);
#1070=ORIENTED_EDGE('',*,*,#1643,.F.);
#1071=ORIENTED_EDGE('',*,*,#1909,.F.);
#1072=ORIENTED_EDGE('',*,*,#1910,.T.);
#1073=ORIENTED_EDGE('',*,*,#1907,.T.);
#1074=ORIENTED_EDGE('',*,*,#1642,.F.);
#1075=ORIENTED_EDGE('',*,*,#1911,.F.);
#1076=ORIENTED_EDGE('',*,*,#1912,.T.);
#1077=ORIENTED_EDGE('',*,*,#1909,.T.);
#1078=ORIENTED_EDGE('',*,*,#1641,.F.);
#1079=ORIENTED_EDGE('',*,*,#1913,.F.);
#1080=ORIENTED_EDGE('',*,*,#1914,.T.);
#1081=ORIENTED_EDGE('',*,*,#1911,.T.);
#1082=ORIENTED_EDGE('',*,*,#1640,.F.);
#1083=ORIENTED_EDGE('',*,*,#1915,.F.);
#1084=ORIENTED_EDGE('',*,*,#1916,.T.);
#1085=ORIENTED_EDGE('',*,*,#1913,.T.);
#1086=ORIENTED_EDGE('',*,*,#1639,.F.);
#1087=ORIENTED_EDGE('',*,*,#1917,.F.);
#1088=ORIENTED_EDGE('',*,*,#1918,.T.);
#1089=ORIENTED_EDGE('',*,*,#1915,.T.);
#1090=ORIENTED_EDGE('',*,*,#1638,.F.);
#1091=ORIENTED_EDGE('',*,*,#1919,.F.);
#1092=ORIENTED_EDGE('',*,*,#1920,.T.);
#1093=ORIENTED_EDGE('',*,*,#1917,.T.);
#1094=ORIENTED_EDGE('',*,*,#1637,.F.);
#1095=ORIENTED_EDGE('',*,*,#1921,.F.);
#1096=ORIENTED_EDGE('',*,*,#1922,.T.);
#1097=ORIENTED_EDGE('',*,*,#1919,.T.);
#1098=ORIENTED_EDGE('',*,*,#1636,.F.);
#1099=ORIENTED_EDGE('',*,*,#1923,.F.);
#1100=ORIENTED_EDGE('',*,*,#1924,.T.);
#1101=ORIENTED_EDGE('',*,*,#1921,.T.);
#1102=ORIENTED_EDGE('',*,*,#1635,.F.);
#1103=ORIENTED_EDGE('',*,*,#1925,.F.);
#1104=ORIENTED_EDGE('',*,*,#1926,.T.);
#1105=ORIENTED_EDGE('',*,*,#1923,.T.);
#1106=ORIENTED_EDGE('',*,*,#1634,.F.);
#1107=ORIENTED_EDGE('',*,*,#1927,.F.);
#1108=ORIENTED_EDGE('',*,*,#1928,.T.);
#1109=ORIENTED_EDGE('',*,*,#1925,.T.);
#1110=ORIENTED_EDGE('',*,*,#1633,.F.);
#1111=ORIENTED_EDGE('',*,*,#1929,.F.);
#1112=ORIENTED_EDGE('',*,*,#1930,.T.);
#1113=ORIENTED_EDGE('',*,*,#1927,.T.);
#1114=ORIENTED_EDGE('',*,*,#1632,.F.);
#1115=ORIENTED_EDGE('',*,*,#1931,.F.);
#1116=ORIENTED_EDGE('',*,*,#1932,.T.);
#1117=ORIENTED_EDGE('',*,*,#1929,.T.);
#1118=ORIENTED_EDGE('',*,*,#1631,.F.);
#1119=ORIENTED_EDGE('',*,*,#1902,.F.);
#1120=ORIENTED_EDGE('',*,*,#1933,.T.);
#1121=ORIENTED_EDGE('',*,*,#1931,.T.);
#1122=ORIENTED_EDGE('',*,*,#1901,.F.);
#1123=ORIENTED_EDGE('',*,*,#1904,.F.);
#1124=ORIENTED_EDGE('',*,*,#1906,.F.);
#1125=ORIENTED_EDGE('',*,*,#1908,.F.);
#1126=ORIENTED_EDGE('',*,*,#1910,.F.);
#1127=ORIENTED_EDGE('',*,*,#1912,.F.);
#1128=ORIENTED_EDGE('',*,*,#1914,.F.);
#1129=ORIENTED_EDGE('',*,*,#1916,.F.);
#1130=ORIENTED_EDGE('',*,*,#1918,.F.);
#1131=ORIENTED_EDGE('',*,*,#1920,.F.);
#1132=ORIENTED_EDGE('',*,*,#1922,.F.);
#1133=ORIENTED_EDGE('',*,*,#1924,.F.);
#1134=ORIENTED_EDGE('',*,*,#1926,.F.);
#1135=ORIENTED_EDGE('',*,*,#1928,.F.);
#1136=ORIENTED_EDGE('',*,*,#1930,.F.);
#1137=ORIENTED_EDGE('',*,*,#1932,.F.);
#1138=ORIENTED_EDGE('',*,*,#1933,.F.);
#1139=ORIENTED_EDGE('',*,*,#1647,.F.);
#1140=ORIENTED_EDGE('',*,*,#1934,.F.);
#1141=ORIENTED_EDGE('',*,*,#1935,.T.);
#1142=ORIENTED_EDGE('',*,*,#1936,.T.);
#1143=ORIENTED_EDGE('',*,*,#1646,.F.);
#1144=ORIENTED_EDGE('',*,*,#1937,.F.);
#1145=ORIENTED_EDGE('',*,*,#1938,.T.);
#1146=ORIENTED_EDGE('',*,*,#1934,.T.);
#1147=ORIENTED_EDGE('',*,*,#1663,.F.);
#1148=ORIENTED_EDGE('',*,*,#1939,.F.);
#1149=ORIENTED_EDGE('',*,*,#1940,.T.);
#1150=ORIENTED_EDGE('',*,*,#1937,.T.);
#1151=ORIENTED_EDGE('',*,*,#1662,.F.);
#1152=ORIENTED_EDGE('',*,*,#1941,.F.);
#1153=ORIENTED_EDGE('',*,*,#1942,.T.);
#1154=ORIENTED_EDGE('',*,*,#1939,.T.);
#1155=ORIENTED_EDGE('',*,*,#1661,.F.);
#1156=ORIENTED_EDGE('',*,*,#1943,.F.);
#1157=ORIENTED_EDGE('',*,*,#1944,.T.);
#1158=ORIENTED_EDGE('',*,*,#1941,.T.);
#1159=ORIENTED_EDGE('',*,*,#1660,.F.);
#1160=ORIENTED_EDGE('',*,*,#1945,.F.);
#1161=ORIENTED_EDGE('',*,*,#1946,.T.);
#1162=ORIENTED_EDGE('',*,*,#1943,.T.);
#1163=ORIENTED_EDGE('',*,*,#1659,.F.);
#1164=ORIENTED_EDGE('',*,*,#1947,.F.);
#1165=ORIENTED_EDGE('',*,*,#1948,.T.);
#1166=ORIENTED_EDGE('',*,*,#1945,.T.);
#1167=ORIENTED_EDGE('',*,*,#1658,.F.);
#1168=ORIENTED_EDGE('',*,*,#1949,.F.);
#1169=ORIENTED_EDGE('',*,*,#1950,.T.);
#1170=ORIENTED_EDGE('',*,*,#1947,.T.);
#1171=ORIENTED_EDGE('',*,*,#1657,.F.);
#1172=ORIENTED_EDGE('',*,*,#1951,.F.);
#1173=ORIENTED_EDGE('',*,*,#1952,.T.);
#1174=ORIENTED_EDGE('',*,*,#1949,.T.);
#1175=ORIENTED_EDGE('',*,*,#1656,.F.);
#1176=ORIENTED_EDGE('',*,*,#1953,.F.);
#1177=ORIENTED_EDGE('',*,*,#1954,.T.);
#1178=ORIENTED_EDGE('',*,*,#1951,.T.);
#1179=ORIENTED_EDGE('',*,*,#1655,.F.);
#1180=ORIENTED_EDGE('',*,*,#1955,.F.);
#1181=ORIENTED_EDGE('',*,*,#1956,.T.);
#1182=ORIENTED_EDGE('',*,*,#1953,.T.);
#1183=ORIENTED_EDGE('',*,*,#1654,.F.);
#1184=ORIENTED_EDGE('',*,*,#1957,.F.);
#1185=ORIENTED_EDGE('',*,*,#1958,.T.);
#1186=ORIENTED_EDGE('',*,*,#1955,.T.);
#1187=ORIENTED_EDGE('',*,*,#1653,.F.);
#1188=ORIENTED_EDGE('',*,*,#1959,.F.);
#1189=ORIENTED_EDGE('',*,*,#1960,.T.);
#1190=ORIENTED_EDGE('',*,*,#1957,.T.);
#1191=ORIENTED_EDGE('',*,*,#1652,.F.);
#1192=ORIENTED_EDGE('',*,*,#1961,.F.);
#1193=ORIENTED_EDGE('',*,*,#1962,.T.);
#1194=ORIENTED_EDGE('',*,*,#1959,.T.);
#1195=ORIENTED_EDGE('',*,*,#1651,.F.);
#1196=ORIENTED_EDGE('',*,*,#1963,.F.);
#1197=ORIENTED_EDGE('',*,*,#1964,.T.);
#1198=ORIENTED_EDGE('',*,*,#1961,.T.);
#1199=ORIENTED_EDGE('',*,*,#1650,.F.);
#1200=ORIENTED_EDGE('',*,*,#1965,.F.);
#1201=ORIENTED_EDGE('',*,*,#1966,.T.);
#1202=ORIENTED_EDGE('',*,*,#1963,.T.);
#1203=ORIENTED_EDGE('',*,*,#1649,.F.);
#1204=ORIENTED_EDGE('',*,*,#1967,.F.);
#1205=ORIENTED_EDGE('',*,*,#1968,.T.);
#1206=ORIENTED_EDGE('',*,*,#1965,.T.);
#1207=ORIENTED_EDGE('',*,*,#1648,.F.);
#1208=ORIENTED_EDGE('',*,*,#1936,.F.);
#1209=ORIENTED_EDGE('',*,*,#1969,.T.);
#1210=ORIENTED_EDGE('',*,*,#1967,.T.);
#1211=ORIENTED_EDGE('',*,*,#1935,.F.);
#1212=ORIENTED_EDGE('',*,*,#1938,.F.);
#1213=ORIENTED_EDGE('',*,*,#1940,.F.);
#1214=ORIENTED_EDGE('',*,*,#1942,.F.);
#1215=ORIENTED_EDGE('',*,*,#1944,.F.);
#1216=ORIENTED_EDGE('',*,*,#1946,.F.);
#1217=ORIENTED_EDGE('',*,*,#1948,.F.);
#1218=ORIENTED_EDGE('',*,*,#1950,.F.);
#1219=ORIENTED_EDGE('',*,*,#1952,.F.);
#1220=ORIENTED_EDGE('',*,*,#1954,.F.);
#1221=ORIENTED_EDGE('',*,*,#1956,.F.);
#1222=ORIENTED_EDGE('',*,*,#1958,.F.);
#1223=ORIENTED_EDGE('',*,*,#1960,.F.);
#1224=ORIENTED_EDGE('',*,*,#1962,.F.);
#1225=ORIENTED_EDGE('',*,*,#1964,.F.);
#1226=ORIENTED_EDGE('',*,*,#1966,.F.);
#1227=ORIENTED_EDGE('',*,*,#1968,.F.);
#1228=ORIENTED_EDGE('',*,*,#1969,.F.);
#1229=ORIENTED_EDGE('',*,*,#1665,.F.);
#1230=ORIENTED_EDGE('',*,*,#1970,.F.);
#1231=ORIENTED_EDGE('',*,*,#1971,.T.);
#1232=ORIENTED_EDGE('',*,*,#1972,.T.);
#1233=ORIENTED_EDGE('',*,*,#1664,.F.);
#1234=ORIENTED_EDGE('',*,*,#1973,.F.);
#1235=ORIENTED_EDGE('',*,*,#1974,.T.);
#1236=ORIENTED_EDGE('',*,*,#1970,.T.);
#1237=ORIENTED_EDGE('',*,*,#1673,.F.);
#1238=ORIENTED_EDGE('',*,*,#1975,.F.);
#1239=ORIENTED_EDGE('',*,*,#1976,.T.);
#1240=ORIENTED_EDGE('',*,*,#1973,.T.);
#1241=ORIENTED_EDGE('',*,*,#1672,.F.);
#1242=ORIENTED_EDGE('',*,*,#1977,.F.);
#1243=ORIENTED_EDGE('',*,*,#1978,.T.);
#1244=ORIENTED_EDGE('',*,*,#1975,.T.);
#1245=ORIENTED_EDGE('',*,*,#1671,.F.);
#1246=ORIENTED_EDGE('',*,*,#1979,.F.);
#1247=ORIENTED_EDGE('',*,*,#1980,.T.);
#1248=ORIENTED_EDGE('',*,*,#1977,.T.);
#1249=ORIENTED_EDGE('',*,*,#1670,.F.);
#1250=ORIENTED_EDGE('',*,*,#1981,.F.);
#1251=ORIENTED_EDGE('',*,*,#1982,.T.);
#1252=ORIENTED_EDGE('',*,*,#1979,.T.);
#1253=ORIENTED_EDGE('',*,*,#1669,.F.);
#1254=ORIENTED_EDGE('',*,*,#1983,.F.);
#1255=ORIENTED_EDGE('',*,*,#1984,.T.);
#1256=ORIENTED_EDGE('',*,*,#1981,.T.);
#1257=ORIENTED_EDGE('',*,*,#1668,.F.);
#1258=ORIENTED_EDGE('',*,*,#1985,.F.);
#1259=ORIENTED_EDGE('',*,*,#1986,.T.);
#1260=ORIENTED_EDGE('',*,*,#1983,.T.);
#1261=ORIENTED_EDGE('',*,*,#1667,.F.);
#1262=ORIENTED_EDGE('',*,*,#1987,.F.);
#1263=ORIENTED_EDGE('',*,*,#1988,.T.);
#1264=ORIENTED_EDGE('',*,*,#1985,.T.);
#1265=ORIENTED_EDGE('',*,*,#1989,.F.);
#1266=ORIENTED_EDGE('',*,*,#1990,.F.);
#1267=ORIENTED_EDGE('',*,*,#1991,.T.);
#1268=ORIENTED_EDGE('',*,*,#1992,.T.);
#1269=ORIENTED_EDGE('',*,*,#1993,.F.);
#1270=ORIENTED_EDGE('',*,*,#1994,.F.);
#1271=ORIENTED_EDGE('',*,*,#1995,.T.);
#1272=ORIENTED_EDGE('',*,*,#1990,.T.);
#1273=ORIENTED_EDGE('',*,*,#1996,.F.);
#1274=ORIENTED_EDGE('',*,*,#1997,.F.);
#1275=ORIENTED_EDGE('',*,*,#1998,.T.);
#1276=ORIENTED_EDGE('',*,*,#1994,.T.);
#1277=ORIENTED_EDGE('',*,*,#1999,.F.);
#1278=ORIENTED_EDGE('',*,*,#2000,.F.);
#1279=ORIENTED_EDGE('',*,*,#2001,.T.);
#1280=ORIENTED_EDGE('',*,*,#1997,.T.);
#1281=ORIENTED_EDGE('',*,*,#2002,.F.);
#1282=ORIENTED_EDGE('',*,*,#2003,.F.);
#1283=ORIENTED_EDGE('',*,*,#2004,.T.);
#1284=ORIENTED_EDGE('',*,*,#2000,.T.);
#1285=ORIENTED_EDGE('',*,*,#2005,.F.);
#1286=ORIENTED_EDGE('',*,*,#2006,.F.);
#1287=ORIENTED_EDGE('',*,*,#2007,.T.);
#1288=ORIENTED_EDGE('',*,*,#2003,.T.);
#1289=ORIENTED_EDGE('',*,*,#2008,.F.);
#1290=ORIENTED_EDGE('',*,*,#2009,.F.);
#1291=ORIENTED_EDGE('',*,*,#2010,.T.);
#1292=ORIENTED_EDGE('',*,*,#2006,.T.);
#1293=ORIENTED_EDGE('',*,*,#2011,.F.);
#1294=ORIENTED_EDGE('',*,*,#1992,.F.);
#1295=ORIENTED_EDGE('',*,*,#2012,.T.);
#1296=ORIENTED_EDGE('',*,*,#2009,.T.);
#1297=ORIENTED_EDGE('',*,*,#1666,.F.);
#1298=ORIENTED_EDGE('',*,*,#1972,.F.);
#1299=ORIENTED_EDGE('',*,*,#2013,.T.);
#1300=ORIENTED_EDGE('',*,*,#1987,.T.);
#1301=ORIENTED_EDGE('',*,*,#1991,.F.);
#1302=ORIENTED_EDGE('',*,*,#1995,.F.);
#1303=ORIENTED_EDGE('',*,*,#1998,.F.);
#1304=ORIENTED_EDGE('',*,*,#2001,.F.);
#1305=ORIENTED_EDGE('',*,*,#2004,.F.);
#1306=ORIENTED_EDGE('',*,*,#2007,.F.);
#1307=ORIENTED_EDGE('',*,*,#2010,.F.);
#1308=ORIENTED_EDGE('',*,*,#2012,.F.);
#1309=ORIENTED_EDGE('',*,*,#1971,.F.);
#1310=ORIENTED_EDGE('',*,*,#1974,.F.);
#1311=ORIENTED_EDGE('',*,*,#1976,.F.);
#1312=ORIENTED_EDGE('',*,*,#1978,.F.);
#1313=ORIENTED_EDGE('',*,*,#1980,.F.);
#1314=ORIENTED_EDGE('',*,*,#1982,.F.);
#1315=ORIENTED_EDGE('',*,*,#1984,.F.);
#1316=ORIENTED_EDGE('',*,*,#1986,.F.);
#1317=ORIENTED_EDGE('',*,*,#1988,.F.);
#1318=ORIENTED_EDGE('',*,*,#2013,.F.);
#1319=ORIENTED_EDGE('',*,*,#1993,.T.);
#1320=ORIENTED_EDGE('',*,*,#1989,.T.);
#1321=ORIENTED_EDGE('',*,*,#2011,.T.);
#1322=ORIENTED_EDGE('',*,*,#2008,.T.);
#1323=ORIENTED_EDGE('',*,*,#2005,.T.);
#1324=ORIENTED_EDGE('',*,*,#2002,.T.);
#1325=ORIENTED_EDGE('',*,*,#1999,.T.);
#1326=ORIENTED_EDGE('',*,*,#1996,.T.);
#1327=ORIENTED_EDGE('',*,*,#1675,.F.);
#1328=ORIENTED_EDGE('',*,*,#2014,.F.);
#1329=ORIENTED_EDGE('',*,*,#2015,.T.);
#1330=ORIENTED_EDGE('',*,*,#2016,.T.);
#1331=ORIENTED_EDGE('',*,*,#1674,.F.);
#1332=ORIENTED_EDGE('',*,*,#2017,.F.);
#1333=ORIENTED_EDGE('',*,*,#2018,.T.);
#1334=ORIENTED_EDGE('',*,*,#2014,.T.);
#1335=ORIENTED_EDGE('',*,*,#1686,.F.);
#1336=ORIENTED_EDGE('',*,*,#2019,.F.);
#1337=ORIENTED_EDGE('',*,*,#2020,.T.);
#1338=ORIENTED_EDGE('',*,*,#2017,.T.);
#1339=ORIENTED_EDGE('',*,*,#1685,.F.);
#1340=ORIENTED_EDGE('',*,*,#2021,.F.);
#1341=ORIENTED_EDGE('',*,*,#2022,.T.);
#1342=ORIENTED_EDGE('',*,*,#2019,.T.);
#1343=ORIENTED_EDGE('',*,*,#1684,.F.);
#1344=ORIENTED_EDGE('',*,*,#2023,.F.);
#1345=ORIENTED_EDGE('',*,*,#2024,.T.);
#1346=ORIENTED_EDGE('',*,*,#2021,.T.);
#1347=ORIENTED_EDGE('',*,*,#1683,.F.);
#1348=ORIENTED_EDGE('',*,*,#2025,.F.);
#1349=ORIENTED_EDGE('',*,*,#2026,.T.);
#1350=ORIENTED_EDGE('',*,*,#2023,.T.);
#1351=ORIENTED_EDGE('',*,*,#1682,.F.);
#1352=ORIENTED_EDGE('',*,*,#2027,.F.);
#1353=ORIENTED_EDGE('',*,*,#2028,.T.);
#1354=ORIENTED_EDGE('',*,*,#2025,.T.);
#1355=ORIENTED_EDGE('',*,*,#1681,.F.);
#1356=ORIENTED_EDGE('',*,*,#2029,.F.);
#1357=ORIENTED_EDGE('',*,*,#2030,.T.);
#1358=ORIENTED_EDGE('',*,*,#2027,.T.);
#1359=ORIENTED_EDGE('',*,*,#1680,.F.);
#1360=ORIENTED_EDGE('',*,*,#2031,.F.);
#1361=ORIENTED_EDGE('',*,*,#2032,.T.);
#1362=ORIENTED_EDGE('',*,*,#2029,.T.);
#1363=ORIENTED_EDGE('',*,*,#1679,.F.);
#1364=ORIENTED_EDGE('',*,*,#2033,.F.);
#1365=ORIENTED_EDGE('',*,*,#2034,.T.);
#1366=ORIENTED_EDGE('',*,*,#2031,.T.);
#1367=ORIENTED_EDGE('',*,*,#1678,.F.);
#1368=ORIENTED_EDGE('',*,*,#2035,.F.);
#1369=ORIENTED_EDGE('',*,*,#2036,.T.);
#1370=ORIENTED_EDGE('',*,*,#2033,.T.);
#1371=ORIENTED_EDGE('',*,*,#1677,.F.);
#1372=ORIENTED_EDGE('',*,*,#2037,.F.);
#1373=ORIENTED_EDGE('',*,*,#2038,.T.);
#1374=ORIENTED_EDGE('',*,*,#2035,.T.);
#1375=ORIENTED_EDGE('',*,*,#1676,.F.);
#1376=ORIENTED_EDGE('',*,*,#2016,.F.);
#1377=ORIENTED_EDGE('',*,*,#2039,.T.);
#1378=ORIENTED_EDGE('',*,*,#2037,.T.);
#1379=ORIENTED_EDGE('',*,*,#2015,.F.);
#1380=ORIENTED_EDGE('',*,*,#2018,.F.);
#1381=ORIENTED_EDGE('',*,*,#2020,.F.);
#1382=ORIENTED_EDGE('',*,*,#2022,.F.);
#1383=ORIENTED_EDGE('',*,*,#2024,.F.);
#1384=ORIENTED_EDGE('',*,*,#2026,.F.);
#1385=ORIENTED_EDGE('',*,*,#2028,.F.);
#1386=ORIENTED_EDGE('',*,*,#2030,.F.);
#1387=ORIENTED_EDGE('',*,*,#2032,.F.);
#1388=ORIENTED_EDGE('',*,*,#2034,.F.);
#1389=ORIENTED_EDGE('',*,*,#2036,.F.);
#1390=ORIENTED_EDGE('',*,*,#2038,.F.);
#1391=ORIENTED_EDGE('',*,*,#2039,.F.);
#1392=ORIENTED_EDGE('',*,*,#2040,.F.);
#1393=ORIENTED_EDGE('',*,*,#2041,.F.);
#1394=ORIENTED_EDGE('',*,*,#2042,.T.);
#1395=ORIENTED_EDGE('',*,*,#2043,.T.);
#1396=ORIENTED_EDGE('',*,*,#2044,.F.);
#1397=ORIENTED_EDGE('',*,*,#2045,.F.);
#1398=ORIENTED_EDGE('',*,*,#2046,.T.);
#1399=ORIENTED_EDGE('',*,*,#2041,.T.);
#1400=ORIENTED_EDGE('',*,*,#2047,.F.);
#1401=ORIENTED_EDGE('',*,*,#2048,.F.);
#1402=ORIENTED_EDGE('',*,*,#2049,.T.);
#1403=ORIENTED_EDGE('',*,*,#2045,.T.);
#1404=ORIENTED_EDGE('',*,*,#2050,.F.);
#1405=ORIENTED_EDGE('',*,*,#2051,.F.);
#1406=ORIENTED_EDGE('',*,*,#2052,.T.);
#1407=ORIENTED_EDGE('',*,*,#2048,.T.);
#1408=ORIENTED_EDGE('',*,*,#2053,.F.);
#1409=ORIENTED_EDGE('',*,*,#2054,.F.);
#1410=ORIENTED_EDGE('',*,*,#2055,.T.);
#1411=ORIENTED_EDGE('',*,*,#2051,.T.);
#1412=ORIENTED_EDGE('',*,*,#2056,.F.);
#1413=ORIENTED_EDGE('',*,*,#2057,.F.);
#1414=ORIENTED_EDGE('',*,*,#2058,.T.);
#1415=ORIENTED_EDGE('',*,*,#2059,.T.);
#1416=ORIENTED_EDGE('',*,*,#2060,.F.);
#1417=ORIENTED_EDGE('',*,*,#2061,.F.);
#1418=ORIENTED_EDGE('',*,*,#2062,.T.);
#1419=ORIENTED_EDGE('',*,*,#2057,.T.);
#1420=ORIENTED_EDGE('',*,*,#2063,.F.);
#1421=ORIENTED_EDGE('',*,*,#2064,.F.);
#1422=ORIENTED_EDGE('',*,*,#2065,.T.);
#1423=ORIENTED_EDGE('',*,*,#2061,.T.);
#1424=ORIENTED_EDGE('',*,*,#2066,.F.);
#1425=ORIENTED_EDGE('',*,*,#2067,.F.);
#1426=ORIENTED_EDGE('',*,*,#2068,.T.);
#1427=ORIENTED_EDGE('',*,*,#2064,.T.);
#1428=ORIENTED_EDGE('',*,*,#2069,.F.);
#1429=ORIENTED_EDGE('',*,*,#2070,.F.);
#1430=ORIENTED_EDGE('',*,*,#2071,.T.);
#1431=ORIENTED_EDGE('',*,*,#2067,.T.);
#1432=ORIENTED_EDGE('',*,*,#2072,.F.);
#1433=ORIENTED_EDGE('',*,*,#2073,.F.);
#1434=ORIENTED_EDGE('',*,*,#2074,.T.);
#1435=ORIENTED_EDGE('',*,*,#2070,.T.);
#1436=ORIENTED_EDGE('',*,*,#1531,.F.);
#1437=ORIENTED_EDGE('',*,*,#2075,.F.);
#1438=ORIENTED_EDGE('',*,*,#2076,.T.);
#1439=ORIENTED_EDGE('',*,*,#2077,.T.);
#1440=ORIENTED_EDGE('',*,*,#1530,.F.);
#1441=ORIENTED_EDGE('',*,*,#2078,.F.);
#1442=ORIENTED_EDGE('',*,*,#2079,.T.);
#1443=ORIENTED_EDGE('',*,*,#2075,.T.);
#1444=ORIENTED_EDGE('',*,*,#1541,.F.);
#1445=ORIENTED_EDGE('',*,*,#2080,.F.);
#1446=ORIENTED_EDGE('',*,*,#2081,.T.);
#1447=ORIENTED_EDGE('',*,*,#2078,.T.);
#1448=ORIENTED_EDGE('',*,*,#1540,.F.);
#1449=ORIENTED_EDGE('',*,*,#2082,.F.);
#1450=ORIENTED_EDGE('',*,*,#2083,.T.);
#1451=ORIENTED_EDGE('',*,*,#2080,.T.);
#1452=ORIENTED_EDGE('',*,*,#1539,.F.);
#1453=ORIENTED_EDGE('',*,*,#2084,.F.);
#1454=ORIENTED_EDGE('',*,*,#2085,.T.);
#1455=ORIENTED_EDGE('',*,*,#2082,.T.);
#1456=ORIENTED_EDGE('',*,*,#1538,.F.);
#1457=ORIENTED_EDGE('',*,*,#2086,.F.);
#1458=ORIENTED_EDGE('',*,*,#2087,.T.);
#1459=ORIENTED_EDGE('',*,*,#2084,.T.);
#1460=ORIENTED_EDGE('',*,*,#1537,.F.);
#1461=ORIENTED_EDGE('',*,*,#2088,.F.);
#1462=ORIENTED_EDGE('',*,*,#2089,.T.);
#1463=ORIENTED_EDGE('',*,*,#2086,.T.);
#1464=ORIENTED_EDGE('',*,*,#1536,.F.);
#1465=ORIENTED_EDGE('',*,*,#2090,.F.);
#1466=ORIENTED_EDGE('',*,*,#2091,.T.);
#1467=ORIENTED_EDGE('',*,*,#2088,.T.);
#1468=ORIENTED_EDGE('',*,*,#1535,.F.);
#1469=ORIENTED_EDGE('',*,*,#2092,.F.);
#1470=ORIENTED_EDGE('',*,*,#2093,.T.);
#1471=ORIENTED_EDGE('',*,*,#2090,.T.);
#1472=ORIENTED_EDGE('',*,*,#1534,.F.);
#1473=ORIENTED_EDGE('',*,*,#2094,.F.);
#1474=ORIENTED_EDGE('',*,*,#2095,.T.);
#1475=ORIENTED_EDGE('',*,*,#2092,.T.);
#1476=ORIENTED_EDGE('',*,*,#1533,.F.);
#1477=ORIENTED_EDGE('',*,*,#2096,.F.);
#1478=ORIENTED_EDGE('',*,*,#2097,.T.);
#1479=ORIENTED_EDGE('',*,*,#2094,.T.);
#1480=ORIENTED_EDGE('',*,*,#2098,.F.);
#1481=ORIENTED_EDGE('',*,*,#2059,.F.);
#1482=ORIENTED_EDGE('',*,*,#2099,.T.);
#1483=ORIENTED_EDGE('',*,*,#2073,.T.);
#1484=ORIENTED_EDGE('',*,*,#1532,.F.);
#1485=ORIENTED_EDGE('',*,*,#2077,.F.);
#1486=ORIENTED_EDGE('',*,*,#2100,.T.);
#1487=ORIENTED_EDGE('',*,*,#2096,.T.);
#1488=ORIENTED_EDGE('',*,*,#2101,.F.);
#1489=ORIENTED_EDGE('',*,*,#2043,.F.);
#1490=ORIENTED_EDGE('',*,*,#2102,.T.);
#1491=ORIENTED_EDGE('',*,*,#2054,.T.);
#1492=ORIENTED_EDGE('',*,*,#2076,.F.);
#1493=ORIENTED_EDGE('',*,*,#2079,.F.);
#1494=ORIENTED_EDGE('',*,*,#2081,.F.);
#1495=ORIENTED_EDGE('',*,*,#2083,.F.);
#1496=ORIENTED_EDGE('',*,*,#2085,.F.);
#1497=ORIENTED_EDGE('',*,*,#2087,.F.);
#1498=ORIENTED_EDGE('',*,*,#2089,.F.);
#1499=ORIENTED_EDGE('',*,*,#2091,.F.);
#1500=ORIENTED_EDGE('',*,*,#2093,.F.);
#1501=ORIENTED_EDGE('',*,*,#2095,.F.);
#1502=ORIENTED_EDGE('',*,*,#2097,.F.);
#1503=ORIENTED_EDGE('',*,*,#2100,.F.);
#1504=ORIENTED_EDGE('',*,*,#2058,.F.);
#1505=ORIENTED_EDGE('',*,*,#2062,.F.);
#1506=ORIENTED_EDGE('',*,*,#2065,.F.);
#1507=ORIENTED_EDGE('',*,*,#2068,.F.);
#1508=ORIENTED_EDGE('',*,*,#2071,.F.);
#1509=ORIENTED_EDGE('',*,*,#2074,.F.);
#1510=ORIENTED_EDGE('',*,*,#2099,.F.);
#1511=ORIENTED_EDGE('',*,*,#2042,.F.);
#1512=ORIENTED_EDGE('',*,*,#2046,.F.);
#1513=ORIENTED_EDGE('',*,*,#2049,.F.);
#1514=ORIENTED_EDGE('',*,*,#2052,.F.);
#1515=ORIENTED_EDGE('',*,*,#2055,.F.);
#1516=ORIENTED_EDGE('',*,*,#2102,.F.);
#1517=ORIENTED_EDGE('',*,*,#2060,.T.);
#1518=ORIENTED_EDGE('',*,*,#2056,.T.);
#1519=ORIENTED_EDGE('',*,*,#2098,.T.);
#1520=ORIENTED_EDGE('',*,*,#2072,.T.);
#1521=ORIENTED_EDGE('',*,*,#2069,.T.);
#1522=ORIENTED_EDGE('',*,*,#2066,.T.);
#1523=ORIENTED_EDGE('',*,*,#2063,.T.);
#1524=ORIENTED_EDGE('',*,*,#2044,.T.);
#1525=ORIENTED_EDGE('',*,*,#2040,.T.);
#1526=ORIENTED_EDGE('',*,*,#2101,.T.);
#1527=ORIENTED_EDGE('',*,*,#2053,.T.);
#1528=ORIENTED_EDGE('',*,*,#2050,.T.);
#1529=ORIENTED_EDGE('',*,*,#2047,.T.);
#1530=EDGE_CURVE('',#2103,#2104,#2485,.T.);
#1531=EDGE_CURVE('',#2104,#2105,#2486,.T.);
#1532=EDGE_CURVE('',#2105,#2106,#214,.T.);
#1533=EDGE_CURVE('',#2106,#2107,#215,.T.);
#1534=EDGE_CURVE('',#2107,#2108,#216,.T.);
#1535=EDGE_CURVE('',#2108,#2109,#142,.T.);
#1536=EDGE_CURVE('',#2109,#2110,#2487,.T.);
#1537=EDGE_CURVE('',#2110,#2111,#217,.T.);
#1538=EDGE_CURVE('',#2111,#2112,#218,.T.);
#1539=EDGE_CURVE('',#2112,#2113,#219,.T.);
#1540=EDGE_CURVE('',#2113,#2114,#220,.T.);
#1541=EDGE_CURVE('',#2114,#2103,#2488,.T.);
#1542=EDGE_CURVE('',#2115,#2116,#143,.T.);
#1543=EDGE_CURVE('',#2115,#2117,#2489,.T.);
#1544=EDGE_CURVE('',#2117,#2118,#221,.T.);
#1545=EDGE_CURVE('',#2119,#2118,#222,.T.);
#1546=EDGE_CURVE('',#2120,#2119,#2490,.T.);
#1547=EDGE_CURVE('',#2121,#2120,#144,.T.);
#1548=EDGE_CURVE('',#2121,#2122,#2491,.T.);
#1549=EDGE_CURVE('',#2122,#2123,#223,.T.);
#1550=EDGE_CURVE('',#2124,#2123,#224,.T.);
#1551=EDGE_CURVE('',#2125,#2124,#2492,.T.);
#1552=EDGE_CURVE('',#2125,#2126,#145,.T.);
#1553=EDGE_CURVE('',#2126,#2127,#2493,.T.);
#1554=EDGE_CURVE('',#2128,#2127,#225,.T.);
#1555=EDGE_CURVE('',#2129,#2128,#226,.T.);
#1556=EDGE_CURVE('',#2130,#2129,#227,.T.);
#1557=EDGE_CURVE('',#2131,#2130,#228,.T.);
#1558=EDGE_CURVE('',#2132,#2131,#229,.T.);
#1559=EDGE_CURVE('',#2132,#2133,#230,.T.);
#1560=EDGE_CURVE('',#2133,#2134,#231,.T.);
#1561=EDGE_CURVE('',#2134,#2135,#232,.T.);
#1562=EDGE_CURVE('',#2136,#2135,#233,.T.);
#1563=EDGE_CURVE('',#2137,#2136,#234,.T.);
#1564=EDGE_CURVE('',#2138,#2137,#235,.T.);
#1565=EDGE_CURVE('',#2138,#2139,#236,.T.);
#1566=EDGE_CURVE('',#2139,#2140,#237,.T.);
#1567=EDGE_CURVE('',#2140,#2141,#238,.T.);
#1568=EDGE_CURVE('',#2141,#2142,#239,.T.);
#1569=EDGE_CURVE('',#2142,#2143,#240,.T.);
#1570=EDGE_CURVE('',#2116,#2143,#2494,.T.);
#1571=EDGE_CURVE('',#2144,#2145,#2495,.T.);
#1572=EDGE_CURVE('',#2144,#2146,#2496,.T.);
#1573=EDGE_CURVE('',#2146,#2147,#2497,.T.);
#1574=EDGE_CURVE('',#2145,#2147,#2498,.T.);
#1575=EDGE_CURVE('',#2148,#2149,#146,.T.);
#1576=EDGE_CURVE('',#2149,#2150,#241,.T.);
#1577=EDGE_CURVE('',#2150,#2151,#242,.T.);
#1578=EDGE_CURVE('',#2151,#2152,#147,.T.);
#1579=EDGE_CURVE('',#2152,#2153,#148,.T.);
#1580=EDGE_CURVE('',#2153,#2154,#2499,.T.);
#1581=EDGE_CURVE('',#2154,#2155,#149,.F.);
#1582=EDGE_CURVE('',#2155,#2156,#150,.F.);
#1583=EDGE_CURVE('',#2156,#2157,#243,.T.);
#1584=EDGE_CURVE('',#2157,#2158,#151,.F.);
#1585=EDGE_CURVE('',#2158,#2159,#152,.F.);
#1586=EDGE_CURVE('',#2159,#2160,#153,.F.);
#1587=EDGE_CURVE('',#2160,#2161,#244,.T.);
#1588=EDGE_CURVE('',#2161,#2162,#154,.T.);
#1589=EDGE_CURVE('',#2162,#2163,#155,.T.);
#1590=EDGE_CURVE('',#2163,#2164,#245,.T.);
#1591=EDGE_CURVE('',#2164,#2165,#246,.T.);
#1592=EDGE_CURVE('',#2165,#2166,#156,.T.);
#1593=EDGE_CURVE('',#2166,#2167,#2500,.T.);
#1594=EDGE_CURVE('',#2167,#2168,#157,.F.);
#1595=EDGE_CURVE('',#2168,#2169,#158,.F.);
#1596=EDGE_CURVE('',#2169,#2170,#247,.T.);
#1597=EDGE_CURVE('',#2170,#2171,#248,.T.);
#1598=EDGE_CURVE('',#2171,#2172,#249,.T.);
#1599=EDGE_CURVE('',#2172,#2173,#250,.T.);
#1600=EDGE_CURVE('',#2173,#2148,#159,.T.);
#1601=EDGE_CURVE('',#2174,#2175,#160,.T.);
#1602=EDGE_CURVE('',#2175,#2176,#161,.T.);
#1603=EDGE_CURVE('',#2176,#2177,#2501,.T.);
#1604=EDGE_CURVE('',#2177,#2178,#162,.F.);
#1605=EDGE_CURVE('',#2178,#2179,#251,.T.);
#1606=EDGE_CURVE('',#2179,#2180,#252,.T.);
#1607=EDGE_CURVE('',#2180,#2181,#2502,.T.);
#1608=EDGE_CURVE('',#2181,#2182,#2503,.T.);
#1609=EDGE_CURVE('',#2182,#2183,#2504,.T.);
#1610=EDGE_CURVE('',#2183,#2184,#2505,.T.);
#1611=EDGE_CURVE('',#2184,#2185,#2506,.T.);
#1612=EDGE_CURVE('',#2185,#2186,#2507,.T.);
#1613=EDGE_CURVE('',#2186,#2174,#163,.T.);
#1614=EDGE_CURVE('',#2187,#2188,#164,.T.);
#1615=EDGE_CURVE('',#2188,#2189,#253,.T.);
#1616=EDGE_CURVE('',#2189,#2190,#254,.T.);
#1617=EDGE_CURVE('',#2190,#2191,#255,.T.);
#1618=EDGE_CURVE('',#2191,#2192,#256,.T.);
#1619=EDGE_CURVE('',#2192,#2193,#257,.T.);
#1620=EDGE_CURVE('',#2193,#2194,#258,.T.);
#1621=EDGE_CURVE('',#2194,#2195,#2508,.T.);
#1622=EDGE_CURVE('',#2195,#2196,#2509,.T.);
#1623=EDGE_CURVE('',#2196,#2197,#259,.T.);
#1624=EDGE_CURVE('',#2197,#2198,#260,.T.);
#1625=EDGE_CURVE('',#2198,#2199,#165,.F.);
#1626=EDGE_CURVE('',#2199,#2200,#166,.F.);
#1627=EDGE_CURVE('',#2200,#2201,#2510,.T.);
#1628=EDGE_CURVE('',#2201,#2187,#167,.T.);
#1629=EDGE_CURVE('',#2202,#2203,#2511,.T.);
#1630=EDGE_CURVE('',#2203,#2204,#2512,.T.);
#1631=EDGE_CURVE('',#2204,#2205,#2513,.T.);
#1632=EDGE_CURVE('',#2205,#2206,#261,.T.);
#1633=EDGE_CURVE('',#2206,#2207,#262,.T.);
#1634=EDGE_CURVE('',#2207,#2208,#263,.T.);
#1635=EDGE_CURVE('',#2208,#2209,#2514,.T.);
#1636=EDGE_CURVE('',#2209,#2210,#2515,.T.);
#1637=EDGE_CURVE('',#2210,#2211,#2516,.T.);
#1638=EDGE_CURVE('',#2211,#2212,#2517,.T.);
#1639=EDGE_CURVE('',#2212,#2213,#2518,.T.);
#1640=EDGE_CURVE('',#2213,#2214,#168,.T.);
#1641=EDGE_CURVE('',#2214,#2215,#2519,.T.);
#1642=EDGE_CURVE('',#2215,#2216,#2520,.T.);
#1643=EDGE_CURVE('',#2216,#2217,#264,.T.);
#1644=EDGE_CURVE('',#2217,#2218,#265,.T.);
#1645=EDGE_CURVE('',#2218,#2202,#266,.T.);
#1646=EDGE_CURVE('',#2219,#2220,#267,.T.);
#1647=EDGE_CURVE('',#2220,#2221,#169,.F.);
#1648=EDGE_CURVE('',#2221,#2222,#2521,.T.);
#1649=EDGE_CURVE('',#2222,#2223,#268,.T.);
#1650=EDGE_CURVE('',#2223,#2224,#269,.T.);
#1651=EDGE_CURVE('',#2224,#2225,#270,.T.);
#1652=EDGE_CURVE('',#2225,#2226,#2522,.T.);
#1653=EDGE_CURVE('',#2226,#2227,#2523,.T.);
#1654=EDGE_CURVE('',#2227,#2228,#2524,.T.);
#1655=EDGE_CURVE('',#2228,#2229,#2525,.T.);
#1656=EDGE_CURVE('',#2229,#2230,#2526,.T.);
#1657=EDGE_CURVE('',#2230,#2231,#2527,.T.);
#1658=EDGE_CURVE('',#2231,#2232,#2528,.T.);
#1659=EDGE_CURVE('',#2232,#2233,#2529,.T.);
#1660=EDGE_CURVE('',#2233,#2234,#2530,.T.);
#1661=EDGE_CURVE('',#2234,#2235,#2531,.T.);
#1662=EDGE_CURVE('',#2235,#2236,#2532,.T.);
#1663=EDGE_CURVE('',#2236,#2219,#271,.T.);
#1664=EDGE_CURVE('',#2237,#2238,#272,.T.);
#1665=EDGE_CURVE('',#2238,#2239,#273,.T.);
#1666=EDGE_CURVE('',#2239,#2240,#274,.T.);
#1667=EDGE_CURVE('',#2240,#2241,#170,.T.);
#1668=EDGE_CURVE('',#2241,#2242,#171,.T.);
#1669=EDGE_CURVE('',#2242,#2243,#275,.T.);
#1670=EDGE_CURVE('',#2243,#2244,#276,.T.);
#1671=EDGE_CURVE('',#2244,#2245,#277,.T.);
#1672=EDGE_CURVE('',#2245,#2246,#172,.T.);
#1673=EDGE_CURVE('',#2246,#2237,#173,.T.);
#1674=EDGE_CURVE('',#2247,#2248,#174,.T.);
#1675=EDGE_CURVE('',#2248,#2249,#175,.T.);
#1676=EDGE_CURVE('',#2249,#2250,#2533,.T.);
#1677=EDGE_CURVE('',#2250,#2251,#176,.F.);
#1678=EDGE_CURVE('',#2251,#2252,#278,.T.);
#1679=EDGE_CURVE('',#2252,#2253,#279,.T.);
#1680=EDGE_CURVE('',#2253,#2254,#2534,.T.);
#1681=EDGE_CURVE('',#2254,#2255,#2535,.T.);
#1682=EDGE_CURVE('',#2255,#2256,#2536,.T.);
#1683=EDGE_CURVE('',#2256,#2257,#2537,.T.);
#1684=EDGE_CURVE('',#2257,#2258,#2538,.T.);
#1685=EDGE_CURVE('',#2258,#2259,#2539,.T.);
#1686=EDGE_CURVE('',#2259,#2247,#177,.T.);
#1687=EDGE_CURVE('',#2260,#2261,#2540,.T.);
#1688=EDGE_CURVE('',#2260,#2262,#2541,.T.);
#1689=EDGE_CURVE('',#2262,#2263,#2542,.T.);
#1690=EDGE_CURVE('',#2261,#2263,#2543,.T.);
#1691=EDGE_CURVE('',#2264,#2265,#2544,.T.);
#1692=EDGE_CURVE('',#2265,#2266,#2545,.T.);
#1693=EDGE_CURVE('',#2267,#2266,#2546,.T.);
#1694=EDGE_CURVE('',#2264,#2267,#2547,.T.);
#1695=EDGE_CURVE('',#2268,#2264,#2548,.T.);
#1696=EDGE_CURVE('',#2268,#2269,#2549,.T.);
#1697=EDGE_CURVE('',#2269,#2265,#2550,.T.);
#1698=EDGE_CURVE('',#2270,#2267,#2551,.T.);
#1699=EDGE_CURVE('',#2268,#2270,#2552,.T.);
#1700=EDGE_CURVE('',#2271,#2266,#2553,.T.);
#1701=EDGE_CURVE('',#2270,#2271,#2554,.T.);
#1702=EDGE_CURVE('',#2269,#2271,#2555,.T.);
#1703=EDGE_CURVE('',#2272,#2144,#2556,.T.);
#1704=EDGE_CURVE('',#2272,#2273,#2557,.T.);
#1705=EDGE_CURVE('',#2273,#2146,#2558,.T.);
#1706=EDGE_CURVE('',#2274,#2145,#2559,.T.);
#1707=EDGE_CURVE('',#2272,#2274,#2560,.T.);
#1708=EDGE_CURVE('',#2275,#2147,#2561,.T.);
#1709=EDGE_CURVE('',#2274,#2275,#2562,.T.);
#1710=EDGE_CURVE('',#2276,#2260,#2563,.T.);
#1711=EDGE_CURVE('',#2276,#2277,#2564,.T.);
#1712=EDGE_CURVE('',#2277,#2262,#2565,.T.);
#1713=EDGE_CURVE('',#2278,#2261,#2566,.T.);
#1714=EDGE_CURVE('',#2276,#2278,#2567,.T.);
#1715=EDGE_CURVE('',#2279,#2263,#2568,.T.);
#1716=EDGE_CURVE('',#2278,#2279,#2569,.T.);
#1717=EDGE_CURVE('',#2277,#2279,#2570,.T.);
#1718=EDGE_CURVE('',#2273,#2275,#2571,.T.);
#1719=EDGE_CURVE('',#2280,#2116,#2572,.T.);
#1720=EDGE_CURVE('',#2281,#2280,#178,.T.);
#1721=EDGE_CURVE('',#2281,#2115,#2573,.T.);
#1722=EDGE_CURVE('',#2282,#2143,#2574,.T.);
#1723=EDGE_CURVE('',#2280,#2282,#2575,.T.);
#1724=EDGE_CURVE('',#2283,#2142,#2576,.T.);
#1725=EDGE_CURVE('',#2283,#2282,#280,.T.);
#1726=EDGE_CURVE('',#2284,#2141,#2577,.T.);
#1727=EDGE_CURVE('',#2284,#2283,#281,.T.);
#1728=EDGE_CURVE('',#2285,#2140,#2578,.T.);
#1729=EDGE_CURVE('',#2285,#2284,#282,.T.);
#1730=EDGE_CURVE('',#2286,#2139,#2579,.T.);
#1731=EDGE_CURVE('',#2286,#2285,#283,.T.);
#1732=EDGE_CURVE('',#2287,#2138,#2580,.T.);
#1733=EDGE_CURVE('',#2287,#2286,#284,.T.);
#1734=EDGE_CURVE('',#2288,#2137,#2581,.T.);
#1735=EDGE_CURVE('',#2287,#2288,#285,.T.);
#1736=EDGE_CURVE('',#2289,#2136,#2582,.T.);
#1737=EDGE_CURVE('',#2288,#2289,#286,.T.);
#1738=EDGE_CURVE('',#2290,#2135,#2583,.T.);
#1739=EDGE_CURVE('',#2289,#2290,#287,.T.);
#1740=EDGE_CURVE('',#2291,#2134,#2584,.T.);
#1741=EDGE_CURVE('',#2291,#2290,#288,.T.);
#1742=EDGE_CURVE('',#2292,#2133,#2585,.T.);
#1743=EDGE_CURVE('',#2292,#2291,#289,.T.);
#1744=EDGE_CURVE('',#2293,#2132,#2586,.T.);
#1745=EDGE_CURVE('',#2293,#2292,#290,.T.);
#1746=EDGE_CURVE('',#2294,#2131,#2587,.T.);
#1747=EDGE_CURVE('',#2293,#2294,#291,.T.);
#1748=EDGE_CURVE('',#2295,#2130,#2588,.T.);
#1749=EDGE_CURVE('',#2294,#2295,#292,.T.);
#1750=EDGE_CURVE('',#2296,#2129,#2589,.T.);
#1751=EDGE_CURVE('',#2295,#2296,#293,.T.);
#1752=EDGE_CURVE('',#2297,#2128,#2590,.T.);
#1753=EDGE_CURVE('',#2296,#2297,#294,.T.);
#1754=EDGE_CURVE('',#2298,#2127,#2591,.T.);
#1755=EDGE_CURVE('',#2297,#2298,#295,.T.);
#1756=EDGE_CURVE('',#2299,#2126,#2592,.T.);
#1757=EDGE_CURVE('',#2299,#2298,#2593,.T.);
#1758=EDGE_CURVE('',#2300,#2125,#2594,.T.);
#1759=EDGE_CURVE('',#2300,#2299,#179,.T.);
#1760=EDGE_CURVE('',#2301,#2124,#2595,.T.);
#1761=EDGE_CURVE('',#2300,#2301,#2596,.T.);
#1762=EDGE_CURVE('',#2302,#2123,#2597,.T.);
#1763=EDGE_CURVE('',#2301,#2302,#296,.T.);
#1764=EDGE_CURVE('',#2303,#2122,#2598,.T.);
#1765=EDGE_CURVE('',#2303,#2302,#297,.T.);
#1766=EDGE_CURVE('',#2304,#2121,#2599,.T.);
#1767=EDGE_CURVE('',#2304,#2303,#2600,.T.);
#1768=EDGE_CURVE('',#2305,#2120,#2601,.T.);
#1769=EDGE_CURVE('',#2304,#2305,#180,.T.);
#1770=EDGE_CURVE('',#2306,#2119,#2602,.T.);
#1771=EDGE_CURVE('',#2305,#2306,#2603,.T.);
#1772=EDGE_CURVE('',#2307,#2118,#2604,.T.);
#1773=EDGE_CURVE('',#2306,#2307,#298,.T.);
#1774=EDGE_CURVE('',#2308,#2117,#2605,.T.);
#1775=EDGE_CURVE('',#2308,#2307,#299,.T.);
#1776=EDGE_CURVE('',#2281,#2308,#2606,.T.);
#1777=EDGE_CURVE('',#2309,#2149,#2607,.T.);
#1778=EDGE_CURVE('',#2309,#2310,#300,.T.);
#1779=EDGE_CURVE('',#2310,#2150,#2608,.T.);
#1780=EDGE_CURVE('',#2311,#2148,#2609,.T.);
#1781=EDGE_CURVE('',#2311,#2309,#181,.T.);
#1782=EDGE_CURVE('',#2312,#2173,#2610,.T.);
#1783=EDGE_CURVE('',#2312,#2311,#182,.T.);
#1784=EDGE_CURVE('',#2313,#2172,#2611,.T.);
#1785=EDGE_CURVE('',#2313,#2312,#301,.T.);
#1786=EDGE_CURVE('',#2314,#2171,#2612,.T.);
#1787=EDGE_CURVE('',#2314,#2313,#302,.T.);
#1788=EDGE_CURVE('',#2315,#2170,#2613,.T.);
#1789=EDGE_CURVE('',#2315,#2314,#303,.T.);
#1790=EDGE_CURVE('',#2316,#2169,#2614,.T.);
#1791=EDGE_CURVE('',#2316,#2315,#304,.T.);
#1792=EDGE_CURVE('',#2317,#2168,#2615,.T.);
#1793=EDGE_CURVE('',#2317,#2316,#183,.F.);
#1794=EDGE_CURVE('',#2318,#2167,#2616,.T.);
#1795=EDGE_CURVE('',#2318,#2317,#184,.F.);
#1796=EDGE_CURVE('',#2319,#2166,#2617,.T.);
#1797=EDGE_CURVE('',#2319,#2318,#2618,.T.);
#1798=EDGE_CURVE('',#2320,#2165,#2619,.T.);
#1799=EDGE_CURVE('',#2320,#2319,#185,.T.);
#1800=EDGE_CURVE('',#2321,#2164,#2620,.T.);
#1801=EDGE_CURVE('',#2321,#2320,#305,.T.);
#1802=EDGE_CURVE('',#2322,#2163,#2621,.T.);
#1803=EDGE_CURVE('',#2322,#2321,#306,.T.);
#1804=EDGE_CURVE('',#2323,#2162,#2622,.T.);
#1805=EDGE_CURVE('',#2323,#2322,#186,.T.);
#1806=EDGE_CURVE('',#2324,#2161,#2623,.T.);
#1807=EDGE_CURVE('',#2324,#2323,#187,.T.);
#1808=EDGE_CURVE('',#2325,#2160,#2624,.T.);
#1809=EDGE_CURVE('',#2325,#2324,#307,.T.);
#1810=EDGE_CURVE('',#2326,#2159,#2625,.T.);
#1811=EDGE_CURVE('',#2326,#2325,#188,.F.);
#1812=EDGE_CURVE('',#2327,#2158,#2626,.T.);
#1813=EDGE_CURVE('',#2327,#2326,#189,.F.);
#1814=EDGE_CURVE('',#2328,#2157,#2627,.T.);
#1815=EDGE_CURVE('',#2328,#2327,#190,.F.);
#1816=EDGE_CURVE('',#2329,#2156,#2628,.T.);
#1817=EDGE_CURVE('',#2329,#2328,#308,.T.);
#1818=EDGE_CURVE('',#2330,#2155,#2629,.T.);
#1819=EDGE_CURVE('',#2330,#2329,#191,.F.);
#1820=EDGE_CURVE('',#2331,#2154,#2630,.T.);
#1821=EDGE_CURVE('',#2331,#2330,#192,.F.);
#1822=EDGE_CURVE('',#2332,#2153,#2631,.T.);
#1823=EDGE_CURVE('',#2332,#2331,#2632,.T.);
#1824=EDGE_CURVE('',#2333,#2152,#2633,.T.);
#1825=EDGE_CURVE('',#2333,#2332,#193,.T.);
#1826=EDGE_CURVE('',#2334,#2151,#2634,.T.);
#1827=EDGE_CURVE('',#2334,#2333,#194,.T.);
#1828=EDGE_CURVE('',#2310,#2334,#309,.T.);
#1829=EDGE_CURVE('',#2335,#2175,#2635,.T.);
#1830=EDGE_CURVE('',#2335,#2336,#195,.T.);
#1831=EDGE_CURVE('',#2336,#2176,#2636,.T.);
#1832=EDGE_CURVE('',#2337,#2174,#2637,.T.);
#1833=EDGE_CURVE('',#2337,#2335,#196,.T.);
#1834=EDGE_CURVE('',#2338,#2186,#2638,.T.);
#1835=EDGE_CURVE('',#2338,#2337,#197,.T.);
#1836=EDGE_CURVE('',#2339,#2185,#2639,.T.);
#1837=EDGE_CURVE('',#2339,#2338,#2640,.T.);
#1838=EDGE_CURVE('',#2340,#2184,#2641,.T.);
#1839=EDGE_CURVE('',#2340,#2339,#2642,.T.);
#1840=EDGE_CURVE('',#2341,#2183,#2643,.T.);
#1841=EDGE_CURVE('',#2341,#2340,#2644,.T.);
#1842=EDGE_CURVE('',#2342,#2182,#2645,.T.);
#1843=EDGE_CURVE('',#2342,#2341,#2646,.T.);
#1844=EDGE_CURVE('',#2343,#2181,#2647,.T.);
#1845=EDGE_CURVE('',#2343,#2342,#2648,.T.);
#1846=EDGE_CURVE('',#2344,#2180,#2649,.T.);
#1847=EDGE_CURVE('',#2344,#2343,#2650,.T.);
#1848=EDGE_CURVE('',#2345,#2179,#2651,.T.);
#1849=EDGE_CURVE('',#2345,#2344,#310,.T.);
#1850=EDGE_CURVE('',#2346,#2178,#2652,.T.);
#1851=EDGE_CURVE('',#2346,#2345,#311,.T.);
#1852=EDGE_CURVE('',#2347,#2177,#2653,.T.);
#1853=EDGE_CURVE('',#2347,#2346,#198,.F.);
#1854=EDGE_CURVE('',#2336,#2347,#2654,.T.);
#1855=EDGE_CURVE('',#2348,#2188,#2655,.T.);
#1856=EDGE_CURVE('',#2348,#2349,#312,.T.);
#1857=EDGE_CURVE('',#2349,#2189,#2656,.T.);
#1858=EDGE_CURVE('',#2350,#2187,#2657,.T.);
#1859=EDGE_CURVE('',#2350,#2348,#199,.T.);
#1860=EDGE_CURVE('',#2351,#2201,#2658,.T.);
#1861=EDGE_CURVE('',#2351,#2350,#200,.T.);
#1862=EDGE_CURVE('',#2352,#2200,#2659,.T.);
#1863=EDGE_CURVE('',#2352,#2351,#2660,.T.);
#1864=EDGE_CURVE('',#2353,#2199,#2661,.T.);
#1865=EDGE_CURVE('',#2353,#2352,#201,.F.);
#1866=EDGE_CURVE('',#2354,#2198,#2662,.T.);
#1867=EDGE_CURVE('',#2354,#2353,#202,.F.);
#1868=EDGE_CURVE('',#2355,#2197,#2663,.T.);
#1869=EDGE_CURVE('',#2355,#2354,#313,.T.);
#1870=EDGE_CURVE('',#2356,#2196,#2664,.T.);
#1871=EDGE_CURVE('',#2356,#2355,#314,.T.);
#1872=EDGE_CURVE('',#2357,#2195,#2665,.T.);
#1873=EDGE_CURVE('',#2357,#2356,#2666,.T.);
#1874=EDGE_CURVE('',#2358,#2194,#2667,.T.);
#1875=EDGE_CURVE('',#2358,#2357,#2668,.T.);
#1876=EDGE_CURVE('',#2359,#2193,#2669,.T.);
#1877=EDGE_CURVE('',#2359,#2358,#315,.T.);
#1878=EDGE_CURVE('',#2360,#2192,#2670,.T.);
#1879=EDGE_CURVE('',#2360,#2359,#316,.T.);
#1880=EDGE_CURVE('',#2361,#2191,#2671,.T.);
#1881=EDGE_CURVE('',#2361,#2360,#317,.T.);
#1882=EDGE_CURVE('',#2362,#2190,#2672,.T.);
#1883=EDGE_CURVE('',#2362,#2361,#318,.T.);
#1884=EDGE_CURVE('',#2363,#2364,#319,.T.);
#1885=EDGE_CURVE('',#2365,#2363,#2673,.T.);
#1886=EDGE_CURVE('',#2365,#2366,#320,.T.);
#1887=EDGE_CURVE('',#2366,#2364,#2674,.T.);
#1888=EDGE_CURVE('',#2367,#2363,#321,.T.);
#1889=EDGE_CURVE('',#2368,#2367,#2675,.T.);
#1890=EDGE_CURVE('',#2368,#2365,#322,.T.);
#1891=EDGE_CURVE('',#2369,#2367,#323,.T.);
#1892=EDGE_CURVE('',#2370,#2369,#2676,.T.);
#1893=EDGE_CURVE('',#2370,#2368,#324,.T.);
#1894=EDGE_CURVE('',#2371,#2369,#2677,.T.);
#1895=EDGE_CURVE('',#2372,#2371,#2678,.T.);
#1896=EDGE_CURVE('',#2372,#2370,#2679,.T.);
#1897=EDGE_CURVE('',#2364,#2371,#325,.T.);
#1898=EDGE_CURVE('',#2366,#2372,#326,.T.);
#1899=EDGE_CURVE('',#2349,#2362,#327,.T.);
#1900=EDGE_CURVE('',#2373,#2203,#2680,.T.);
#1901=EDGE_CURVE('',#2373,#2374,#2681,.T.);
#1902=EDGE_CURVE('',#2374,#2204,#2682,.T.);
#1903=EDGE_CURVE('',#2375,#2202,#2683,.T.);
#1904=EDGE_CURVE('',#2375,#2373,#2684,.T.);
#1905=EDGE_CURVE('',#2376,#2218,#2685,.T.);
#1906=EDGE_CURVE('',#2376,#2375,#328,.T.);
#1907=EDGE_CURVE('',#2377,#2217,#2686,.T.);
#1908=EDGE_CURVE('',#2377,#2376,#329,.T.);
#1909=EDGE_CURVE('',#2378,#2216,#2687,.T.);
#1910=EDGE_CURVE('',#2378,#2377,#330,.T.);
#1911=EDGE_CURVE('',#2379,#2215,#2688,.T.);
#1912=EDGE_CURVE('',#2379,#2378,#2689,.T.);
#1913=EDGE_CURVE('',#2380,#2214,#2690,.T.);
#1914=EDGE_CURVE('',#2380,#2379,#2691,.T.);
#1915=EDGE_CURVE('',#2381,#2213,#2692,.T.);
#1916=EDGE_CURVE('',#2381,#2380,#203,.T.);
#1917=EDGE_CURVE('',#2382,#2212,#2693,.T.);
#1918=EDGE_CURVE('',#2382,#2381,#2694,.T.);
#1919=EDGE_CURVE('',#2383,#2211,#2695,.T.);
#1920=EDGE_CURVE('',#2383,#2382,#2696,.T.);
#1921=EDGE_CURVE('',#2384,#2210,#2697,.T.);
#1922=EDGE_CURVE('',#2384,#2383,#2698,.T.);
#1923=EDGE_CURVE('',#2385,#2209,#2699,.T.);
#1924=EDGE_CURVE('',#2385,#2384,#2700,.T.);
#1925=EDGE_CURVE('',#2386,#2208,#2701,.T.);
#1926=EDGE_CURVE('',#2386,#2385,#2702,.T.);
#1927=EDGE_CURVE('',#2387,#2207,#2703,.T.);
#1928=EDGE_CURVE('',#2387,#2386,#331,.T.);
#1929=EDGE_CURVE('',#2388,#2206,#2704,.T.);
#1930=EDGE_CURVE('',#2388,#2387,#332,.T.);
#1931=EDGE_CURVE('',#2389,#2205,#2705,.T.);
#1932=EDGE_CURVE('',#2389,#2388,#333,.T.);
#1933=EDGE_CURVE('',#2374,#2389,#2706,.T.);
#1934=EDGE_CURVE('',#2390,#2220,#2707,.T.);
#1935=EDGE_CURVE('',#2390,#2391,#204,.F.);
#1936=EDGE_CURVE('',#2391,#2221,#2708,.T.);
#1937=EDGE_CURVE('',#2392,#2219,#2709,.T.);
#1938=EDGE_CURVE('',#2392,#2390,#334,.T.);
#1939=EDGE_CURVE('',#2393,#2236,#2710,.T.);
#1940=EDGE_CURVE('',#2393,#2392,#335,.T.);
#1941=EDGE_CURVE('',#2394,#2235,#2711,.T.);
#1942=EDGE_CURVE('',#2394,#2393,#2712,.T.);
#1943=EDGE_CURVE('',#2395,#2234,#2713,.T.);
#1944=EDGE_CURVE('',#2395,#2394,#2714,.T.);
#1945=EDGE_CURVE('',#2396,#2233,#2715,.T.);
#1946=EDGE_CURVE('',#2396,#2395,#2716,.T.);
#1947=EDGE_CURVE('',#2397,#2232,#2717,.T.);
#1948=EDGE_CURVE('',#2397,#2396,#2718,.T.);
#1949=EDGE_CURVE('',#2398,#2231,#2719,.T.);
#1950=EDGE_CURVE('',#2398,#2397,#2720,.T.);
#1951=EDGE_CURVE('',#2399,#2230,#2721,.T.);
#1952=EDGE_CURVE('',#2399,#2398,#2722,.T.);
#1953=EDGE_CURVE('',#2400,#2229,#2723,.T.);
#1954=EDGE_CURVE('',#2400,#2399,#2724,.T.);
#1955=EDGE_CURVE('',#2401,#2228,#2725,.T.);
#1956=EDGE_CURVE('',#2401,#2400,#2726,.T.);
#1957=EDGE_CURVE('',#2402,#2227,#2727,.T.);
#1958=EDGE_CURVE('',#2402,#2401,#2728,.T.);
#1959=EDGE_CURVE('',#2403,#2226,#2729,.T.);
#1960=EDGE_CURVE('',#2403,#2402,#2730,.T.);
#1961=EDGE_CURVE('',#2404,#2225,#2731,.T.);
#1962=EDGE_CURVE('',#2404,#2403,#2732,.T.);
#1963=EDGE_CURVE('',#2405,#2224,#2733,.T.);
#1964=EDGE_CURVE('',#2405,#2404,#336,.T.);
#1965=EDGE_CURVE('',#2406,#2223,#2734,.T.);
#1966=EDGE_CURVE('',#2406,#2405,#337,.T.);
#1967=EDGE_CURVE('',#2407,#2222,#2735,.T.);
#1968=EDGE_CURVE('',#2407,#2406,#338,.T.);
#1969=EDGE_CURVE('',#2391,#2407,#2736,.T.);
#1970=EDGE_CURVE('',#2408,#2238,#2737,.T.);
#1971=EDGE_CURVE('',#2408,#2409,#339,.T.);
#1972=EDGE_CURVE('',#2409,#2239,#2738,.T.);
#1973=EDGE_CURVE('',#2410,#2237,#2739,.T.);
#1974=EDGE_CURVE('',#2410,#2408,#340,.T.);
#1975=EDGE_CURVE('',#2411,#2246,#2740,.T.);
#1976=EDGE_CURVE('',#2411,#2410,#205,.T.);
#1977=EDGE_CURVE('',#2412,#2245,#2741,.T.);
#1978=EDGE_CURVE('',#2412,#2411,#206,.T.);
#1979=EDGE_CURVE('',#2413,#2244,#2742,.T.);
#1980=EDGE_CURVE('',#2413,#2412,#341,.T.);
#1981=EDGE_CURVE('',#2414,#2243,#2743,.T.);
#1982=EDGE_CURVE('',#2414,#2413,#342,.T.);
#1983=EDGE_CURVE('',#2415,#2242,#2744,.T.);
#1984=EDGE_CURVE('',#2415,#2414,#343,.T.);
#1985=EDGE_CURVE('',#2416,#2241,#2745,.T.);
#1986=EDGE_CURVE('',#2416,#2415,#207,.T.);
#1987=EDGE_CURVE('',#2417,#2240,#2746,.T.);
#1988=EDGE_CURVE('',#2417,#2416,#208,.T.);
#1989=EDGE_CURVE('',#2418,#2419,#344,.T.);
#1990=EDGE_CURVE('',#2420,#2418,#2747,.T.);
#1991=EDGE_CURVE('',#2420,#2421,#345,.T.);
#1992=EDGE_CURVE('',#2421,#2419,#2748,.T.);
#1993=EDGE_CURVE('',#2422,#2418,#346,.T.);
#1994=EDGE_CURVE('',#2423,#2422,#2749,.T.);
#1995=EDGE_CURVE('',#2423,#2420,#347,.T.);
#1996=EDGE_CURVE('',#2424,#2422,#348,.T.);
#1997=EDGE_CURVE('',#2425,#2424,#2750,.T.);
#1998=EDGE_CURVE('',#2425,#2423,#349,.T.);
#1999=EDGE_CURVE('',#2426,#2424,#350,.T.);
#2000=EDGE_CURVE('',#2427,#2426,#2751,.T.);
#2001=EDGE_CURVE('',#2427,#2425,#351,.T.);
#2002=EDGE_CURVE('',#2428,#2426,#352,.T.);
#2003=EDGE_CURVE('',#2429,#2428,#2752,.T.);
#2004=EDGE_CURVE('',#2429,#2427,#353,.T.);
#2005=EDGE_CURVE('',#2430,#2428,#354,.T.);
#2006=EDGE_CURVE('',#2431,#2430,#2753,.T.);
#2007=EDGE_CURVE('',#2431,#2429,#355,.T.);
#2008=EDGE_CURVE('',#2432,#2430,#356,.T.);
#2009=EDGE_CURVE('',#2433,#2432,#2754,.T.);
#2010=EDGE_CURVE('',#2433,#2431,#357,.T.);
#2011=EDGE_CURVE('',#2419,#2432,#358,.T.);
#2012=EDGE_CURVE('',#2421,#2433,#359,.T.);
#2013=EDGE_CURVE('',#2409,#2417,#360,.T.);
#2014=EDGE_CURVE('',#2434,#2248,#2755,.T.);
#2015=EDGE_CURVE('',#2434,#2435,#209,.T.);
#2016=EDGE_CURVE('',#2435,#2249,#2756,.T.);
#2017=EDGE_CURVE('',#2436,#2247,#2757,.T.);
#2018=EDGE_CURVE('',#2436,#2434,#210,.T.);
#2019=EDGE_CURVE('',#2437,#2259,#2758,.T.);
#2020=EDGE_CURVE('',#2437,#2436,#211,.T.);
#2021=EDGE_CURVE('',#2438,#2258,#2759,.T.);
#2022=EDGE_CURVE('',#2438,#2437,#2760,.T.);
#2023=EDGE_CURVE('',#2439,#2257,#2761,.T.);
#2024=EDGE_CURVE('',#2439,#2438,#2762,.T.);
#2025=EDGE_CURVE('',#2440,#2256,#2763,.T.);
#2026=EDGE_CURVE('',#2440,#2439,#2764,.T.);
#2027=EDGE_CURVE('',#2441,#2255,#2765,.T.);
#2028=EDGE_CURVE('',#2441,#2440,#2766,.T.);
#2029=EDGE_CURVE('',#2442,#2254,#2767,.T.);
#2030=EDGE_CURVE('',#2442,#2441,#2768,.T.);
#2031=EDGE_CURVE('',#2443,#2253,#2769,.T.);
#2032=EDGE_CURVE('',#2443,#2442,#2770,.T.);
#2033=EDGE_CURVE('',#2444,#2252,#2771,.T.);
#2034=EDGE_CURVE('',#2444,#2443,#361,.T.);
#2035=EDGE_CURVE('',#2445,#2251,#2772,.T.);
#2036=EDGE_CURVE('',#2445,#2444,#362,.T.);
#2037=EDGE_CURVE('',#2446,#2250,#2773,.T.);
#2038=EDGE_CURVE('',#2446,#2445,#212,.F.);
#2039=EDGE_CURVE('',#2435,#2446,#2774,.T.);
#2040=EDGE_CURVE('',#2447,#2448,#2775,.T.);
#2041=EDGE_CURVE('',#2449,#2447,#2776,.T.);
#2042=EDGE_CURVE('',#2449,#2450,#2777,.T.);
#2043=EDGE_CURVE('',#2450,#2448,#2778,.T.);
#2044=EDGE_CURVE('',#2451,#2447,#2779,.T.);
#2045=EDGE_CURVE('',#2452,#2451,#2780,.T.);
#2046=EDGE_CURVE('',#2452,#2449,#2781,.T.);
#2047=EDGE_CURVE('',#2453,#2451,#363,.T.);
#2048=EDGE_CURVE('',#2454,#2453,#2782,.T.);
#2049=EDGE_CURVE('',#2454,#2452,#364,.T.);
#2050=EDGE_CURVE('',#2455,#2453,#365,.T.);
#2051=EDGE_CURVE('',#2456,#2455,#2783,.T.);
#2052=EDGE_CURVE('',#2456,#2454,#366,.T.);
#2053=EDGE_CURVE('',#2457,#2455,#367,.T.);
#2054=EDGE_CURVE('',#2458,#2457,#2784,.T.);
#2055=EDGE_CURVE('',#2458,#2456,#368,.T.);
#2056=EDGE_CURVE('',#2459,#2460,#2785,.T.);
#2057=EDGE_CURVE('',#2461,#2459,#2786,.T.);
#2058=EDGE_CURVE('',#2461,#2462,#2787,.T.);
#2059=EDGE_CURVE('',#2462,#2460,#2788,.T.);
#2060=EDGE_CURVE('',#2463,#2459,#2789,.T.);
#2061=EDGE_CURVE('',#2464,#2463,#2790,.T.);
#2062=EDGE_CURVE('',#2464,#2461,#2791,.T.);
#2063=EDGE_CURVE('',#2465,#2463,#2792,.T.);
#2064=EDGE_CURVE('',#2466,#2465,#2793,.T.);
#2065=EDGE_CURVE('',#2466,#2464,#2794,.T.);
#2066=EDGE_CURVE('',#2467,#2465,#369,.T.);
#2067=EDGE_CURVE('',#2468,#2467,#2795,.T.);
#2068=EDGE_CURVE('',#2468,#2466,#370,.T.);
#2069=EDGE_CURVE('',#2469,#2467,#371,.T.);
#2070=EDGE_CURVE('',#2470,#2469,#2796,.T.);
#2071=EDGE_CURVE('',#2470,#2468,#372,.T.);
#2072=EDGE_CURVE('',#2471,#2469,#373,.T.);
#2073=EDGE_CURVE('',#2472,#2471,#2797,.T.);
#2074=EDGE_CURVE('',#2472,#2470,#374,.T.);
#2075=EDGE_CURVE('',#2473,#2104,#2798,.T.);
#2076=EDGE_CURVE('',#2473,#2474,#2799,.T.);
#2077=EDGE_CURVE('',#2474,#2105,#2800,.T.);
#2078=EDGE_CURVE('',#2475,#2103,#2801,.T.);
#2079=EDGE_CURVE('',#2475,#2473,#2802,.T.);
#2080=EDGE_CURVE('',#2476,#2114,#2803,.T.);
#2081=EDGE_CURVE('',#2476,#2475,#2804,.T.);
#2082=EDGE_CURVE('',#2477,#2113,#2805,.T.);
#2083=EDGE_CURVE('',#2477,#2476,#375,.T.);
#2084=EDGE_CURVE('',#2478,#2112,#2806,.T.);
#2085=EDGE_CURVE('',#2478,#2477,#376,.T.);
#2086=EDGE_CURVE('',#2479,#2111,#2807,.T.);
#2087=EDGE_CURVE('',#2479,#2478,#377,.T.);
#2088=EDGE_CURVE('',#2480,#2110,#2808,.T.);
#2089=EDGE_CURVE('',#2480,#2479,#378,.T.);
#2090=EDGE_CURVE('',#2481,#2109,#2809,.T.);
#2091=EDGE_CURVE('',#2481,#2480,#2810,.T.);
#2092=EDGE_CURVE('',#2482,#2108,#2811,.T.);
#2093=EDGE_CURVE('',#2482,#2481,#213,.T.);
#2094=EDGE_CURVE('',#2483,#2107,#2812,.T.);
#2095=EDGE_CURVE('',#2483,#2482,#379,.T.);
#2096=EDGE_CURVE('',#2484,#2106,#2813,.T.);
#2097=EDGE_CURVE('',#2484,#2483,#380,.T.);
#2098=EDGE_CURVE('',#2460,#2471,#381,.T.);
#2099=EDGE_CURVE('',#2462,#2472,#382,.T.);
#2100=EDGE_CURVE('',#2474,#2484,#383,.T.);
#2101=EDGE_CURVE('',#2448,#2457,#2814,.T.);
#2102=EDGE_CURVE('',#2450,#2458,#2815,.T.);
#2103=VERTEX_POINT('',#4877);
#2104=VERTEX_POINT('',#4878);
#2105=VERTEX_POINT('',#4880);
#2106=VERTEX_POINT('',#4884);
#2107=VERTEX_POINT('',#4888);
#2108=VERTEX_POINT('',#4892);
#2109=VERTEX_POINT('',#4894);
#2110=VERTEX_POINT('',#4896);
#2111=VERTEX_POINT('',#4900);
#2112=VERTEX_POINT('',#4904);
#2113=VERTEX_POINT('',#4908);
#2114=VERTEX_POINT('',#4912);
#2115=VERTEX_POINT('',#4915);
#2116=VERTEX_POINT('',#4916);
#2117=VERTEX_POINT('',#4918);
#2118=VERTEX_POINT('',#4924);
#2119=VERTEX_POINT('',#4932);
#2120=VERTEX_POINT('',#4934);
#2121=VERTEX_POINT('',#4936);
#2122=VERTEX_POINT('',#4938);
#2123=VERTEX_POINT('',#4946);
#2124=VERTEX_POINT('',#4952);
#2125=VERTEX_POINT('',#4954);
#2126=VERTEX_POINT('',#4956);
#2127=VERTEX_POINT('',#4958);
#2128=VERTEX_POINT('',#4968);
#2129=VERTEX_POINT('',#4976);
#2130=VERTEX_POINT('',#4990);
#2131=VERTEX_POINT('',#4997);
#2132=VERTEX_POINT('',#5003);
#2133=VERTEX_POINT('',#5010);
#2134=VERTEX_POINT('',#5018);
#2135=VERTEX_POINT('',#5026);
#2136=VERTEX_POINT('',#5034);
#2137=VERTEX_POINT('',#5042);
#2138=VERTEX_POINT('',#5049);
#2139=VERTEX_POINT('',#5055);
#2140=VERTEX_POINT('',#5062);
#2141=VERTEX_POINT('',#5076);
#2142=VERTEX_POINT('',#5084);
#2143=VERTEX_POINT('',#5094);
#2144=VERTEX_POINT('',#5097);
#2145=VERTEX_POINT('',#5098);
#2146=VERTEX_POINT('',#5100);
#2147=VERTEX_POINT('',#5102);
#2148=VERTEX_POINT('',#5105);
#2149=VERTEX_POINT('',#5106);
#2150=VERTEX_POINT('',#5110);
#2151=VERTEX_POINT('',#5114);
#2152=VERTEX_POINT('',#5116);
#2153=VERTEX_POINT('',#5118);
#2154=VERTEX_POINT('',#5120);
#2155=VERTEX_POINT('',#5122);
#2156=VERTEX_POINT('',#5124);
#2157=VERTEX_POINT('',#5128);
#2158=VERTEX_POINT('',#5130);
#2159=VERTEX_POINT('',#5132);
#2160=VERTEX_POINT('',#5134);
#2161=VERTEX_POINT('',#5138);
#2162=VERTEX_POINT('',#5140);
#2163=VERTEX_POINT('',#5142);
#2164=VERTEX_POINT('',#5146);
#2165=VERTEX_POINT('',#5150);
#2166=VERTEX_POINT('',#5152);
#2167=VERTEX_POINT('',#5154);
#2168=VERTEX_POINT('',#5156);
#2169=VERTEX_POINT('',#5158);
#2170=VERTEX_POINT('',#5162);
#2171=VERTEX_POINT('',#5166);
#2172=VERTEX_POINT('',#5170);
#2173=VERTEX_POINT('',#5174);
#2174=VERTEX_POINT('',#5177);
#2175=VERTEX_POINT('',#5178);
#2176=VERTEX_POINT('',#5180);
#2177=VERTEX_POINT('',#5182);
#2178=VERTEX_POINT('',#5184);
#2179=VERTEX_POINT('',#5188);
#2180=VERTEX_POINT('',#5192);
#2181=VERTEX_POINT('',#5194);
#2182=VERTEX_POINT('',#5196);
#2183=VERTEX_POINT('',#5198);
#2184=VERTEX_POINT('',#5200);
#2185=VERTEX_POINT('',#5202);
#2186=VERTEX_POINT('',#5204);
#2187=VERTEX_POINT('',#5207);
#2188=VERTEX_POINT('',#5208);
#2189=VERTEX_POINT('',#5212);
#2190=VERTEX_POINT('',#5216);
#2191=VERTEX_POINT('',#5220);
#2192=VERTEX_POINT('',#5224);
#2193=VERTEX_POINT('',#5228);
#2194=VERTEX_POINT('',#5232);
#2195=VERTEX_POINT('',#5234);
#2196=VERTEX_POINT('',#5236);
#2197=VERTEX_POINT('',#5240);
#2198=VERTEX_POINT('',#5244);
#2199=VERTEX_POINT('',#5246);
#2200=VERTEX_POINT('',#5248);
#2201=VERTEX_POINT('',#5250);
#2202=VERTEX_POINT('',#5253);
#2203=VERTEX_POINT('',#5254);
#2204=VERTEX_POINT('',#5256);
#2205=VERTEX_POINT('',#5258);
#2206=VERTEX_POINT('',#5262);
#2207=VERTEX_POINT('',#5266);
#2208=VERTEX_POINT('',#5270);
#2209=VERTEX_POINT('',#5272);
#2210=VERTEX_POINT('',#5274);
#2211=VERTEX_POINT('',#5276);
#2212=VERTEX_POINT('',#5278);
#2213=VERTEX_POINT('',#5280);
#2214=VERTEX_POINT('',#5282);
#2215=VERTEX_POINT('',#5284);
#2216=VERTEX_POINT('',#5286);
#2217=VERTEX_POINT('',#5290);
#2218=VERTEX_POINT('',#5294);
#2219=VERTEX_POINT('',#5301);
#2220=VERTEX_POINT('',#5302);
#2221=VERTEX_POINT('',#5304);
#2222=VERTEX_POINT('',#5306);
#2223=VERTEX_POINT('',#5310);
#2224=VERTEX_POINT('',#5314);
#2225=VERTEX_POINT('',#5318);
#2226=VERTEX_POINT('',#5320);
#2227=VERTEX_POINT('',#5322);
#2228=VERTEX_POINT('',#5324);
#2229=VERTEX_POINT('',#5326);
#2230=VERTEX_POINT('',#5328);
#2231=VERTEX_POINT('',#5330);
#2232=VERTEX_POINT('',#5332);
#2233=VERTEX_POINT('',#5334);
#2234=VERTEX_POINT('',#5336);
#2235=VERTEX_POINT('',#5338);
#2236=VERTEX_POINT('',#5340);
#2237=VERTEX_POINT('',#5347);
#2238=VERTEX_POINT('',#5348);
#2239=VERTEX_POINT('',#5352);
#2240=VERTEX_POINT('',#5356);
#2241=VERTEX_POINT('',#5358);
#2242=VERTEX_POINT('',#5360);
#2243=VERTEX_POINT('',#5364);
#2244=VERTEX_POINT('',#5368);
#2245=VERTEX_POINT('',#5372);
#2246=VERTEX_POINT('',#5374);
#2247=VERTEX_POINT('',#5377);
#2248=VERTEX_POINT('',#5378);
#2249=VERTEX_POINT('',#5380);
#2250=VERTEX_POINT('',#5382);
#2251=VERTEX_POINT('',#5384);
#2252=VERTEX_POINT('',#5388);
#2253=VERTEX_POINT('',#5392);
#2254=VERTEX_POINT('',#5394);
#2255=VERTEX_POINT('',#5396);
#2256=VERTEX_POINT('',#5398);
#2257=VERTEX_POINT('',#5400);
#2258=VERTEX_POINT('',#5402);
#2259=VERTEX_POINT('',#5404);
#2260=VERTEX_POINT('',#5408);
#2261=VERTEX_POINT('',#5409);
#2262=VERTEX_POINT('',#5411);
#2263=VERTEX_POINT('',#5413);
#2264=VERTEX_POINT('',#5416);
#2265=VERTEX_POINT('',#5417);
#2266=VERTEX_POINT('',#5419);
#2267=VERTEX_POINT('',#5421);
#2268=VERTEX_POINT('',#5425);
#2269=VERTEX_POINT('',#5427);
#2270=VERTEX_POINT('',#5431);
#2271=VERTEX_POINT('',#5435);
#2272=VERTEX_POINT('',#5442);
#2273=VERTEX_POINT('',#5444);
#2274=VERTEX_POINT('',#5448);
#2275=VERTEX_POINT('',#5452);
#2276=VERTEX_POINT('',#5456);
#2277=VERTEX_POINT('',#5458);
#2278=VERTEX_POINT('',#5462);
#2279=VERTEX_POINT('',#5466);
#2280=VERTEX_POINT('',#5475);
#2281=VERTEX_POINT('',#5477);
#2282=VERTEX_POINT('',#5481);
#2283=VERTEX_POINT('',#5516);
#2284=VERTEX_POINT('',#5551);
#2285=VERTEX_POINT('',#5608);
#2286=VERTEX_POINT('',#5635);
#2287=VERTEX_POINT('',#5653);
#2288=VERTEX_POINT('',#5670);
#2289=VERTEX_POINT('',#5696);
#2290=VERTEX_POINT('',#5725);
#2291=VERTEX_POINT('',#5754);
#2292=VERTEX_POINT('',#5781);
#2293=VERTEX_POINT('',#5800);
#2294=VERTEX_POINT('',#5818);
#2295=VERTEX_POINT('',#5837);
#2296=VERTEX_POINT('',#5893);
#2297=VERTEX_POINT('',#5932);
#2298=VERTEX_POINT('',#5973);
#2299=VERTEX_POINT('',#5985);
#2300=VERTEX_POINT('',#5989);
#2301=VERTEX_POINT('',#5993);
#2302=VERTEX_POINT('',#6004);
#2303=VERTEX_POINT('',#6025);
#2304=VERTEX_POINT('',#6035);
#2305=VERTEX_POINT('',#6039);
#2306=VERTEX_POINT('',#6043);
#2307=VERTEX_POINT('',#6060);
#2308=VERTEX_POINT('',#6077);
#2309=VERTEX_POINT('',#6095);
#2310=VERTEX_POINT('',#6099);
#2311=VERTEX_POINT('',#6103);
#2312=VERTEX_POINT('',#6107);
#2313=VERTEX_POINT('',#6118);
#2314=VERTEX_POINT('',#6131);
#2315=VERTEX_POINT('',#6144);
#2316=VERTEX_POINT('',#6157);
#2317=VERTEX_POINT('',#6163);
#2318=VERTEX_POINT('',#6167);
#2319=VERTEX_POINT('',#6171);
#2320=VERTEX_POINT('',#6175);
#2321=VERTEX_POINT('',#6186);
#2322=VERTEX_POINT('',#6199);
#2323=VERTEX_POINT('',#6205);
#2324=VERTEX_POINT('',#6209);
#2325=VERTEX_POINT('',#6220);
#2326=VERTEX_POINT('',#6226);
#2327=VERTEX_POINT('',#6230);
#2328=VERTEX_POINT('',#6234);
#2329=VERTEX_POINT('',#6245);
#2330=VERTEX_POINT('',#6251);
#2331=VERTEX_POINT('',#6255);
#2332=VERTEX_POINT('',#6259);
#2333=VERTEX_POINT('',#6263);
#2334=VERTEX_POINT('',#6267);
#2335=VERTEX_POINT('',#6283);
#2336=VERTEX_POINT('',#6285);
#2337=VERTEX_POINT('',#6289);
#2338=VERTEX_POINT('',#6293);
#2339=VERTEX_POINT('',#6297);
#2340=VERTEX_POINT('',#6301);
#2341=VERTEX_POINT('',#6305);
#2342=VERTEX_POINT('',#6309);
#2343=VERTEX_POINT('',#6313);
#2344=VERTEX_POINT('',#6317);
#2345=VERTEX_POINT('',#6328);
#2346=VERTEX_POINT('',#6341);
#2347=VERTEX_POINT('',#6347);
#2348=VERTEX_POINT('',#6361);
#2349=VERTEX_POINT('',#6365);
#2350=VERTEX_POINT('',#6369);
#2351=VERTEX_POINT('',#6373);
#2352=VERTEX_POINT('',#6377);
#2353=VERTEX_POINT('',#6381);
#2354=VERTEX_POINT('',#6385);
#2355=VERTEX_POINT('',#6396);
#2356=VERTEX_POINT('',#6409);
#2357=VERTEX_POINT('',#6415);
#2358=VERTEX_POINT('',#6419);
#2359=VERTEX_POINT('',#6430);
#2360=VERTEX_POINT('',#6443);
#2361=VERTEX_POINT('',#6456);
#2362=VERTEX_POINT('',#6469);
#2363=VERTEX_POINT('',#6484);
#2364=VERTEX_POINT('',#6485);
#2365=VERTEX_POINT('',#6487);
#2366=VERTEX_POINT('',#6491);
#2367=VERTEX_POINT('',#6504);
#2368=VERTEX_POINT('',#6506);
#2369=VERTEX_POINT('',#6521);
#2370=VERTEX_POINT('',#6523);
#2371=VERTEX_POINT('',#6529);
#2372=VERTEX_POINT('',#6531);
#2373=VERTEX_POINT('',#6562);
#2374=VERTEX_POINT('',#6564);
#2375=VERTEX_POINT('',#6568);
#2376=VERTEX_POINT('',#6579);
#2377=VERTEX_POINT('',#6592);
#2378=VERTEX_POINT('',#6605);
#2379=VERTEX_POINT('',#6611);
#2380=VERTEX_POINT('',#6615);
#2381=VERTEX_POINT('',#6619);
#2382=VERTEX_POINT('',#6623);
#2383=VERTEX_POINT('',#6627);
#2384=VERTEX_POINT('',#6631);
#2385=VERTEX_POINT('',#6635);
#2386=VERTEX_POINT('',#6639);
#2387=VERTEX_POINT('',#6650);
#2388=VERTEX_POINT('',#6663);
#2389=VERTEX_POINT('',#6676);
#2390=VERTEX_POINT('',#6685);
#2391=VERTEX_POINT('',#6687);
#2392=VERTEX_POINT('',#6698);
#2393=VERTEX_POINT('',#6711);
#2394=VERTEX_POINT('',#6717);
#2395=VERTEX_POINT('',#6721);
#2396=VERTEX_POINT('',#6725);
#2397=VERTEX_POINT('',#6729);
#2398=VERTEX_POINT('',#6733);
#2399=VERTEX_POINT('',#6737);
#2400=VERTEX_POINT('',#6741);
#2401=VERTEX_POINT('',#6745);
#2402=VERTEX_POINT('',#6749);
#2403=VERTEX_POINT('',#6753);
#2404=VERTEX_POINT('',#6757);
#2405=VERTEX_POINT('',#6768);
#2406=VERTEX_POINT('',#6781);
#2407=VERTEX_POINT('',#6794);
#2408=VERTEX_POINT('',#6810);
#2409=VERTEX_POINT('',#6814);
#2410=VERTEX_POINT('',#6825);
#2411=VERTEX_POINT('',#6831);
#2412=VERTEX_POINT('',#6835);
#2413=VERTEX_POINT('',#6846);
#2414=VERTEX_POINT('',#6859);
#2415=VERTEX_POINT('',#6872);
#2416=VERTEX_POINT('',#6878);
#2417=VERTEX_POINT('',#6882);
#2418=VERTEX_POINT('',#6895);
#2419=VERTEX_POINT('',#6896);
#2420=VERTEX_POINT('',#6898);
#2421=VERTEX_POINT('',#6902);
#2422=VERTEX_POINT('',#6915);
#2423=VERTEX_POINT('',#6917);
#2424=VERTEX_POINT('',#6932);
#2425=VERTEX_POINT('',#6934);
#2426=VERTEX_POINT('',#6949);
#2427=VERTEX_POINT('',#6951);
#2428=VERTEX_POINT('',#6966);
#2429=VERTEX_POINT('',#6968);
#2430=VERTEX_POINT('',#6983);
#2431=VERTEX_POINT('',#6985);
#2432=VERTEX_POINT('',#7000);
#2433=VERTEX_POINT('',#7002);
#2434=VERTEX_POINT('',#7035);
#2435=VERTEX_POINT('',#7037);
#2436=VERTEX_POINT('',#7041);
#2437=VERTEX_POINT('',#7045);
#2438=VERTEX_POINT('',#7049);
#2439=VERTEX_POINT('',#7053);
#2440=VERTEX_POINT('',#7057);
#2441=VERTEX_POINT('',#7061);
#2442=VERTEX_POINT('',#7065);
#2443=VERTEX_POINT('',#7069);
#2444=VERTEX_POINT('',#7080);
#2445=VERTEX_POINT('',#7093);
#2446=VERTEX_POINT('',#7099);
#2447=VERTEX_POINT('',#7106);
#2448=VERTEX_POINT('',#7107);
#2449=VERTEX_POINT('',#7109);
#2450=VERTEX_POINT('',#7111);
#2451=VERTEX_POINT('',#7115);
#2452=VERTEX_POINT('',#7117);
#2453=VERTEX_POINT('',#7130);
#2454=VERTEX_POINT('',#7132);
#2455=VERTEX_POINT('',#7147);
#2456=VERTEX_POINT('',#7149);
#2457=VERTEX_POINT('',#7164);
#2458=VERTEX_POINT('',#7166);
#2459=VERTEX_POINT('',#7172);
#2460=VERTEX_POINT('',#7173);
#2461=VERTEX_POINT('',#7175);
#2462=VERTEX_POINT('',#7177);
#2463=VERTEX_POINT('',#7181);
#2464=VERTEX_POINT('',#7183);
#2465=VERTEX_POINT('',#7187);
#2466=VERTEX_POINT('',#7189);
#2467=VERTEX_POINT('',#7202);
#2468=VERTEX_POINT('',#7204);
#2469=VERTEX_POINT('',#7219);
#2470=VERTEX_POINT('',#7221);
#2471=VERTEX_POINT('',#7236);
#2472=VERTEX_POINT('',#7238);
#2473=VERTEX_POINT('',#7244);
#2474=VERTEX_POINT('',#7246);
#2475=VERTEX_POINT('',#7250);
#2476=VERTEX_POINT('',#7254);
#2477=VERTEX_POINT('',#7265);
#2478=VERTEX_POINT('',#7278);
#2479=VERTEX_POINT('',#7291);
#2480=VERTEX_POINT('',#7304);
#2481=VERTEX_POINT('',#7310);
#2482=VERTEX_POINT('',#7314);
#2483=VERTEX_POINT('',#7325);
#2484=VERTEX_POINT('',#7338);
#2485=LINE('',#4876,#2816);
#2486=LINE('',#4879,#2817);
#2487=LINE('',#4895,#2818);
#2488=LINE('',#4913,#2819);
#2489=LINE('',#4917,#2820);
#2490=LINE('',#4933,#2821);
#2491=LINE('',#4937,#2822);
#2492=LINE('',#4953,#2823);
#2493=LINE('',#4957,#2824);
#2494=LINE('',#5095,#2825);
#2495=LINE('',#5096,#2826);
#2496=LINE('',#5099,#2827);
#2497=LINE('',#5101,#2828);
#2498=LINE('',#5103,#2829);
#2499=LINE('',#5119,#2830);
#2500=LINE('',#5153,#2831);
#2501=LINE('',#5181,#2832);
#2502=LINE('',#5193,#2833);
#2503=LINE('',#5195,#2834);
#2504=LINE('',#5197,#2835);
#2505=LINE('',#5199,#2836);
#2506=LINE('',#5201,#2837);
#2507=LINE('',#5203,#2838);
#2508=LINE('',#5233,#2839);
#2509=LINE('',#5235,#2840);
#2510=LINE('',#5249,#2841);
#2511=LINE('',#5252,#2842);
#2512=LINE('',#5255,#2843);
#2513=LINE('',#5257,#2844);
#2514=LINE('',#5271,#2845);
#2515=LINE('',#5273,#2846);
#2516=LINE('',#5275,#2847);
#2517=LINE('',#5277,#2848);
#2518=LINE('',#5279,#2849);
#2519=LINE('',#5283,#2850);
#2520=LINE('',#5285,#2851);
#2521=LINE('',#5305,#2852);
#2522=LINE('',#5319,#2853);
#2523=LINE('',#5321,#2854);
#2524=LINE('',#5323,#2855);
#2525=LINE('',#5325,#2856);
#2526=LINE('',#5327,#2857);
#2527=LINE('',#5329,#2858);
#2528=LINE('',#5331,#2859);
#2529=LINE('',#5333,#2860);
#2530=LINE('',#5335,#2861);
#2531=LINE('',#5337,#2862);
#2532=LINE('',#5339,#2863);
#2533=LINE('',#5381,#2864);
#2534=LINE('',#5393,#2865);
#2535=LINE('',#5395,#2866);
#2536=LINE('',#5397,#2867);
#2537=LINE('',#5399,#2868);
#2538=LINE('',#5401,#2869);
#2539=LINE('',#5403,#2870);
#2540=LINE('',#5407,#2871);
#2541=LINE('',#5410,#2872);
#2542=LINE('',#5412,#2873);
#2543=LINE('',#5414,#2874);
#2544=LINE('',#5415,#2875);
#2545=LINE('',#5418,#2876);
#2546=LINE('',#5420,#2877);
#2547=LINE('',#5422,#2878);
#2548=LINE('',#5424,#2879);
#2549=LINE('',#5426,#2880);
#2550=LINE('',#5428,#2881);
#2551=LINE('',#5430,#2882);
#2552=LINE('',#5432,#2883);
#2553=LINE('',#5434,#2884);
#2554=LINE('',#5436,#2885);
#2555=LINE('',#5438,#2886);
#2556=LINE('',#5441,#2887);
#2557=LINE('',#5443,#2888);
#2558=LINE('',#5445,#2889);
#2559=LINE('',#5447,#2890);
#2560=LINE('',#5449,#2891);
#2561=LINE('',#5451,#2892);
#2562=LINE('',#5453,#2893);
#2563=LINE('',#5455,#2894);
#2564=LINE('',#5457,#2895);
#2565=LINE('',#5459,#2896);
#2566=LINE('',#5461,#2897);
#2567=LINE('',#5463,#2898);
#2568=LINE('',#5465,#2899);
#2569=LINE('',#5467,#2900);
#2570=LINE('',#5469,#2901);
#2571=LINE('',#5471,#2902);
#2572=LINE('',#5474,#2903);
#2573=LINE('',#5478,#2904);
#2574=LINE('',#5480,#2905);
#2575=LINE('',#5482,#2906);
#2576=LINE('',#5515,#2907);
#2577=LINE('',#5550,#2908);
#2578=LINE('',#5607,#2909);
#2579=LINE('',#5634,#2910);
#2580=LINE('',#5652,#2911);
#2581=LINE('',#5669,#2912);
#2582=LINE('',#5695,#2913);
#2583=LINE('',#5724,#2914);
#2584=LINE('',#5753,#2915);
#2585=LINE('',#5780,#2916);
#2586=LINE('',#5799,#2917);
#2587=LINE('',#5817,#2918);
#2588=LINE('',#5836,#2919);
#2589=LINE('',#5892,#2920);
#2590=LINE('',#5931,#2921);
#2591=LINE('',#5972,#2922);
#2592=LINE('',#5984,#2923);
#2593=LINE('',#5986,#2924);
#2594=LINE('',#5988,#2925);
#2595=LINE('',#5992,#2926);
#2596=LINE('',#5994,#2927);
#2597=LINE('',#6003,#2928);
#2598=LINE('',#6024,#2929);
#2599=LINE('',#6034,#2930);
#2600=LINE('',#6036,#2931);
#2601=LINE('',#6038,#2932);
#2602=LINE('',#6042,#2933);
#2603=LINE('',#6044,#2934);
#2604=LINE('',#6059,#2935);
#2605=LINE('',#6076,#2936);
#2606=LINE('',#6084,#2937);
#2607=LINE('',#6094,#2938);
#2608=LINE('',#6100,#2939);
#2609=LINE('',#6102,#2940);
#2610=LINE('',#6106,#2941);
#2611=LINE('',#6117,#2942);
#2612=LINE('',#6130,#2943);
#2613=LINE('',#6143,#2944);
#2614=LINE('',#6156,#2945);
#2615=LINE('',#6162,#2946);
#2616=LINE('',#6166,#2947);
#2617=LINE('',#6170,#2948);
#2618=LINE('',#6172,#2949);
#2619=LINE('',#6174,#2950);
#2620=LINE('',#6185,#2951);
#2621=LINE('',#6198,#2952);
#2622=LINE('',#6204,#2953);
#2623=LINE('',#6208,#2954);
#2624=LINE('',#6219,#2955);
#2625=LINE('',#6225,#2956);
#2626=LINE('',#6229,#2957);
#2627=LINE('',#6233,#2958);
#2628=LINE('',#6244,#2959);
#2629=LINE('',#6250,#2960);
#2630=LINE('',#6254,#2961);
#2631=LINE('',#6258,#2962);
#2632=LINE('',#6260,#2963);
#2633=LINE('',#6262,#2964);
#2634=LINE('',#6266,#2965);
#2635=LINE('',#6282,#2966);
#2636=LINE('',#6286,#2967);
#2637=LINE('',#6288,#2968);
#2638=LINE('',#6292,#2969);
#2639=LINE('',#6296,#2970);
#2640=LINE('',#6298,#2971);
#2641=LINE('',#6300,#2972);
#2642=LINE('',#6302,#2973);
#2643=LINE('',#6304,#2974);
#2644=LINE('',#6306,#2975);
#2645=LINE('',#6308,#2976);
#2646=LINE('',#6310,#2977);
#2647=LINE('',#6312,#2978);
#2648=LINE('',#6314,#2979);
#2649=LINE('',#6316,#2980);
#2650=LINE('',#6318,#2981);
#2651=LINE('',#6327,#2982);
#2652=LINE('',#6340,#2983);
#2653=LINE('',#6346,#2984);
#2654=LINE('',#6350,#2985);
#2655=LINE('',#6360,#2986);
#2656=LINE('',#6366,#2987);
#2657=LINE('',#6368,#2988);
#2658=LINE('',#6372,#2989);
#2659=LINE('',#6376,#2990);
#2660=LINE('',#6378,#2991);
#2661=LINE('',#6380,#2992);
#2662=LINE('',#6384,#2993);
#2663=LINE('',#6395,#2994);
#2664=LINE('',#6408,#2995);
#2665=LINE('',#6414,#2996);
#2666=LINE('',#6416,#2997);
#2667=LINE('',#6418,#2998);
#2668=LINE('',#6420,#2999);
#2669=LINE('',#6429,#3000);
#2670=LINE('',#6442,#3001);
#2671=LINE('',#6455,#3002);
#2672=LINE('',#6468,#3003);
#2673=LINE('',#6486,#3004);
#2674=LINE('',#6492,#3005);
#2675=LINE('',#6505,#3006);
#2676=LINE('',#6522,#3007);
#2677=LINE('',#6528,#3008);
#2678=LINE('',#6530,#3009);
#2679=LINE('',#6532,#3010);
#2680=LINE('',#6561,#3011);
#2681=LINE('',#6563,#3012);
#2682=LINE('',#6565,#3013);
#2683=LINE('',#6567,#3014);
#2684=LINE('',#6569,#3015);
#2685=LINE('',#6578,#3016);
#2686=LINE('',#6591,#3017);
#2687=LINE('',#6604,#3018);
#2688=LINE('',#6610,#3019);
#2689=LINE('',#6612,#3020);
#2690=LINE('',#6614,#3021);
#2691=LINE('',#6616,#3022);
#2692=LINE('',#6618,#3023);
#2693=LINE('',#6622,#3024);
#2694=LINE('',#6624,#3025);
#2695=LINE('',#6626,#3026);
#2696=LINE('',#6628,#3027);
#2697=LINE('',#6630,#3028);
#2698=LINE('',#6632,#3029);
#2699=LINE('',#6634,#3030);
#2700=LINE('',#6636,#3031);
#2701=LINE('',#6638,#3032);
#2702=LINE('',#6640,#3033);
#2703=LINE('',#6649,#3034);
#2704=LINE('',#6662,#3035);
#2705=LINE('',#6675,#3036);
#2706=LINE('',#6681,#3037);
#2707=LINE('',#6684,#3038);
#2708=LINE('',#6688,#3039);
#2709=LINE('',#6697,#3040);
#2710=LINE('',#6710,#3041);
#2711=LINE('',#6716,#3042);
#2712=LINE('',#6718,#3043);
#2713=LINE('',#6720,#3044);
#2714=LINE('',#6722,#3045);
#2715=LINE('',#6724,#3046);
#2716=LINE('',#6726,#3047);
#2717=LINE('',#6728,#3048);
#2718=LINE('',#6730,#3049);
#2719=LINE('',#6732,#3050);
#2720=LINE('',#6734,#3051);
#2721=LINE('',#6736,#3052);
#2722=LINE('',#6738,#3053);
#2723=LINE('',#6740,#3054);
#2724=LINE('',#6742,#3055);
#2725=LINE('',#6744,#3056);
#2726=LINE('',#6746,#3057);
#2727=LINE('',#6748,#3058);
#2728=LINE('',#6750,#3059);
#2729=LINE('',#6752,#3060);
#2730=LINE('',#6754,#3061);
#2731=LINE('',#6756,#3062);
#2732=LINE('',#6758,#3063);
#2733=LINE('',#6767,#3064);
#2734=LINE('',#6780,#3065);
#2735=LINE('',#6793,#3066);
#2736=LINE('',#6799,#3067);
#2737=LINE('',#6809,#3068);
#2738=LINE('',#6815,#3069);
#2739=LINE('',#6824,#3070);
#2740=LINE('',#6830,#3071);
#2741=LINE('',#6834,#3072);
#2742=LINE('',#6845,#3073);
#2743=LINE('',#6858,#3074);
#2744=LINE('',#6871,#3075);
#2745=LINE('',#6877,#3076);
#2746=LINE('',#6881,#3077);
#2747=LINE('',#6897,#3078);
#2748=LINE('',#6903,#3079);
#2749=LINE('',#6916,#3080);
#2750=LINE('',#6933,#3081);
#2751=LINE('',#6950,#3082);
#2752=LINE('',#6967,#3083);
#2753=LINE('',#6984,#3084);
#2754=LINE('',#7001,#3085);
#2755=LINE('',#7034,#3086);
#2756=LINE('',#7038,#3087);
#2757=LINE('',#7040,#3088);
#2758=LINE('',#7044,#3089);
#2759=LINE('',#7048,#3090);
#2760=LINE('',#7050,#3091);
#2761=LINE('',#7052,#3092);
#2762=LINE('',#7054,#3093);
#2763=LINE('',#7056,#3094);
#2764=LINE('',#7058,#3095);
#2765=LINE('',#7060,#3096);
#2766=LINE('',#7062,#3097);
#2767=LINE('',#7064,#3098);
#2768=LINE('',#7066,#3099);
#2769=LINE('',#7068,#3100);
#2770=LINE('',#7070,#3101);
#2771=LINE('',#7079,#3102);
#2772=LINE('',#7092,#3103);
#2773=LINE('',#7098,#3104);
#2774=LINE('',#7102,#3105);
#2775=LINE('',#7105,#3106);
#2776=LINE('',#7108,#3107);
#2777=LINE('',#7110,#3108);
#2778=LINE('',#7112,#3109);
#2779=LINE('',#7114,#3110);
#2780=LINE('',#7116,#3111);
#2781=LINE('',#7118,#3112);
#2782=LINE('',#7131,#3113);
#2783=LINE('',#7148,#3114);
#2784=LINE('',#7165,#3115);
#2785=LINE('',#7171,#3116);
#2786=LINE('',#7174,#3117);
#2787=LINE('',#7176,#3118);
#2788=LINE('',#7178,#3119);
#2789=LINE('',#7180,#3120);
#2790=LINE('',#7182,#3121);
#2791=LINE('',#7184,#3122);
#2792=LINE('',#7186,#3123);
#2793=LINE('',#7188,#3124);
#2794=LINE('',#7190,#3125);
#2795=LINE('',#7203,#3126);
#2796=LINE('',#7220,#3127);
#2797=LINE('',#7237,#3128);
#2798=LINE('',#7243,#3129);
#2799=LINE('',#7245,#3130);
#2800=LINE('',#7247,#3131);
#2801=LINE('',#7249,#3132);
#2802=LINE('',#7251,#3133);
#2803=LINE('',#7253,#3134);
#2804=LINE('',#7255,#3135);
#2805=LINE('',#7264,#3136);
#2806=LINE('',#7277,#3137);
#2807=LINE('',#7290,#3138);
#2808=LINE('',#7303,#3139);
#2809=LINE('',#7309,#3140);
#2810=LINE('',#7311,#3141);
#2811=LINE('',#7313,#3142);
#2812=LINE('',#7324,#3143);
#2813=LINE('',#7337,#3144);
#2814=LINE('',#7368,#3145);
#2815=LINE('',#7369,#3146);
#2816=VECTOR('',#4155,1.);
#2817=VECTOR('',#4156,1.);
#2818=VECTOR('',#4159,1.);
#2819=VECTOR('',#4160,1.);
#2820=VECTOR('',#4163,1.);
#2821=VECTOR('',#4164,1.);
#2822=VECTOR('',#4167,1.);
#2823=VECTOR('',#4168,1.);
#2824=VECTOR('',#4171,1.);
#2825=VECTOR('',#4172,1.);
#2826=VECTOR('',#4173,1.);
#2827=VECTOR('',#4174,1.);
#2828=VECTOR('',#4175,1.);
#2829=VECTOR('',#4176,1.);
#2830=VECTOR('',#4183,1.);
#2831=VECTOR('',#4200,1.);
#2832=VECTOR('',#4211,1.);
#2833=VECTOR('',#4214,1.);
#2834=VECTOR('',#4215,1.);
#2835=VECTOR('',#4216,1.);
#2836=VECTOR('',#4217,1.);
#2837=VECTOR('',#4218,1.);
#2838=VECTOR('',#4219,1.);
#2839=VECTOR('',#4224,1.);
#2840=VECTOR('',#4225,1.);
#2841=VECTOR('',#4230,1.);
#2842=VECTOR('',#4233,1.);
#2843=VECTOR('',#4234,1.);
#2844=VECTOR('',#4235,1.);
#2845=VECTOR('',#4236,1.);
#2846=VECTOR('',#4237,1.);
#2847=VECTOR('',#4238,1.);
#2848=VECTOR('',#4239,1.);
#2849=VECTOR('',#4240,1.);
#2850=VECTOR('',#4243,1.);
#2851=VECTOR('',#4244,1.);
#2852=VECTOR('',#4247,1.);
#2853=VECTOR('',#4248,1.);
#2854=VECTOR('',#4249,1.);
#2855=VECTOR('',#4250,1.);
#2856=VECTOR('',#4251,1.);
#2857=VECTOR('',#4252,1.);
#2858=VECTOR('',#4253,1.);
#2859=VECTOR('',#4254,1.);
#2860=VECTOR('',#4255,1.);
#2861=VECTOR('',#4256,1.);
#2862=VECTOR('',#4257,1.);
#2863=VECTOR('',#4258,1.);
#2864=VECTOR('',#4271,1.);
#2865=VECTOR('',#4274,1.);
#2866=VECTOR('',#4275,1.);
#2867=VECTOR('',#4276,1.);
#2868=VECTOR('',#4277,1.);
#2869=VECTOR('',#4278,1.);
#2870=VECTOR('',#4279,1.);
#2871=VECTOR('',#4284,1.);
#2872=VECTOR('',#4285,1.);
#2873=VECTOR('',#4286,1.);
#2874=VECTOR('',#4287,1.);
#2875=VECTOR('',#4288,1.);
#2876=VECTOR('',#4289,1.);
#2877=VECTOR('',#4290,1.);
#2878=VECTOR('',#4291,1.);
#2879=VECTOR('',#4294,1.);
#2880=VECTOR('',#4295,1.);
#2881=VECTOR('',#4296,1.);
#2882=VECTOR('',#4299,1.);
#2883=VECTOR('',#4300,1.);
#2884=VECTOR('',#4303,1.);
#2885=VECTOR('',#4304,1.);
#2886=VECTOR('',#4307,1.);
#2887=VECTOR('',#4312,1.);
#2888=VECTOR('',#4313,1.);
#2889=VECTOR('',#4314,1.);
#2890=VECTOR('',#4317,1.);
#2891=VECTOR('',#4318,1.);
#2892=VECTOR('',#4321,1.);
#2893=VECTOR('',#4322,1.);
#2894=VECTOR('',#4325,1.);
#2895=VECTOR('',#4326,1.);
#2896=VECTOR('',#4327,1.);
#2897=VECTOR('',#4330,1.);
#2898=VECTOR('',#4331,1.);
#2899=VECTOR('',#4334,1.);
#2900=VECTOR('',#4335,1.);
#2901=VECTOR('',#4338,1.);
#2902=VECTOR('',#4341,1.);
#2903=VECTOR('',#4346,1.);
#2904=VECTOR('',#4349,1.);
#2905=VECTOR('',#4352,1.);
#2906=VECTOR('',#4353,1.);
#2907=VECTOR('',#4354,1.);
#2908=VECTOR('',#4355,1.);
#2909=VECTOR('',#4356,1.);
#2910=VECTOR('',#4357,1.);
#2911=VECTOR('',#4358,1.);
#2912=VECTOR('',#4359,1.);
#2913=VECTOR('',#4360,1.);
#2914=VECTOR('',#4361,1.);
#2915=VECTOR('',#4362,1.);
#2916=VECTOR('',#4363,1.);
#2917=VECTOR('',#4364,1.);
#2918=VECTOR('',#4365,1.);
#2919=VECTOR('',#4366,1.);
#2920=VECTOR('',#4367,1.);
#2921=VECTOR('',#4368,1.);
#2922=VECTOR('',#4369,1.);
#2923=VECTOR('',#4372,1.);
#2924=VECTOR('',#4373,1.);
#2925=VECTOR('',#4376,1.);
#2926=VECTOR('',#4381,1.);
#2927=VECTOR('',#4382,1.);
#2928=VECTOR('',#4383,1.);
#2929=VECTOR('',#4384,1.);
#2930=VECTOR('',#4387,1.);
#2931=VECTOR('',#4388,1.);
#2932=VECTOR('',#4391,1.);
#2933=VECTOR('',#4396,1.);
#2934=VECTOR('',#4397,1.);
#2935=VECTOR('',#4398,1.);
#2936=VECTOR('',#4399,1.);
#2937=VECTOR('',#4402,1.);
#2938=VECTOR('',#4405,1.);
#2939=VECTOR('',#4406,1.);
#2940=VECTOR('',#4409,1.);
#2941=VECTOR('',#4414,1.);
#2942=VECTOR('',#4417,1.);
#2943=VECTOR('',#4418,1.);
#2944=VECTOR('',#4419,1.);
#2945=VECTOR('',#4420,1.);
#2946=VECTOR('',#4423,1.);
#2947=VECTOR('',#4428,1.);
#2948=VECTOR('',#4433,1.);
#2949=VECTOR('',#4434,1.);
#2950=VECTOR('',#4437,1.);
#2951=VECTOR('',#4440,1.);
#2952=VECTOR('',#4441,1.);
#2953=VECTOR('',#4444,1.);
#2954=VECTOR('',#4449,1.);
#2955=VECTOR('',#4452,1.);
#2956=VECTOR('',#4455,1.);
#2957=VECTOR('',#4460,1.);
#2958=VECTOR('',#4465,1.);
#2959=VECTOR('',#4468,1.);
#2960=VECTOR('',#4471,1.);
#2961=VECTOR('',#4476,1.);
#2962=VECTOR('',#4481,1.);
#2963=VECTOR('',#4482,1.);
#2964=VECTOR('',#4485,1.);
#2965=VECTOR('',#4490,1.);
#2966=VECTOR('',#4497,1.);
#2967=VECTOR('',#4500,1.);
#2968=VECTOR('',#4503,1.);
#2969=VECTOR('',#4508,1.);
#2970=VECTOR('',#4513,1.);
#2971=VECTOR('',#4514,1.);
#2972=VECTOR('',#4517,1.);
#2973=VECTOR('',#4518,1.);
#2974=VECTOR('',#4521,1.);
#2975=VECTOR('',#4522,1.);
#2976=VECTOR('',#4525,1.);
#2977=VECTOR('',#4526,1.);
#2978=VECTOR('',#4529,1.);
#2979=VECTOR('',#4530,1.);
#2980=VECTOR('',#4533,1.);
#2981=VECTOR('',#4534,1.);
#2982=VECTOR('',#4535,1.);
#2983=VECTOR('',#4536,1.);
#2984=VECTOR('',#4539,1.);
#2985=VECTOR('',#4544,1.);
#2986=VECTOR('',#4547,1.);
#2987=VECTOR('',#4548,1.);
#2988=VECTOR('',#4551,1.);
#2989=VECTOR('',#4556,1.);
#2990=VECTOR('',#4561,1.);
#2991=VECTOR('',#4562,1.);
#2992=VECTOR('',#4565,1.);
#2993=VECTOR('',#4570,1.);
#2994=VECTOR('',#4573,1.);
#2995=VECTOR('',#4574,1.);
#2996=VECTOR('',#4577,1.);
#2997=VECTOR('',#4578,1.);
#2998=VECTOR('',#4581,1.);
#2999=VECTOR('',#4582,1.);
#3000=VECTOR('',#4583,1.);
#3001=VECTOR('',#4584,1.);
#3002=VECTOR('',#4585,1.);
#3003=VECTOR('',#4586,1.);
#3004=VECTOR('',#4587,1.);
#3005=VECTOR('',#4588,1.);
#3006=VECTOR('',#4589,1.);
#3007=VECTOR('',#4590,1.);
#3008=VECTOR('',#4593,1.);
#3009=VECTOR('',#4594,1.);
#3010=VECTOR('',#4595,1.);
#3011=VECTOR('',#4602,1.);
#3012=VECTOR('',#4603,1.);
#3013=VECTOR('',#4604,1.);
#3014=VECTOR('',#4607,1.);
#3015=VECTOR('',#4608,1.);
#3016=VECTOR('',#4609,1.);
#3017=VECTOR('',#4610,1.);
#3018=VECTOR('',#4611,1.);
#3019=VECTOR('',#4614,1.);
#3020=VECTOR('',#4615,1.);
#3021=VECTOR('',#4618,1.);
#3022=VECTOR('',#4619,1.);
#3023=VECTOR('',#4622,1.);
#3024=VECTOR('',#4627,1.);
#3025=VECTOR('',#4628,1.);
#3026=VECTOR('',#4631,1.);
#3027=VECTOR('',#4632,1.);
#3028=VECTOR('',#4635,1.);
#3029=VECTOR('',#4636,1.);
#3030=VECTOR('',#4639,1.);
#3031=VECTOR('',#4640,1.);
#3032=VECTOR('',#4643,1.);
#3033=VECTOR('',#4644,1.);
#3034=VECTOR('',#4645,1.);
#3035=VECTOR('',#4646,1.);
#3036=VECTOR('',#4647,1.);
#3037=VECTOR('',#4650,1.);
#3038=VECTOR('',#4655,1.);
#3039=VECTOR('',#4658,1.);
#3040=VECTOR('',#4659,1.);
#3041=VECTOR('',#4660,1.);
#3042=VECTOR('',#4663,1.);
#3043=VECTOR('',#4664,1.);
#3044=VECTOR('',#4667,1.);
#3045=VECTOR('',#4668,1.);
#3046=VECTOR('',#4671,1.);
#3047=VECTOR('',#4672,1.);
#3048=VECTOR('',#4675,1.);
#3049=VECTOR('',#4676,1.);
#3050=VECTOR('',#4679,1.);
#3051=VECTOR('',#4680,1.);
#3052=VECTOR('',#4683,1.);
#3053=VECTOR('',#4684,1.);
#3054=VECTOR('',#4687,1.);
#3055=VECTOR('',#4688,1.);
#3056=VECTOR('',#4691,1.);
#3057=VECTOR('',#4692,1.);
#3058=VECTOR('',#4695,1.);
#3059=VECTOR('',#4696,1.);
#3060=VECTOR('',#4699,1.);
#3061=VECTOR('',#4700,1.);
#3062=VECTOR('',#4703,1.);
#3063=VECTOR('',#4704,1.);
#3064=VECTOR('',#4705,1.);
#3065=VECTOR('',#4706,1.);
#3066=VECTOR('',#4707,1.);
#3067=VECTOR('',#4710,1.);
#3068=VECTOR('',#4713,1.);
#3069=VECTOR('',#4714,1.);
#3070=VECTOR('',#4715,1.);
#3071=VECTOR('',#4718,1.);
#3072=VECTOR('',#4723,1.);
#3073=VECTOR('',#4726,1.);
#3074=VECTOR('',#4727,1.);
#3075=VECTOR('',#4728,1.);
#3076=VECTOR('',#4731,1.);
#3077=VECTOR('',#4736,1.);
#3078=VECTOR('',#4739,1.);
#3079=VECTOR('',#4740,1.);
#3080=VECTOR('',#4741,1.);
#3081=VECTOR('',#4742,1.);
#3082=VECTOR('',#4743,1.);
#3083=VECTOR('',#4744,1.);
#3084=VECTOR('',#4745,1.);
#3085=VECTOR('',#4746,1.);
#3086=VECTOR('',#4753,1.);
#3087=VECTOR('',#4756,1.);
#3088=VECTOR('',#4759,1.);
#3089=VECTOR('',#4764,1.);
#3090=VECTOR('',#4769,1.);
#3091=VECTOR('',#4770,1.);
#3092=VECTOR('',#4773,1.);
#3093=VECTOR('',#4774,1.);
#3094=VECTOR('',#4777,1.);
#3095=VECTOR('',#4778,1.);
#3096=VECTOR('',#4781,1.);
#3097=VECTOR('',#4782,1.);
#3098=VECTOR('',#4785,1.);
#3099=VECTOR('',#4786,1.);
#3100=VECTOR('',#4789,1.);
#3101=VECTOR('',#4790,1.);
#3102=VECTOR('',#4791,1.);
#3103=VECTOR('',#4792,1.);
#3104=VECTOR('',#4795,1.);
#3105=VECTOR('',#4800,1.);
#3106=VECTOR('',#4805,1.);
#3107=VECTOR('',#4806,1.);
#3108=VECTOR('',#4807,1.);
#3109=VECTOR('',#4808,1.);
#3110=VECTOR('',#4811,1.);
#3111=VECTOR('',#4812,1.);
#3112=VECTOR('',#4813,1.);
#3113=VECTOR('',#4814,1.);
#3114=VECTOR('',#4815,1.);
#3115=VECTOR('',#4816,1.);
#3116=VECTOR('',#4819,1.);
#3117=VECTOR('',#4820,1.);
#3118=VECTOR('',#4821,1.);
#3119=VECTOR('',#4822,1.);
#3120=VECTOR('',#4825,1.);
#3121=VECTOR('',#4826,1.);
#3122=VECTOR('',#4827,1.);
#3123=VECTOR('',#4830,1.);
#3124=VECTOR('',#4831,1.);
#3125=VECTOR('',#4832,1.);
#3126=VECTOR('',#4833,1.);
#3127=VECTOR('',#4834,1.);
#3128=VECTOR('',#4835,1.);
#3129=VECTOR('',#4838,1.);
#3130=VECTOR('',#4839,1.);
#3131=VECTOR('',#4840,1.);
#3132=VECTOR('',#4843,1.);
#3133=VECTOR('',#4844,1.);
#3134=VECTOR('',#4847,1.);
#3135=VECTOR('',#4848,1.);
#3136=VECTOR('',#4849,1.);
#3137=VECTOR('',#4850,1.);
#3138=VECTOR('',#4851,1.);
#3139=VECTOR('',#4852,1.);
#3140=VECTOR('',#4855,1.);
#3141=VECTOR('',#4856,1.);
#3142=VECTOR('',#4859,1.);
#3143=VECTOR('',#4862,1.);
#3144=VECTOR('',#4863,1.);
#3145=VECTOR('',#4866,1.);
#3146=VECTOR('',#4867,1.);
#3147=EDGE_LOOP('',(#384,#385,#386,#387,#388,#389,#390,#391,#392,#393,#394,
#395));
#3148=EDGE_LOOP('',(#396,#397,#398,#399,#400,#401,#402,#403,#404,#405,#406,
#407,#408,#409,#410,#411,#412,#413,#414,#415,#416,#417,#418,#419,#420,#421,
#422,#423,#424));
#3149=EDGE_LOOP('',(#425,#426,#427,#428));
#3150=EDGE_LOOP('',(#429,#430,#431,#432,#433,#434,#435,#436,#437,#438,#439,
#440,#441,#442,#443,#444,#445,#446,#447,#448,#449,#450,#451,#452,#453,#454));
#3151=EDGE_LOOP('',(#455,#456,#457,#458,#459,#460,#461,#462,#463,#464,#465,
#466,#467));
#3152=EDGE_LOOP('',(#468,#469,#470,#471,#472,#473,#474,#475,#476,#477,#478,
#479,#480,#481,#482));
#3153=EDGE_LOOP('',(#483,#484,#485,#486,#487,#488,#489,#490,#491,#492,#493,
#494,#495,#496,#497,#498,#499));
#3154=EDGE_LOOP('',(#500,#501,#502,#503,#504,#505,#506,#507,#508,#509,#510,
#511,#512,#513,#514,#515,#516,#517));
#3155=EDGE_LOOP('',(#518,#519,#520,#521,#522,#523,#524,#525,#526,#527));
#3156=EDGE_LOOP('',(#528,#529,#530,#531,#532,#533,#534,#535,#536,#537,#538,
#539,#540));
#3157=EDGE_LOOP('',(#541,#542,#543,#544));
#3158=EDGE_LOOP('',(#545,#546,#547,#548));
#3159=EDGE_LOOP('',(#549,#550,#551,#552));
#3160=EDGE_LOOP('',(#553,#554,#555,#556));
#3161=EDGE_LOOP('',(#557,#558,#559,#560));
#3162=EDGE_LOOP('',(#561,#562,#563,#564));
#3163=EDGE_LOOP('',(#565,#566,#567,#568));
#3164=EDGE_LOOP('',(#569,#570,#571,#572));
#3165=EDGE_LOOP('',(#573,#574,#575,#576));
#3166=EDGE_LOOP('',(#577,#578,#579,#580));
#3167=EDGE_LOOP('',(#581,#582,#583,#584));
#3168=EDGE_LOOP('',(#585,#586,#587,#588));
#3169=EDGE_LOOP('',(#589,#590,#591,#592));
#3170=EDGE_LOOP('',(#593,#594,#595,#596));
#3171=EDGE_LOOP('',(#597,#598,#599,#600));
#3172=EDGE_LOOP('',(#601,#602,#603,#604));
#3173=EDGE_LOOP('',(#605,#606,#607,#608));
#3174=EDGE_LOOP('',(#609,#610,#611,#612));
#3175=EDGE_LOOP('',(#613,#614,#615,#616));
#3176=EDGE_LOOP('',(#617,#618,#619,#620));
#3177=EDGE_LOOP('',(#621,#622,#623,#624));
#3178=EDGE_LOOP('',(#625,#626,#627,#628));
#3179=EDGE_LOOP('',(#629,#630,#631,#632));
#3180=EDGE_LOOP('',(#633,#634,#635,#636));
#3181=EDGE_LOOP('',(#637,#638,#639,#640));
#3182=EDGE_LOOP('',(#641,#642,#643,#644));
#3183=EDGE_LOOP('',(#645,#646,#647,#648));
#3184=EDGE_LOOP('',(#649,#650,#651,#652));
#3185=EDGE_LOOP('',(#653,#654,#655,#656));
#3186=EDGE_LOOP('',(#657,#658,#659,#660));
#3187=EDGE_LOOP('',(#661,#662,#663,#664));
#3188=EDGE_LOOP('',(#665,#666,#667,#668));
#3189=EDGE_LOOP('',(#669,#670,#671,#672));
#3190=EDGE_LOOP('',(#673,#674,#675,#676));
#3191=EDGE_LOOP('',(#677,#678,#679,#680));
#3192=EDGE_LOOP('',(#681,#682,#683,#684));
#3193=EDGE_LOOP('',(#685,#686,#687,#688));
#3194=EDGE_LOOP('',(#689,#690,#691,#692));
#3195=EDGE_LOOP('',(#693,#694,#695,#696));
#3196=EDGE_LOOP('',(#697,#698,#699,#700));
#3197=EDGE_LOOP('',(#701,#702,#703,#704));
#3198=EDGE_LOOP('',(#705,#706,#707,#708));
#3199=EDGE_LOOP('',(#709,#710,#711,#712));
#3200=EDGE_LOOP('',(#713,#714,#715,#716));
#3201=EDGE_LOOP('',(#717,#718,#719,#720));
#3202=EDGE_LOOP('',(#721,#722,#723,#724));
#3203=EDGE_LOOP('',(#725,#726,#727,#728,#729,#730,#731,#732,#733,#734,#735,
#736,#737,#738,#739,#740,#741,#742,#743,#744,#745,#746,#747,#748,#749,#750,
#751,#752,#753));
#3204=EDGE_LOOP('',(#754,#755,#756,#757));
#3205=EDGE_LOOP('',(#758,#759,#760,#761));
#3206=EDGE_LOOP('',(#762,#763,#764,#765));
#3207=EDGE_LOOP('',(#766,#767,#768,#769));
#3208=EDGE_LOOP('',(#770,#771,#772,#773));
#3209=EDGE_LOOP('',(#774,#775,#776,#777));
#3210=EDGE_LOOP('',(#778,#779,#780,#781));
#3211=EDGE_LOOP('',(#782,#783,#784,#785));
#3212=EDGE_LOOP('',(#786,#787,#788,#789));
#3213=EDGE_LOOP('',(#790,#791,#792,#793));
#3214=EDGE_LOOP('',(#794,#795,#796,#797));
#3215=EDGE_LOOP('',(#798,#799,#800,#801));
#3216=EDGE_LOOP('',(#802,#803,#804,#805));
#3217=EDGE_LOOP('',(#806,#807,#808,#809));
#3218=EDGE_LOOP('',(#810,#811,#812,#813));
#3219=EDGE_LOOP('',(#814,#815,#816,#817));
#3220=EDGE_LOOP('',(#818,#819,#820,#821));
#3221=EDGE_LOOP('',(#822,#823,#824,#825));
#3222=EDGE_LOOP('',(#826,#827,#828,#829));
#3223=EDGE_LOOP('',(#830,#831,#832,#833));
#3224=EDGE_LOOP('',(#834,#835,#836,#837));
#3225=EDGE_LOOP('',(#838,#839,#840,#841));
#3226=EDGE_LOOP('',(#842,#843,#844,#845));
#3227=EDGE_LOOP('',(#846,#847,#848,#849));
#3228=EDGE_LOOP('',(#850,#851,#852,#853));
#3229=EDGE_LOOP('',(#854,#855,#856,#857));
#3230=EDGE_LOOP('',(#858,#859,#860,#861,#862,#863,#864,#865,#866,#867,#868,
#869,#870,#871,#872,#873,#874,#875,#876,#877,#878,#879,#880,#881,#882,#883));
#3231=EDGE_LOOP('',(#884,#885,#886,#887));
#3232=EDGE_LOOP('',(#888,#889,#890,#891));
#3233=EDGE_LOOP('',(#892,#893,#894,#895));
#3234=EDGE_LOOP('',(#896,#897,#898,#899));
#3235=EDGE_LOOP('',(#900,#901,#902,#903));
#3236=EDGE_LOOP('',(#904,#905,#906,#907));
#3237=EDGE_LOOP('',(#908,#909,#910,#911));
#3238=EDGE_LOOP('',(#912,#913,#914,#915));
#3239=EDGE_LOOP('',(#916,#917,#918,#919));
#3240=EDGE_LOOP('',(#920,#921,#922,#923));
#3241=EDGE_LOOP('',(#924,#925,#926,#927));
#3242=EDGE_LOOP('',(#928,#929,#930,#931));
#3243=EDGE_LOOP('',(#932,#933,#934,#935));
#3244=EDGE_LOOP('',(#936,#937,#938,#939,#940,#941,#942,#943,#944,#945,#946,
#947,#948));
#3245=EDGE_LOOP('',(#949,#950,#951,#952));
#3246=EDGE_LOOP('',(#953,#954,#955,#956));
#3247=EDGE_LOOP('',(#957,#958,#959,#960));
#3248=EDGE_LOOP('',(#961,#962,#963,#964));
#3249=EDGE_LOOP('',(#965,#966,#967,#968));
#3250=EDGE_LOOP('',(#969,#970,#971,#972));
#3251=EDGE_LOOP('',(#973,#974,#975,#976));
#3252=EDGE_LOOP('',(#977,#978,#979,#980));
#3253=EDGE_LOOP('',(#981,#982,#983,#984));
#3254=EDGE_LOOP('',(#985,#986,#987,#988));
#3255=EDGE_LOOP('',(#989,#990,#991,#992));
#3256=EDGE_LOOP('',(#993,#994,#995,#996));
#3257=EDGE_LOOP('',(#997,#998,#999,#1000));
#3258=EDGE_LOOP('',(#1001,#1002,#1003,#1004));
#3259=EDGE_LOOP('',(#1005,#1006,#1007,#1008));
#3260=EDGE_LOOP('',(#1009,#1010,#1011,#1012));
#3261=EDGE_LOOP('',(#1013,#1014,#1015,#1016));
#3262=EDGE_LOOP('',(#1017,#1018,#1019,#1020));
#3263=EDGE_LOOP('',(#1021,#1022,#1023,#1024));
#3264=EDGE_LOOP('',(#1025,#1026,#1027,#1028));
#3265=EDGE_LOOP('',(#1029,#1030,#1031,#1032,#1033));
#3266=EDGE_LOOP('',(#1034,#1035,#1036,#1037,#1038,#1039,#1040,#1041,#1042,
#1043,#1044,#1045,#1046,#1047,#1048));
#3267=EDGE_LOOP('',(#1049,#1050,#1051,#1052,#1053));
#3268=EDGE_LOOP('',(#1054,#1055,#1056,#1057));
#3269=EDGE_LOOP('',(#1058,#1059,#1060,#1061));
#3270=EDGE_LOOP('',(#1062,#1063,#1064,#1065));
#3271=EDGE_LOOP('',(#1066,#1067,#1068,#1069));
#3272=EDGE_LOOP('',(#1070,#1071,#1072,#1073));
#3273=EDGE_LOOP('',(#1074,#1075,#1076,#1077));
#3274=EDGE_LOOP('',(#1078,#1079,#1080,#1081));
#3275=EDGE_LOOP('',(#1082,#1083,#1084,#1085));
#3276=EDGE_LOOP('',(#1086,#1087,#1088,#1089));
#3277=EDGE_LOOP('',(#1090,#1091,#1092,#1093));
#3278=EDGE_LOOP('',(#1094,#1095,#1096,#1097));
#3279=EDGE_LOOP('',(#1098,#1099,#1100,#1101));
#3280=EDGE_LOOP('',(#1102,#1103,#1104,#1105));
#3281=EDGE_LOOP('',(#1106,#1107,#1108,#1109));
#3282=EDGE_LOOP('',(#1110,#1111,#1112,#1113));
#3283=EDGE_LOOP('',(#1114,#1115,#1116,#1117));
#3284=EDGE_LOOP('',(#1118,#1119,#1120,#1121));
#3285=EDGE_LOOP('',(#1122,#1123,#1124,#1125,#1126,#1127,#1128,#1129,#1130,
#1131,#1132,#1133,#1134,#1135,#1136,#1137,#1138));
#3286=EDGE_LOOP('',(#1139,#1140,#1141,#1142));
#3287=EDGE_LOOP('',(#1143,#1144,#1145,#1146));
#3288=EDGE_LOOP('',(#1147,#1148,#1149,#1150));
#3289=EDGE_LOOP('',(#1151,#1152,#1153,#1154));
#3290=EDGE_LOOP('',(#1155,#1156,#1157,#1158));
#3291=EDGE_LOOP('',(#1159,#1160,#1161,#1162));
#3292=EDGE_LOOP('',(#1163,#1164,#1165,#1166));
#3293=EDGE_LOOP('',(#1167,#1168,#1169,#1170));
#3294=EDGE_LOOP('',(#1171,#1172,#1173,#1174));
#3295=EDGE_LOOP('',(#1175,#1176,#1177,#1178));
#3296=EDGE_LOOP('',(#1179,#1180,#1181,#1182));
#3297=EDGE_LOOP('',(#1183,#1184,#1185,#1186));
#3298=EDGE_LOOP('',(#1187,#1188,#1189,#1190));
#3299=EDGE_LOOP('',(#1191,#1192,#1193,#1194));
#3300=EDGE_LOOP('',(#1195,#1196,#1197,#1198));
#3301=EDGE_LOOP('',(#1199,#1200,#1201,#1202));
#3302=EDGE_LOOP('',(#1203,#1204,#1205,#1206));
#3303=EDGE_LOOP('',(#1207,#1208,#1209,#1210));
#3304=EDGE_LOOP('',(#1211,#1212,#1213,#1214,#1215,#1216,#1217,#1218,#1219,
#1220,#1221,#1222,#1223,#1224,#1225,#1226,#1227,#1228));
#3305=EDGE_LOOP('',(#1229,#1230,#1231,#1232));
#3306=EDGE_LOOP('',(#1233,#1234,#1235,#1236));
#3307=EDGE_LOOP('',(#1237,#1238,#1239,#1240));
#3308=EDGE_LOOP('',(#1241,#1242,#1243,#1244));
#3309=EDGE_LOOP('',(#1245,#1246,#1247,#1248));
#3310=EDGE_LOOP('',(#1249,#1250,#1251,#1252));
#3311=EDGE_LOOP('',(#1253,#1254,#1255,#1256));
#3312=EDGE_LOOP('',(#1257,#1258,#1259,#1260));
#3313=EDGE_LOOP('',(#1261,#1262,#1263,#1264));
#3314=EDGE_LOOP('',(#1265,#1266,#1267,#1268));
#3315=EDGE_LOOP('',(#1269,#1270,#1271,#1272));
#3316=EDGE_LOOP('',(#1273,#1274,#1275,#1276));
#3317=EDGE_LOOP('',(#1277,#1278,#1279,#1280));
#3318=EDGE_LOOP('',(#1281,#1282,#1283,#1284));
#3319=EDGE_LOOP('',(#1285,#1286,#1287,#1288));
#3320=EDGE_LOOP('',(#1289,#1290,#1291,#1292));
#3321=EDGE_LOOP('',(#1293,#1294,#1295,#1296));
#3322=EDGE_LOOP('',(#1297,#1298,#1299,#1300));
#3323=EDGE_LOOP('',(#1301,#1302,#1303,#1304,#1305,#1306,#1307,#1308));
#3324=EDGE_LOOP('',(#1309,#1310,#1311,#1312,#1313,#1314,#1315,#1316,#1317,
#1318));
#3325=EDGE_LOOP('',(#1319,#1320,#1321,#1322,#1323,#1324,#1325,#1326));
#3326=EDGE_LOOP('',(#1327,#1328,#1329,#1330));
#3327=EDGE_LOOP('',(#1331,#1332,#1333,#1334));
#3328=EDGE_LOOP('',(#1335,#1336,#1337,#1338));
#3329=EDGE_LOOP('',(#1339,#1340,#1341,#1342));
#3330=EDGE_LOOP('',(#1343,#1344,#1345,#1346));
#3331=EDGE_LOOP('',(#1347,#1348,#1349,#1350));
#3332=EDGE_LOOP('',(#1351,#1352,#1353,#1354));
#3333=EDGE_LOOP('',(#1355,#1356,#1357,#1358));
#3334=EDGE_LOOP('',(#1359,#1360,#1361,#1362));
#3335=EDGE_LOOP('',(#1363,#1364,#1365,#1366));
#3336=EDGE_LOOP('',(#1367,#1368,#1369,#1370));
#3337=EDGE_LOOP('',(#1371,#1372,#1373,#1374));
#3338=EDGE_LOOP('',(#1375,#1376,#1377,#1378));
#3339=EDGE_LOOP('',(#1379,#1380,#1381,#1382,#1383,#1384,#1385,#1386,#1387,
#1388,#1389,#1390,#1391));
#3340=EDGE_LOOP('',(#1392,#1393,#1394,#1395));
#3341=EDGE_LOOP('',(#1396,#1397,#1398,#1399));
#3342=EDGE_LOOP('',(#1400,#1401,#1402,#1403));
#3343=EDGE_LOOP('',(#1404,#1405,#1406,#1407));
#3344=EDGE_LOOP('',(#1408,#1409,#1410,#1411));
#3345=EDGE_LOOP('',(#1412,#1413,#1414,#1415));
#3346=EDGE_LOOP('',(#1416,#1417,#1418,#1419));
#3347=EDGE_LOOP('',(#1420,#1421,#1422,#1423));
#3348=EDGE_LOOP('',(#1424,#1425,#1426,#1427));
#3349=EDGE_LOOP('',(#1428,#1429,#1430,#1431));
#3350=EDGE_LOOP('',(#1432,#1433,#1434,#1435));
#3351=EDGE_LOOP('',(#1436,#1437,#1438,#1439));
#3352=EDGE_LOOP('',(#1440,#1441,#1442,#1443));
#3353=EDGE_LOOP('',(#1444,#1445,#1446,#1447));
#3354=EDGE_LOOP('',(#1448,#1449,#1450,#1451));
#3355=EDGE_LOOP('',(#1452,#1453,#1454,#1455));
#3356=EDGE_LOOP('',(#1456,#1457,#1458,#1459));
#3357=EDGE_LOOP('',(#1460,#1461,#1462,#1463));
#3358=EDGE_LOOP('',(#1464,#1465,#1466,#1467));
#3359=EDGE_LOOP('',(#1468,#1469,#1470,#1471));
#3360=EDGE_LOOP('',(#1472,#1473,#1474,#1475));
#3361=EDGE_LOOP('',(#1476,#1477,#1478,#1479));
#3362=EDGE_LOOP('',(#1480,#1481,#1482,#1483));
#3363=EDGE_LOOP('',(#1484,#1485,#1486,#1487));
#3364=EDGE_LOOP('',(#1488,#1489,#1490,#1491));
#3365=EDGE_LOOP('',(#1492,#1493,#1494,#1495,#1496,#1497,#1498,#1499,#1500,
#1501,#1502,#1503));
#3366=EDGE_LOOP('',(#1504,#1505,#1506,#1507,#1508,#1509,#1510));
#3367=EDGE_LOOP('',(#1511,#1512,#1513,#1514,#1515,#1516));
#3368=EDGE_LOOP('',(#1517,#1518,#1519,#1520,#1521,#1522,#1523));
#3369=EDGE_LOOP('',(#1524,#1525,#1526,#1527,#1528,#1529));
#3370=FACE_BOUND('',#3147,.T.);
#3371=FACE_BOUND('',#3148,.T.);
#3372=FACE_BOUND('',#3149,.T.);
#3373=FACE_BOUND('',#3150,.T.);
#3374=FACE_BOUND('',#3151,.T.);
#3375=FACE_BOUND('',#3152,.T.);
#3376=FACE_BOUND('',#3153,.T.);
#3377=FACE_BOUND('',#3154,.T.);
#3378=FACE_BOUND('',#3155,.T.);
#3379=FACE_BOUND('',#3156,.T.);
#3380=FACE_BOUND('',#3157,.T.);
#3381=FACE_BOUND('',#3158,.T.);
#3382=FACE_BOUND('',#3159,.T.);
#3383=FACE_BOUND('',#3160,.T.);
#3384=FACE_BOUND('',#3161,.T.);
#3385=FACE_BOUND('',#3162,.T.);
#3386=FACE_BOUND('',#3163,.T.);
#3387=FACE_BOUND('',#3164,.T.);
#3388=FACE_BOUND('',#3165,.T.);
#3389=FACE_BOUND('',#3166,.T.);
#3390=FACE_BOUND('',#3167,.T.);
#3391=FACE_BOUND('',#3168,.T.);
#3392=FACE_BOUND('',#3169,.T.);
#3393=FACE_BOUND('',#3170,.T.);
#3394=FACE_BOUND('',#3171,.T.);
#3395=FACE_BOUND('',#3172,.T.);
#3396=FACE_BOUND('',#3173,.T.);
#3397=FACE_BOUND('',#3174,.T.);
#3398=FACE_BOUND('',#3175,.T.);
#3399=FACE_BOUND('',#3176,.T.);
#3400=FACE_BOUND('',#3177,.T.);
#3401=FACE_BOUND('',#3178,.T.);
#3402=FACE_BOUND('',#3179,.T.);
#3403=FACE_BOUND('',#3180,.T.);
#3404=FACE_BOUND('',#3181,.T.);
#3405=FACE_BOUND('',#3182,.T.);
#3406=FACE_BOUND('',#3183,.T.);
#3407=FACE_BOUND('',#3184,.T.);
#3408=FACE_BOUND('',#3185,.T.);
#3409=FACE_BOUND('',#3186,.T.);
#3410=FACE_BOUND('',#3187,.T.);
#3411=FACE_BOUND('',#3188,.T.);
#3412=FACE_BOUND('',#3189,.T.);
#3413=FACE_BOUND('',#3190,.T.);
#3414=FACE_BOUND('',#3191,.T.);
#3415=FACE_BOUND('',#3192,.T.);
#3416=FACE_BOUND('',#3193,.T.);
#3417=FACE_BOUND('',#3194,.T.);
#3418=FACE_BOUND('',#3195,.T.);
#3419=FACE_BOUND('',#3196,.T.);
#3420=FACE_BOUND('',#3197,.T.);
#3421=FACE_BOUND('',#3198,.T.);
#3422=FACE_BOUND('',#3199,.T.);
#3423=FACE_BOUND('',#3200,.T.);
#3424=FACE_BOUND('',#3201,.T.);
#3425=FACE_BOUND('',#3202,.T.);
#3426=FACE_BOUND('',#3203,.T.);
#3427=FACE_BOUND('',#3204,.T.);
#3428=FACE_BOUND('',#3205,.T.);
#3429=FACE_BOUND('',#3206,.T.);
#3430=FACE_BOUND('',#3207,.T.);
#3431=FACE_BOUND('',#3208,.T.);
#3432=FACE_BOUND('',#3209,.T.);
#3433=FACE_BOUND('',#3210,.T.);
#3434=FACE_BOUND('',#3211,.T.);
#3435=FACE_BOUND('',#3212,.T.);
#3436=FACE_BOUND('',#3213,.T.);
#3437=FACE_BOUND('',#3214,.T.);
#3438=FACE_BOUND('',#3215,.T.);
#3439=FACE_BOUND('',#3216,.T.);
#3440=FACE_BOUND('',#3217,.T.);
#3441=FACE_BOUND('',#3218,.T.);
#3442=FACE_BOUND('',#3219,.T.);
#3443=FACE_BOUND('',#3220,.T.);
#3444=FACE_BOUND('',#3221,.T.);
#3445=FACE_BOUND('',#3222,.T.);
#3446=FACE_BOUND('',#3223,.T.);
#3447=FACE_BOUND('',#3224,.T.);
#3448=FACE_BOUND('',#3225,.T.);
#3449=FACE_BOUND('',#3226,.T.);
#3450=FACE_BOUND('',#3227,.T.);
#3451=FACE_BOUND('',#3228,.T.);
#3452=FACE_BOUND('',#3229,.T.);
#3453=FACE_BOUND('',#3230,.T.);
#3454=FACE_BOUND('',#3231,.T.);
#3455=FACE_BOUND('',#3232,.T.);
#3456=FACE_BOUND('',#3233,.T.);
#3457=FACE_BOUND('',#3234,.T.);
#3458=FACE_BOUND('',#3235,.T.);
#3459=FACE_BOUND('',#3236,.T.);
#3460=FACE_BOUND('',#3237,.T.);
#3461=FACE_BOUND('',#3238,.T.);
#3462=FACE_BOUND('',#3239,.T.);
#3463=FACE_BOUND('',#3240,.T.);
#3464=FACE_BOUND('',#3241,.T.);
#3465=FACE_BOUND('',#3242,.T.);
#3466=FACE_BOUND('',#3243,.T.);
#3467=FACE_BOUND('',#3244,.T.);
#3468=FACE_BOUND('',#3245,.T.);
#3469=FACE_BOUND('',#3246,.T.);
#3470=FACE_BOUND('',#3247,.T.);
#3471=FACE_BOUND('',#3248,.T.);
#3472=FACE_BOUND('',#3249,.T.);
#3473=FACE_BOUND('',#3250,.T.);
#3474=FACE_BOUND('',#3251,.T.);
#3475=FACE_BOUND('',#3252,.T.);
#3476=FACE_BOUND('',#3253,.T.);
#3477=FACE_BOUND('',#3254,.T.);
#3478=FACE_BOUND('',#3255,.T.);
#3479=FACE_BOUND('',#3256,.T.);
#3480=FACE_BOUND('',#3257,.T.);
#3481=FACE_BOUND('',#3258,.T.);
#3482=FACE_BOUND('',#3259,.T.);
#3483=FACE_BOUND('',#3260,.T.);
#3484=FACE_BOUND('',#3261,.T.);
#3485=FACE_BOUND('',#3262,.T.);
#3486=FACE_BOUND('',#3263,.T.);
#3487=FACE_BOUND('',#3264,.T.);
#3488=FACE_BOUND('',#3265,.T.);
#3489=FACE_BOUND('',#3266,.T.);
#3490=FACE_BOUND('',#3267,.T.);
#3491=FACE_BOUND('',#3268,.T.);
#3492=FACE_BOUND('',#3269,.T.);
#3493=FACE_BOUND('',#3270,.T.);
#3494=FACE_BOUND('',#3271,.T.);
#3495=FACE_BOUND('',#3272,.T.);
#3496=FACE_BOUND('',#3273,.T.);
#3497=FACE_BOUND('',#3274,.T.);
#3498=FACE_BOUND('',#3275,.T.);
#3499=FACE_BOUND('',#3276,.T.);
#3500=FACE_BOUND('',#3277,.T.);
#3501=FACE_BOUND('',#3278,.T.);
#3502=FACE_BOUND('',#3279,.T.);
#3503=FACE_BOUND('',#3280,.T.);
#3504=FACE_BOUND('',#3281,.T.);
#3505=FACE_BOUND('',#3282,.T.);
#3506=FACE_BOUND('',#3283,.T.);
#3507=FACE_BOUND('',#3284,.T.);
#3508=FACE_BOUND('',#3285,.T.);
#3509=FACE_BOUND('',#3286,.T.);
#3510=FACE_BOUND('',#3287,.T.);
#3511=FACE_BOUND('',#3288,.T.);
#3512=FACE_BOUND('',#3289,.T.);
#3513=FACE_BOUND('',#3290,.T.);
#3514=FACE_BOUND('',#3291,.T.);
#3515=FACE_BOUND('',#3292,.T.);
#3516=FACE_BOUND('',#3293,.T.);
#3517=FACE_BOUND('',#3294,.T.);
#3518=FACE_BOUND('',#3295,.T.);
#3519=FACE_BOUND('',#3296,.T.);
#3520=FACE_BOUND('',#3297,.T.);
#3521=FACE_BOUND('',#3298,.T.);
#3522=FACE_BOUND('',#3299,.T.);
#3523=FACE_BOUND('',#3300,.T.);
#3524=FACE_BOUND('',#3301,.T.);
#3525=FACE_BOUND('',#3302,.T.);
#3526=FACE_BOUND('',#3303,.T.);
#3527=FACE_BOUND('',#3304,.T.);
#3528=FACE_BOUND('',#3305,.T.);
#3529=FACE_BOUND('',#3306,.T.);
#3530=FACE_BOUND('',#3307,.T.);
#3531=FACE_BOUND('',#3308,.T.);
#3532=FACE_BOUND('',#3309,.T.);
#3533=FACE_BOUND('',#3310,.T.);
#3534=FACE_BOUND('',#3311,.T.);
#3535=FACE_BOUND('',#3312,.T.);
#3536=FACE_BOUND('',#3313,.T.);
#3537=FACE_BOUND('',#3314,.T.);
#3538=FACE_BOUND('',#3315,.T.);
#3539=FACE_BOUND('',#3316,.T.);
#3540=FACE_BOUND('',#3317,.T.);
#3541=FACE_BOUND('',#3318,.T.);
#3542=FACE_BOUND('',#3319,.T.);
#3543=FACE_BOUND('',#3320,.T.);
#3544=FACE_BOUND('',#3321,.T.);
#3545=FACE_BOUND('',#3322,.T.);
#3546=FACE_BOUND('',#3323,.T.);
#3547=FACE_BOUND('',#3324,.T.);
#3548=FACE_BOUND('',#3325,.T.);
#3549=FACE_BOUND('',#3326,.T.);
#3550=FACE_BOUND('',#3327,.T.);
#3551=FACE_BOUND('',#3328,.T.);
#3552=FACE_BOUND('',#3329,.T.);
#3553=FACE_BOUND('',#3330,.T.);
#3554=FACE_BOUND('',#3331,.T.);
#3555=FACE_BOUND('',#3332,.T.);
#3556=FACE_BOUND('',#3333,.T.);
#3557=FACE_BOUND('',#3334,.T.);
#3558=FACE_BOUND('',#3335,.T.);
#3559=FACE_BOUND('',#3336,.T.);
#3560=FACE_BOUND('',#3337,.T.);
#3561=FACE_BOUND('',#3338,.T.);
#3562=FACE_BOUND('',#3339,.T.);
#3563=FACE_BOUND('',#3340,.T.);
#3564=FACE_BOUND('',#3341,.T.);
#3565=FACE_BOUND('',#3342,.T.);
#3566=FACE_BOUND('',#3343,.T.);
#3567=FACE_BOUND('',#3344,.T.);
#3568=FACE_BOUND('',#3345,.T.);
#3569=FACE_BOUND('',#3346,.T.);
#3570=FACE_BOUND('',#3347,.T.);
#3571=FACE_BOUND('',#3348,.T.);
#3572=FACE_BOUND('',#3349,.T.);
#3573=FACE_BOUND('',#3350,.T.);
#3574=FACE_BOUND('',#3351,.T.);
#3575=FACE_BOUND('',#3352,.T.);
#3576=FACE_BOUND('',#3353,.T.);
#3577=FACE_BOUND('',#3354,.T.);
#3578=FACE_BOUND('',#3355,.T.);
#3579=FACE_BOUND('',#3356,.T.);
#3580=FACE_BOUND('',#3357,.T.);
#3581=FACE_BOUND('',#3358,.T.);
#3582=FACE_BOUND('',#3359,.T.);
#3583=FACE_BOUND('',#3360,.T.);
#3584=FACE_BOUND('',#3361,.T.);
#3585=FACE_BOUND('',#3362,.T.);
#3586=FACE_BOUND('',#3363,.T.);
#3587=FACE_BOUND('',#3364,.T.);
#3588=FACE_BOUND('',#3365,.T.);
#3589=FACE_BOUND('',#3366,.T.);
#3590=FACE_BOUND('',#3367,.T.);
#3591=FACE_BOUND('',#3368,.T.);
#3592=FACE_BOUND('',#3369,.T.);
#3593=PLANE('',#3956);
#3594=PLANE('',#3993);
#3595=PLANE('',#3994);
#3596=PLANE('',#3995);
#3597=PLANE('',#3996);
#3598=PLANE('',#3997);
#3599=PLANE('',#3998);
#3600=PLANE('',#3999);
#3601=PLANE('',#4000);
#3602=PLANE('',#4001);
#3603=PLANE('',#4002);
#3604=PLANE('',#4003);
#3605=PLANE('',#4004);
#3606=PLANE('',#4005);
#3607=PLANE('',#4006);
#3608=PLANE('',#4007);
#3609=PLANE('',#4010);
#3610=PLANE('',#4011);
#3611=PLANE('',#4014);
#3612=PLANE('',#4015);
#3613=PLANE('',#4018);
#3614=PLANE('',#4019);
#3615=PLANE('',#4020);
#3616=PLANE('',#4029);
#3617=PLANE('',#4046);
#3618=PLANE('',#4051);
#3619=PLANE('',#4058);
#3620=PLANE('',#4059);
#3621=PLANE('',#4060);
#3622=PLANE('',#4061);
#3623=PLANE('',#4062);
#3624=PLANE('',#4063);
#3625=PLANE('',#4066);
#3626=PLANE('',#4067);
#3627=PLANE('',#4072);
#3628=PLANE('',#4077);
#3629=PLANE('',#4078);
#3630=PLANE('',#4079);
#3631=PLANE('',#4080);
#3632=PLANE('',#4081);
#3633=PLANE('',#4082);
#3634=PLANE('',#4083);
#3635=PLANE('',#4084);
#3636=PLANE('',#4085);
#3637=PLANE('',#4088);
#3638=PLANE('',#4089);
#3639=PLANE('',#4090);
#3640=PLANE('',#4091);
#3641=PLANE('',#4092);
#3642=PLANE('',#4093);
#3643=PLANE('',#4094);
#3644=PLANE('',#4097);
#3645=PLANE('',#4098);
#3646=PLANE('',#4099);
#3647=PLANE('',#4100);
#3648=PLANE('',#4101);
#3649=PLANE('',#4102);
#3650=PLANE('',#4103);
#3651=PLANE('',#4104);
#3652=PLANE('',#4105);
#3653=PLANE('',#4106);
#3654=PLANE('',#4107);
#3655=PLANE('',#4108);
#3656=PLANE('',#4109);
#3657=PLANE('',#4118);
#3658=PLANE('',#4119);
#3659=PLANE('',#4126);
#3660=PLANE('',#4127);
#3661=PLANE('',#4128);
#3662=PLANE('',#4129);
#3663=PLANE('',#4130);
#3664=PLANE('',#4131);
#3665=PLANE('',#4134);
#3666=PLANE('',#4135);
#3667=PLANE('',#4136);
#3668=PLANE('',#4137);
#3669=PLANE('',#4138);
#3670=PLANE('',#4139);
#3671=PLANE('',#4140);
#3672=PLANE('',#4141);
#3673=PLANE('',#4142);
#3674=PLANE('',#4143);
#3675=PLANE('',#4144);
#3676=PLANE('',#4147);
#3677=PLANE('',#4148);
#3678=PLANE('',#4149);
#3679=PLANE('',#4150);
#3680=ADVANCED_FACE('',(#3370,#3371,#3372,#3373,#3374,#3375,#3376,#3377,
#3378,#3379),#3593,.F.);
#3681=ADVANCED_FACE('',(#3380,#3381),#3594,.F.);
#3682=ADVANCED_FACE('',(#3382),#3595,.T.);
#3683=ADVANCED_FACE('',(#3383),#3596,.F.);
#3684=ADVANCED_FACE('',(#3384),#3597,.F.);
#3685=ADVANCED_FACE('',(#3385),#3598,.T.);
#3686=ADVANCED_FACE('',(#3386),#3599,.T.);
#3687=ADVANCED_FACE('Face appearance 1',(#3387),#3600,.T.);
#3688=ADVANCED_FACE('Face appearance 1',(#3388),#3601,.F.);
#3689=ADVANCED_FACE('Face appearance 1',(#3389),#3602,.F.);
#3690=ADVANCED_FACE('Face appearance 1',(#3390),#3603,.T.);
#3691=ADVANCED_FACE('Face appearance 1',(#3391),#3604,.F.);
#3692=ADVANCED_FACE('Face appearance 1',(#3392),#3605,.F.);
#3693=ADVANCED_FACE('Face appearance 1',(#3393),#3606,.T.);
#3694=ADVANCED_FACE('Face appearance 1',(#3394),#3607,.T.);
#3695=ADVANCED_FACE('Face appearance 1',(#3395,#3396),#3608,.T.);
#3696=ADVANCED_FACE('',(#3397),#97,.T.);
#3697=ADVANCED_FACE('',(#3398),#3609,.F.);
#3698=ADVANCED_FACE('',(#3399),#12,.T.);
#3699=ADVANCED_FACE('',(#3400),#13,.T.);
#3700=ADVANCED_FACE('',(#3401),#14,.T.);
#3701=ADVANCED_FACE('',(#3402),#15,.T.);
#3702=ADVANCED_FACE('',(#3403),#16,.T.);
#3703=ADVANCED_FACE('',(#3404),#17,.F.);
#3704=ADVANCED_FACE('',(#3405),#18,.F.);
#3705=ADVANCED_FACE('',(#3406),#19,.F.);
#3706=ADVANCED_FACE('',(#3407),#20,.T.);
#3707=ADVANCED_FACE('',(#3408),#21,.T.);
#3708=ADVANCED_FACE('',(#3409),#22,.T.);
#3709=ADVANCED_FACE('',(#3410),#23,.F.);
#3710=ADVANCED_FACE('',(#3411),#24,.F.);
#3711=ADVANCED_FACE('',(#3412),#25,.F.);
#3712=ADVANCED_FACE('',(#3413),#26,.F.);
#3713=ADVANCED_FACE('',(#3414),#27,.F.);
#3714=ADVANCED_FACE('',(#3415),#3610,.T.);
#3715=ADVANCED_FACE('',(#3416),#98,.T.);
#3716=ADVANCED_FACE('',(#3417),#3611,.F.);
#3717=ADVANCED_FACE('',(#3418),#28,.F.);
#3718=ADVANCED_FACE('',(#3419),#29,.T.);
#3719=ADVANCED_FACE('',(#3420),#3612,.T.);
#3720=ADVANCED_FACE('',(#3421),#99,.T.);
#3721=ADVANCED_FACE('',(#3422),#3613,.F.);
#3722=ADVANCED_FACE('',(#3423),#30,.F.);
#3723=ADVANCED_FACE('',(#3424),#31,.T.);
#3724=ADVANCED_FACE('',(#3425),#3614,.T.);
#3725=ADVANCED_FACE('',(#3426),#3615,.T.);
#3726=ADVANCED_FACE('',(#3427),#32,.T.);
#3727=ADVANCED_FACE('',(#3428),#100,.T.);
#3728=ADVANCED_FACE('',(#3429),#101,.T.);
#3729=ADVANCED_FACE('',(#3430),#33,.T.);
#3730=ADVANCED_FACE('',(#3431),#34,.T.);
#3731=ADVANCED_FACE('',(#3432),#35,.T.);
#3732=ADVANCED_FACE('',(#3433),#36,.T.);
#3733=ADVANCED_FACE('',(#3434),#102,.F.);
#3734=ADVANCED_FACE('',(#3435),#103,.F.);
#3735=ADVANCED_FACE('',(#3436),#3616,.T.);
#3736=ADVANCED_FACE('',(#3437),#104,.T.);
#3737=ADVANCED_FACE('',(#3438),#37,.T.);
#3738=ADVANCED_FACE('',(#3439),#38,.T.);
#3739=ADVANCED_FACE('',(#3440),#105,.T.);
#3740=ADVANCED_FACE('',(#3441),#106,.T.);
#3741=ADVANCED_FACE('',(#3442),#39,.T.);
#3742=ADVANCED_FACE('',(#3443),#107,.F.);
#3743=ADVANCED_FACE('',(#3444),#108,.F.);
#3744=ADVANCED_FACE('',(#3445),#109,.F.);
#3745=ADVANCED_FACE('',(#3446),#40,.T.);
#3746=ADVANCED_FACE('',(#3447),#110,.F.);
#3747=ADVANCED_FACE('',(#3448),#111,.F.);
#3748=ADVANCED_FACE('',(#3449),#3617,.T.);
#3749=ADVANCED_FACE('',(#3450),#112,.T.);
#3750=ADVANCED_FACE('',(#3451),#113,.T.);
#3751=ADVANCED_FACE('',(#3452),#41,.T.);
#3752=ADVANCED_FACE('',(#3453),#3618,.T.);
#3753=ADVANCED_FACE('',(#3454),#114,.T.);
#3754=ADVANCED_FACE('',(#3455),#115,.T.);
#3755=ADVANCED_FACE('',(#3456),#116,.T.);
#3756=ADVANCED_FACE('',(#3457),#3619,.T.);
#3757=ADVANCED_FACE('',(#3458),#3620,.T.);
#3758=ADVANCED_FACE('',(#3459),#3621,.T.);
#3759=ADVANCED_FACE('',(#3460),#3622,.T.);
#3760=ADVANCED_FACE('',(#3461),#3623,.T.);
#3761=ADVANCED_FACE('',(#3462),#3624,.T.);
#3762=ADVANCED_FACE('',(#3463),#42,.T.);
#3763=ADVANCED_FACE('',(#3464),#43,.T.);
#3764=ADVANCED_FACE('',(#3465),#117,.F.);
#3765=ADVANCED_FACE('',(#3466),#3625,.T.);
#3766=ADVANCED_FACE('',(#3467),#3626,.T.);
#3767=ADVANCED_FACE('',(#3468),#44,.T.);
#3768=ADVANCED_FACE('',(#3469),#118,.T.);
#3769=ADVANCED_FACE('',(#3470),#119,.T.);
#3770=ADVANCED_FACE('',(#3471),#3627,.T.);
#3771=ADVANCED_FACE('',(#3472),#120,.F.);
#3772=ADVANCED_FACE('',(#3473),#121,.F.);
#3773=ADVANCED_FACE('',(#3474),#45,.T.);
#3774=ADVANCED_FACE('',(#3475),#46,.T.);
#3775=ADVANCED_FACE('',(#3476),#3628,.T.);
#3776=ADVANCED_FACE('',(#3477),#3629,.T.);
#3777=ADVANCED_FACE('',(#3478),#47,.T.);
#3778=ADVANCED_FACE('',(#3479),#48,.T.);
#3779=ADVANCED_FACE('',(#3480),#49,.T.);
#3780=ADVANCED_FACE('',(#3481),#50,.T.);
#3781=ADVANCED_FACE('',(#3482),#51,.T.);
#3782=ADVANCED_FACE('',(#3483),#52,.T.);
#3783=ADVANCED_FACE('',(#3484),#53,.T.);
#3784=ADVANCED_FACE('',(#3485),#3630,.T.);
#3785=ADVANCED_FACE('',(#3486),#54,.T.);
#3786=ADVANCED_FACE('',(#3487),#55,.T.);
#3787=ADVANCED_FACE('',(#3488,#3489),#3631,.T.);
#3788=ADVANCED_FACE('',(#3490),#3632,.F.);
#3789=ADVANCED_FACE('',(#3491),#3633,.T.);
#3790=ADVANCED_FACE('',(#3492),#3634,.T.);
#3791=ADVANCED_FACE('',(#3493),#56,.T.);
#3792=ADVANCED_FACE('',(#3494),#57,.T.);
#3793=ADVANCED_FACE('',(#3495),#58,.T.);
#3794=ADVANCED_FACE('',(#3496),#3635,.T.);
#3795=ADVANCED_FACE('',(#3497),#3636,.T.);
#3796=ADVANCED_FACE('',(#3498),#122,.T.);
#3797=ADVANCED_FACE('',(#3499),#3637,.T.);
#3798=ADVANCED_FACE('',(#3500),#3638,.T.);
#3799=ADVANCED_FACE('',(#3501),#3639,.T.);
#3800=ADVANCED_FACE('',(#3502),#3640,.T.);
#3801=ADVANCED_FACE('',(#3503),#3641,.T.);
#3802=ADVANCED_FACE('',(#3504),#59,.T.);
#3803=ADVANCED_FACE('',(#3505),#60,.T.);
#3804=ADVANCED_FACE('',(#3506),#61,.T.);
#3805=ADVANCED_FACE('',(#3507),#3642,.T.);
#3806=ADVANCED_FACE('',(#3508),#3643,.T.);
#3807=ADVANCED_FACE('',(#3509),#123,.F.);
#3808=ADVANCED_FACE('',(#3510),#62,.T.);
#3809=ADVANCED_FACE('',(#3511),#63,.T.);
#3810=ADVANCED_FACE('',(#3512),#3644,.T.);
#3811=ADVANCED_FACE('',(#3513),#3645,.T.);
#3812=ADVANCED_FACE('',(#3514),#3646,.T.);
#3813=ADVANCED_FACE('',(#3515),#3647,.T.);
#3814=ADVANCED_FACE('',(#3516),#3648,.T.);
#3815=ADVANCED_FACE('',(#3517),#3649,.T.);
#3816=ADVANCED_FACE('',(#3518),#3650,.T.);
#3817=ADVANCED_FACE('',(#3519),#3651,.T.);
#3818=ADVANCED_FACE('',(#3520),#3652,.T.);
#3819=ADVANCED_FACE('',(#3521),#3653,.T.);
#3820=ADVANCED_FACE('',(#3522),#3654,.T.);
#3821=ADVANCED_FACE('',(#3523),#64,.T.);
#3822=ADVANCED_FACE('',(#3524),#65,.T.);
#3823=ADVANCED_FACE('',(#3525),#66,.T.);
#3824=ADVANCED_FACE('',(#3526),#3655,.T.);
#3825=ADVANCED_FACE('',(#3527),#3656,.T.);
#3826=ADVANCED_FACE('',(#3528),#67,.T.);
#3827=ADVANCED_FACE('',(#3529),#68,.T.);
#3828=ADVANCED_FACE('',(#3530),#124,.T.);
#3829=ADVANCED_FACE('',(#3531),#125,.T.);
#3830=ADVANCED_FACE('',(#3532),#69,.T.);
#3831=ADVANCED_FACE('',(#3533),#70,.T.);
#3832=ADVANCED_FACE('',(#3534),#71,.T.);
#3833=ADVANCED_FACE('',(#3535),#126,.T.);
#3834=ADVANCED_FACE('',(#3536),#127,.T.);
#3835=ADVANCED_FACE('',(#3537),#72,.T.);
#3836=ADVANCED_FACE('',(#3538),#73,.T.);
#3837=ADVANCED_FACE('',(#3539),#74,.T.);
#3838=ADVANCED_FACE('',(#3540),#75,.T.);
#3839=ADVANCED_FACE('',(#3541),#76,.T.);
#3840=ADVANCED_FACE('',(#3542),#77,.T.);
#3841=ADVANCED_FACE('',(#3543),#78,.T.);
#3842=ADVANCED_FACE('',(#3544),#79,.T.);
#3843=ADVANCED_FACE('',(#3545),#80,.T.);
#3844=ADVANCED_FACE('',(#3546,#3547),#3657,.T.);
#3845=ADVANCED_FACE('',(#3548),#3658,.F.);
#3846=ADVANCED_FACE('',(#3549),#128,.T.);
#3847=ADVANCED_FACE('',(#3550),#129,.T.);
#3848=ADVANCED_FACE('',(#3551),#130,.T.);
#3849=ADVANCED_FACE('',(#3552),#3659,.T.);
#3850=ADVANCED_FACE('',(#3553),#3660,.T.);
#3851=ADVANCED_FACE('',(#3554),#3661,.T.);
#3852=ADVANCED_FACE('',(#3555),#3662,.T.);
#3853=ADVANCED_FACE('',(#3556),#3663,.T.);
#3854=ADVANCED_FACE('',(#3557),#3664,.T.);
#3855=ADVANCED_FACE('',(#3558),#81,.T.);
#3856=ADVANCED_FACE('',(#3559),#82,.T.);
#3857=ADVANCED_FACE('',(#3560),#131,.F.);
#3858=ADVANCED_FACE('',(#3561),#3665,.T.);
#3859=ADVANCED_FACE('',(#3562),#3666,.T.);
#3860=ADVANCED_FACE('',(#3563),#3667,.T.);
#3861=ADVANCED_FACE('',(#3564),#3668,.T.);
#3862=ADVANCED_FACE('',(#3565),#83,.T.);
#3863=ADVANCED_FACE('',(#3566),#84,.T.);
#3864=ADVANCED_FACE('',(#3567),#85,.T.);
#3865=ADVANCED_FACE('',(#3568),#3669,.T.);
#3866=ADVANCED_FACE('',(#3569),#3670,.T.);
#3867=ADVANCED_FACE('',(#3570),#3671,.T.);
#3868=ADVANCED_FACE('',(#3571),#86,.T.);
#3869=ADVANCED_FACE('',(#3572),#87,.T.);
#3870=ADVANCED_FACE('',(#3573),#88,.T.);
#3871=ADVANCED_FACE('',(#3574),#3672,.T.);
#3872=ADVANCED_FACE('',(#3575),#3673,.T.);
#3873=ADVANCED_FACE('',(#3576),#3674,.T.);
#3874=ADVANCED_FACE('',(#3577),#89,.T.);
#3875=ADVANCED_FACE('',(#3578),#90,.T.);
#3876=ADVANCED_FACE('',(#3579),#91,.T.);
#3877=ADVANCED_FACE('',(#3580),#92,.T.);
#3878=ADVANCED_FACE('',(#3581),#3675,.T.);
#3879=ADVANCED_FACE('',(#3582),#132,.T.);
#3880=ADVANCED_FACE('',(#3583),#93,.T.);
#3881=ADVANCED_FACE('',(#3584),#94,.T.);
#3882=ADVANCED_FACE('',(#3585),#95,.T.);
#3883=ADVANCED_FACE('',(#3586),#96,.T.);
#3884=ADVANCED_FACE('',(#3587),#3676,.T.);
#3885=ADVANCED_FACE('',(#3588,#3589,#3590),#3677,.T.);
#3886=ADVANCED_FACE('',(#3591),#3678,.F.);
#3887=ADVANCED_FACE('',(#3592),#3679,.F.);
#3888=CLOSED_SHELL('',(#3680,#3681,#3682,#3683,#3684,#3685,#3686,#3687,
#3688,#3689,#3690,#3691,#3692,#3693,#3694,#3695,#3696,#3697,#3698,#3699,
#3700,#3701,#3702,#3703,#3704,#3705,#3706,#3707,#3708,#3709,#3710,#3711,
#3712,#3713,#3714,#3715,#3716,#3717,#3718,#3719,#3720,#3721,#3722,#3723,
#3724,#3725,#3726,#3727,#3728,#3729,#3730,#3731,#3732,#3733,#3734,#3735,
#3736,#3737,#3738,#3739,#3740,#3741,#3742,#3743,#3744,#3745,#3746,#3747,
#3748,#3749,#3750,#3751,#3752,#3753,#3754,#3755,#3756,#3757,#3758,#3759,
#3760,#3761,#3762,#3763,#3764,#3765,#3766,#3767,#3768,#3769,#3770,#3771,
#3772,#3773,#3774,#3775,#3776,#3777,#3778,#3779,#3780,#3781,#3782,#3783,
#3784,#3785,#3786,#3787,#3788,#3789,#3790,#3791,#3792,#3793,#3794,#3795,
#3796,#3797,#3798,#3799,#3800,#3801,#3802,#3803,#3804,#3805,#3806,#3807,
#3808,#3809,#3810,#3811,#3812,#3813,#3814,#3815,#3816,#3817,#3818,#3819,
#3820,#3821,#3822,#3823,#3824,#3825,#3826,#3827,#3828,#3829,#3830,#3831,
#3832,#3833,#3834,#3835,#3836,#3837,#3838,#3839,#3840,#3841,#3842,#3843,
#3844,#3845,#3846,#3847,#3848,#3849,#3850,#3851,#3852,#3853,#3854,#3855,
#3856,#3857,#3858,#3859,#3860,#3861,#3862,#3863,#3864,#3865,#3866,#3867,
#3868,#3869,#3870,#3871,#3872,#3873,#3874,#3875,#3876,#3877,#3878,#3879,
#3880,#3881,#3882,#3883,#3884,#3885,#3886,#3887));
#3889=STYLED_ITEM('',(#3890),#3952);
#3890=PRESENTATION_STYLE_ASSIGNMENT((#3900));
#3891=PRESENTATION_STYLE_ASSIGNMENT((#3901));
#3892=PRESENTATION_STYLE_ASSIGNMENT((#3902));
#3893=PRESENTATION_STYLE_ASSIGNMENT((#3903));
#3894=PRESENTATION_STYLE_ASSIGNMENT((#3904));
#3895=PRESENTATION_STYLE_ASSIGNMENT((#3905));
#3896=PRESENTATION_STYLE_ASSIGNMENT((#3906));
#3897=PRESENTATION_STYLE_ASSIGNMENT((#3907));
#3898=PRESENTATION_STYLE_ASSIGNMENT((#3908));
#3899=PRESENTATION_STYLE_ASSIGNMENT((#3909));
#3900=SURFACE_STYLE_USAGE(.BOTH.,#3910);
#3901=SURFACE_STYLE_USAGE(.BOTH.,#3911);
#3902=SURFACE_STYLE_USAGE(.BOTH.,#3912);
#3903=SURFACE_STYLE_USAGE(.BOTH.,#3913);
#3904=SURFACE_STYLE_USAGE(.BOTH.,#3914);
#3905=SURFACE_STYLE_USAGE(.BOTH.,#3915);
#3906=SURFACE_STYLE_USAGE(.BOTH.,#3916);
#3907=SURFACE_STYLE_USAGE(.BOTH.,#3917);
#3908=SURFACE_STYLE_USAGE(.BOTH.,#3918);
#3909=SURFACE_STYLE_USAGE(.BOTH.,#3919);
#3910=SURFACE_SIDE_STYLE('',(#3920));
#3911=SURFACE_SIDE_STYLE('',(#3921));
#3912=SURFACE_SIDE_STYLE('',(#3922));
#3913=SURFACE_SIDE_STYLE('',(#3923));
#3914=SURFACE_SIDE_STYLE('',(#3924));
#3915=SURFACE_SIDE_STYLE('',(#3925));
#3916=SURFACE_SIDE_STYLE('',(#3926));
#3917=SURFACE_SIDE_STYLE('',(#3927));
#3918=SURFACE_SIDE_STYLE('',(#3928));
#3919=SURFACE_SIDE_STYLE('',(#3929));
#3920=SURFACE_STYLE_FILL_AREA(#3930);
#3921=SURFACE_STYLE_FILL_AREA(#3931);
#3922=SURFACE_STYLE_FILL_AREA(#3932);
#3923=SURFACE_STYLE_FILL_AREA(#3933);
#3924=SURFACE_STYLE_FILL_AREA(#3934);
#3925=SURFACE_STYLE_FILL_AREA(#3935);
#3926=SURFACE_STYLE_FILL_AREA(#3936);
#3927=SURFACE_STYLE_FILL_AREA(#3937);
#3928=SURFACE_STYLE_FILL_AREA(#3938);
#3929=SURFACE_STYLE_FILL_AREA(#3939);
#3930=FILL_AREA_STYLE('',(#3940));
#3931=FILL_AREA_STYLE('',(#3941));
#3932=FILL_AREA_STYLE('',(#3942));
#3933=FILL_AREA_STYLE('',(#3943));
#3934=FILL_AREA_STYLE('',(#3944));
#3935=FILL_AREA_STYLE('',(#3945));
#3936=FILL_AREA_STYLE('',(#3946));
#3937=FILL_AREA_STYLE('',(#3947));
#3938=FILL_AREA_STYLE('',(#3948));
#3939=FILL_AREA_STYLE('',(#3949));
#3940=FILL_AREA_STYLE_COLOUR('',#3950);
#3941=FILL_AREA_STYLE_COLOUR('',#3951);
#3942=FILL_AREA_STYLE_COLOUR('',#3951);
#3943=FILL_AREA_STYLE_COLOUR('',#3951);
#3944=FILL_AREA_STYLE_COLOUR('',#3951);
#3945=FILL_AREA_STYLE_COLOUR('',#3951);
#3946=FILL_AREA_STYLE_COLOUR('',#3951);
#3947=FILL_AREA_STYLE_COLOUR('',#3951);
#3948=FILL_AREA_STYLE_COLOUR('',#3951);
#3949=FILL_AREA_STYLE_COLOUR('',#3951);
#3950=COLOUR_RGB('',1.,0.984313725490196,0.984313725490196);
#3951=COLOUR_RGB('',0.6,0.352941176470589,0.0549019607843137);
#3952=MANIFOLD_SOLID_BREP('Part 1',#3888);
#3953=SHAPE_DEFINITION_REPRESENTATION(#7379,#3954);
#3954=SHAPE_REPRESENTATION('Part 1',(#3955),#7374);
#3955=AXIS2_PLACEMENT_3D('',#4874,#4151,#4152);
#3956=AXIS2_PLACEMENT_3D('',#4875,#4153,#4154);
#3957=AXIS2_PLACEMENT_3D('',#4893,#4157,#4158);
#3958=AXIS2_PLACEMENT_3D('',#4914,#4161,#4162);
#3959=AXIS2_PLACEMENT_3D('',#4935,#4165,#4166);
#3960=AXIS2_PLACEMENT_3D('',#4955,#4169,#4170);
#3961=AXIS2_PLACEMENT_3D('',#5104,#4177,#4178);
#3962=AXIS2_PLACEMENT_3D('',#5115,#4179,#4180);
#3963=AXIS2_PLACEMENT_3D('',#5117,#4181,#4182);
#3964=AXIS2_PLACEMENT_3D('',#5121,#4184,#4185);
#3965=AXIS2_PLACEMENT_3D('',#5123,#4186,#4187);
#3966=AXIS2_PLACEMENT_3D('',#5129,#4188,#4189);
#3967=AXIS2_PLACEMENT_3D('',#5131,#4190,#4191);
#3968=AXIS2_PLACEMENT_3D('',#5133,#4192,#4193);
#3969=AXIS2_PLACEMENT_3D('',#5139,#4194,#4195);
#3970=AXIS2_PLACEMENT_3D('',#5141,#4196,#4197);
#3971=AXIS2_PLACEMENT_3D('',#5151,#4198,#4199);
#3972=AXIS2_PLACEMENT_3D('',#5155,#4201,#4202);
#3973=AXIS2_PLACEMENT_3D('',#5157,#4203,#4204);
#3974=AXIS2_PLACEMENT_3D('',#5175,#4205,#4206);
#3975=AXIS2_PLACEMENT_3D('',#5176,#4207,#4208);
#3976=AXIS2_PLACEMENT_3D('',#5179,#4209,#4210);
#3977=AXIS2_PLACEMENT_3D('',#5183,#4212,#4213);
#3978=AXIS2_PLACEMENT_3D('',#5205,#4220,#4221);
#3979=AXIS2_PLACEMENT_3D('',#5206,#4222,#4223);
#3980=AXIS2_PLACEMENT_3D('',#5245,#4226,#4227);
#3981=AXIS2_PLACEMENT_3D('',#5247,#4228,#4229);
#3982=AXIS2_PLACEMENT_3D('',#5251,#4231,#4232);
#3983=AXIS2_PLACEMENT_3D('',#5281,#4241,#4242);
#3984=AXIS2_PLACEMENT_3D('',#5303,#4245,#4246);
#3985=AXIS2_PLACEMENT_3D('',#5357,#4259,#4260);
#3986=AXIS2_PLACEMENT_3D('',#5359,#4261,#4262);
#3987=AXIS2_PLACEMENT_3D('',#5373,#4263,#4264);
#3988=AXIS2_PLACEMENT_3D('',#5375,#4265,#4266);
#3989=AXIS2_PLACEMENT_3D('',#5376,#4267,#4268);
#3990=AXIS2_PLACEMENT_3D('',#5379,#4269,#4270);
#3991=AXIS2_PLACEMENT_3D('',#5383,#4272,#4273);
#3992=AXIS2_PLACEMENT_3D('',#5405,#4280,#4281);
#3993=AXIS2_PLACEMENT_3D('',#5406,#4282,#4283);
#3994=AXIS2_PLACEMENT_3D('',#5423,#4292,#4293);
#3995=AXIS2_PLACEMENT_3D('',#5429,#4297,#4298);
#3996=AXIS2_PLACEMENT_3D('',#5433,#4301,#4302);
#3997=AXIS2_PLACEMENT_3D('',#5437,#4305,#4306);
#3998=AXIS2_PLACEMENT_3D('',#5439,#4308,#4309);
#3999=AXIS2_PLACEMENT_3D('',#5440,#4310,#4311);
#4000=AXIS2_PLACEMENT_3D('',#5446,#4315,#4316);
#4001=AXIS2_PLACEMENT_3D('',#5450,#4319,#4320);
#4002=AXIS2_PLACEMENT_3D('',#5454,#4323,#4324);
#4003=AXIS2_PLACEMENT_3D('',#5460,#4328,#4329);
#4004=AXIS2_PLACEMENT_3D('',#5464,#4332,#4333);
#4005=AXIS2_PLACEMENT_3D('',#5468,#4336,#4337);
#4006=AXIS2_PLACEMENT_3D('',#5470,#4339,#4340);
#4007=AXIS2_PLACEMENT_3D('',#5472,#4342,#4343);
#4008=AXIS2_PLACEMENT_3D('',#5473,#4344,#4345);
#4009=AXIS2_PLACEMENT_3D('',#5476,#4347,#4348);
#4010=AXIS2_PLACEMENT_3D('',#5479,#4350,#4351);
#4011=AXIS2_PLACEMENT_3D('',#5983,#4370,#4371);
#4012=AXIS2_PLACEMENT_3D('',#5987,#4374,#4375);
#4013=AXIS2_PLACEMENT_3D('',#5990,#4377,#4378);
#4014=AXIS2_PLACEMENT_3D('',#5991,#4379,#4380);
#4015=AXIS2_PLACEMENT_3D('',#6033,#4385,#4386);
#4016=AXIS2_PLACEMENT_3D('',#6037,#4389,#4390);
#4017=AXIS2_PLACEMENT_3D('',#6040,#4392,#4393);
#4018=AXIS2_PLACEMENT_3D('',#6041,#4394,#4395);
#4019=AXIS2_PLACEMENT_3D('',#6083,#4400,#4401);
#4020=AXIS2_PLACEMENT_3D('',#6085,#4403,#4404);
#4021=AXIS2_PLACEMENT_3D('',#6101,#4407,#4408);
#4022=AXIS2_PLACEMENT_3D('',#6104,#4410,#4411);
#4023=AXIS2_PLACEMENT_3D('',#6105,#4412,#4413);
#4024=AXIS2_PLACEMENT_3D('',#6108,#4415,#4416);
#4025=AXIS2_PLACEMENT_3D('',#6161,#4421,#4422);
#4026=AXIS2_PLACEMENT_3D('',#6164,#4424,#4425);
#4027=AXIS2_PLACEMENT_3D('',#6165,#4426,#4427);
#4028=AXIS2_PLACEMENT_3D('',#6168,#4429,#4430);
#4029=AXIS2_PLACEMENT_3D('',#6169,#4431,#4432);
#4030=AXIS2_PLACEMENT_3D('',#6173,#4435,#4436);
#4031=AXIS2_PLACEMENT_3D('',#6176,#4438,#4439);
#4032=AXIS2_PLACEMENT_3D('',#6203,#4442,#4443);
#4033=AXIS2_PLACEMENT_3D('',#6206,#4445,#4446);
#4034=AXIS2_PLACEMENT_3D('',#6207,#4447,#4448);
#4035=AXIS2_PLACEMENT_3D('',#6210,#4450,#4451);
#4036=AXIS2_PLACEMENT_3D('',#6224,#4453,#4454);
#4037=AXIS2_PLACEMENT_3D('',#6227,#4456,#4457);
#4038=AXIS2_PLACEMENT_3D('',#6228,#4458,#4459);
#4039=AXIS2_PLACEMENT_3D('',#6231,#4461,#4462);
#4040=AXIS2_PLACEMENT_3D('',#6232,#4463,#4464);
#4041=AXIS2_PLACEMENT_3D('',#6235,#4466,#4467);
#4042=AXIS2_PLACEMENT_3D('',#6249,#4469,#4470);
#4043=AXIS2_PLACEMENT_3D('',#6252,#4472,#4473);
#4044=AXIS2_PLACEMENT_3D('',#6253,#4474,#4475);
#4045=AXIS2_PLACEMENT_3D('',#6256,#4477,#4478);
#4046=AXIS2_PLACEMENT_3D('',#6257,#4479,#4480);
#4047=AXIS2_PLACEMENT_3D('',#6261,#4483,#4484);
#4048=AXIS2_PLACEMENT_3D('',#6264,#4486,#4487);
#4049=AXIS2_PLACEMENT_3D('',#6265,#4488,#4489);
#4050=AXIS2_PLACEMENT_3D('',#6268,#4491,#4492);
#4051=AXIS2_PLACEMENT_3D('',#6280,#4493,#4494);
#4052=AXIS2_PLACEMENT_3D('',#6281,#4495,#4496);
#4053=AXIS2_PLACEMENT_3D('',#6284,#4498,#4499);
#4054=AXIS2_PLACEMENT_3D('',#6287,#4501,#4502);
#4055=AXIS2_PLACEMENT_3D('',#6290,#4504,#4505);
#4056=AXIS2_PLACEMENT_3D('',#6291,#4506,#4507);
#4057=AXIS2_PLACEMENT_3D('',#6294,#4509,#4510);
#4058=AXIS2_PLACEMENT_3D('',#6295,#4511,#4512);
#4059=AXIS2_PLACEMENT_3D('',#6299,#4515,#4516);
#4060=AXIS2_PLACEMENT_3D('',#6303,#4519,#4520);
#4061=AXIS2_PLACEMENT_3D('',#6307,#4523,#4524);
#4062=AXIS2_PLACEMENT_3D('',#6311,#4527,#4528);
#4063=AXIS2_PLACEMENT_3D('',#6315,#4531,#4532);
#4064=AXIS2_PLACEMENT_3D('',#6345,#4537,#4538);
#4065=AXIS2_PLACEMENT_3D('',#6348,#4540,#4541);
#4066=AXIS2_PLACEMENT_3D('',#6349,#4542,#4543);
#4067=AXIS2_PLACEMENT_3D('',#6351,#4545,#4546);
#4068=AXIS2_PLACEMENT_3D('',#6367,#4549,#4550);
#4069=AXIS2_PLACEMENT_3D('',#6370,#4552,#4553);
#4070=AXIS2_PLACEMENT_3D('',#6371,#4554,#4555);
#4071=AXIS2_PLACEMENT_3D('',#6374,#4557,#4558);
#4072=AXIS2_PLACEMENT_3D('',#6375,#4559,#4560);
#4073=AXIS2_PLACEMENT_3D('',#6379,#4563,#4564);
#4074=AXIS2_PLACEMENT_3D('',#6382,#4566,#4567);
#4075=AXIS2_PLACEMENT_3D('',#6383,#4568,#4569);
#4076=AXIS2_PLACEMENT_3D('',#6386,#4571,#4572);
#4077=AXIS2_PLACEMENT_3D('',#6413,#4575,#4576);
#4078=AXIS2_PLACEMENT_3D('',#6417,#4579,#4580);
#4079=AXIS2_PLACEMENT_3D('',#6527,#4591,#4592);
#4080=AXIS2_PLACEMENT_3D('',#6558,#4596,#4597);
#4081=AXIS2_PLACEMENT_3D('',#6559,#4598,#4599);
#4082=AXIS2_PLACEMENT_3D('',#6560,#4600,#4601);
#4083=AXIS2_PLACEMENT_3D('',#6566,#4605,#4606);
#4084=AXIS2_PLACEMENT_3D('',#6609,#4612,#4613);
#4085=AXIS2_PLACEMENT_3D('',#6613,#4616,#4617);
#4086=AXIS2_PLACEMENT_3D('',#6617,#4620,#4621);
#4087=AXIS2_PLACEMENT_3D('',#6620,#4623,#4624);
#4088=AXIS2_PLACEMENT_3D('',#6621,#4625,#4626);
#4089=AXIS2_PLACEMENT_3D('',#6625,#4629,#4630);
#4090=AXIS2_PLACEMENT_3D('',#6629,#4633,#4634);
#4091=AXIS2_PLACEMENT_3D('',#6633,#4637,#4638);
#4092=AXIS2_PLACEMENT_3D('',#6637,#4641,#4642);
#4093=AXIS2_PLACEMENT_3D('',#6680,#4648,#4649);
#4094=AXIS2_PLACEMENT_3D('',#6682,#4651,#4652);
#4095=AXIS2_PLACEMENT_3D('',#6683,#4653,#4654);
#4096=AXIS2_PLACEMENT_3D('',#6686,#4656,#4657);
#4097=AXIS2_PLACEMENT_3D('',#6715,#4661,#4662);
#4098=AXIS2_PLACEMENT_3D('',#6719,#4665,#4666);
#4099=AXIS2_PLACEMENT_3D('',#6723,#4669,#4670);
#4100=AXIS2_PLACEMENT_3D('',#6727,#4673,#4674);
#4101=AXIS2_PLACEMENT_3D('',#6731,#4677,#4678);
#4102=AXIS2_PLACEMENT_3D('',#6735,#4681,#4682);
#4103=AXIS2_PLACEMENT_3D('',#6739,#4685,#4686);
#4104=AXIS2_PLACEMENT_3D('',#6743,#4689,#4690);
#4105=AXIS2_PLACEMENT_3D('',#6747,#4693,#4694);
#4106=AXIS2_PLACEMENT_3D('',#6751,#4697,#4698);
#4107=AXIS2_PLACEMENT_3D('',#6755,#4701,#4702);
#4108=AXIS2_PLACEMENT_3D('',#6798,#4708,#4709);
#4109=AXIS2_PLACEMENT_3D('',#6800,#4711,#4712);
#4110=AXIS2_PLACEMENT_3D('',#6829,#4716,#4717);
#4111=AXIS2_PLACEMENT_3D('',#6832,#4719,#4720);
#4112=AXIS2_PLACEMENT_3D('',#6833,#4721,#4722);
#4113=AXIS2_PLACEMENT_3D('',#6836,#4724,#4725);
#4114=AXIS2_PLACEMENT_3D('',#6876,#4729,#4730);
#4115=AXIS2_PLACEMENT_3D('',#6879,#4732,#4733);
#4116=AXIS2_PLACEMENT_3D('',#6880,#4734,#4735);
#4117=AXIS2_PLACEMENT_3D('',#6883,#4737,#4738);
#4118=AXIS2_PLACEMENT_3D('',#7031,#4747,#4748);
#4119=AXIS2_PLACEMENT_3D('',#7032,#4749,#4750);
#4120=AXIS2_PLACEMENT_3D('',#7033,#4751,#4752);
#4121=AXIS2_PLACEMENT_3D('',#7036,#4754,#4755);
#4122=AXIS2_PLACEMENT_3D('',#7039,#4757,#4758);
#4123=AXIS2_PLACEMENT_3D('',#7042,#4760,#4761);
#4124=AXIS2_PLACEMENT_3D('',#7043,#4762,#4763);
#4125=AXIS2_PLACEMENT_3D('',#7046,#4765,#4766);
#4126=AXIS2_PLACEMENT_3D('',#7047,#4767,#4768);
#4127=AXIS2_PLACEMENT_3D('',#7051,#4771,#4772);
#4128=AXIS2_PLACEMENT_3D('',#7055,#4775,#4776);
#4129=AXIS2_PLACEMENT_3D('',#7059,#4779,#4780);
#4130=AXIS2_PLACEMENT_3D('',#7063,#4783,#4784);
#4131=AXIS2_PLACEMENT_3D('',#7067,#4787,#4788);
#4132=AXIS2_PLACEMENT_3D('',#7097,#4793,#4794);
#4133=AXIS2_PLACEMENT_3D('',#7100,#4796,#4797);
#4134=AXIS2_PLACEMENT_3D('',#7101,#4798,#4799);
#4135=AXIS2_PLACEMENT_3D('',#7103,#4801,#4802);
#4136=AXIS2_PLACEMENT_3D('',#7104,#4803,#4804);
#4137=AXIS2_PLACEMENT_3D('',#7113,#4809,#4810);
#4138=AXIS2_PLACEMENT_3D('',#7170,#4817,#4818);
#4139=AXIS2_PLACEMENT_3D('',#7179,#4823,#4824);
#4140=AXIS2_PLACEMENT_3D('',#7185,#4828,#4829);
#4141=AXIS2_PLACEMENT_3D('',#7242,#4836,#4837);
#4142=AXIS2_PLACEMENT_3D('',#7248,#4841,#4842);
#4143=AXIS2_PLACEMENT_3D('',#7252,#4845,#4846);
#4144=AXIS2_PLACEMENT_3D('',#7308,#4853,#4854);
#4145=AXIS2_PLACEMENT_3D('',#7312,#4857,#4858);
#4146=AXIS2_PLACEMENT_3D('',#7315,#4860,#4861);
#4147=AXIS2_PLACEMENT_3D('',#7367,#4864,#4865);
#4148=AXIS2_PLACEMENT_3D('',#7370,#4868,#4869);
#4149=AXIS2_PLACEMENT_3D('',#7371,#4870,#4871);
#4150=AXIS2_PLACEMENT_3D('',#7372,#4872,#4873);
#4151=DIRECTION('',(0.,0.,1.));
#4152=DIRECTION('',(1.,0.,0.));
#4153=DIRECTION('',(0.,0.,1.));
#4154=DIRECTION('',(1.,0.,0.));
#4155=DIRECTION('',(0.,-1.,0.));
#4156=DIRECTION('',(1.,0.,0.));
#4157=DIRECTION('',(0.,0.,1.));
#4158=DIRECTION('',(1.,0.,0.));
#4159=DIRECTION('',(0.,1.,0.));
#4160=DIRECTION('',(-1.,0.,0.));
#4161=DIRECTION('',(0.,0.,-1.));
#4162=DIRECTION('',(-1.,0.,0.));
#4163=DIRECTION('',(0.,1.,0.));
#4164=DIRECTION('',(0.,1.,0.));
#4165=DIRECTION('',(0.,0.,-1.));
#4166=DIRECTION('',(-1.,0.,0.));
#4167=DIRECTION('',(0.,1.,0.));
#4168=DIRECTION('',(0.,1.,0.));
#4169=DIRECTION('',(0.,0.,1.));
#4170=DIRECTION('',(-1.,0.,0.));
#4171=DIRECTION('',(0.,1.,0.));
#4172=DIRECTION('',(0.,1.,0.));
#4173=DIRECTION('',(1.,0.,0.));
#4174=DIRECTION('',(0.,1.,0.));
#4175=DIRECTION('',(1.,0.,0.));
#4176=DIRECTION('',(0.,1.,0.));
#4177=DIRECTION('',(0.,0.,1.));
#4178=DIRECTION('',(1.,0.,0.));
#4179=DIRECTION('',(0.,0.,1.));
#4180=DIRECTION('',(1.,0.,0.));
#4181=DIRECTION('',(0.,0.,1.));
#4182=DIRECTION('',(1.,0.,0.));
#4183=DIRECTION('',(0.,-1.,0.));
#4184=DIRECTION('',(0.,0.,1.));
#4185=DIRECTION('',(1.,0.,0.));
#4186=DIRECTION('',(0.,0.,1.));
#4187=DIRECTION('',(1.,0.,0.));
#4188=DIRECTION('',(0.,0.,1.));
#4189=DIRECTION('',(1.,0.,0.));
#4190=DIRECTION('',(0.,0.,1.));
#4191=DIRECTION('',(1.,0.,0.));
#4192=DIRECTION('',(0.,0.,1.));
#4193=DIRECTION('',(1.,0.,0.));
#4194=DIRECTION('',(0.,0.,1.));
#4195=DIRECTION('',(1.,0.,0.));
#4196=DIRECTION('',(0.,0.,1.));
#4197=DIRECTION('',(1.,0.,0.));
#4198=DIRECTION('',(0.,0.,1.));
#4199=DIRECTION('',(1.,0.,0.));
#4200=DIRECTION('',(-0.385473539317807,0.922718890283386,0.));
#4201=DIRECTION('',(0.,0.,1.));
#4202=DIRECTION('',(1.,0.,0.));
#4203=DIRECTION('',(0.,0.,1.));
#4204=DIRECTION('',(1.,0.,0.));
#4205=DIRECTION('',(0.,0.,1.));
#4206=DIRECTION('',(1.,0.,0.));
#4207=DIRECTION('',(0.,0.,1.));
#4208=DIRECTION('',(1.,0.,0.));
#4209=DIRECTION('',(0.,0.,1.));
#4210=DIRECTION('',(1.,0.,0.));
#4211=DIRECTION('',(-0.0803663030331101,0.996765397341215,0.));
#4212=DIRECTION('',(0.,0.,1.));
#4213=DIRECTION('',(1.,0.,0.));
#4214=DIRECTION('',(0.,1.,0.));
#4215=DIRECTION('',(-1.,0.,0.));
#4216=DIRECTION('',(0.,-1.,0.));
#4217=DIRECTION('',(1.,0.,0.));
#4218=DIRECTION('',(0.233185301027709,0.972432319179395,0.));
#4219=DIRECTION('',(1.,0.,0.));
#4220=DIRECTION('',(0.,0.,1.));
#4221=DIRECTION('',(1.,0.,0.));
#4222=DIRECTION('',(0.,0.,1.));
#4223=DIRECTION('',(1.,0.,0.));
#4224=DIRECTION('',(0.,1.,0.));
#4225=DIRECTION('',(-1.,0.,0.));
#4226=DIRECTION('',(0.,0.,1.));
#4227=DIRECTION('',(1.,0.,0.));
#4228=DIRECTION('',(0.,0.,1.));
#4229=DIRECTION('',(1.,0.,0.));
#4230=DIRECTION('',(0.,1.,0.));
#4231=DIRECTION('',(0.,0.,1.));
#4232=DIRECTION('',(1.,0.,0.));
#4233=DIRECTION('',(0.,1.,0.));
#4234=DIRECTION('',(-1.,0.,0.));
#4235=DIRECTION('',(0.,-1.,0.));
#4236=DIRECTION('',(0.,1.,0.));
#4237=DIRECTION('',(-1.,0.,0.));
#4238=DIRECTION('',(0.,-1.,0.));
#4239=DIRECTION('',(1.,0.,0.));
#4240=DIRECTION('',(0.,1.,0.));
#4241=DIRECTION('',(0.,0.,1.));
#4242=DIRECTION('',(1.,0.,0.));
#4243=DIRECTION('',(-0.0780529633585935,0.996949213807274,0.));
#4244=DIRECTION('',(1.,0.,0.));
#4245=DIRECTION('',(0.,0.,1.));
#4246=DIRECTION('',(1.,0.,0.));
#4247=DIRECTION('',(0.,1.,0.));
#4248=DIRECTION('',(0.,-1.,0.));
#4249=DIRECTION('',(-1.,0.,0.));
#4250=DIRECTION('',(0.,-1.,0.));
#4251=DIRECTION('',(0.854606931440273,-0.519275449770391,0.));
#4252=DIRECTION('',(0.34917460910221,-0.937057678245218,0.));
#4253=DIRECTION('',(1.,0.,0.));
#4254=DIRECTION('',(0.,1.,0.));
#4255=DIRECTION('',(1.,0.,0.));
#4256=DIRECTION('',(0.,1.,0.));
#4257=DIRECTION('',(-1.,0.,0.));
#4258=DIRECTION('',(0.,1.,0.));
#4259=DIRECTION('',(0.,0.,1.));
#4260=DIRECTION('',(1.,0.,0.));
#4261=DIRECTION('',(0.,0.,1.));
#4262=DIRECTION('',(1.,0.,0.));
#4263=DIRECTION('',(0.,0.,1.));
#4264=DIRECTION('',(1.,0.,0.));
#4265=DIRECTION('',(0.,0.,1.));
#4266=DIRECTION('',(1.,0.,0.));
#4267=DIRECTION('',(0.,0.,1.));
#4268=DIRECTION('',(1.,0.,0.));
#4269=DIRECTION('',(0.,0.,1.));
#4270=DIRECTION('',(1.,0.,0.));
#4271=DIRECTION('',(-0.0803663030331101,0.996765397341215,0.));
#4272=DIRECTION('',(0.,0.,1.));
#4273=DIRECTION('',(1.,0.,0.));
#4274=DIRECTION('',(0.,1.,0.));
#4275=DIRECTION('',(-1.,0.,0.));
#4276=DIRECTION('',(0.,-1.,0.));
#4277=DIRECTION('',(1.,0.,0.));
#4278=DIRECTION('',(0.233185301027726,0.972432319179391,0.));
#4279=DIRECTION('',(1.,0.,0.));
#4280=DIRECTION('',(0.,0.,1.));
#4281=DIRECTION('',(1.,0.,0.));
#4282=DIRECTION('',(0.,0.,1.));
#4283=DIRECTION('',(1.,0.,0.));
#4284=DIRECTION('',(0.,1.,0.));
#4285=DIRECTION('',(1.,0.,0.));
#4286=DIRECTION('',(0.,1.,0.));
#4287=DIRECTION('',(1.,0.,0.));
#4288=DIRECTION('',(-2.01858731750028E-16,1.,0.));
#4289=DIRECTION('',(1.,0.,0.));
#4290=DIRECTION('',(-2.01858731750028E-16,1.,0.));
#4291=DIRECTION('',(1.,0.,0.));
#4292=DIRECTION('',(-1.,-2.01858731750028E-16,0.));
#4293=DIRECTION('',(2.01858731750028E-16,-1.,0.));
#4294=DIRECTION('',(0.,0.,-1.));
#4295=DIRECTION('',(-2.01858731750028E-16,1.,0.));
#4296=DIRECTION('',(0.,0.,-1.));
#4297=DIRECTION('',(0.,1.,0.));
#4298=DIRECTION('',(0.,0.,1.));
#4299=DIRECTION('',(0.,0.,-1.));
#4300=DIRECTION('',(1.,0.,0.));
#4301=DIRECTION('',(-1.,-2.01858731750028E-16,0.));
#4302=DIRECTION('',(2.01858731750028E-16,-1.,0.));
#4303=DIRECTION('',(0.,0.,-1.));
#4304=DIRECTION('',(-2.01858731750028E-16,1.,0.));
#4305=DIRECTION('',(0.,1.,0.));
#4306=DIRECTION('',(0.,0.,1.));
#4307=DIRECTION('',(1.,0.,0.));
#4308=DIRECTION('',(0.,0.,1.));
#4309=DIRECTION('',(1.,0.,0.));
#4310=DIRECTION('',(1.,0.,0.));
#4311=DIRECTION('',(0.,0.,-1.));
#4312=DIRECTION('',(0.,0.,1.));
#4313=DIRECTION('',(0.,1.,0.));
#4314=DIRECTION('',(0.,0.,1.));
#4315=DIRECTION('',(0.,-1.,0.));
#4316=DIRECTION('',(0.,0.,-1.));
#4317=DIRECTION('',(0.,0.,1.));
#4318=DIRECTION('',(1.,0.,0.));
#4319=DIRECTION('',(1.,0.,0.));
#4320=DIRECTION('',(0.,0.,-1.));
#4321=DIRECTION('',(0.,0.,1.));
#4322=DIRECTION('',(0.,1.,0.));
#4323=DIRECTION('',(0.,-1.,0.));
#4324=DIRECTION('',(0.,0.,-1.));
#4325=DIRECTION('',(0.,0.,1.));
#4326=DIRECTION('',(1.,0.,0.));
#4327=DIRECTION('',(0.,0.,1.));
#4328=DIRECTION('',(1.,0.,0.));
#4329=DIRECTION('',(0.,0.,-1.));
#4330=DIRECTION('',(0.,0.,1.));
#4331=DIRECTION('',(0.,1.,0.));
#4332=DIRECTION('',(0.,-1.,0.));
#4333=DIRECTION('',(0.,0.,-1.));
#4334=DIRECTION('',(0.,0.,1.));
#4335=DIRECTION('',(1.,0.,0.));
#4336=DIRECTION('',(1.,0.,0.));
#4337=DIRECTION('',(0.,0.,-1.));
#4338=DIRECTION('',(0.,1.,0.));
#4339=DIRECTION('',(0.,-1.,0.));
#4340=DIRECTION('',(0.,0.,-1.));
#4341=DIRECTION('',(1.,0.,0.));
#4342=DIRECTION('',(0.,0.,-1.));
#4343=DIRECTION('',(1.,0.,0.));
#4344=DIRECTION('',(0.,0.,1.));
#4345=DIRECTION('',(1.,0.,0.));
#4346=DIRECTION('',(0.,0.,1.));
#4347=DIRECTION('',(0.,0.,-1.));
#4348=DIRECTION('',(-1.,0.,0.));
#4349=DIRECTION('',(0.,0.,1.));
#4350=DIRECTION('',(1.,0.,0.));
#4351=DIRECTION('',(0.,0.,-1.));
#4352=DIRECTION('',(0.,0.,1.));
#4353=DIRECTION('',(0.,1.,0.));
#4354=DIRECTION('',(0.,0.,1.));
#4355=DIRECTION('',(0.,0.,1.));
#4356=DIRECTION('',(0.,0.,1.));
#4357=DIRECTION('',(0.,0.,1.));
#4358=DIRECTION('',(0.,0.,1.));
#4359=DIRECTION('',(0.,0.,1.));
#4360=DIRECTION('',(0.,0.,1.));
#4361=DIRECTION('',(0.,0.,1.));
#4362=DIRECTION('',(0.,0.,1.));
#4363=DIRECTION('',(0.,0.,1.));
#4364=DIRECTION('',(0.,0.,1.));
#4365=DIRECTION('',(0.,0.,1.));
#4366=DIRECTION('',(0.,0.,1.));
#4367=DIRECTION('',(0.,0.,1.));
#4368=DIRECTION('',(0.,0.,1.));
#4369=DIRECTION('',(0.,0.,1.));
#4370=DIRECTION('',(1.,0.,0.));
#4371=DIRECTION('',(0.,0.,-1.));
#4372=DIRECTION('',(0.,0.,1.));
#4373=DIRECTION('',(0.,1.,0.));
#4374=DIRECTION('',(0.,0.,1.));
#4375=DIRECTION('',(1.,0.,0.));
#4376=DIRECTION('',(0.,0.,1.));
#4377=DIRECTION('',(0.,0.,1.));
#4378=DIRECTION('',(-1.,0.,0.));
#4379=DIRECTION('',(1.,0.,0.));
#4380=DIRECTION('',(0.,0.,-1.));
#4381=DIRECTION('',(0.,0.,1.));
#4382=DIRECTION('',(0.,1.,0.));
#4383=DIRECTION('',(0.,0.,1.));
#4384=DIRECTION('',(0.,0.,1.));
#4385=DIRECTION('',(1.,0.,0.));
#4386=DIRECTION('',(0.,0.,-1.));
#4387=DIRECTION('',(0.,0.,1.));
#4388=DIRECTION('',(0.,1.,0.));
#4389=DIRECTION('',(0.,0.,1.));
#4390=DIRECTION('',(1.,0.,0.));
#4391=DIRECTION('',(0.,0.,1.));
#4392=DIRECTION('',(0.,0.,-1.));
#4393=DIRECTION('',(-1.,0.,0.));
#4394=DIRECTION('',(1.,0.,0.));
#4395=DIRECTION('',(0.,0.,-1.));
#4396=DIRECTION('',(0.,0.,1.));
#4397=DIRECTION('',(0.,1.,0.));
#4398=DIRECTION('',(0.,0.,1.));
#4399=DIRECTION('',(0.,0.,1.));
#4400=DIRECTION('',(1.,0.,0.));
#4401=DIRECTION('',(0.,0.,-1.));
#4402=DIRECTION('',(0.,1.,0.));
#4403=DIRECTION('',(0.,0.,-1.));
#4404=DIRECTION('',(1.,0.,0.));
#4405=DIRECTION('',(0.,0.,1.));
#4406=DIRECTION('',(0.,0.,1.));
#4407=DIRECTION('',(0.,0.,1.));
#4408=DIRECTION('',(0.97814163474955,-0.20793975658704,0.));
#4409=DIRECTION('',(0.,0.,1.));
#4410=DIRECTION('',(0.,0.,1.));
#4411=DIRECTION('',(1.,0.,0.));
#4412=DIRECTION('',(0.,0.,1.));
#4413=DIRECTION('',(0.765363541208977,-0.643598205239927,0.));
#4414=DIRECTION('',(0.,0.,1.));
#4415=DIRECTION('',(0.,0.,1.));
#4416=DIRECTION('',(1.,0.,0.));
#4417=DIRECTION('',(0.,0.,1.));
#4418=DIRECTION('',(0.,0.,1.));
#4419=DIRECTION('',(0.,0.,1.));
#4420=DIRECTION('',(0.,0.,1.));
#4421=DIRECTION('',(0.,0.,1.));
#4422=DIRECTION('',(0.152576620659146,-0.98829164462128,0.));
#4423=DIRECTION('',(0.,0.,1.));
#4424=DIRECTION('',(0.,0.,1.));
#4425=DIRECTION('',(1.,0.,0.));
#4426=DIRECTION('',(0.,0.,1.));
#4427=DIRECTION('',(0.349590995847801,-0.936902415207765,0.));
#4428=DIRECTION('',(0.,0.,1.));
#4429=DIRECTION('',(0.,0.,1.));
#4430=DIRECTION('',(1.,0.,0.));
#4431=DIRECTION('',(0.922718890283386,0.385473539317807,0.));
#4432=DIRECTION('',(-0.385473539317807,0.922718890283386,0.));
#4433=DIRECTION('',(0.,0.,1.));
#4434=DIRECTION('',(-0.385473539317807,0.922718890283386,0.));
#4435=DIRECTION('',(0.,0.,1.));
#4436=DIRECTION('',(0.21703397147802,-0.97616405138915,0.));
#4437=DIRECTION('',(0.,0.,1.));
#4438=DIRECTION('',(0.,0.,1.));
#4439=DIRECTION('',(1.,0.,0.));
#4440=DIRECTION('',(0.,0.,1.));
#4441=DIRECTION('',(0.,0.,1.));
#4442=DIRECTION('',(0.,0.,1.));
#4443=DIRECTION('',(-0.981023361604725,0.193889566469589,0.));
#4444=DIRECTION('',(0.,0.,1.));
#4445=DIRECTION('',(0.,0.,1.));
#4446=DIRECTION('',(1.,0.,0.));
#4447=DIRECTION('',(0.,0.,1.));
#4448=DIRECTION('',(-0.772339755572604,0.635209651974882,0.));
#4449=DIRECTION('',(0.,0.,1.));
#4450=DIRECTION('',(0.,0.,1.));
#4451=DIRECTION('',(1.,0.,0.));
#4452=DIRECTION('',(0.,0.,1.));
#4453=DIRECTION('',(0.,0.,1.));
#4454=DIRECTION('',(0.42115068041429,-0.906990685942574,0.));
#4455=DIRECTION('',(0.,0.,1.));
#4456=DIRECTION('',(0.,0.,1.));
#4457=DIRECTION('',(1.,0.,0.));
#4458=DIRECTION('',(0.,0.,1.));
#4459=DIRECTION('',(0.569579681017816,-0.821936120979996,0.));
#4460=DIRECTION('',(0.,0.,1.));
#4461=DIRECTION('',(0.,0.,1.));
#4462=DIRECTION('',(1.,0.,0.));
#4463=DIRECTION('',(0.,0.,1.));
#4464=DIRECTION('',(0.932380946420459,-0.361477206407389,0.));
#4465=DIRECTION('',(0.,0.,1.));
#4466=DIRECTION('',(0.,0.,1.));
#4467=DIRECTION('',(1.,0.,0.));
#4468=DIRECTION('',(0.,0.,1.));
#4469=DIRECTION('',(0.,0.,1.));
#4470=DIRECTION('',(-0.13662729456702,0.990622522648913,0.));
#4471=DIRECTION('',(0.,0.,1.));
#4472=DIRECTION('',(0.,0.,1.));
#4473=DIRECTION('',(1.,0.,0.));
#4474=DIRECTION('',(0.,0.,1.));
#4475=DIRECTION('',(-0.333016511374037,0.942920995180543,0.));
#4476=DIRECTION('',(0.,0.,1.));
#4477=DIRECTION('',(0.,0.,1.));
#4478=DIRECTION('',(1.,0.,0.));
#4479=DIRECTION('',(-1.,0.,0.));
#4480=DIRECTION('',(0.,0.,1.));
#4481=DIRECTION('',(0.,0.,1.));
#4482=DIRECTION('',(0.,-1.,0.));
#4483=DIRECTION('',(0.,0.,1.));
#4484=DIRECTION('',(-0.290524160370058,0.956867656596916,0.));
#4485=DIRECTION('',(0.,0.,1.));
#4486=DIRECTION('',(0.,0.,1.));
#4487=DIRECTION('',(1.,0.,0.));
#4488=DIRECTION('',(0.,0.,1.));
#4489=DIRECTION('',(-0.0847611663373927,0.996401297008954,0.));
#4490=DIRECTION('',(0.,0.,1.));
#4491=DIRECTION('',(0.,0.,1.));
#4492=DIRECTION('',(1.,0.,0.));
#4493=DIRECTION('',(0.,0.,-1.));
#4494=DIRECTION('',(1.,0.,0.));
#4495=DIRECTION('',(0.,0.,1.));
#4496=DIRECTION('',(0.0932563574355855,-0.995642130385133,0.));
#4497=DIRECTION('',(0.,0.,1.));
#4498=DIRECTION('',(0.,0.,1.));
#4499=DIRECTION('',(1.,0.,0.));
#4500=DIRECTION('',(0.,0.,1.));
#4501=DIRECTION('',(0.,0.,1.));
#4502=DIRECTION('',(-0.28524852281946,-0.958453587937004,0.));
#4503=DIRECTION('',(0.,0.,1.));
#4504=DIRECTION('',(0.,0.,1.));
#4505=DIRECTION('',(1.,0.,0.));
#4506=DIRECTION('',(0.,0.,1.));
#4507=DIRECTION('',(-0.732357566087605,-0.680920256266649,0.));
#4508=DIRECTION('',(0.,0.,1.));
#4509=DIRECTION('',(0.,0.,1.));
#4510=DIRECTION('',(1.,0.,0.));
#4511=DIRECTION('',(0.,-1.,0.));
#4512=DIRECTION('',(0.,0.,-1.));
#4513=DIRECTION('',(0.,0.,1.));
#4514=DIRECTION('',(1.,0.,0.));
#4515=DIRECTION('',(0.972432319179395,-0.233185301027709,0.));
#4516=DIRECTION('',(0.233185301027709,0.972432319179395,0.));
#4517=DIRECTION('',(0.,0.,1.));
#4518=DIRECTION('',(0.233185301027709,0.972432319179395,0.));
#4519=DIRECTION('',(0.,-1.,0.));
#4520=DIRECTION('',(0.,0.,-1.));
#4521=DIRECTION('',(0.,0.,1.));
#4522=DIRECTION('',(1.,0.,0.));
#4523=DIRECTION('',(-1.,0.,0.));
#4524=DIRECTION('',(0.,0.,1.));
#4525=DIRECTION('',(0.,0.,1.));
#4526=DIRECTION('',(0.,-1.,0.));
#4527=DIRECTION('',(0.,1.,0.));
#4528=DIRECTION('',(0.,0.,1.));
#4529=DIRECTION('',(0.,0.,1.));
#4530=DIRECTION('',(-1.,0.,0.));
#4531=DIRECTION('',(1.,0.,0.));
#4532=DIRECTION('',(0.,0.,-1.));
#4533=DIRECTION('',(0.,0.,1.));
#4534=DIRECTION('',(0.,1.,0.));
#4535=DIRECTION('',(0.,0.,1.));
#4536=DIRECTION('',(0.,0.,1.));
#4537=DIRECTION('',(0.,0.,1.));
#4538=DIRECTION('',(0.116323043272643,-0.993211432477391,0.));
#4539=DIRECTION('',(0.,0.,1.));
#4540=DIRECTION('',(0.,0.,1.));
#4541=DIRECTION('',(1.,0.,0.));
#4542=DIRECTION('',(0.996765397341215,0.0803663030331101,0.));
#4543=DIRECTION('',(-0.0803663030331101,0.996765397341215,0.));
#4544=DIRECTION('',(-0.0803663030331101,0.996765397341215,0.));
#4545=DIRECTION('',(0.,0.,-1.));
#4546=DIRECTION('',(1.,0.,0.));
#4547=DIRECTION('',(0.,0.,1.));
#4548=DIRECTION('',(0.,0.,1.));
#4549=DIRECTION('',(0.,0.,1.));
#4550=DIRECTION('',(0.0933527655638476,0.995633095654007,0.));
#4551=DIRECTION('',(0.,0.,1.));
#4552=DIRECTION('',(0.,0.,1.));
#4553=DIRECTION('',(1.,0.,0.));
#4554=DIRECTION('',(0.,0.,1.));
#4555=DIRECTION('',(0.329701939797674,0.944085076088829,0.));
#4556=DIRECTION('',(0.,0.,1.));
#4557=DIRECTION('',(0.,0.,1.));
#4558=DIRECTION('',(1.,0.,0.));
#4559=DIRECTION('',(1.,0.,0.));
#4560=DIRECTION('',(0.,0.,-1.));
#4561=DIRECTION('',(0.,0.,1.));
#4562=DIRECTION('',(0.,1.,0.));
#4563=DIRECTION('',(0.,0.,1.));
#4564=DIRECTION('',(0.333521090645768,0.942742638313584,0.));
#4565=DIRECTION('',(0.,0.,1.));
#4566=DIRECTION('',(0.,0.,1.));
#4567=DIRECTION('',(1.,0.,0.));
#4568=DIRECTION('',(0.,0.,1.));
#4569=DIRECTION('',(0.110789932971038,0.993843846261712,0.));
#4570=DIRECTION('',(0.,0.,1.));
#4571=DIRECTION('',(0.,0.,1.));
#4572=DIRECTION('',(1.,0.,0.));
#4573=DIRECTION('',(0.,0.,1.));
#4574=DIRECTION('',(0.,0.,1.));
#4575=DIRECTION('',(0.,1.,0.));
#4576=DIRECTION('',(0.,0.,1.));
#4577=DIRECTION('',(0.,0.,1.));
#4578=DIRECTION('',(-1.,0.,0.));
#4579=DIRECTION('',(1.,0.,0.));
#4580=DIRECTION('',(0.,0.,-1.));
#4581=DIRECTION('',(0.,0.,1.));
#4582=DIRECTION('',(0.,1.,0.));
#4583=DIRECTION('',(0.,0.,1.));
#4584=DIRECTION('',(0.,0.,1.));
#4585=DIRECTION('',(0.,0.,1.));
#4586=DIRECTION('',(0.,0.,1.));
#4587=DIRECTION('',(0.,0.,1.));
#4588=DIRECTION('',(0.,0.,1.));
#4589=DIRECTION('',(0.,0.,1.));
#4590=DIRECTION('',(0.,0.,1.));
#4591=DIRECTION('',(0.,-1.,0.));
#4592=DIRECTION('',(0.,0.,-1.));
#4593=DIRECTION('',(1.,0.,0.));
#4594=DIRECTION('',(0.,0.,1.));
#4595=DIRECTION('',(1.,0.,0.));
#4596=DIRECTION('',(0.,0.,-1.));
#4597=DIRECTION('',(1.,0.,0.));
#4598=DIRECTION('',(0.,0.,1.));
#4599=DIRECTION('',(1.,0.,0.));
#4600=DIRECTION('',(0.,1.,0.));
#4601=DIRECTION('',(0.,0.,1.));
#4602=DIRECTION('',(0.,0.,1.));
#4603=DIRECTION('',(-1.,0.,0.));
#4604=DIRECTION('',(0.,0.,1.));
#4605=DIRECTION('',(1.,0.,0.));
#4606=DIRECTION('',(0.,0.,-1.));
#4607=DIRECTION('',(0.,0.,1.));
#4608=DIRECTION('',(0.,1.,0.));
#4609=DIRECTION('',(0.,0.,1.));
#4610=DIRECTION('',(0.,0.,1.));
#4611=DIRECTION('',(0.,0.,1.));
#4612=DIRECTION('',(0.,-1.,0.));
#4613=DIRECTION('',(0.,0.,-1.));
#4614=DIRECTION('',(0.,0.,1.));
#4615=DIRECTION('',(1.,0.,0.));
#4616=DIRECTION('',(0.996949213807274,0.0780529633585935,0.));
#4617=DIRECTION('',(-0.0780529633585935,0.996949213807274,0.));
#4618=DIRECTION('',(0.,0.,1.));
#4619=DIRECTION('',(-0.0780529633585935,0.996949213807274,0.));
#4620=DIRECTION('',(0.,0.,1.));
#4621=DIRECTION('',(0.999299986932905,0.0374103744420675,0.));
#4622=DIRECTION('',(0.,0.,1.));
#4623=DIRECTION('',(0.,0.,1.));
#4624=DIRECTION('',(1.,0.,0.));
#4625=DIRECTION('',(1.,0.,0.));
#4626=DIRECTION('',(0.,0.,-1.));
#4627=DIRECTION('',(0.,0.,1.));
#4628=DIRECTION('',(0.,1.,0.));
#4629=DIRECTION('',(0.,-1.,0.));
#4630=DIRECTION('',(0.,0.,-1.));
#4631=DIRECTION('',(0.,0.,1.));
#4632=DIRECTION('',(1.,0.,0.));
#4633=DIRECTION('',(-1.,0.,0.));
#4634=DIRECTION('',(0.,0.,1.));
#4635=DIRECTION('',(0.,0.,1.));
#4636=DIRECTION('',(0.,-1.,0.));
#4637=DIRECTION('',(0.,1.,0.));
#4638=DIRECTION('',(0.,0.,1.));
#4639=DIRECTION('',(0.,0.,1.));
#4640=DIRECTION('',(-1.,0.,0.));
#4641=DIRECTION('',(1.,0.,0.));
#4642=DIRECTION('',(0.,0.,-1.));
#4643=DIRECTION('',(0.,0.,1.));
#4644=DIRECTION('',(0.,1.,0.));
#4645=DIRECTION('',(0.,0.,1.));
#4646=DIRECTION('',(0.,0.,1.));
#4647=DIRECTION('',(0.,0.,1.));
#4648=DIRECTION('',(-1.,0.,0.));
#4649=DIRECTION('',(0.,0.,1.));
#4650=DIRECTION('',(0.,-1.,0.));
#4651=DIRECTION('',(0.,0.,-1.));
#4652=DIRECTION('',(1.,0.,0.));
#4653=DIRECTION('',(0.,0.,1.));
#4654=DIRECTION('',(0.16965169592969,0.985504085262045,0.));
#4655=DIRECTION('',(0.,0.,1.));
#4656=DIRECTION('',(0.,0.,1.));
#4657=DIRECTION('',(1.,0.,0.));
#4658=DIRECTION('',(0.,0.,1.));
#4659=DIRECTION('',(0.,0.,1.));
#4660=DIRECTION('',(0.,0.,1.));
#4661=DIRECTION('',(1.,0.,0.));
#4662=DIRECTION('',(0.,0.,-1.));
#4663=DIRECTION('',(0.,0.,1.));
#4664=DIRECTION('',(0.,1.,0.));
#4665=DIRECTION('',(0.,1.,0.));
#4666=DIRECTION('',(0.,0.,1.));
#4667=DIRECTION('',(0.,0.,1.));
#4668=DIRECTION('',(-1.,0.,0.));
#4669=DIRECTION('',(1.,0.,0.));
#4670=DIRECTION('',(0.,0.,-1.));
#4671=DIRECTION('',(0.,0.,1.));
#4672=DIRECTION('',(0.,1.,0.));
#4673=DIRECTION('',(0.,-1.,0.));
#4674=DIRECTION('',(0.,0.,-1.));
#4675=DIRECTION('',(0.,0.,1.));
#4676=DIRECTION('',(1.,0.,0.));
#4677=DIRECTION('',(1.,0.,0.));
#4678=DIRECTION('',(0.,0.,-1.));
#4679=DIRECTION('',(0.,0.,1.));
#4680=DIRECTION('',(0.,1.,0.));
#4681=DIRECTION('',(0.,-1.,0.));
#4682=DIRECTION('',(0.,0.,-1.));
#4683=DIRECTION('',(0.,0.,1.));
#4684=DIRECTION('',(1.,0.,0.));
#4685=DIRECTION('',(-0.937057678245219,-0.34917460910221,0.));
#4686=DIRECTION('',(0.34917460910221,-0.937057678245219,0.));
#4687=DIRECTION('',(0.,0.,1.));
#4688=DIRECTION('',(0.34917460910221,-0.937057678245218,0.));
#4689=DIRECTION('',(-0.519275449770391,-0.854606931440273,0.));
#4690=DIRECTION('',(0.854606931440272,-0.519275449770391,0.));
#4691=DIRECTION('',(0.,0.,1.));
#4692=DIRECTION('',(0.854606931440273,-0.519275449770391,0.));
#4693=DIRECTION('',(-1.,0.,0.));
#4694=DIRECTION('',(0.,0.,1.));
#4695=DIRECTION('',(0.,0.,1.));
#4696=DIRECTION('',(0.,-1.,0.));
#4697=DIRECTION('',(0.,1.,0.));
#4698=DIRECTION('',(0.,0.,1.));
#4699=DIRECTION('',(0.,0.,1.));
#4700=DIRECTION('',(-1.,0.,0.));
#4701=DIRECTION('',(-1.,0.,0.));
#4702=DIRECTION('',(0.,0.,1.));
#4703=DIRECTION('',(0.,0.,1.));
#4704=DIRECTION('',(0.,-1.,0.));
#4705=DIRECTION('',(0.,0.,1.));
#4706=DIRECTION('',(0.,0.,1.));
#4707=DIRECTION('',(0.,0.,1.));
#4708=DIRECTION('',(1.,0.,0.));
#4709=DIRECTION('',(0.,0.,-1.));
#4710=DIRECTION('',(0.,1.,0.));
#4711=DIRECTION('',(0.,0.,-1.));
#4712=DIRECTION('',(1.,0.,0.));
#4713=DIRECTION('',(0.,0.,1.));
#4714=DIRECTION('',(0.,0.,1.));
#4715=DIRECTION('',(0.,0.,1.));
#4716=DIRECTION('',(0.,0.,1.));
#4717=DIRECTION('',(0.72720972712011,-0.686415335479835,0.));
#4718=DIRECTION('',(0.,0.,1.));
#4719=DIRECTION('',(0.,0.,1.));
#4720=DIRECTION('',(1.,0.,0.));
#4721=DIRECTION('',(0.,0.,1.));
#4722=DIRECTION('',(0.244759043952823,-0.969583936749831,0.));
#4723=DIRECTION('',(0.,0.,1.));
#4724=DIRECTION('',(0.,0.,1.));
#4725=DIRECTION('',(1.,0.,0.));
#4726=DIRECTION('',(0.,0.,1.));
#4727=DIRECTION('',(0.,0.,1.));
#4728=DIRECTION('',(0.,0.,1.));
#4729=DIRECTION('',(0.,0.,1.));
#4730=DIRECTION('',(-0.729791744592499,0.683669517767639,0.));
#4731=DIRECTION('',(0.,0.,1.));
#4732=DIRECTION('',(0.,0.,1.));
#4733=DIRECTION('',(1.,0.,0.));
#4734=DIRECTION('',(0.,0.,1.));
#4735=DIRECTION('',(-0.246768639075244,0.96907442375132,0.));
#4736=DIRECTION('',(0.,0.,1.));
#4737=DIRECTION('',(0.,0.,1.));
#4738=DIRECTION('',(1.,0.,0.));
#4739=DIRECTION('',(0.,0.,1.));
#4740=DIRECTION('',(0.,0.,1.));
#4741=DIRECTION('',(0.,0.,1.));
#4742=DIRECTION('',(0.,0.,1.));
#4743=DIRECTION('',(0.,0.,1.));
#4744=DIRECTION('',(0.,0.,1.));
#4745=DIRECTION('',(0.,0.,1.));
#4746=DIRECTION('',(0.,0.,1.));
#4747=DIRECTION('',(0.,0.,-1.));
#4748=DIRECTION('',(1.,0.,0.));
#4749=DIRECTION('',(0.,0.,1.));
#4750=DIRECTION('',(1.,0.,0.));
#4751=DIRECTION('',(0.,0.,1.));
#4752=DIRECTION('',(0.0932563574350062,-0.995642130385187,0.));
#4753=DIRECTION('',(0.,0.,1.));
#4754=DIRECTION('',(0.,0.,1.));
#4755=DIRECTION('',(1.,0.,0.));
#4756=DIRECTION('',(0.,0.,1.));
#4757=DIRECTION('',(0.,0.,1.));
#4758=DIRECTION('',(-0.285248522819507,-0.95845358793699,0.));
#4759=DIRECTION('',(0.,0.,1.));
#4760=DIRECTION('',(0.,0.,1.));
#4761=DIRECTION('',(1.,0.,0.));
#4762=DIRECTION('',(0.,0.,1.));
#4763=DIRECTION('',(-0.732357566087528,-0.680920256266732,0.));
#4764=DIRECTION('',(0.,0.,1.));
#4765=DIRECTION('',(0.,0.,1.));
#4766=DIRECTION('',(1.,0.,0.));
#4767=DIRECTION('',(0.,-1.,0.));
#4768=DIRECTION('',(0.,0.,-1.));
#4769=DIRECTION('',(0.,0.,1.));
#4770=DIRECTION('',(1.,0.,0.));
#4771=DIRECTION('',(0.972432319179391,-0.233185301027726,0.));
#4772=DIRECTION('',(0.233185301027726,0.972432319179391,0.));
#4773=DIRECTION('',(0.,0.,1.));
#4774=DIRECTION('',(0.233185301027726,0.972432319179391,0.));
#4775=DIRECTION('',(0.,-1.,0.));
#4776=DIRECTION('',(0.,0.,-1.));
#4777=DIRECTION('',(0.,0.,1.));
#4778=DIRECTION('',(1.,0.,0.));
#4779=DIRECTION('',(-1.,0.,0.));
#4780=DIRECTION('',(0.,0.,1.));
#4781=DIRECTION('',(0.,0.,1.));
#4782=DIRECTION('',(0.,-1.,0.));
#4783=DIRECTION('',(0.,1.,0.));
#4784=DIRECTION('',(0.,0.,1.));
#4785=DIRECTION('',(0.,0.,1.));
#4786=DIRECTION('',(-1.,0.,0.));
#4787=DIRECTION('',(1.,0.,0.));
#4788=DIRECTION('',(0.,0.,-1.));
#4789=DIRECTION('',(0.,0.,1.));
#4790=DIRECTION('',(0.,1.,0.));
#4791=DIRECTION('',(0.,0.,1.));
#4792=DIRECTION('',(0.,0.,1.));
#4793=DIRECTION('',(0.,0.,1.));
#4794=DIRECTION('',(0.116323043272659,-0.993211432477389,0.));
#4795=DIRECTION('',(0.,0.,1.));
#4796=DIRECTION('',(0.,0.,1.));
#4797=DIRECTION('',(1.,0.,0.));
#4798=DIRECTION('',(0.996765397341215,0.0803663030331101,0.));
#4799=DIRECTION('',(-0.0803663030331101,0.996765397341215,0.));
#4800=DIRECTION('',(-0.0803663030331101,0.996765397341215,0.));
#4801=DIRECTION('',(0.,0.,-1.));
#4802=DIRECTION('',(1.,0.,0.));
#4803=DIRECTION('',(1.,0.,0.));
#4804=DIRECTION('',(0.,0.,-1.));
#4805=DIRECTION('',(0.,1.,0.));
#4806=DIRECTION('',(0.,0.,1.));
#4807=DIRECTION('',(0.,1.,0.));
#4808=DIRECTION('',(0.,0.,1.));
#4809=DIRECTION('',(0.,1.,0.));
#4810=DIRECTION('',(0.,0.,1.));
#4811=DIRECTION('',(-1.,0.,0.));
#4812=DIRECTION('',(0.,0.,1.));
#4813=DIRECTION('',(-1.,0.,0.));
#4814=DIRECTION('',(0.,0.,1.));
#4815=DIRECTION('',(0.,0.,1.));
#4816=DIRECTION('',(0.,0.,1.));
#4817=DIRECTION('',(0.,-1.,0.));
#4818=DIRECTION('',(0.,0.,-1.));
#4819=DIRECTION('',(1.,0.,0.));
#4820=DIRECTION('',(0.,0.,1.));
#4821=DIRECTION('',(1.,0.,0.));
#4822=DIRECTION('',(0.,0.,1.));
#4823=DIRECTION('',(1.,0.,0.));
#4824=DIRECTION('',(0.,0.,-1.));
#4825=DIRECTION('',(0.,1.,0.));
#4826=DIRECTION('',(0.,0.,1.));
#4827=DIRECTION('',(0.,1.,0.));
#4828=DIRECTION('',(0.,1.,0.));
#4829=DIRECTION('',(0.,0.,1.));
#4830=DIRECTION('',(-1.,0.,0.));
#4831=DIRECTION('',(0.,0.,1.));
#4832=DIRECTION('',(-1.,0.,0.));
#4833=DIRECTION('',(0.,0.,1.));
#4834=DIRECTION('',(0.,0.,1.));
#4835=DIRECTION('',(0.,0.,1.));
#4836=DIRECTION('',(0.,-1.,0.));
#4837=DIRECTION('',(0.,0.,-1.));
#4838=DIRECTION('',(0.,0.,1.));
#4839=DIRECTION('',(1.,0.,0.));
#4840=DIRECTION('',(0.,0.,1.));
#4841=DIRECTION('',(-1.,0.,0.));
#4842=DIRECTION('',(0.,0.,1.));
#4843=DIRECTION('',(0.,0.,1.));
#4844=DIRECTION('',(0.,-1.,0.));
#4845=DIRECTION('',(0.,1.,0.));
#4846=DIRECTION('',(0.,0.,1.));
#4847=DIRECTION('',(0.,0.,1.));
#4848=DIRECTION('',(-1.,0.,0.));
#4849=DIRECTION('',(0.,0.,1.));
#4850=DIRECTION('',(0.,0.,1.));
#4851=DIRECTION('',(0.,0.,1.));
#4852=DIRECTION('',(0.,0.,1.));
#4853=DIRECTION('',(1.,0.,0.));
#4854=DIRECTION('',(0.,0.,-1.));
#4855=DIRECTION('',(0.,0.,1.));
#4856=DIRECTION('',(0.,1.,0.));
#4857=DIRECTION('',(0.,0.,1.));
#4858=DIRECTION('',(0.524983817419023,0.851112208494362,0.));
#4859=DIRECTION('',(0.,0.,1.));
#4860=DIRECTION('',(0.,0.,1.));
#4861=DIRECTION('',(1.,0.,0.));
#4862=DIRECTION('',(0.,0.,1.));
#4863=DIRECTION('',(0.,0.,1.));
#4864=DIRECTION('',(0.,-1.,0.));
#4865=DIRECTION('',(0.,0.,-1.));
#4866=DIRECTION('',(1.,0.,0.));
#4867=DIRECTION('',(1.,0.,0.));
#4868=DIRECTION('',(0.,0.,-1.));
#4869=DIRECTION('',(1.,0.,0.));
#4870=DIRECTION('',(0.,0.,1.));
#4871=DIRECTION('',(1.,0.,0.));
#4872=DIRECTION('',(0.,0.,1.));
#4873=DIRECTION('',(1.,0.,0.));
#4874=CARTESIAN_POINT('',(0.,0.,0.));
#4875=CARTESIAN_POINT('',(0.,0.,0.));
#4876=CARTESIAN_POINT('',(-0.0450381841744982,-0.0328866185239652,0.));
#4877=CARTESIAN_POINT('',(-0.0450381841744982,-0.0314642600715161,0.));
#4878=CARTESIAN_POINT('',(-0.0450381841744982,-0.0343089769764144,0.));
#4879=CARTESIAN_POINT('',(-0.0445955066259356,-0.0343089769764144,0.));
#4880=CARTESIAN_POINT('',(-0.0441528290773729,-0.0343089769764144,0.));
#4881=CARTESIAN_POINT('',(-0.0441528290773729,-0.0343089769764144,0.));
#4882=CARTESIAN_POINT('',(-0.0435476496438949,-0.0343089769764144,0.));
#4883=CARTESIAN_POINT('',(-0.0432743227186924,-0.0341368245964178,0.));
#4884=CARTESIAN_POINT('',(-0.0432743227186924,-0.0341368245964178,0.));
#4885=CARTESIAN_POINT('',(-0.0432743227186924,-0.0341368245964178,0.));
#4886=CARTESIAN_POINT('',(-0.0430009957934898,-0.0339646722164212,0.));
#4887=CARTESIAN_POINT('',(-0.0430009957934898,-0.0335892368271339,0.));
#4888=CARTESIAN_POINT('',(-0.0430009957934898,-0.0335892368271339,0.));
#4889=CARTESIAN_POINT('',(-0.0430009957934898,-0.0335892368271339,0.));
#4890=CARTESIAN_POINT('',(-0.0430009957934898,-0.0333339656669219,0.));
#4891=CARTESIAN_POINT('',(-0.0431205374099793,-0.0331705298631278,0.));
#4892=CARTESIAN_POINT('',(-0.0431205374099793,-0.0331705298631278,0.));
#4893=CARTESIAN_POINT('',(-0.0435098832193797,-0.0334450661726857,0.));
#4894=CARTESIAN_POINT('',(-0.0434386924413653,-0.032974302773675,0.));
#4895=CARTESIAN_POINT('',(-0.0434386924413653,-0.0329644450972006,0.));
#4896=CARTESIAN_POINT('',(-0.0434386924413653,-0.0329547946021193,0.));
#4897=CARTESIAN_POINT('',(-0.0434386924413653,-0.0329547946021193,0.));
#4898=CARTESIAN_POINT('',(-0.0431684785790922,-0.0328944011812887,0.));
#4899=CARTESIAN_POINT('',(-0.0430486256563098,-0.0327290975397369,0.));
#4900=CARTESIAN_POINT('',(-0.0430486256563098,-0.0327290975397369,0.));
#4901=CARTESIAN_POINT('',(-0.0430486256563098,-0.0327290975397369,0.));
#4902=CARTESIAN_POINT('',(-0.0429287727335274,-0.032563793898185,0.));
#4903=CARTESIAN_POINT('',(-0.0429287727335274,-0.0322892217478107,0.));
#4904=CARTESIAN_POINT('',(-0.0429287727335274,-0.0322892217478107,0.));
#4905=CARTESIAN_POINT('',(-0.0429287727335274,-0.0322892217478107,0.));
#4906=CARTESIAN_POINT('',(-0.0429287727335274,-0.0319000888816339,0.));
#4907=CARTESIAN_POINT('',(-0.0432101936223464,-0.031682174476575,0.));
#4908=CARTESIAN_POINT('',(-0.0432101936223464,-0.031682174476575,0.));
#4909=CARTESIAN_POINT('',(-0.0432101936223464,-0.031682174476575,0.));
#4910=CARTESIAN_POINT('',(-0.0434916145111654,-0.0314642600715161,0.));
#4911=CARTESIAN_POINT('',(-0.0439741392652245,-0.0314642600715161,0.));
#4912=CARTESIAN_POINT('',(-0.0439741392652245,-0.0314642600715161,0.));
#4913=CARTESIAN_POINT('',(-0.0445061617198613,-0.0314642600715161,0.));
#4914=CARTESIAN_POINT('',(-0.0444323575878028,-0.0250844198922486,0.));
#4915=CARTESIAN_POINT('',(-0.0436703113021912,-0.0220765464888186,0.));
#4916=CARTESIAN_POINT('',(-0.0452083888935691,-0.0220801242401952,0.));
#4917=CARTESIAN_POINT('',(-0.0436703113021912,-0.0216765464888186,0.));
#4918=CARTESIAN_POINT('',(-0.0436703113021912,-0.0212765464888186,0.));
#4919=CARTESIAN_POINT('',(-0.0436703113021912,-0.0212765464888186,0.));
#4920=CARTESIAN_POINT('',(-0.0431378274923568,-0.0211380875079865,0.));
#4921=CARTESIAN_POINT('',(-0.0425371687886776,-0.0209805543134711,0.));
#4922=CARTESIAN_POINT('',(-0.0419380338664922,-0.0210837613477874,0.));
#4923=CARTESIAN_POINT('',(-0.041865610061836,-0.0210995053394554,0.));
#4924=CARTESIAN_POINT('',(-0.041865610061836,-0.0210995053394554,0.));
#4925=CARTESIAN_POINT('',(-0.0372948117143677,-0.0226155347630662,0.));
#4926=CARTESIAN_POINT('',(-0.0376126523522677,-0.0225621991358514,0.));
#4927=CARTESIAN_POINT('',(-0.0382021356415469,-0.0224379558057796,0.));
#4928=CARTESIAN_POINT('',(-0.0392356228481111,-0.0223364334919958,0.));
#4929=CARTESIAN_POINT('',(-0.040273208710016,-0.021882132089855,0.));
#4930=CARTESIAN_POINT('',(-0.0412978695501259,-0.0213819343297806,0.));
#4931=CARTESIAN_POINT('',(-0.0418656100618545,-0.0210995053394514,0.));
#4932=CARTESIAN_POINT('',(-0.0372948117143677,-0.0226155347630662,0.));
#4933=CARTESIAN_POINT('',(-0.0372948117143677,-0.0230155347630662,0.));
#4934=CARTESIAN_POINT('',(-0.0372948117143677,-0.0234155347630662,0.));
#4935=CARTESIAN_POINT('',(-0.0365257708381127,-0.0264216274235019,0.));
#4936=CARTESIAN_POINT('',(-0.0357567299618577,-0.0234155347630662,0.));
#4937=CARTESIAN_POINT('',(-0.0357567299618577,-0.0230155347630662,0.));
#4938=CARTESIAN_POINT('',(-0.0357567299618577,-0.0226155347630662,0.));
#4939=CARTESIAN_POINT('',(-0.0357567299618577,-0.0226155347630662,0.));
#4940=CARTESIAN_POINT('',(-0.0354388893239577,-0.0225621991358514,0.));
#4941=CARTESIAN_POINT('',(-0.0348494060346785,-0.0224379558057796,0.));
#4942=CARTESIAN_POINT('',(-0.0338159188281144,-0.0223364334919958,0.));
#4943=CARTESIAN_POINT('',(-0.0327783329662094,-0.021882132089855,0.));
#4944=CARTESIAN_POINT('',(-0.0317536721260996,-0.0213819343297806,0.));
#4945=CARTESIAN_POINT('',(-0.0311859316143709,-0.0210995053394514,0.));
#4946=CARTESIAN_POINT('',(-0.0311859316143926,-0.0210995053394561,0.));
#4947=CARTESIAN_POINT('',(-0.0293812303740342,-0.0212765464888186,0.));
#4948=CARTESIAN_POINT('',(-0.0299137141838686,-0.0211380875079865,0.));
#4949=CARTESIAN_POINT('',(-0.0305143728875489,-0.0209805543134708,0.));
#4950=CARTESIAN_POINT('',(-0.0311135078097354,-0.0210837613477877,0.));
#4951=CARTESIAN_POINT('',(-0.0311859316143926,-0.0210995053394561,0.));
#4952=CARTESIAN_POINT('',(-0.0293812303740342,-0.0212765464888186,0.));
#4953=CARTESIAN_POINT('',(-0.0293812303740342,-0.0216765464888186,0.));
#4954=CARTESIAN_POINT('',(-0.0293812303740342,-0.0220765464888186,0.));
#4955=CARTESIAN_POINT('',(-0.0286191840884225,-0.0250844198922486,0.));
#4956=CARTESIAN_POINT('',(-0.0278431527826563,-0.0220801242401952,0.));
#4957=CARTESIAN_POINT('',(-0.0278431527826563,-0.0216801242401953,0.));
#4958=CARTESIAN_POINT('',(-0.0278431527826563,-0.0212801242401953,0.));
#4959=CARTESIAN_POINT('',(-0.0270995747179783,-0.0181656441534312,0.));
#4960=CARTESIAN_POINT('',(-0.0271722474457821,-0.0175341125099664,0.));
#4961=CARTESIAN_POINT('',(-0.027258977870655,-0.0166679383293857,0.));
#4962=CARTESIAN_POINT('',(-0.0268338849136667,-0.0165545297305701,0.));
#4963=CARTESIAN_POINT('',(-0.0262921378209671,-0.0167892543057759,0.));
#4964=CARTESIAN_POINT('',(-0.0263973933432135,-0.0205252690516505,0.));
#4965=CARTESIAN_POINT('',(-0.0270812775284374,-0.0209624863010523,0.));
#4966=CARTESIAN_POINT('',(-0.0275530830190374,-0.0213423425564442,0.));
#4967=CARTESIAN_POINT('',(-0.0278431527826563,-0.0212801242401953,0.));
#4968=CARTESIAN_POINT('',(-0.0270995747179783,-0.0181656441534312,0.));
#4969=CARTESIAN_POINT('',(-0.0277066204352082,-0.0168285536462815,0.));
#4970=CARTESIAN_POINT('',(-0.0277093025907337,-0.0171712452764217,0.));
#4971=CARTESIAN_POINT('',(-0.0276583293852307,-0.0175814601609861,0.));
#4972=CARTESIAN_POINT('',(-0.0278914717684237,-0.0192112455914392,0.));
#4973=CARTESIAN_POINT('',(-0.0272608151509669,-0.0199840834220102,0.));
#4974=CARTESIAN_POINT('',(-0.0271229413508361,-0.018609561291323,0.));
#4975=CARTESIAN_POINT('',(-0.0270995747179783,-0.0181656441534312,0.));
#4976=CARTESIAN_POINT('',(-0.0277066204352082,-0.0168285536462815,0.));
#4977=CARTESIAN_POINT('',(-0.0305125188133142,-0.0123469792306423,0.));
#4978=CARTESIAN_POINT('',(-0.0304780352966901,-0.0122716395013666,0.));
#4979=CARTESIAN_POINT('',(-0.0304059014220593,-0.0121130614983536,0.));
#4980=CARTESIAN_POINT('',(-0.0300814726223663,-0.012243437900816,0.));
#4981=CARTESIAN_POINT('',(-0.0296287316929299,-0.0122451588016933,0.));
#4982=CARTESIAN_POINT('',(-0.0287050095730342,-0.0201192487569409,0.));
#4983=CARTESIAN_POINT('',(-0.0284001844049728,-0.0125000969798016,0.));
#4984=CARTESIAN_POINT('',(-0.0283221454773217,-0.012112468480954,0.));
#4985=CARTESIAN_POINT('',(-0.0279902987005933,-0.0121139283849202,0.));
#4986=CARTESIAN_POINT('',(-0.0275266994744051,-0.0123278644860148,0.));
#4987=CARTESIAN_POINT('',(-0.0275167658417311,-0.012932782969108,0.));
#4988=CARTESIAN_POINT('',(-0.0275033972444126,-0.015153142062253,0.));
#4989=CARTESIAN_POINT('',(-0.0277066204352082,-0.0168285536462815,0.));
#4990=CARTESIAN_POINT('',(-0.0305125188133142,-0.0123469792306423,0.));
#4991=CARTESIAN_POINT('',(-0.0300079207918069,-0.0179497469216585,0.));
#4992=CARTESIAN_POINT('',(-0.0300279134690502,-0.0175038363023311,0.));
#4993=CARTESIAN_POINT('',(-0.0300758266067207,-0.0164351961881223,0.));
#4994=CARTESIAN_POINT('',(-0.0306883387026863,-0.0134755655189481,0.));
#4995=CARTESIAN_POINT('',(-0.0305607277264822,-0.0126564318106086,0.));
#4996=CARTESIAN_POINT('',(-0.0305125188133142,-0.0123469792306423,0.));
#4997=CARTESIAN_POINT('',(-0.0300079207918069,-0.0179497469216585,0.));
#4998=CARTESIAN_POINT('',(-0.0303813587924859,-0.019755819812417,0.));
#4999=CARTESIAN_POINT('',(-0.0302414896751843,-0.0196856287086761,0.));
#5000=CARTESIAN_POINT('',(-0.0298519089805865,-0.0194901238003912,0.));
#5001=CARTESIAN_POINT('',(-0.0299469815983121,-0.0185514278068026,0.));
#5002=CARTESIAN_POINT('',(-0.0300079207918069,-0.0179497469216585,0.));
#5003=CARTESIAN_POINT('',(-0.0303813587924859,-0.019755819812417,0.));
#5004=CARTESIAN_POINT('',(-0.0303813587924859,-0.019755819812417,0.));
#5005=CARTESIAN_POINT('',(-0.0308906287108188,-0.0198811356306854,0.));
#5006=CARTESIAN_POINT('',(-0.0318797271527931,-0.0201268717737742,0.));
#5007=CARTESIAN_POINT('',(-0.0328144392417442,-0.0206098440805741,0.));
#5008=CARTESIAN_POINT('',(-0.0333392373377518,-0.0209043298346867,0.));
#5009=CARTESIAN_POINT('',(-0.0334484254968039,-0.0209660593511742,0.));
#5010=CARTESIAN_POINT('',(-0.0334484254968039,-0.0209660593511742,0.));
#5011=CARTESIAN_POINT('',(-0.0334484254968087,-0.0209660593511769,0.));
#5012=CARTESIAN_POINT('',(-0.0337842792034541,-0.0210993406808123,0.));
#5013=CARTESIAN_POINT('',(-0.0343288363292536,-0.0213067012637038,0.));
#5014=CARTESIAN_POINT('',(-0.0348548908736424,-0.0214426228889558,0.));
#5015=CARTESIAN_POINT('',(-0.0356768419633229,-0.0210896329179652,0.));
#5016=CARTESIAN_POINT('',(-0.0352257582784685,-0.0171394233233245,0.));
#5017=CARTESIAN_POINT('',(-0.0347989980182073,-0.0132294613867998,0.));
#5018=CARTESIAN_POINT('',(-0.0347989980182073,-0.0132294613867998,0.));
#5019=CARTESIAN_POINT('',(-0.0347989980182073,-0.0132294613867998,0.));
#5020=CARTESIAN_POINT('',(-0.0347984675755785,-0.013003790350566,0.));
#5021=CARTESIAN_POINT('',(-0.034797625887906,-0.012603428896425,0.));
#5022=CARTESIAN_POINT('',(-0.0351907966950646,-0.012483834297403,0.));
#5023=CARTESIAN_POINT('',(-0.0361202014763297,-0.0122690532118528,0.));
#5024=CARTESIAN_POINT('',(-0.0364314691707169,-0.0156637324184984,0.));
#5025=CARTESIAN_POINT('',(-0.0365257708381142,-0.0177042558789565,0.));
#5026=CARTESIAN_POINT('',(-0.0365257708381127,-0.0177042558789257,0.));
#5027=CARTESIAN_POINT('',(-0.0382525436580181,-0.0132294613867998,0.));
#5028=CARTESIAN_POINT('',(-0.0382530741006469,-0.013003790350566,0.));
#5029=CARTESIAN_POINT('',(-0.0382539157883195,-0.012603428896425,0.));
#5030=CARTESIAN_POINT('',(-0.0378607449811608,-0.012483834297403,0.));
#5031=CARTESIAN_POINT('',(-0.0369313401998988,-0.0122690532118535,0.));
#5032=CARTESIAN_POINT('',(-0.036620072505511,-0.015663732418472,0.));
#5033=CARTESIAN_POINT('',(-0.0365257708381127,-0.0177042558789253,0.));
#5034=CARTESIAN_POINT('',(-0.0382525436580181,-0.0132294613867998,0.));
#5035=CARTESIAN_POINT('',(-0.0396031161794168,-0.0209660593511769,0.));
#5036=CARTESIAN_POINT('',(-0.0392672624727713,-0.0210993406808123,0.));
#5037=CARTESIAN_POINT('',(-0.0387227053469718,-0.0213067012637038,0.));
#5038=CARTESIAN_POINT('',(-0.0381966508025831,-0.0214426228889558,0.));
#5039=CARTESIAN_POINT('',(-0.0373746997129025,-0.0210896329179652,0.));
#5040=CARTESIAN_POINT('',(-0.0378257833977569,-0.0171394233233245,0.));
#5041=CARTESIAN_POINT('',(-0.0382525436580181,-0.0132294613867998,0.));
#5042=CARTESIAN_POINT('',(-0.0396031161856893,-0.0209660593476307,0.));
#5043=CARTESIAN_POINT('',(-0.0426701828837395,-0.019755819812417,0.));
#5044=CARTESIAN_POINT('',(-0.0421609129654066,-0.0198811356306854,0.));
#5045=CARTESIAN_POINT('',(-0.0411718145234324,-0.0201268717737742,0.));
#5046=CARTESIAN_POINT('',(-0.0402371024364988,-0.0206098440795316,0.));
#5047=CARTESIAN_POINT('',(-0.0397123043426258,-0.0209043298323568,0.));
#5048=CARTESIAN_POINT('',(-0.0396031161856893,-0.0209660593476307,0.));
#5049=CARTESIAN_POINT('',(-0.0426701828837395,-0.019755819812417,0.));
#5050=CARTESIAN_POINT('',(-0.0426701828837395,-0.019755819812417,0.));
#5051=CARTESIAN_POINT('',(-0.0428100520010411,-0.0196856287086761,0.));
#5052=CARTESIAN_POINT('',(-0.043199632695639,-0.0194901238003912,0.));
#5053=CARTESIAN_POINT('',(-0.0431045600779133,-0.0185514278068026,0.));
#5054=CARTESIAN_POINT('',(-0.0430436208844185,-0.0179497469216585,0.));
#5055=CARTESIAN_POINT('',(-0.0430436208844185,-0.0179497469216585,0.));
#5056=CARTESIAN_POINT('',(-0.0430436208844185,-0.0179497469216585,0.));
#5057=CARTESIAN_POINT('',(-0.0430236282071753,-0.0175038363023311,0.));
#5058=CARTESIAN_POINT('',(-0.0429757150695047,-0.0164351961881223,0.));
#5059=CARTESIAN_POINT('',(-0.0423632029735391,-0.0134755655189481,0.));
#5060=CARTESIAN_POINT('',(-0.0424908139497432,-0.0126564318106086,0.));
#5061=CARTESIAN_POINT('',(-0.0425390228629113,-0.0123469792306423,0.));
#5062=CARTESIAN_POINT('',(-0.0425390228629113,-0.0123469792306423,0.));
#5063=CARTESIAN_POINT('',(-0.0425390228629113,-0.0123469792306423,0.));
#5064=CARTESIAN_POINT('',(-0.0425735063795353,-0.0122716395013666,0.));
#5065=CARTESIAN_POINT('',(-0.0426456402541662,-0.0121130614983536,0.));
#5066=CARTESIAN_POINT('',(-0.0429700690538591,-0.012243437900816,0.));
#5067=CARTESIAN_POINT('',(-0.0434228099832955,-0.0122451588016933,0.));
#5068=CARTESIAN_POINT('',(-0.0443465321031913,-0.0201192487569409,0.));
#5069=CARTESIAN_POINT('',(-0.0446513572712526,-0.0125000969798016,0.));
#5070=CARTESIAN_POINT('',(-0.0447293961989037,-0.012112468480954,0.));
#5071=CARTESIAN_POINT('',(-0.0450612429756321,-0.0121139283849202,0.));
#5072=CARTESIAN_POINT('',(-0.0455248422018203,-0.0123278644860148,0.));
#5073=CARTESIAN_POINT('',(-0.0455347758344943,-0.012932782969108,0.));
#5074=CARTESIAN_POINT('',(-0.0455481444318129,-0.015153142062253,0.));
#5075=CARTESIAN_POINT('',(-0.0453449212410173,-0.0168285536462815,0.));
#5076=CARTESIAN_POINT('',(-0.0453449212410173,-0.0168285536462815,0.));
#5077=CARTESIAN_POINT('',(-0.0453449212410173,-0.0168285536462815,0.));
#5078=CARTESIAN_POINT('',(-0.0453422390854918,-0.0171712452764217,0.));
#5079=CARTESIAN_POINT('',(-0.0453932122909947,-0.0175814601609861,0.));
#5080=CARTESIAN_POINT('',(-0.0451600699078018,-0.0192112455914392,0.));
#5081=CARTESIAN_POINT('',(-0.0457907265252585,-0.0199840834220102,0.));
#5082=CARTESIAN_POINT('',(-0.0459286003253894,-0.018609561291323,0.));
#5083=CARTESIAN_POINT('',(-0.0459519669582471,-0.0181656441534312,0.));
#5084=CARTESIAN_POINT('',(-0.0459519669582471,-0.0181656441534312,0.));
#5085=CARTESIAN_POINT('',(-0.0459519669582471,-0.0181656441534312,0.));
#5086=CARTESIAN_POINT('',(-0.0458792942304433,-0.0175341125099664,0.));
#5087=CARTESIAN_POINT('',(-0.0457925638055704,-0.0166679383293857,0.));
#5088=CARTESIAN_POINT('',(-0.0462176567625588,-0.0165545297305701,0.));
#5089=CARTESIAN_POINT('',(-0.0467594038552584,-0.0167892543057759,0.));
#5090=CARTESIAN_POINT('',(-0.0466541483330119,-0.0205252690516505,0.));
#5091=CARTESIAN_POINT('',(-0.045970264147788,-0.0209624863010523,0.));
#5092=CARTESIAN_POINT('',(-0.0454984586571881,-0.0213423425564442,0.));
#5093=CARTESIAN_POINT('',(-0.0452083888935691,-0.0212801242401953,0.));
#5094=CARTESIAN_POINT('',(-0.0452083888935691,-0.0212801242401953,0.));
#5095=CARTESIAN_POINT('',(-0.0452083888935691,-0.0216801242401953,0.));
#5096=CARTESIAN_POINT('',(-0.0301436115613758,-0.0350587439052783,0.));
#5097=CARTESIAN_POINT('',(-0.0492086569594983,-0.0350587439052783,0.));
#5098=CARTESIAN_POINT('',(-0.0237885964286683,-0.0350587439052783,0.));
#5099=CARTESIAN_POINT('',(-0.0492086569594983,-0.0292765312492859,0.));
#5100=CARTESIAN_POINT('',(-0.0492086569594983,-0.0119298932813086,0.));
#5101=CARTESIAN_POINT('',(-0.0301436115613758,-0.0119298932813086,0.));
#5102=CARTESIAN_POINT('',(-0.0237885964286683,-0.0119298932813086,0.));
#5103=CARTESIAN_POINT('',(-0.0237885964286683,-0.0292765312492859,0.));
#5104=CARTESIAN_POINT('',(-0.0287354593524906,-0.0321288470357008,0.));
#5105=CARTESIAN_POINT('',(-0.0281576336329136,-0.0323886510135938,0.));
#5106=CARTESIAN_POINT('',(-0.0281012540007295,-0.0321105319356624,0.));
#5107=CARTESIAN_POINT('',(-0.0281012540007295,-0.0321105319356624,0.));
#5108=CARTESIAN_POINT('',(-0.0281012540007295,-0.0317755663644574,0.));
#5109=CARTESIAN_POINT('',(-0.0283337998015567,-0.0316003009215314,0.));
#5110=CARTESIAN_POINT('',(-0.0283337998015567,-0.0316003009215314,0.));
#5111=CARTESIAN_POINT('',(-0.0283337998015567,-0.0316003009215314,0.));
#5112=CARTESIAN_POINT('',(-0.0285663456023839,-0.0314250354786055,0.));
#5113=CARTESIAN_POINT('',(-0.0290295693662806,-0.0314250354786055,0.));
#5114=CARTESIAN_POINT('',(-0.0290295693662806,-0.0314250354786055,0.));
#5115=CARTESIAN_POINT('',(-0.029063415470714,-0.0336188828650623,0.));
#5116=CARTESIAN_POINT('',(-0.0294343038411389,-0.0314571916708286,0.));
#5117=CARTESIAN_POINT('',(-0.0291496407215285,-0.0329683795030899,0.));
#5118=CARTESIAN_POINT('',(-0.0297474416778035,-0.031551931466274,0.));
#5119=CARTESIAN_POINT('',(-0.0297474416778035,-0.0317970464986704,0.));
#5120=CARTESIAN_POINT('',(-0.0297474416778035,-0.0320417575264709,0.));
#5121=CARTESIAN_POINT('',(-0.0288839261423703,-0.0339183890864398,0.));
#5122=CARTESIAN_POINT('',(-0.0293750455842896,-0.0319118752283719,0.));
#5123=CARTESIAN_POINT('',(-0.028972172514505,-0.0333807637635598,0.));
#5124=CARTESIAN_POINT('',(-0.0290102683761183,-0.0318589964509657,0.));
#5125=CARTESIAN_POINT('',(-0.0290102683761183,-0.0318589964509657,0.));
#5126=CARTESIAN_POINT('',(-0.0286871324440451,-0.0318589964509657,0.));
#5127=CARTESIAN_POINT('',(-0.0286871324440451,-0.0320457802267305,0.));
#5128=CARTESIAN_POINT('',(-0.0286871324440451,-0.0320457802267305,0.));
#5129=CARTESIAN_POINT('',(-0.0288437040435744,-0.0320529823821945,0.));
#5130=CARTESIAN_POINT('',(-0.0287298525292004,-0.0321603265368947,0.));
#5131=CARTESIAN_POINT('',(-0.0291591017529467,-0.0316720622379819,0.));
#5132=CARTESIAN_POINT('',(-0.028878029842184,-0.0322591892226431,0.));
#5133=CARTESIAN_POINT('',(-0.0305662448200233,-0.0289470236486443,0.));
#5134=CARTESIAN_POINT('',(-0.0291578275589725,-0.0323882171489661,0.));
#5135=CARTESIAN_POINT('',(-0.0291578275589725,-0.0323882171489661,0.));
#5136=CARTESIAN_POINT('',(-0.0294087404310833,-0.0324934386759803,0.));
#5137=CARTESIAN_POINT('',(-0.029526725516108,-0.0325830948883473,0.));
#5138=CARTESIAN_POINT('',(-0.029526725516108,-0.0325830948883473,0.));
#5139=CARTESIAN_POINT('',(-0.0292065338450626,-0.0330263526004206,0.));
#5140=CARTESIAN_POINT('',(-0.0296983029121469,-0.0327884134494727,0.));
#5141=CARTESIAN_POINT('',(-0.0290658652851243,-0.0330504083910165,0.));
#5142=CARTESIAN_POINT('',(-0.0297511773533188,-0.0330730909934371,0.));
#5143=CARTESIAN_POINT('',(-0.0297511773533188,-0.0330730909934371,0.));
#5144=CARTESIAN_POINT('',(-0.0297511773533188,-0.0333632284584585,0.));
#5145=CARTESIAN_POINT('',(-0.029526725516108,-0.0335216833615656,0.));
#5146=CARTESIAN_POINT('',(-0.029526725516108,-0.0335216833615656,0.));
#5147=CARTESIAN_POINT('',(-0.029526725516108,-0.0335216833615656,0.));
#5148=CARTESIAN_POINT('',(-0.0293022736788973,-0.0336801382646728,0.));
#5149=CARTESIAN_POINT('',(-0.028889481534457,-0.0336801382646728,0.));
#5150=CARTESIAN_POINT('',(-0.028889481534457,-0.0336801382646728,0.));
#5151=CARTESIAN_POINT('',(-0.0288942848880298,-0.0318725087992075,0.));
#5152=CARTESIAN_POINT('',(-0.0281250630454394,-0.0335085613033856,-1.0842021724855E-19));
#5153=CARTESIAN_POINT('',(-0.0282142581850672,-0.0332950523803043,0.));
#5154=CARTESIAN_POINT('',(-0.0283036472854368,-0.0330810791673029,0.));
#5155=CARTESIAN_POINT('',(-0.0296528482828279,-0.029952961269163,0.));
#5156=CARTESIAN_POINT('',(-0.028609290118811,-0.0331957944228176,0.));
#5157=CARTESIAN_POINT('',(-0.0288989284873206,-0.0322829589596601,0.));
#5158=CARTESIAN_POINT('',(-0.0288994433353241,-0.0332405728359058,0.));
#5159=CARTESIAN_POINT('',(-0.0288994433358312,-0.0332405737790396,0.));
#5160=CARTESIAN_POINT('',(-0.0291621858470737,-0.0332405737790396,0.));
#5161=CARTESIAN_POINT('',(-0.0291621858470737,-0.0330986181094583,0.));
#5162=CARTESIAN_POINT('',(-0.0291621858470737,-0.0330986181094583,0.));
#5163=CARTESIAN_POINT('',(-0.0291621858470737,-0.0330986181094583,0.));
#5164=CARTESIAN_POINT('',(-0.0291621858470737,-0.0330189236984653,0.));
#5165=CARTESIAN_POINT('',(-0.0290775105353937,-0.0329603981153923,0.));
#5166=CARTESIAN_POINT('',(-0.0290775105353937,-0.0329603981153923,0.));
#5167=CARTESIAN_POINT('',(-0.0290775105353937,-0.0329603981153923,0.));
#5168=CARTESIAN_POINT('',(-0.0289928352237136,-0.0329018725323193,0.));
#5169=CARTESIAN_POINT('',(-0.0287064334342075,-0.0327873118165169,0.));
#5170=CARTESIAN_POINT('',(-0.0287064334342075,-0.0327873118165169,0.));
#5171=CARTESIAN_POINT('',(-0.0287064334342075,-0.0327873118165169,0.));
#5172=CARTESIAN_POINT('',(-0.0284517848865815,-0.0326839581272603,0.));
#5173=CARTESIAN_POINT('',(-0.0283331771889708,-0.0325946132211862,0.));
#5174=CARTESIAN_POINT('',(-0.0283331771889708,-0.0325946132211862,0.));
#5175=CARTESIAN_POINT('',(-0.0286675854435072,-0.0321304996026193,0.));
#5176=CARTESIAN_POINT('',(-0.0302170746729228,-0.0330066414700001,0.));
#5177=CARTESIAN_POINT('',(-0.0305888607334364,-0.0335683170876274,0.));
#5178=CARTESIAN_POINT('',(-0.0302143964427147,-0.0336799776507899,0.));
#5179=CARTESIAN_POINT('',(-0.0301949837245596,-0.0327031990410263,0.));
#5180=CARTESIAN_POINT('',(-0.0300138899256508,-0.0336630764379224,0.));
#5181=CARTESIAN_POINT('',(-0.0300363339176531,-0.0333847085926714,0.));
#5182=CARTESIAN_POINT('',(-0.0300587219437444,-0.0331070347805514,0.));
#5183=CARTESIAN_POINT('',(-0.0302192605594864,-0.0324324597756337,0.));
#5184=CARTESIAN_POINT('',(-0.0302337021073779,-0.0331260130632371,0.));
#5185=CARTESIAN_POINT('',(-0.0302337021073779,-0.0331260130632371,0.));
#5186=CARTESIAN_POINT('',(-0.0305176134465404,-0.0331260130632371,0.));
#5187=CARTESIAN_POINT('',(-0.0306763796559406,-0.0329800104118476,0.));
#5188=CARTESIAN_POINT('',(-0.0306763796559406,-0.0329800104118476,0.));
#5189=CARTESIAN_POINT('',(-0.0306763796559406,-0.0329800104118476,0.));
#5190=CARTESIAN_POINT('',(-0.0308351458653407,-0.0328340077604581,0.));
#5191=CARTESIAN_POINT('',(-0.0308351458653407,-0.0325712652492156,0.));
#5192=CARTESIAN_POINT('',(-0.0308351458653407,-0.0325712652492156,0.));
#5193=CARTESIAN_POINT('',(-0.0308351458653407,-0.0320177626603658,0.));
#5194=CARTESIAN_POINT('',(-0.0308351458653407,-0.0314642600715161,0.));
#5195=CARTESIAN_POINT('',(-0.0311318207625138,-0.0314642600715161,0.));
#5196=CARTESIAN_POINT('',(-0.031428495659687,-0.0314642600715161,0.));
#5197=CARTESIAN_POINT('',(-0.031428495659687,-0.0325519642590532,0.));
#5198=CARTESIAN_POINT('',(-0.031428495659687,-0.0336396684465904,0.));
#5199=CARTESIAN_POINT('',(-0.0312037325161833,-0.0336396684465904,0.));
#5200=CARTESIAN_POINT('',(-0.0309789693726796,-0.0336396684465904,0.));
#5201=CARTESIAN_POINT('',(-0.0309350751853749,-0.0334566203463409,0.));
#5202=CARTESIAN_POINT('',(-0.0308911809980701,-0.0332735722460913,0.));
#5203=CARTESIAN_POINT('',(-0.0308768609085948,-0.0332735722460913,0.));
#5204=CARTESIAN_POINT('',(-0.0308623710498206,-0.0332735722460913,0.));
#5205=CARTESIAN_POINT('',(-0.0301440283562288,-0.032881534274121,0.));
#5206=CARTESIAN_POINT('',(-0.032760602314035,-0.0335464453029518,0.));
#5207=CARTESIAN_POINT('',(-0.0323660978570516,-0.0314627141514073,0.));
#5208=CARTESIAN_POINT('',(-0.032798243348629,-0.0314250354786055,0.));
#5209=CARTESIAN_POINT('',(-0.032798243348629,-0.0314250354786055,0.));
#5210=CARTESIAN_POINT('',(-0.0333231057585282,-0.0314250354786055,0.));
#5211=CARTESIAN_POINT('',(-0.0336188467368225,-0.0317151729436268,0.));
#5212=CARTESIAN_POINT('',(-0.0336188467368225,-0.0317151729436268,0.));
#5213=CARTESIAN_POINT('',(-0.0336188467368225,-0.0317151729436268,0.));
#5214=CARTESIAN_POINT('',(-0.0339145877151168,-0.0320053104086482,0.));
#5215=CARTESIAN_POINT('',(-0.0339145877151168,-0.0325363989444062,0.));
#5216=CARTESIAN_POINT('',(-0.0339145877151168,-0.0325363989444062,0.));
#5217=CARTESIAN_POINT('',(-0.0339145877151168,-0.0325363989444062,0.));
#5218=CARTESIAN_POINT('',(-0.0339145877151168,-0.0330830527948112,0.));
#5219=CARTESIAN_POINT('',(-0.0336412607899143,-0.033381595529742,0.));
#5220=CARTESIAN_POINT('',(-0.0336412607899143,-0.033381595529742,0.));
#5221=CARTESIAN_POINT('',(-0.0336412607899143,-0.033381595529742,0.));
#5222=CARTESIAN_POINT('',(-0.0333679338647117,-0.0336801382646728,0.));
#5223=CARTESIAN_POINT('',(-0.0328854091106526,-0.0336801382646728,0.));
#5224=CARTESIAN_POINT('',(-0.0328854091106526,-0.0336801382646728,0.));
#5225=CARTESIAN_POINT('',(-0.0328854091106526,-0.0336801382646728,0.));
#5226=CARTESIAN_POINT('',(-0.0324246757970994,-0.0336801382646728,0.));
#5227=CARTESIAN_POINT('',(-0.0321678481054227,-0.0334177070597232,0.));
#5228=CARTESIAN_POINT('',(-0.0321678481054227,-0.0334177070597232,0.));
#5229=CARTESIAN_POINT('',(-0.0321678481054227,-0.0334177070597232,0.));
#5230=CARTESIAN_POINT('',(-0.0319110204137461,-0.0331552758547736,0.));
#5231=CARTESIAN_POINT('',(-0.0319110204137461,-0.0326920520908768,0.));
#5232=CARTESIAN_POINT('',(-0.0319110204137461,-0.0326920520908768,0.));
#5233=CARTESIAN_POINT('',(-0.0319110204137461,-0.032547917277245,0.));
#5234=CARTESIAN_POINT('',(-0.0319110204137461,-0.0324037824636131,0.));
#5235=CARTESIAN_POINT('',(-0.032612393491743,-0.0324037824636131,0.));
#5236=CARTESIAN_POINT('',(-0.03331376656974,-0.0324037824636131,0.));
#5237=CARTESIAN_POINT('',(-0.03331376656974,-0.0324037824636131,0.));
#5238=CARTESIAN_POINT('',(-0.0333038047683658,-0.0321510017537447,0.));
#5239=CARTESIAN_POINT('',(-0.0331637169365422,-0.0320090460841634,0.));
#5240=CARTESIAN_POINT('',(-0.0331637169365422,-0.0320090460841634,0.));
#5241=CARTESIAN_POINT('',(-0.0331637169365422,-0.0320090460841634,0.));
#5242=CARTESIAN_POINT('',(-0.0330236291047186,-0.0318670904145822,0.));
#5243=CARTESIAN_POINT('',(-0.0327708483948502,-0.0318670904145822,0.));
#5244=CARTESIAN_POINT('',(-0.0327708483948502,-0.0318670904145822,0.));
#5245=CARTESIAN_POINT('',(-0.0327606664300346,-0.0335019890505292,0.));
#5246=CARTESIAN_POINT('',(-0.0323991155587505,-0.0319077352492321,0.));
#5247=CARTESIAN_POINT('',(-0.032838113403464,-0.0337071957987566,0.));
#5248=CARTESIAN_POINT('',(-0.032033675093165,-0.0320383088757,0.));
#5249=CARTESIAN_POINT('',(-0.032033675093165,-0.0318085648315092,0.));
#5250=CARTESIAN_POINT('',(-0.032033675093165,-0.0315787460370356,0.));
#5251=CARTESIAN_POINT('',(-0.0326545995718236,-0.0328280833204639,0.));
#5252=CARTESIAN_POINT('',(-0.0343933767936606,-0.0321734158068365,0.));
#5253=CARTESIAN_POINT('',(-0.0343933767936606,-0.032882571542157,0.));
#5254=CARTESIAN_POINT('',(-0.0343933767936606,-0.0314642600715161,0.));
#5255=CARTESIAN_POINT('',(-0.0346900516908338,-0.0314642600715161,0.));
#5256=CARTESIAN_POINT('',(-0.0349867265880069,-0.0314642600715161,0.));
#5257=CARTESIAN_POINT('',(-0.0349867265880069,-0.0320996362154094,0.));
#5258=CARTESIAN_POINT('',(-0.0349867265880069,-0.0327350123593027,0.));
#5259=CARTESIAN_POINT('',(-0.0349867265880069,-0.0327350123593027,0.));
#5260=CARTESIAN_POINT('',(-0.0349867265880069,-0.0332057074742301,0.));
#5261=CARTESIAN_POINT('',(-0.0353372574738589,-0.0332057074742301,0.));
#5262=CARTESIAN_POINT('',(-0.0353372574738589,-0.0332057074742301,0.));
#5263=CARTESIAN_POINT('',(-0.0353372574738589,-0.0332057074742301,0.));
#5264=CARTESIAN_POINT('',(-0.035586302508212,-0.0332057074742301,0.));
#5265=CARTESIAN_POINT('',(-0.0356971275484992,-0.03303635685087,0.));
#5266=CARTESIAN_POINT('',(-0.0356971275484992,-0.03303635685087,0.));
#5267=CARTESIAN_POINT('',(-0.0356971275484992,-0.03303635685087,0.));
#5268=CARTESIAN_POINT('',(-0.0358079525887862,-0.0328670062275099,0.));
#5269=CARTESIAN_POINT('',(-0.0358079525887862,-0.0324878351627073,0.));
#5270=CARTESIAN_POINT('',(-0.0358079525887862,-0.0324878351627073,0.));
#5271=CARTESIAN_POINT('',(-0.0358079525887862,-0.0319760476171117,0.));
#5272=CARTESIAN_POINT('',(-0.0358079525887863,-0.0314642600715161,0.));
#5273=CARTESIAN_POINT('',(-0.0361046274859594,-0.0314642600715161,0.));
#5274=CARTESIAN_POINT('',(-0.0364013023831325,-0.0314642600715161,0.));
#5275=CARTESIAN_POINT('',(-0.0364013023831325,-0.03297814257409,0.));
#5276=CARTESIAN_POINT('',(-0.0364013023831325,-0.0344920250766639,0.));
#5277=CARTESIAN_POINT('',(-0.0361046274859594,-0.0344920250766639,0.));
#5278=CARTESIAN_POINT('',(-0.0358079525887862,-0.0344920250766639,0.));
#5279=CARTESIAN_POINT('',(-0.0358079525887862,-0.034183520540359,0.));
#5280=CARTESIAN_POINT('',(-0.0358077819395743,-0.0338750115824,0.));
#5281=CARTESIAN_POINT('',(-0.0462987670383137,-0.0341468411857637,0.));
#5282=CARTESIAN_POINT('',(-0.0358217566025649,-0.0335363209654908,-4.33680868994202E-19));
#5283=CARTESIAN_POINT('',(-0.0358284988041204,-0.0334488376890174,0.));
#5284=CARTESIAN_POINT('',(-0.0358353475425651,-0.0333613606207008,0.));
#5285=CARTESIAN_POINT('',(-0.035819782227918,-0.0333613606207008,0.));
#5286=CARTESIAN_POINT('',(-0.035804216913271,-0.0333613606207008,0.));
#5287=CARTESIAN_POINT('',(-0.035804216913271,-0.0333613606207008,0.));
#5288=CARTESIAN_POINT('',(-0.0356056034983743,-0.0336801382646728,0.));
#5289=CARTESIAN_POINT('',(-0.0351735103637718,-0.0336801382646728,0.));
#5290=CARTESIAN_POINT('',(-0.0351735103637718,-0.0336801382646728,0.));
#5291=CARTESIAN_POINT('',(-0.0351735103637718,-0.0336801382646728,0.));
#5292=CARTESIAN_POINT('',(-0.0347899810108679,-0.0336801382646728,0.));
#5293=CARTESIAN_POINT('',(-0.0345916789022643,-0.0334740534987456,0.));
#5294=CARTESIAN_POINT('',(-0.0345916789022643,-0.0334740534987456,0.));
#5295=CARTESIAN_POINT('',(-0.0345916789022643,-0.0334740534987456,0.));
#5296=CARTESIAN_POINT('',(-0.0343933767936606,-0.0332679687328184,0.));
#5297=CARTESIAN_POINT('',(-0.0343933767936606,-0.032882571542157,0.));
#5298=CARTESIAN_POINT('',(-0.037402463421232,-0.0319586144647069,0.));
#5299=CARTESIAN_POINT('',(-0.0373314855864414,-0.0318982210438763,0.));
#5300=CARTESIAN_POINT('',(-0.0372144344202954,-0.0318982210438763,0.));
#5301=CARTESIAN_POINT('',(-0.037402463421232,-0.0319586144647069,0.));
#5302=CARTESIAN_POINT('',(-0.0372144344202954,-0.0318982210438763,0.));
#5303=CARTESIAN_POINT('',(-0.0372655901482857,-0.0332069554718824,0.));
#5304=CARTESIAN_POINT('',(-0.0368408668687657,-0.0319660858157376,0.));
#5305=CARTESIAN_POINT('',(-0.0368408668687657,-0.0317453696540421,0.));
#5306=CARTESIAN_POINT('',(-0.0368408668687657,-0.0315246534923466,0.));
#5307=CARTESIAN_POINT('',(-0.0368408668687657,-0.0315246534923466,0.));
#5308=CARTESIAN_POINT('',(-0.0370625169493401,-0.0314250354786055,0.));
#5309=CARTESIAN_POINT('',(-0.0373856528814132,-0.0314250354786055,0.));
#5310=CARTESIAN_POINT('',(-0.0373856528814132,-0.0314250354786055,0.));
#5311=CARTESIAN_POINT('',(-0.0373856528814132,-0.0314250354786055,0.));
#5312=CARTESIAN_POINT('',(-0.0377417872805381,-0.0314250354786055,0.));
#5313=CARTESIAN_POINT('',(-0.0379042891654535,-0.0316052818222185,0.));
#5314=CARTESIAN_POINT('',(-0.0379042891654535,-0.0316052818222185,0.));
#5315=CARTESIAN_POINT('',(-0.0379042891654535,-0.0316052818222185,0.));
#5316=CARTESIAN_POINT('',(-0.0380667910503689,-0.0317855281658316,0.));
#5317=CARTESIAN_POINT('',(-0.0380667910503689,-0.0321453982404718,0.));
#5318=CARTESIAN_POINT('',(-0.0380667910503689,-0.0321453982404718,0.));
#5319=CARTESIAN_POINT('',(-0.0380667910503689,-0.0326696380377851,0.));
#5320=CARTESIAN_POINT('',(-0.0380667910503689,-0.0331938778350983,0.));
#5321=CARTESIAN_POINT('',(-0.0382087467199502,-0.0331938778350983,0.));
#5322=CARTESIAN_POINT('',(-0.0383507023895314,-0.0331938778350983,0.));
#5323=CARTESIAN_POINT('',(-0.0383507023895314,-0.0333193342711537,0.));
#5324=CARTESIAN_POINT('',(-0.0383507023895314,-0.0334447907072091,0.));
#5325=CARTESIAN_POINT('',(-0.0381872665857372,-0.0335440974146574,0.));
#5326=CARTESIAN_POINT('',(-0.038023830781943,-0.0336434041221057,0.));
#5327=CARTESIAN_POINT('',(-0.0379382215513841,-0.0338731481662964,0.));
#5328=CARTESIAN_POINT('',(-0.0378526123208252,-0.0341028922104872,0.));
#5329=CARTESIAN_POINT('',(-0.0376630267884239,-0.0341028922104872,0.));
#5330=CARTESIAN_POINT('',(-0.0374734412560227,-0.0341028922104872,0.));
#5331=CARTESIAN_POINT('',(-0.0374734412560227,-0.0338712803285388,0.));
#5332=CARTESIAN_POINT('',(-0.0374734412560227,-0.0336396684465904,0.));
#5333=CARTESIAN_POINT('',(-0.037168983701526,-0.0336396684465904,0.));
#5334=CARTESIAN_POINT('',(-0.0368645261470293,-0.0336396684465904,0.));
#5335=CARTESIAN_POINT('',(-0.0368645261470293,-0.0334167731408444,0.));
#5336=CARTESIAN_POINT('',(-0.0368645261470293,-0.0331938778350983,0.));
#5337=CARTESIAN_POINT('',(-0.037168983701526,-0.0331938778350983,0.));
#5338=CARTESIAN_POINT('',(-0.0374734412560227,-0.0331938778350983,0.));
#5339=CARTESIAN_POINT('',(-0.0374734412560227,-0.0326696380377851,0.));
#5340=CARTESIAN_POINT('',(-0.0374734412560227,-0.0321453982404718,0.));
#5341=CARTESIAN_POINT('',(-0.0374734412560227,-0.0321453982404718,0.));
#5342=CARTESIAN_POINT('',(-0.0374734412560227,-0.0320190078855376,0.));
#5343=CARTESIAN_POINT('',(-0.037402463421232,-0.0319586144647069,0.));
#5344=CARTESIAN_POINT('',(-0.0387497970570823,-0.033153096710723,0.));
#5345=CARTESIAN_POINT('',(-0.0386215388643905,-0.032898136856804,0.));
#5346=CARTESIAN_POINT('',(-0.0386215388643905,-0.0325556999345685,0.));
#5347=CARTESIAN_POINT('',(-0.0387497970570823,-0.033153096710723,0.));
#5348=CARTESIAN_POINT('',(-0.0386215388643905,-0.0325556999345685,0.));
#5349=CARTESIAN_POINT('',(-0.0386215388643905,-0.0325556999345685,0.));
#5350=CARTESIAN_POINT('',(-0.0386215388643905,-0.0320246113988105,0.));
#5351=CARTESIAN_POINT('',(-0.0389017145280377,-0.0317248234387079,0.));
#5352=CARTESIAN_POINT('',(-0.0389017145280377,-0.0317248234387079,0.));
#5353=CARTESIAN_POINT('',(-0.0389017145280377,-0.0317248234387079,0.));
#5354=CARTESIAN_POINT('',(-0.0391818901916849,-0.0314250354786055,0.));
#5355=CARTESIAN_POINT('',(-0.0396818480981488,-0.0314250354786055,0.));
#5356=CARTESIAN_POINT('',(-0.0396818480981488,-0.0314250354786055,0.));
#5357=CARTESIAN_POINT('',(-0.03970713289875,-0.032517480545376,0.));
#5358=CARTESIAN_POINT('',(-0.0402346035766349,-0.0315619863093522,0.));
#5359=CARTESIAN_POINT('',(-0.0397809279891361,-0.0323525585505076,0.));
#5360=CARTESIAN_POINT('',(-0.0406020695000835,-0.0319564353206564,0.));
#5361=CARTESIAN_POINT('',(-0.0406020695000835,-0.0319564353206564,0.));
#5362=CARTESIAN_POINT('',(-0.0407303276927753,-0.032213263012333,0.));
#5363=CARTESIAN_POINT('',(-0.0407303276927753,-0.0325556999345685,0.));
#5364=CARTESIAN_POINT('',(-0.0407303276927753,-0.0325556999345685,0.));
#5365=CARTESIAN_POINT('',(-0.0407303276927753,-0.0325556999345685,0.));
#5366=CARTESIAN_POINT('',(-0.0407303276927753,-0.0330886563080841,0.));
#5367=CARTESIAN_POINT('',(-0.0404523311731787,-0.0333843972863785,0.));
#5368=CARTESIAN_POINT('',(-0.0404523311731787,-0.0333843972863785,0.));
#5369=CARTESIAN_POINT('',(-0.0404523311731787,-0.0333843972863785,0.));
#5370=CARTESIAN_POINT('',(-0.040174334653582,-0.0336801382646728,0.));
#5371=CARTESIAN_POINT('',(-0.039670018459017,-0.0336801382646728,0.));
#5372=CARTESIAN_POINT('',(-0.039670018459017,-0.0336801382646728,0.));
#5373=CARTESIAN_POINT('',(-0.039644498170851,-0.0325796887322075,0.));
#5374=CARTESIAN_POINT('',(-0.0391172622385439,-0.0335444379963691,0.));
#5375=CARTESIAN_POINT('',(-0.0395645974115534,-0.0327565231877245,0.));
#5376=CARTESIAN_POINT('',(-0.0411962250123794,-0.0330066414700004,0.));
#5377=CARTESIAN_POINT('',(-0.041568011072893,-0.0335683170876274,0.));
#5378=CARTESIAN_POINT('',(-0.0411935467821713,-0.0336799776507898,0.));
#5379=CARTESIAN_POINT('',(-0.0411741340640142,-0.0327031990410407,0.));
#5380=CARTESIAN_POINT('',(-0.0409930402651073,-0.0336630764379224,0.));
#5381=CARTESIAN_POINT('',(-0.0410154842571097,-0.0333847085926714,0.));
#5382=CARTESIAN_POINT('',(-0.0410378722917334,-0.0331070347743517,1.0842021724855E-19));
#5383=CARTESIAN_POINT('',(-0.041198410898943,-0.0324324597756338,0.));
#5384=CARTESIAN_POINT('',(-0.0412128524468345,-0.0331260130632371,0.));
#5385=CARTESIAN_POINT('',(-0.0412128524468345,-0.0331260130632371,0.));
#5386=CARTESIAN_POINT('',(-0.0414967637859971,-0.0331260130632371,0.));
#5387=CARTESIAN_POINT('',(-0.0416555299953972,-0.0329800104118476,0.));
#5388=CARTESIAN_POINT('',(-0.0416555299953972,-0.0329800104118476,0.));
#5389=CARTESIAN_POINT('',(-0.0416555299953972,-0.0329800104118476,0.));
#5390=CARTESIAN_POINT('',(-0.0418142962047973,-0.0328340077604581,0.));
#5391=CARTESIAN_POINT('',(-0.0418142962047973,-0.0325712652492156,0.));
#5392=CARTESIAN_POINT('',(-0.0418142962047973,-0.0325712652492156,0.));
#5393=CARTESIAN_POINT('',(-0.0418142962047973,-0.0320177626603658,0.));
#5394=CARTESIAN_POINT('',(-0.0418142962047973,-0.0314642600715161,0.));
#5395=CARTESIAN_POINT('',(-0.0421109711019704,-0.0314642600715161,0.));
#5396=CARTESIAN_POINT('',(-0.0424076459991435,-0.0314642600715161,0.));
#5397=CARTESIAN_POINT('',(-0.0424076459991435,-0.0325519642590532,0.));
#5398=CARTESIAN_POINT('',(-0.0424076459991435,-0.0336396684465904,0.));
#5399=CARTESIAN_POINT('',(-0.0421828828556398,-0.0336396684465904,0.));
#5400=CARTESIAN_POINT('',(-0.0419581197121362,-0.0336396684465904,0.));
#5401=CARTESIAN_POINT('',(-0.0419142255248314,-0.0334566203463409,0.));
#5402=CARTESIAN_POINT('',(-0.0418703313375267,-0.0332735722460913,0.));
#5403=CARTESIAN_POINT('',(-0.0418560112480514,-0.0332735722460913,0.));
#5404=CARTESIAN_POINT('',(-0.0418415213892772,-0.0332735722460913,0.));
#5405=CARTESIAN_POINT('',(-0.0411231786956853,-0.0328815342741208,0.));
#5406=CARTESIAN_POINT('',(0.,0.,0.));
#5407=CARTESIAN_POINT('',(-0.0512086569594983,-0.0302765312492859,0.));
#5408=CARTESIAN_POINT('',(-0.0512086569594983,-0.0370587439052783,0.));
#5409=CARTESIAN_POINT('',(-0.0512086569594983,-0.00992989328130862,0.));
#5410=CARTESIAN_POINT('',(-0.0291436115613758,-0.0370587439052783,0.));
#5411=CARTESIAN_POINT('',(-0.0217885964286683,-0.0370587439052783,0.));
#5412=CARTESIAN_POINT('',(-0.0217885964286683,-0.0302765312492859,0.));
#5413=CARTESIAN_POINT('',(-0.0217885964286683,-0.00992989328130863,0.));
#5414=CARTESIAN_POINT('',(-0.0291436115613758,-0.00992989328130862,0.));
#5415=CARTESIAN_POINT('',(-0.07,1.38777878078145E-17,0.));
#5416=CARTESIAN_POINT('',(-0.07,-0.06875,0.));
#5417=CARTESIAN_POINT('',(-0.07,0.06875,0.));
#5418=CARTESIAN_POINT('',(-1.38777878078145E-17,0.06875,0.));
#5419=CARTESIAN_POINT('',(0.07,0.06875,0.));
#5420=CARTESIAN_POINT('',(0.07,1.38777878078145E-17,0.));
#5421=CARTESIAN_POINT('',(0.07,-0.06875,0.));
#5422=CARTESIAN_POINT('',(1.38777878078145E-17,-0.06875,0.));
#5423=CARTESIAN_POINT('',(-0.07,1.38777878078145E-17,0.0025));
#5424=CARTESIAN_POINT('',(-0.07,-0.06875,0.0025));
#5425=CARTESIAN_POINT('',(-0.07,-0.06875,0.0025));
#5426=CARTESIAN_POINT('',(-0.07,1.38777878078145E-17,0.0025));
#5427=CARTESIAN_POINT('',(-0.07,0.06875,0.0025));
#5428=CARTESIAN_POINT('',(-0.07,0.06875,0.0025));
#5429=CARTESIAN_POINT('',(1.38777878078145E-17,-0.06875,0.0025));
#5430=CARTESIAN_POINT('',(0.07,-0.06875,0.0025));
#5431=CARTESIAN_POINT('',(0.07,-0.06875,0.0025));
#5432=CARTESIAN_POINT('',(1.38777878078145E-17,-0.06875,0.0025));
#5433=CARTESIAN_POINT('',(0.07,1.38777878078145E-17,0.0025));
#5434=CARTESIAN_POINT('',(0.07,0.06875,0.0025));
#5435=CARTESIAN_POINT('',(0.07,0.06875,0.0025));
#5436=CARTESIAN_POINT('',(0.07,1.38777878078145E-17,0.0025));
#5437=CARTESIAN_POINT('',(-1.38777878078145E-17,0.06875,0.0025));
#5438=CARTESIAN_POINT('',(-1.38777878078145E-17,0.06875,0.0025));
#5439=CARTESIAN_POINT('',(0.,0.,0.0025));
#5440=CARTESIAN_POINT('',(-0.0492086569594983,-0.0292765312492859,-0.0039));
#5441=CARTESIAN_POINT('',(-0.0492086569594983,-0.0350587439052783,-0.0039));
#5442=CARTESIAN_POINT('',(-0.0492086569594983,-0.0350587439052783,-0.0039));
#5443=CARTESIAN_POINT('',(-0.0492086569594983,-0.0292765312492859,-0.0039));
#5444=CARTESIAN_POINT('',(-0.0492086569594983,-0.0119298932813086,-0.0039));
#5445=CARTESIAN_POINT('',(-0.0492086569594983,-0.0119298932813086,-0.0039));
#5446=CARTESIAN_POINT('',(-0.0301436115613758,-0.0350587439052783,-0.0039));
#5447=CARTESIAN_POINT('',(-0.0237885964286683,-0.0350587439052783,-0.0039));
#5448=CARTESIAN_POINT('',(-0.0237885964286683,-0.0350587439052783,-0.0039));
#5449=CARTESIAN_POINT('',(-0.0301436115613758,-0.0350587439052783,-0.0039));
#5450=CARTESIAN_POINT('',(-0.0237885964286683,-0.0292765312492859,-0.0039));
#5451=CARTESIAN_POINT('',(-0.0237885964286683,-0.0119298932813086,-0.0039));
#5452=CARTESIAN_POINT('',(-0.0237885964286683,-0.0119298932813086,-0.0039));
#5453=CARTESIAN_POINT('',(-0.0237885964286683,-0.0292765312492859,-0.0039));
#5454=CARTESIAN_POINT('',(-0.0291436115613758,-0.0370587439052783,-0.0039));
#5455=CARTESIAN_POINT('',(-0.0512086569594983,-0.0370587439052783,-0.0039));
#5456=CARTESIAN_POINT('',(-0.0512086569594983,-0.0370587439052783,-0.0039));
#5457=CARTESIAN_POINT('',(-0.0291436115613758,-0.0370587439052783,-0.0039));
#5458=CARTESIAN_POINT('',(-0.0217885964286683,-0.0370587439052783,-0.0039));
#5459=CARTESIAN_POINT('',(-0.0217885964286683,-0.0370587439052783,-0.0039));
#5460=CARTESIAN_POINT('',(-0.0512086569594983,-0.0302765312492859,-0.0039));
#5461=CARTESIAN_POINT('',(-0.0512086569594983,-0.00992989328130862,-0.0039));
#5462=CARTESIAN_POINT('',(-0.0512086569594983,-0.00992989328130862,-0.0039));
#5463=CARTESIAN_POINT('',(-0.0512086569594983,-0.0302765312492859,-0.0039));
#5464=CARTESIAN_POINT('',(-0.0291436115613758,-0.00992989328130862,-0.0039));
#5465=CARTESIAN_POINT('',(-0.0217885964286683,-0.00992989328130863,-0.0039));
#5466=CARTESIAN_POINT('',(-0.0217885964286683,-0.00992989328130863,-0.0039));
#5467=CARTESIAN_POINT('',(-0.0291436115613758,-0.00992989328130862,-0.0039));
#5468=CARTESIAN_POINT('',(-0.0217885964286683,-0.0302765312492859,-0.0039));
#5469=CARTESIAN_POINT('',(-0.0217885964286683,-0.0302765312492859,-0.0039));
#5470=CARTESIAN_POINT('',(-0.0301436115613758,-0.0119298932813086,-0.0039));
#5471=CARTESIAN_POINT('',(-0.0301436115613758,-0.0119298932813086,-0.0039));
#5472=CARTESIAN_POINT('',(0.,1.38777878078145E-17,-0.0039));
#5473=CARTESIAN_POINT('',(-0.0444323575878028,-0.0250844198922486,-0.00399));
#5474=CARTESIAN_POINT('',(-0.0452083888935691,-0.0220801242401952,-0.00399));
#5475=CARTESIAN_POINT('',(-0.0452083888935691,-0.0220801242401952,-0.00399));
#5476=CARTESIAN_POINT('',(-0.0444323575878028,-0.0250844198922486,-0.00399));
#5477=CARTESIAN_POINT('',(-0.0436703113021912,-0.0220765464888186,-0.00399));
#5478=CARTESIAN_POINT('',(-0.0436703113021912,-0.0220765464888186,-0.00399));
#5479=CARTESIAN_POINT('',(-0.0452083888935691,-0.0216801242401953,-0.00399));
#5480=CARTESIAN_POINT('',(-0.0452083888935691,-0.0212801242401953,-0.00399));
#5481=CARTESIAN_POINT('',(-0.0452083888935691,-0.0212801242401953,-0.00399));
#5482=CARTESIAN_POINT('',(-0.0452083888935691,-0.0216801242401953,-0.00399));
#5483=CARTESIAN_POINT('',(-0.0459519669582471,-0.0181656441534312,-0.00399));
#5484=CARTESIAN_POINT('',(-0.0459519669582471,-0.0181656441534312,0.));
#5485=CARTESIAN_POINT('',(-0.0459066711023602,-0.0177720196511611,-0.00399));
#5486=CARTESIAN_POINT('',(-0.0459066711023602,-0.0177720196511611,0.));
#5487=CARTESIAN_POINT('',(-0.0458466053634021,-0.0171981272574103,-0.00399));
#5488=CARTESIAN_POINT('',(-0.0458466053634021,-0.0171981272574103,8.67361737988404E-19));
#5489=CARTESIAN_POINT('',(-0.0459092118372689,-0.0167165990286785,-0.00399));
#5490=CARTESIAN_POINT('',(-0.0459092118372689,-0.0167165990286785,0.));
#5491=CARTESIAN_POINT('',(-0.0460710210180015,-0.0165801371206604,-0.00399));
#5492=CARTESIAN_POINT('',(-0.0460710210180015,-0.0165801371206604,-8.67361737988404E-19));
#5493=CARTESIAN_POINT('',(-0.0462817797430823,-0.0165820589644291,-0.00399));
#5494=CARTESIAN_POINT('',(-0.0462817797430823,-0.0165820589644291,0.));
#5495=CARTESIAN_POINT('',(-0.0464715538480899,-0.0167084813868033,-0.00399));
#5496=CARTESIAN_POINT('',(-0.0464715538480899,-0.0167084813868033,-8.67361737988404E-19));
#5497=CARTESIAN_POINT('',(-0.0465999095807085,-0.0171639383980134,-0.00399));
#5498=CARTESIAN_POINT('',(-0.0465999095807085,-0.0171639383980134,0.));
#5499=CARTESIAN_POINT('',(-0.0466773077823636,-0.0181244906798963,-0.00399));
#5500=CARTESIAN_POINT('',(-0.0466773077823636,-0.0181244906798963,-1.73472347597681E-18));
#5501=CARTESIAN_POINT('',(-0.0466295540993152,-0.0193243915672564,-0.00399));
#5502=CARTESIAN_POINT('',(-0.0466295540993152,-0.0193243915672564,-2.60208521396521E-18));
#5503=CARTESIAN_POINT('',(-0.0464739618166147,-0.02026203173237,-0.00399));
#5504=CARTESIAN_POINT('',(-0.0464739618166147,-0.02026203173237,0.));
#5505=CARTESIAN_POINT('',(-0.0463083159872557,-0.0206808452610437,-0.00399));
#5506=CARTESIAN_POINT('',(-0.0463083159872557,-0.0206808452610437,0.));
#5507=CARTESIAN_POINT('',(-0.0460979654675932,-0.020890825075861,-0.00399));
#5508=CARTESIAN_POINT('',(-0.0460979654675932,-0.020890825075861,0.));
#5509=CARTESIAN_POINT('',(-0.0457658655654293,-0.0211304378322537,-0.00399));
#5510=CARTESIAN_POINT('',(-0.0457658655654293,-0.0211304378322537,0.));
#5511=CARTESIAN_POINT('',(-0.0454574225193894,-0.0213335405380354,-0.00399));
#5512=CARTESIAN_POINT('',(-0.0454574225193894,-0.0213335405380354,0.));
#5513=CARTESIAN_POINT('',(-0.0452083888935691,-0.0212801242401953,-0.00399));
#5514=CARTESIAN_POINT('',(-0.0452083888935691,-0.0212801242401953,0.));
#5515=CARTESIAN_POINT('',(-0.0459519669582471,-0.0181656441534312,-0.00399));
#5516=CARTESIAN_POINT('',(-0.0459519669582471,-0.0181656441534312,-0.00399));
#5517=CARTESIAN_POINT('',(-0.0459519669582471,-0.0181656441534312,-0.00399));
#5518=CARTESIAN_POINT('',(-0.0458792942304433,-0.0175341125099664,-0.00399));
#5519=CARTESIAN_POINT('',(-0.0457925638055704,-0.0166679383293857,-0.00399));
#5520=CARTESIAN_POINT('',(-0.0462176567625588,-0.0165545297305701,-0.00399));
#5521=CARTESIAN_POINT('',(-0.0467594038552584,-0.0167892543057759,-0.00399));
#5522=CARTESIAN_POINT('',(-0.0466541483330119,-0.0205252690516505,-0.00399));
#5523=CARTESIAN_POINT('',(-0.045970264147788,-0.0209624863010523,-0.00399));
#5524=CARTESIAN_POINT('',(-0.0454984586571881,-0.0213423425564442,-0.00399));
#5525=CARTESIAN_POINT('',(-0.0452083888935691,-0.0212801242401953,-0.00399));
#5526=CARTESIAN_POINT('',(-0.0453449212410173,-0.0168285536462815,-0.00399));
#5527=CARTESIAN_POINT('',(-0.0453449212410173,-0.0168285536462815,-8.67361737988404E-19));
#5528=CARTESIAN_POINT('',(-0.0453434204763191,-0.0170203022216349,-0.00399));
#5529=CARTESIAN_POINT('',(-0.0453434204763191,-0.0170203022216349,-8.67361737988404E-19));
#5530=CARTESIAN_POINT('',(-0.0453566861087261,-0.0172929031030579,-0.00399));
#5531=CARTESIAN_POINT('',(-0.0453566861087261,-0.0172929031030579,-8.67361737988404E-19));
#5532=CARTESIAN_POINT('',(-0.0453468543966483,-0.0177328437489922,-0.00399));
#5533=CARTESIAN_POINT('',(-0.0453468543966483,-0.0177328437489922,-3.46944695195361E-18));
#5534=CARTESIAN_POINT('',(-0.0452766077602146,-0.0184392130121565,-0.00399));
#5535=CARTESIAN_POINT('',(-0.0452766077602146,-0.0184392130121565,0.));
#5536=CARTESIAN_POINT('',(-0.0452729090946153,-0.0191456642286677,-0.00399));
#5537=CARTESIAN_POINT('',(-0.0452729090946153,-0.0191456642286677,0.));
#5538=CARTESIAN_POINT('',(-0.0454505484621987,-0.0195813230899022,-0.00399));
#5539=CARTESIAN_POINT('',(-0.0454505484621987,-0.0195813230899022,-2.60208521396521E-18));
#5540=CARTESIAN_POINT('',(-0.0456293942919859,-0.0196634621189788,-0.00399));
#5541=CARTESIAN_POINT('',(-0.0456293942919859,-0.0196634621189788,0.));
#5542=CARTESIAN_POINT('',(-0.0457773924498288,-0.0194818253865234,-0.00399));
#5543=CARTESIAN_POINT('',(-0.0457773924498288,-0.0194818253865234,-8.67361737988404E-19));
#5544=CARTESIAN_POINT('',(-0.0458996308518093,-0.0188768400563547,-0.00399));
#5545=CARTESIAN_POINT('',(-0.0458996308518093,-0.0188768400563547,-8.67361737988404E-19));
#5546=CARTESIAN_POINT('',(-0.0459421860655188,-0.0183514606522146,-0.00399));
#5547=CARTESIAN_POINT('',(-0.0459421860655188,-0.0183514606522146,-8.67361737988404E-19));
#5548=CARTESIAN_POINT('',(-0.0459519669582471,-0.0181656441534312,-0.00399));
#5549=CARTESIAN_POINT('',(-0.0459519669582471,-0.0181656441534312,-8.67361737988404E-19));
#5550=CARTESIAN_POINT('',(-0.0453449212410173,-0.0168285536462815,-0.00399));
#5551=CARTESIAN_POINT('',(-0.0453449212410173,-0.0168285536462815,-0.00399));
#5552=CARTESIAN_POINT('',(-0.0453449212410173,-0.0168285536462815,-0.00399));
#5553=CARTESIAN_POINT('',(-0.0453422390854918,-0.0171712452764217,-0.00399));
#5554=CARTESIAN_POINT('',(-0.0453932122909947,-0.0175814601609861,-0.00399));
#5555=CARTESIAN_POINT('',(-0.0451600699078018,-0.0192112455914392,-0.00399));
#5556=CARTESIAN_POINT('',(-0.0457907265252585,-0.0199840834220102,-0.00399));
#5557=CARTESIAN_POINT('',(-0.0459286003253894,-0.018609561291323,-0.00399));
#5558=CARTESIAN_POINT('',(-0.0459519669582471,-0.0181656441534312,-0.00399));
#5559=CARTESIAN_POINT('',(-0.0425390228629113,-0.0123469792306423,-0.00399));
#5560=CARTESIAN_POINT('',(-0.0425390228629113,-0.0123469792306423,-8.67361737988404E-19));
#5561=CARTESIAN_POINT('',(-0.0425628718604339,-0.0122948738425394,-0.00399));
#5562=CARTESIAN_POINT('',(-0.0425628718604339,-0.0122948738425394,-8.67361737988404E-19));
#5563=CARTESIAN_POINT('',(-0.0426084527790233,-0.0121874255999265,-0.00399));
#5564=CARTESIAN_POINT('',(-0.0426084527790233,-0.0121874255999265,-8.67361737988404E-19));
#5565=CARTESIAN_POINT('',(-0.042743857570071,-0.0121525863232248,-0.00399));
#5566=CARTESIAN_POINT('',(-0.042743857570071,-0.0121525863232248,-3.46944695195361E-18));
#5567=CARTESIAN_POINT('',(-0.0429303581970795,-0.012221622486555,-0.00399));
#5568=CARTESIAN_POINT('',(-0.0429303581970795,-0.012221622486555,0.));
#5569=CARTESIAN_POINT('',(-0.0430822193449379,-0.0122412698683795,-0.00399));
#5570=CARTESIAN_POINT('',(-0.0430822193449379,-0.0122412698683795,-8.67361737988404E-19));
#5571=CARTESIAN_POINT('',(-0.0432227962026808,-0.0124192942732177,-0.00399));
#5572=CARTESIAN_POINT('',(-0.0432227962026808,-0.0124192942732177,-1.73472347597681E-18));
#5573=CARTESIAN_POINT('',(-0.0433754941374497,-0.0129720647435464,-0.00399));
#5574=CARTESIAN_POINT('',(-0.0433754941374497,-0.0129720647435464,-1.73472347597681E-18));
#5575=CARTESIAN_POINT('',(-0.0435355953463948,-0.013769178300006,-0.00399));
#5576=CARTESIAN_POINT('',(-0.0435355953463948,-0.013769178300006,-8.67361737988404E-19));
#5577=CARTESIAN_POINT('',(-0.0437524294853583,-0.0149826162399149,-0.00399));
#5578=CARTESIAN_POINT('',(-0.0437524294853583,-0.0149826162399149,-2.60208521396521E-18));
#5579=CARTESIAN_POINT('',(-0.0439645348589062,-0.0161555371290395,-0.00399));
#5580=CARTESIAN_POINT('',(-0.0439645348589062,-0.0161555371290395,-1.73472347597681E-18));
#5581=CARTESIAN_POINT('',(-0.0441527626274487,-0.0167726819269951,-0.00399));
#5582=CARTESIAN_POINT('',(-0.0441527626274487,-0.0167726819269951,-8.67361737988404E-19));
#5583=CARTESIAN_POINT('',(-0.044317760875478,-0.0168100992612856,-0.00399));
#5584=CARTESIAN_POINT('',(-0.044317760875478,-0.0168100992612856,-1.73472347597681E-18));
#5585=CARTESIAN_POINT('',(-0.0444764280879916,-0.0157669575569116,-0.00399));
#5586=CARTESIAN_POINT('',(-0.0444764280879916,-0.0157669575569116,-8.67361737988404E-19));
#5587=CARTESIAN_POINT('',(-0.0446059569114121,-0.0138593292746858,-0.00399));
#5588=CARTESIAN_POINT('',(-0.0446059569114121,-0.0138593292746858,-1.73472347597681E-18));
#5589=CARTESIAN_POINT('',(-0.0446865784959821,-0.0123155958731476,-0.00399));
#5590=CARTESIAN_POINT('',(-0.0446865784959821,-0.0123155958731476,-8.67361737988404E-19));
#5591=CARTESIAN_POINT('',(-0.0447345771843185,-0.0120965364723882,-0.00399));
#5592=CARTESIAN_POINT('',(-0.0447345771843185,-0.0120965364723882,-1.73472347597681E-18));
#5593=CARTESIAN_POINT('',(-0.0451352016251644,-0.0121304837703483,-0.00399));
#5594=CARTESIAN_POINT('',(-0.0451352016251644,-0.0121304837703483,-8.67361737988404E-19));
#5595=CARTESIAN_POINT('',(-0.045550165497402,-0.0123722935172966,-0.00399));
#5596=CARTESIAN_POINT('',(-0.045550165497402,-0.0123722935172966,-2.60208521396521E-18));
#5597=CARTESIAN_POINT('',(-0.0455256064684013,-0.0127868782832943,-0.00399));
#5598=CARTESIAN_POINT('',(-0.0455256064684013,-0.0127868782832943,-1.73472347597681E-18));
#5599=CARTESIAN_POINT('',(-0.0455394350129115,-0.0138155779754308,-0.00399));
#5600=CARTESIAN_POINT('',(-0.0455394350129115,-0.0138155779754308,-8.67361737988404E-19));
#5601=CARTESIAN_POINT('',(-0.0454960860658269,-0.0152198480808208,-0.00399));
#5602=CARTESIAN_POINT('',(-0.0454960860658269,-0.0152198480808208,-8.67361737988404E-19));
#5603=CARTESIAN_POINT('',(-0.0454101123950271,-0.0162911050697846,-0.00399));
#5604=CARTESIAN_POINT('',(-0.0454101123950271,-0.0162911050697846,-8.67361737988404E-19));
#5605=CARTESIAN_POINT('',(-0.0453449212410173,-0.0168285536462815,-0.00399));
#5606=CARTESIAN_POINT('',(-0.0453449212410173,-0.0168285536462815,-8.67361737988404E-19));
#5607=CARTESIAN_POINT('',(-0.0425390228629113,-0.0123469792306423,-0.00399));
#5608=CARTESIAN_POINT('',(-0.0425390228629113,-0.0123469792306423,-0.00399));
#5609=CARTESIAN_POINT('',(-0.0425390228629113,-0.0123469792306423,-0.00399));
#5610=CARTESIAN_POINT('',(-0.0425735063795353,-0.0122716395013666,-0.00399));
#5611=CARTESIAN_POINT('',(-0.0426456402541662,-0.0121130614983536,-0.00399));
#5612=CARTESIAN_POINT('',(-0.0429700690538591,-0.012243437900816,-0.00399));
#5613=CARTESIAN_POINT('',(-0.0434228099832955,-0.0122451588016933,-0.00399));
#5614=CARTESIAN_POINT('',(-0.0443465321031913,-0.0201192487569409,-0.00399));
#5615=CARTESIAN_POINT('',(-0.0446513572712526,-0.0125000969798016,-0.00399));
#5616=CARTESIAN_POINT('',(-0.0447293961989037,-0.012112468480954,-0.00399));
#5617=CARTESIAN_POINT('',(-0.0450612429756321,-0.0121139283849202,-0.00399));
#5618=CARTESIAN_POINT('',(-0.0455248422018203,-0.0123278644860148,-0.00399));
#5619=CARTESIAN_POINT('',(-0.0455347758344943,-0.012932782969108,-0.00399));
#5620=CARTESIAN_POINT('',(-0.0455481444318129,-0.015153142062253,-0.00399));
#5621=CARTESIAN_POINT('',(-0.0453449212410173,-0.0168285536462815,-0.00399));
#5622=CARTESIAN_POINT('',(-0.0430436208844185,-0.0179497469216585,-0.00399));
#5623=CARTESIAN_POINT('',(-0.0430436208844185,-0.0179497469216585,0.));
#5624=CARTESIAN_POINT('',(-0.0430236282071753,-0.0175038363023311,-0.00399));
#5625=CARTESIAN_POINT('',(-0.0430236282071753,-0.0175038363023311,0.));
#5626=CARTESIAN_POINT('',(-0.0429757150695047,-0.0164351961881223,-0.00399));
#5627=CARTESIAN_POINT('',(-0.0429757150695047,-0.0164351961881223,0.));
#5628=CARTESIAN_POINT('',(-0.0423632029735391,-0.0134755655189481,-0.00399));
#5629=CARTESIAN_POINT('',(-0.0423632029735391,-0.0134755655189481,0.));
#5630=CARTESIAN_POINT('',(-0.0424908139497432,-0.0126564318106086,-0.00399));
#5631=CARTESIAN_POINT('',(-0.0424908139497432,-0.0126564318106086,0.));
#5632=CARTESIAN_POINT('',(-0.0425390228629113,-0.0123469792306423,-0.00399));
#5633=CARTESIAN_POINT('',(-0.0425390228629113,-0.0123469792306423,0.));
#5634=CARTESIAN_POINT('',(-0.0430436208844185,-0.0179497469216585,-0.00399));
#5635=CARTESIAN_POINT('',(-0.0430436208844185,-0.0179497469216585,-0.00399));
#5636=CARTESIAN_POINT('',(-0.0430436208844185,-0.0179497469216585,-0.00399));
#5637=CARTESIAN_POINT('',(-0.0430236282071753,-0.0175038363023311,-0.00399));
#5638=CARTESIAN_POINT('',(-0.0429757150695047,-0.0164351961881223,-0.00399));
#5639=CARTESIAN_POINT('',(-0.0423632029735391,-0.0134755655189481,-0.00399));
#5640=CARTESIAN_POINT('',(-0.0424908139497432,-0.0126564318106086,-0.00399));
#5641=CARTESIAN_POINT('',(-0.0425390228629113,-0.0123469792306423,-0.00399));
#5642=CARTESIAN_POINT('',(-0.0426701828837395,-0.019755819812417,-0.00399));
#5643=CARTESIAN_POINT('',(-0.0426701828837395,-0.019755819812417,0.));
#5644=CARTESIAN_POINT('',(-0.0428100520010411,-0.0196856287086761,-0.00399));
#5645=CARTESIAN_POINT('',(-0.0428100520010411,-0.0196856287086761,0.));
#5646=CARTESIAN_POINT('',(-0.043199632695639,-0.0194901238003912,-0.00399));
#5647=CARTESIAN_POINT('',(-0.043199632695639,-0.0194901238003912,0.));
#5648=CARTESIAN_POINT('',(-0.0431045600779133,-0.0185514278068026,-0.00399));
#5649=CARTESIAN_POINT('',(-0.0431045600779133,-0.0185514278068026,0.));
#5650=CARTESIAN_POINT('',(-0.0430436208844185,-0.0179497469216585,-0.00399));
#5651=CARTESIAN_POINT('',(-0.0430436208844185,-0.0179497469216585,0.));
#5652=CARTESIAN_POINT('',(-0.0426701828837395,-0.019755819812417,-0.00399));
#5653=CARTESIAN_POINT('',(-0.0426701828837395,-0.019755819812417,-0.00399));
#5654=CARTESIAN_POINT('',(-0.0426701828837395,-0.019755819812417,-0.00399));
#5655=CARTESIAN_POINT('',(-0.0428100520010411,-0.0196856287086761,-0.00399));
#5656=CARTESIAN_POINT('',(-0.043199632695639,-0.0194901238003912,-0.00399));
#5657=CARTESIAN_POINT('',(-0.0431045600779133,-0.0185514278068026,-0.00399));
#5658=CARTESIAN_POINT('',(-0.0430436208844185,-0.0179497469216585,-0.00399));
#5659=CARTESIAN_POINT('',(-0.0426701828837395,-0.0197558198124171,-0.00399));
#5660=CARTESIAN_POINT('',(-0.0426701828837395,-0.0197558198124171,-8.67361737988404E-19));
#5661=CARTESIAN_POINT('',(-0.042109735323517,-0.0198937288898581,-0.00399));
#5662=CARTESIAN_POINT('',(-0.042109735323517,-0.0198937288898581,-8.67361737988404E-19));
#5663=CARTESIAN_POINT('',(-0.0410034271773789,-0.0201760375979724,-0.00399));
#5664=CARTESIAN_POINT('',(-0.0410034271773789,-0.0201760375979724,1.73472347597681E-18));
#5665=CARTESIAN_POINT('',(-0.0400870569276026,-0.0206924634901881,-0.00399));
#5666=CARTESIAN_POINT('',(-0.0400870569276026,-0.0206924634901881,-8.67361737988404E-19));
#5667=CARTESIAN_POINT('',(-0.0396031161856893,-0.0209660593476307,-0.00399));
#5668=CARTESIAN_POINT('',(-0.0396031161856893,-0.0209660593476307,-8.67361737988404E-19));
#5669=CARTESIAN_POINT('',(-0.0396031161856893,-0.0209660593476307,-0.00399));
#5670=CARTESIAN_POINT('',(-0.0396031161856893,-0.0209660593476307,-0.00399));
#5671=CARTESIAN_POINT('',(-0.0426701828837395,-0.019755819812417,-0.00399));
#5672=CARTESIAN_POINT('',(-0.0421609129654066,-0.0198811356306854,-0.00399));
#5673=CARTESIAN_POINT('',(-0.0411718145234324,-0.0201268717737742,-0.00399));
#5674=CARTESIAN_POINT('',(-0.0402371024364988,-0.0206098440795316,-0.00399));
#5675=CARTESIAN_POINT('',(-0.0397123043426258,-0.0209043298323568,-0.00399));
#5676=CARTESIAN_POINT('',(-0.0396031161856893,-0.0209660593476307,-0.00399));
#5677=CARTESIAN_POINT('',(-0.0396031161794168,-0.0209660593511769,-0.00399));
#5678=CARTESIAN_POINT('',(-0.0396031161794168,-0.0209660593511769,-8.67361737988404E-19));
#5679=CARTESIAN_POINT('',(-0.0393831026328257,-0.0210533702768783,-0.00399));
#5680=CARTESIAN_POINT('',(-0.0393831026328257,-0.0210533702768783,-8.67361737988404E-19));
#5681=CARTESIAN_POINT('',(-0.038956066798501,-0.0212173199473899,-0.00399));
#5682=CARTESIAN_POINT('',(-0.038956066798501,-0.0212173199473899,-8.67361737988404E-19));
#5683=CARTESIAN_POINT('',(-0.0384460260923751,-0.0213888686395021,-0.00399));
#5684=CARTESIAN_POINT('',(-0.0384460260923751,-0.0213888686395021,-1.73472347597681E-18));
#5685=CARTESIAN_POINT('',(-0.0380299523981123,-0.0214353486632469,-0.00399));
#5686=CARTESIAN_POINT('',(-0.0380299523981123,-0.0214353486632469,-8.67361737988404E-19));
#5687=CARTESIAN_POINT('',(-0.0376187765742585,-0.0208849912771206,-0.00399));
#5688=CARTESIAN_POINT('',(-0.0376187765742585,-0.0208849912771206,-1.73472347597681E-18));
#5689=CARTESIAN_POINT('',(-0.0376937414047342,-0.0183104505248824,-0.00399));
#5690=CARTESIAN_POINT('',(-0.0376937414047342,-0.0183104505248824,-8.67361737988404E-19));
#5691=CARTESIAN_POINT('',(-0.0380564600748418,-0.0150259720228359,-0.00399));
#5692=CARTESIAN_POINT('',(-0.0380564600748418,-0.0150259720228359,-8.67361737988404E-19));
#5693=CARTESIAN_POINT('',(-0.0382525436580181,-0.0132294613867998,-0.00399));
#5694=CARTESIAN_POINT('',(-0.0382525436580181,-0.0132294613867998,-8.67361737988404E-19));
#5695=CARTESIAN_POINT('',(-0.0382525436580181,-0.0132294613867998,-0.00399));
#5696=CARTESIAN_POINT('',(-0.0382525436580181,-0.0132294613867998,-0.00399));
#5697=CARTESIAN_POINT('',(-0.0396031161794168,-0.0209660593511769,-0.00399));
#5698=CARTESIAN_POINT('',(-0.0392672624727713,-0.0210993406808123,-0.00399));
#5699=CARTESIAN_POINT('',(-0.0387227053469718,-0.0213067012637038,-0.00399));
#5700=CARTESIAN_POINT('',(-0.0381966508025831,-0.0214426228889558,-0.00399));
#5701=CARTESIAN_POINT('',(-0.0373746997129025,-0.0210896329179652,-0.00399));
#5702=CARTESIAN_POINT('',(-0.0378257833977569,-0.0171394233233245,-0.00399));
#5703=CARTESIAN_POINT('',(-0.0382525436580181,-0.0132294613867998,-0.00399));
#5704=CARTESIAN_POINT('',(-0.0382525436580181,-0.0132294613867998,-0.00399));
#5705=CARTESIAN_POINT('',(-0.0382525436580181,-0.0132294613867998,0.));
#5706=CARTESIAN_POINT('',(-0.038252921814048,-0.0130685790246039,-0.00399));
#5707=CARTESIAN_POINT('',(-0.038252921814048,-0.0130685790246039,0.));
#5708=CARTESIAN_POINT('',(-0.0382581917287563,-0.0127396193748543,-0.00399));
#5709=CARTESIAN_POINT('',(-0.0382581917287563,-0.0127396193748543,8.67361737988404E-19));
#5710=CARTESIAN_POINT('',(-0.0380931207158303,-0.0125496726835968,-0.00399));
#5711=CARTESIAN_POINT('',(-0.0380931207158303,-0.0125496726835968,0.));
#5712=CARTESIAN_POINT('',(-0.037864970272446,-0.012490217186484,-0.00399));
#5713=CARTESIAN_POINT('',(-0.037864970272446,-0.012490217186484,0.));
#5714=CARTESIAN_POINT('',(-0.0376079686578118,-0.0124230485798987,-0.00399));
#5715=CARTESIAN_POINT('',(-0.0376079686578118,-0.0124230485798987,0.));
#5716=CARTESIAN_POINT('',(-0.0371454955278639,-0.0125823004951339,-0.00399));
#5717=CARTESIAN_POINT('',(-0.0371454955278639,-0.0125823004951339,0.));
#5718=CARTESIAN_POINT('',(-0.0367265383951594,-0.014548549977474,-0.00399));
#5719=CARTESIAN_POINT('',(-0.0367265383951594,-0.014548549977474,0.));
#5720=CARTESIAN_POINT('',(-0.0365706581051558,-0.0167329737796348,-0.00399));
#5721=CARTESIAN_POINT('',(-0.0365706581051558,-0.0167329737796348,0.));
#5722=CARTESIAN_POINT('',(-0.0365257708381127,-0.0177042558789253,-0.00399));
#5723=CARTESIAN_POINT('',(-0.0365257708381127,-0.0177042558789253,0.));
#5724=CARTESIAN_POINT('',(-0.0365257708381127,-0.0177042558789257,-0.00399));
#5725=CARTESIAN_POINT('',(-0.0365257708381127,-0.0177042558789257,-0.00399));
#5726=CARTESIAN_POINT('',(-0.0382525436580181,-0.0132294613867998,-0.00399));
#5727=CARTESIAN_POINT('',(-0.0382530741006469,-0.013003790350566,-0.00399));
#5728=CARTESIAN_POINT('',(-0.0382539157883195,-0.012603428896425,-0.00399));
#5729=CARTESIAN_POINT('',(-0.0378607449811608,-0.012483834297403,-0.00399));
#5730=CARTESIAN_POINT('',(-0.0369313401998988,-0.0122690532118535,-0.00399));
#5731=CARTESIAN_POINT('',(-0.036620072505511,-0.015663732418472,-0.00399));
#5732=CARTESIAN_POINT('',(-0.0365257708381127,-0.0177042558789253,-0.00399));
#5733=CARTESIAN_POINT('',(-0.0347989980182073,-0.0132294613867998,-0.00399));
#5734=CARTESIAN_POINT('',(-0.0347989980182073,-0.0132294613867998,8.67361737988404E-19));
#5735=CARTESIAN_POINT('',(-0.0347986198621774,-0.0130685790246039,-0.00399));
#5736=CARTESIAN_POINT('',(-0.0347986198621774,-0.0130685790246039,8.67361737988404E-19));
#5737=CARTESIAN_POINT('',(-0.0347933499474691,-0.0127396193748543,-0.00399));
#5738=CARTESIAN_POINT('',(-0.0347933499474691,-0.0127396193748543,1.73472347597681E-18));
#5739=CARTESIAN_POINT('',(-0.0349584209603951,-0.0125496726835968,-0.00399));
#5740=CARTESIAN_POINT('',(-0.0349584209603951,-0.0125496726835968,8.67361737988404E-19));
#5741=CARTESIAN_POINT('',(-0.0351865714037796,-0.012490217186484,-0.00399));
#5742=CARTESIAN_POINT('',(-0.0351865714037796,-0.012490217186484,8.67361737988404E-19));
#5743=CARTESIAN_POINT('',(-0.0354435730184144,-0.0124230485798985,-0.00399));
#5744=CARTESIAN_POINT('',(-0.0354435730184144,-0.0124230485798985,8.67361737988404E-19));
#5745=CARTESIAN_POINT('',(-0.0359060461483638,-0.0125823004951354,-0.00399));
#5746=CARTESIAN_POINT('',(-0.0359060461483638,-0.0125823004951354,8.67361737988404E-19));
#5747=CARTESIAN_POINT('',(-0.0363250032810686,-0.0145485499774912,-0.00399));
#5748=CARTESIAN_POINT('',(-0.0363250032810686,-0.0145485499774912,8.67361737988404E-19));
#5749=CARTESIAN_POINT('',(-0.0364808835710715,-0.0167329737796637,-0.00399));
#5750=CARTESIAN_POINT('',(-0.0364808835710715,-0.0167329737796637,8.67361737988404E-19));
#5751=CARTESIAN_POINT('',(-0.0365257708381142,-0.0177042558789565,-0.00399));
#5752=CARTESIAN_POINT('',(-0.0365257708381142,-0.0177042558789565,8.67361737988404E-19));
#5753=CARTESIAN_POINT('',(-0.0347989980182073,-0.0132294613867998,-0.00399));
#5754=CARTESIAN_POINT('',(-0.0347989980182073,-0.0132294613867998,-0.00399));
#5755=CARTESIAN_POINT('',(-0.0347989980182073,-0.0132294613867998,-0.00399));
#5756=CARTESIAN_POINT('',(-0.0347984675755785,-0.013003790350566,-0.00399));
#5757=CARTESIAN_POINT('',(-0.034797625887906,-0.012603428896425,-0.00399));
#5758=CARTESIAN_POINT('',(-0.0351907966950646,-0.012483834297403,-0.00399));
#5759=CARTESIAN_POINT('',(-0.0361202014763297,-0.0122690532118528,-0.00399));
#5760=CARTESIAN_POINT('',(-0.0364314691707169,-0.0156637324184984,-0.00399));
#5761=CARTESIAN_POINT('',(-0.0365257708381142,-0.0177042558789565,-0.00399));
#5762=CARTESIAN_POINT('',(-0.0334484254968087,-0.0209660593511769,-0.00399));
#5763=CARTESIAN_POINT('',(-0.0334484254968087,-0.0209660593511769,-8.67361737988404E-19));
#5764=CARTESIAN_POINT('',(-0.0336684390433997,-0.0210533702768783,-0.00399));
#5765=CARTESIAN_POINT('',(-0.0336684390433997,-0.0210533702768783,-8.67361737988404E-19));
#5766=CARTESIAN_POINT('',(-0.0340954748777244,-0.0212173199473899,-0.00399));
#5767=CARTESIAN_POINT('',(-0.0340954748777244,-0.0212173199473899,-8.67361737988404E-19));
#5768=CARTESIAN_POINT('',(-0.0346055155838503,-0.0213888686395021,-0.00399));
#5769=CARTESIAN_POINT('',(-0.0346055155838503,-0.0213888686395021,-1.73472347597681E-18));
#5770=CARTESIAN_POINT('',(-0.0350215892781132,-0.0214353486632469,-0.00399));
#5771=CARTESIAN_POINT('',(-0.0350215892781132,-0.0214353486632469,-8.67361737988404E-19));
#5772=CARTESIAN_POINT('',(-0.0354327651019669,-0.0208849912771206,-0.00399));
#5773=CARTESIAN_POINT('',(-0.0354327651019669,-0.0208849912771206,-1.73472347597681E-18));
#5774=CARTESIAN_POINT('',(-0.0353578002714912,-0.0183104505248824,-0.00399));
#5775=CARTESIAN_POINT('',(-0.0353578002714912,-0.0183104505248824,-8.67361737988404E-19));
#5776=CARTESIAN_POINT('',(-0.0349950816013836,-0.0150259720228359,-0.00399));
#5777=CARTESIAN_POINT('',(-0.0349950816013836,-0.0150259720228359,-8.67361737988404E-19));
#5778=CARTESIAN_POINT('',(-0.0347989980182073,-0.0132294613867998,-0.00399));
#5779=CARTESIAN_POINT('',(-0.0347989980182073,-0.0132294613867998,-8.67361737988404E-19));
#5780=CARTESIAN_POINT('',(-0.0334484254968039,-0.0209660593511742,-0.00399));
#5781=CARTESIAN_POINT('',(-0.0334484254968039,-0.0209660593511742,-0.00399));
#5782=CARTESIAN_POINT('',(-0.0334484254968087,-0.0209660593511769,-0.00399));
#5783=CARTESIAN_POINT('',(-0.0337842792034541,-0.0210993406808123,-0.00399));
#5784=CARTESIAN_POINT('',(-0.0343288363292536,-0.0213067012637038,-0.00399));
#5785=CARTESIAN_POINT('',(-0.0348548908736424,-0.0214426228889558,-0.00399));
#5786=CARTESIAN_POINT('',(-0.0356768419633229,-0.0210896329179652,-0.00399));
#5787=CARTESIAN_POINT('',(-0.0352257582784685,-0.0171394233233245,-0.00399));
#5788=CARTESIAN_POINT('',(-0.0347989980182073,-0.0132294613867998,-0.00399));
#5789=CARTESIAN_POINT('',(-0.0303813587924859,-0.019755819812417,-0.00399));
#5790=CARTESIAN_POINT('',(-0.0303813587924859,-0.019755819812417,0.));
#5791=CARTESIAN_POINT('',(-0.0309418063539182,-0.0198937288901558,-0.00399));
#5792=CARTESIAN_POINT('',(-0.0309418063539182,-0.0198937288901558,0.));
#5793=CARTESIAN_POINT('',(-0.0320481145021985,-0.020176037599029,-0.00399));
#5794=CARTESIAN_POINT('',(-0.0320481145021985,-0.020176037599029,-8.67361737988404E-19));
#5795=CARTESIAN_POINT('',(-0.0329644847537289,-0.0206924634929974,-0.00399));
#5796=CARTESIAN_POINT('',(-0.0329644847537289,-0.0206924634929974,0.));
#5797=CARTESIAN_POINT('',(-0.0334484254968039,-0.0209660593511742,-0.00399));
#5798=CARTESIAN_POINT('',(-0.0334484254968039,-0.0209660593511742,0.));
#5799=CARTESIAN_POINT('',(-0.0303813587924859,-0.019755819812417,-0.00399));
#5800=CARTESIAN_POINT('',(-0.0303813587924859,-0.019755819812417,-0.00399));
#5801=CARTESIAN_POINT('',(-0.0303813587924859,-0.019755819812417,-0.00399));
#5802=CARTESIAN_POINT('',(-0.0308906287108188,-0.0198811356306854,-0.00399));
#5803=CARTESIAN_POINT('',(-0.0318797271527931,-0.0201268717737742,-0.00399));
#5804=CARTESIAN_POINT('',(-0.0328144392417442,-0.0206098440805741,-0.00399));
#5805=CARTESIAN_POINT('',(-0.0333392373377518,-0.0209043298346867,-0.00399));
#5806=CARTESIAN_POINT('',(-0.0334484254968039,-0.0209660593511742,-0.00399));
#5807=CARTESIAN_POINT('',(-0.0303813587924859,-0.019755819812417,-0.00399));
#5808=CARTESIAN_POINT('',(-0.0303813587924859,-0.019755819812417,0.));
#5809=CARTESIAN_POINT('',(-0.0302414896751843,-0.0196856287086761,-0.00399));
#5810=CARTESIAN_POINT('',(-0.0302414896751843,-0.0196856287086761,0.));
#5811=CARTESIAN_POINT('',(-0.0298519089805865,-0.0194901238003912,-0.00399));
#5812=CARTESIAN_POINT('',(-0.0298519089805865,-0.0194901238003912,0.));
#5813=CARTESIAN_POINT('',(-0.0299469815983121,-0.0185514278068026,-0.00399));
#5814=CARTESIAN_POINT('',(-0.0299469815983121,-0.0185514278068026,0.));
#5815=CARTESIAN_POINT('',(-0.0300079207918069,-0.0179497469216585,-0.00399));
#5816=CARTESIAN_POINT('',(-0.0300079207918069,-0.0179497469216585,0.));
#5817=CARTESIAN_POINT('',(-0.0300079207918069,-0.0179497469216585,-0.00399));
#5818=CARTESIAN_POINT('',(-0.0300079207918069,-0.0179497469216585,-0.00399));
#5819=CARTESIAN_POINT('',(-0.0303813587924859,-0.019755819812417,-0.00399));
#5820=CARTESIAN_POINT('',(-0.0302414896751843,-0.0196856287086761,-0.00399));
#5821=CARTESIAN_POINT('',(-0.0298519089805865,-0.0194901238003912,-0.00399));
#5822=CARTESIAN_POINT('',(-0.0299469815983121,-0.0185514278068026,-0.00399));
#5823=CARTESIAN_POINT('',(-0.0300079207918069,-0.0179497469216585,-0.00399));
#5824=CARTESIAN_POINT('',(-0.0300079207918069,-0.0179497469216585,-0.00399));
#5825=CARTESIAN_POINT('',(-0.0300079207918069,-0.0179497469216585,0.));
#5826=CARTESIAN_POINT('',(-0.0300279134690502,-0.0175038363023311,-0.00399));
#5827=CARTESIAN_POINT('',(-0.0300279134690502,-0.0175038363023311,0.));
#5828=CARTESIAN_POINT('',(-0.0300758266067207,-0.0164351961881223,-0.00399));
#5829=CARTESIAN_POINT('',(-0.0300758266067207,-0.0164351961881223,0.));
#5830=CARTESIAN_POINT('',(-0.0306883387026863,-0.0134755655189481,-0.00399));
#5831=CARTESIAN_POINT('',(-0.0306883387026863,-0.0134755655189481,0.));
#5832=CARTESIAN_POINT('',(-0.0305607277264822,-0.0126564318106086,-0.00399));
#5833=CARTESIAN_POINT('',(-0.0305607277264822,-0.0126564318106086,0.));
#5834=CARTESIAN_POINT('',(-0.0305125188133142,-0.0123469792306423,-0.00399));
#5835=CARTESIAN_POINT('',(-0.0305125188133142,-0.0123469792306423,0.));
#5836=CARTESIAN_POINT('',(-0.0305125188133142,-0.0123469792306423,-0.00399));
#5837=CARTESIAN_POINT('',(-0.0305125188133142,-0.0123469792306423,-0.00399));
#5838=CARTESIAN_POINT('',(-0.0300079207918069,-0.0179497469216585,-0.00399));
#5839=CARTESIAN_POINT('',(-0.0300279134690502,-0.0175038363023311,-0.00399));
#5840=CARTESIAN_POINT('',(-0.0300758266067207,-0.0164351961881223,-0.00399));
#5841=CARTESIAN_POINT('',(-0.0306883387026863,-0.0134755655189481,-0.00399));
#5842=CARTESIAN_POINT('',(-0.0305607277264822,-0.0126564318106086,-0.00399));
#5843=CARTESIAN_POINT('',(-0.0305125188133142,-0.0123469792306423,-0.00399));
#5844=CARTESIAN_POINT('',(-0.0305125188133142,-0.0123469792306423,-0.00399));
#5845=CARTESIAN_POINT('',(-0.0305125188133142,-0.0123469792306423,0.));
#5846=CARTESIAN_POINT('',(-0.0304886698157916,-0.0122948738425394,-0.00399));
#5847=CARTESIAN_POINT('',(-0.0304886698157916,-0.0122948738425394,0.));
#5848=CARTESIAN_POINT('',(-0.0304430888972021,-0.0121874255999265,-0.00399));
#5849=CARTESIAN_POINT('',(-0.0304430888972021,-0.0121874255999265,0.));
#5850=CARTESIAN_POINT('',(-0.0303076841061545,-0.0121525863232248,-0.00399));
#5851=CARTESIAN_POINT('',(-0.0303076841061545,-0.0121525863232248,-2.60208521396521E-18));
#5852=CARTESIAN_POINT('',(-0.0301211834791458,-0.012221622486555,-0.00399));
#5853=CARTESIAN_POINT('',(-0.0301211834791458,-0.012221622486555,8.67361737988404E-19));
#5854=CARTESIAN_POINT('',(-0.0299693223312875,-0.0122412698683795,-0.00399));
#5855=CARTESIAN_POINT('',(-0.0299693223312875,-0.0122412698683795,0.));
#5856=CARTESIAN_POINT('',(-0.0298287454735446,-0.0124192942732177,-0.00399));
#5857=CARTESIAN_POINT('',(-0.0298287454735446,-0.0124192942732177,-8.67361737988404E-19));
#5858=CARTESIAN_POINT('',(-0.0296760475387757,-0.0129720647435464,-0.00399));
#5859=CARTESIAN_POINT('',(-0.0296760475387757,-0.0129720647435464,-8.67361737988404E-19));
#5860=CARTESIAN_POINT('',(-0.0295159463298306,-0.013769178300006,-0.00399));
#5861=CARTESIAN_POINT('',(-0.0295159463298306,-0.013769178300006,0.));
#5862=CARTESIAN_POINT('',(-0.0292991121908671,-0.0149826162399149,-0.00399));
#5863=CARTESIAN_POINT('',(-0.0292991121908671,-0.0149826162399149,-1.73472347597681E-18));
#5864=CARTESIAN_POINT('',(-0.0290870068173192,-0.0161555371290395,-0.00399));
#5865=CARTESIAN_POINT('',(-0.0290870068173192,-0.0161555371290395,-8.67361737988404E-19));
#5866=CARTESIAN_POINT('',(-0.0288987790487767,-0.0167726819269951,-0.00399));
#5867=CARTESIAN_POINT('',(-0.0288987790487767,-0.0167726819269951,0.));
#5868=CARTESIAN_POINT('',(-0.0287337808007475,-0.0168100992612856,-0.00399));
#5869=CARTESIAN_POINT('',(-0.0287337808007475,-0.0168100992612856,-8.67361737988404E-19));
#5870=CARTESIAN_POINT('',(-0.0285751135882338,-0.0157669575569116,-0.00399));
#5871=CARTESIAN_POINT('',(-0.0285751135882338,-0.0157669575569116,0.));
#5872=CARTESIAN_POINT('',(-0.0284455847648133,-0.0138593292746858,-0.00399));
#5873=CARTESIAN_POINT('',(-0.0284455847648133,-0.0138593292746858,-8.67361737988404E-19));
#5874=CARTESIAN_POINT('',(-0.0283649631802434,-0.0123155958731476,-0.00399));
#5875=CARTESIAN_POINT('',(-0.0283649631802434,-0.0123155958731476,0.));
#5876=CARTESIAN_POINT('',(-0.0283169644919069,-0.0120965364723882,-0.00399));
#5877=CARTESIAN_POINT('',(-0.0283169644919069,-0.0120965364723882,-8.67361737988404E-19));
#5878=CARTESIAN_POINT('',(-0.0279163400510611,-0.0121304837703483,-0.00399));
#5879=CARTESIAN_POINT('',(-0.0279163400510611,-0.0121304837703483,0.));
#5880=CARTESIAN_POINT('',(-0.0275013761788233,-0.0123722935172966,-0.00399));
#5881=CARTESIAN_POINT('',(-0.0275013761788233,-0.0123722935172966,-1.73472347597681E-18));
#5882=CARTESIAN_POINT('',(-0.0275259352078241,-0.0127868782832943,-0.00399));
#5883=CARTESIAN_POINT('',(-0.0275259352078241,-0.0127868782832943,-8.67361737988404E-19));
#5884=CARTESIAN_POINT('',(-0.027512106663314,-0.0138155779754308,-0.00399));
#5885=CARTESIAN_POINT('',(-0.027512106663314,-0.0138155779754308,0.));
#5886=CARTESIAN_POINT('',(-0.0275554556103986,-0.0152198480808208,-0.00399));
#5887=CARTESIAN_POINT('',(-0.0275554556103986,-0.0152198480808208,0.));
#5888=CARTESIAN_POINT('',(-0.0276414292811984,-0.0162911050697846,-0.00399));
#5889=CARTESIAN_POINT('',(-0.0276414292811984,-0.0162911050697846,0.));
#5890=CARTESIAN_POINT('',(-0.0277066204352082,-0.0168285536462815,-0.00399));
#5891=CARTESIAN_POINT('',(-0.0277066204352082,-0.0168285536462815,0.));
#5892=CARTESIAN_POINT('',(-0.0277066204352082,-0.0168285536462815,-0.00399));
#5893=CARTESIAN_POINT('',(-0.0277066204352082,-0.0168285536462815,-0.00399));
#5894=CARTESIAN_POINT('',(-0.0305125188133142,-0.0123469792306423,-0.00399));
#5895=CARTESIAN_POINT('',(-0.0304780352966901,-0.0122716395013666,-0.00399));
#5896=CARTESIAN_POINT('',(-0.0304059014220593,-0.0121130614983536,-0.00399));
#5897=CARTESIAN_POINT('',(-0.0300814726223663,-0.012243437900816,-0.00399));
#5898=CARTESIAN_POINT('',(-0.0296287316929299,-0.0122451588016933,-0.00399));
#5899=CARTESIAN_POINT('',(-0.0287050095730342,-0.0201192487569409,-0.00399));
#5900=CARTESIAN_POINT('',(-0.0284001844049728,-0.0125000969798016,-0.00399));
#5901=CARTESIAN_POINT('',(-0.0283221454773217,-0.012112468480954,-0.00399));
#5902=CARTESIAN_POINT('',(-0.0279902987005933,-0.0121139283849202,-0.00399));
#5903=CARTESIAN_POINT('',(-0.0275266994744051,-0.0123278644860148,-0.00399));
#5904=CARTESIAN_POINT('',(-0.0275167658417311,-0.012932782969108,-0.00399));
#5905=CARTESIAN_POINT('',(-0.0275033972444126,-0.015153142062253,-0.00399));
#5906=CARTESIAN_POINT('',(-0.0277066204352082,-0.0168285536462815,-0.00399));
#5907=CARTESIAN_POINT('',(-0.0277066204352082,-0.0168285536462815,-0.00399));
#5908=CARTESIAN_POINT('',(-0.0277066204352082,-0.0168285536462815,-2.60208521396521E-18));
#5909=CARTESIAN_POINT('',(-0.0277081211999064,-0.0170203022216349,-0.00399));
#5910=CARTESIAN_POINT('',(-0.0277081211999064,-0.0170203022216349,-2.60208521396521E-18));
#5911=CARTESIAN_POINT('',(-0.0276948555674993,-0.0172929031030579,-0.00399));
#5912=CARTESIAN_POINT('',(-0.0276948555674993,-0.0172929031030579,-2.60208521396521E-18));
#5913=CARTESIAN_POINT('',(-0.0277046872795772,-0.0177328437489922,-0.00399));
#5914=CARTESIAN_POINT('',(-0.0277046872795772,-0.0177328437489922,-3.46944695195361E-18));
#5915=CARTESIAN_POINT('',(-0.0277749339160109,-0.0184392130121565,-0.00399));
#5916=CARTESIAN_POINT('',(-0.0277749339160109,-0.0184392130121565,-2.60208521396521E-18));
#5917=CARTESIAN_POINT('',(-0.0277786325816102,-0.0191456642286677,-0.00399));
#5918=CARTESIAN_POINT('',(-0.0277786325816102,-0.0191456642286677,-1.73472347597681E-18));
#5919=CARTESIAN_POINT('',(-0.0276009932140268,-0.0195813230899022,-0.00399));
#5920=CARTESIAN_POINT('',(-0.0276009932140268,-0.0195813230899022,-2.60208521396521E-18));
#5921=CARTESIAN_POINT('',(-0.0274221473842395,-0.0196634621189788,-0.00399));
#5922=CARTESIAN_POINT('',(-0.0274221473842395,-0.0196634621189788,-2.60208521396521E-18));
#5923=CARTESIAN_POINT('',(-0.0272741492263967,-0.0194818253865234,-0.00399));
#5924=CARTESIAN_POINT('',(-0.0272741492263967,-0.0194818253865234,-2.60208521396521E-18));
#5925=CARTESIAN_POINT('',(-0.0271519108244161,-0.0188768400563547,-0.00399));
#5926=CARTESIAN_POINT('',(-0.0271519108244161,-0.0188768400563547,-1.73472347597681E-18));
#5927=CARTESIAN_POINT('',(-0.0271093556107066,-0.0183514606522146,-0.00399));
#5928=CARTESIAN_POINT('',(-0.0271093556107066,-0.0183514606522146,-2.60208521396521E-18));
#5929=CARTESIAN_POINT('',(-0.0270995747179783,-0.0181656441534312,-0.00399));
#5930=CARTESIAN_POINT('',(-0.0270995747179783,-0.0181656441534312,-2.60208521396521E-18));
#5931=CARTESIAN_POINT('',(-0.0270995747179783,-0.0181656441534312,-0.00399));
#5932=CARTESIAN_POINT('',(-0.0270995747179783,-0.0181656441534312,-0.00399));
#5933=CARTESIAN_POINT('',(-0.0277066204352082,-0.0168285536462815,-0.00399));
#5934=CARTESIAN_POINT('',(-0.0277093025907337,-0.0171712452764217,-0.00399));
#5935=CARTESIAN_POINT('',(-0.0276583293852307,-0.0175814601609861,-0.00399));
#5936=CARTESIAN_POINT('',(-0.0278914717684237,-0.0192112455914392,-0.00399));
#5937=CARTESIAN_POINT('',(-0.0272608151509669,-0.0199840834220102,-0.00399));
#5938=CARTESIAN_POINT('',(-0.0271229413508361,-0.018609561291323,-0.00399));
#5939=CARTESIAN_POINT('',(-0.0270995747179783,-0.0181656441534312,-0.00399));
#5940=CARTESIAN_POINT('',(-0.0270995747179783,-0.0181656441534312,-0.00399));
#5941=CARTESIAN_POINT('',(-0.0270995747179783,-0.0181656441534312,-8.67361737988404E-19));
#5942=CARTESIAN_POINT('',(-0.0271448705738652,-0.0177720196511611,-0.00399));
#5943=CARTESIAN_POINT('',(-0.0271448705738652,-0.0177720196511611,-8.67361737988404E-19));
#5944=CARTESIAN_POINT('',(-0.0272049363128233,-0.0171981272574103,-0.00399));
#5945=CARTESIAN_POINT('',(-0.0272049363128233,-0.0171981272574103,0.));
#5946=CARTESIAN_POINT('',(-0.0271423298389565,-0.0167165990286785,-0.00399));
#5947=CARTESIAN_POINT('',(-0.0271423298389565,-0.0167165990286785,-8.67361737988404E-19));
#5948=CARTESIAN_POINT('',(-0.026980520658224,-0.0165801371206604,-0.00399));
#5949=CARTESIAN_POINT('',(-0.026980520658224,-0.0165801371206604,-1.73472347597681E-18));
#5950=CARTESIAN_POINT('',(-0.0267697619331431,-0.0165820589644291,-0.00399));
#5951=CARTESIAN_POINT('',(-0.0267697619331431,-0.0165820589644291,-8.67361737988404E-19));
#5952=CARTESIAN_POINT('',(-0.0265799878281356,-0.0167084813868033,-0.00399));
#5953=CARTESIAN_POINT('',(-0.0265799878281356,-0.0167084813868033,-1.73472347597681E-18));
#5954=CARTESIAN_POINT('',(-0.026451632095517,-0.0171639383980134,-0.00399));
#5955=CARTESIAN_POINT('',(-0.026451632095517,-0.0171639383980134,-8.67361737988404E-19));
#5956=CARTESIAN_POINT('',(-0.0263742338938618,-0.0181244906798963,-0.00399));
#5957=CARTESIAN_POINT('',(-0.0263742338938618,-0.0181244906798963,-2.60208521396521E-18));
#5958=CARTESIAN_POINT('',(-0.0264219875769102,-0.0193243915672564,-0.00399));
#5959=CARTESIAN_POINT('',(-0.0264219875769102,-0.0193243915672564,-3.46944695195361E-18));
#5960=CARTESIAN_POINT('',(-0.0265775798596107,-0.02026203173237,-0.00399));
#5961=CARTESIAN_POINT('',(-0.0265775798596107,-0.02026203173237,-8.67361737988404E-19));
#5962=CARTESIAN_POINT('',(-0.0267432256889697,-0.0206808452610437,-0.00399));
#5963=CARTESIAN_POINT('',(-0.0267432256889697,-0.0206808452610437,-8.67361737988404E-19));
#5964=CARTESIAN_POINT('',(-0.0269535762086322,-0.020890825075861,-0.00399));
#5965=CARTESIAN_POINT('',(-0.0269535762086322,-0.020890825075861,-8.67361737988404E-19));
#5966=CARTESIAN_POINT('',(-0.0272856761107961,-0.0211304378322537,-0.00399));
#5967=CARTESIAN_POINT('',(-0.0272856761107961,-0.0211304378322537,-8.67361737988404E-19));
#5968=CARTESIAN_POINT('',(-0.0275941191568361,-0.0213335405380354,-0.00399));
#5969=CARTESIAN_POINT('',(-0.0275941191568361,-0.0213335405380354,-8.67361737988404E-19));
#5970=CARTESIAN_POINT('',(-0.0278431527826563,-0.0212801242401953,-0.00399));
#5971=CARTESIAN_POINT('',(-0.0278431527826563,-0.0212801242401953,-8.67361737988404E-19));
#5972=CARTESIAN_POINT('',(-0.0278431527826563,-0.0212801242401953,-0.00399));
#5973=CARTESIAN_POINT('',(-0.0278431527826563,-0.0212801242401953,-0.00399));
#5974=CARTESIAN_POINT('',(-0.0270995747179783,-0.0181656441534312,-0.00399));
#5975=CARTESIAN_POINT('',(-0.0271722474457821,-0.0175341125099664,-0.00399));
#5976=CARTESIAN_POINT('',(-0.027258977870655,-0.0166679383293857,-0.00399));
#5977=CARTESIAN_POINT('',(-0.0268338849136667,-0.0165545297305701,-0.00399));
#5978=CARTESIAN_POINT('',(-0.0262921378209671,-0.0167892543057759,-0.00399));
#5979=CARTESIAN_POINT('',(-0.0263973933432135,-0.0205252690516505,-0.00399));
#5980=CARTESIAN_POINT('',(-0.0270812775284374,-0.0209624863010523,-0.00399));
#5981=CARTESIAN_POINT('',(-0.0275530830190374,-0.0213423425564442,-0.00399));
#5982=CARTESIAN_POINT('',(-0.0278431527826563,-0.0212801242401953,-0.00399));
#5983=CARTESIAN_POINT('',(-0.0278431527826563,-0.0216801242401953,-0.00399));
#5984=CARTESIAN_POINT('',(-0.0278431527826563,-0.0220801242401952,-0.00399));
#5985=CARTESIAN_POINT('',(-0.0278431527826563,-0.0220801242401952,-0.00399));
#5986=CARTESIAN_POINT('',(-0.0278431527826563,-0.0216801242401953,-0.00399));
#5987=CARTESIAN_POINT('',(-0.0286191840884225,-0.0250844198922486,-0.00399));
#5988=CARTESIAN_POINT('',(-0.0293812303740342,-0.0220765464888186,-0.00399));
#5989=CARTESIAN_POINT('',(-0.0293812303740342,-0.0220765464888186,-0.00399));
#5990=CARTESIAN_POINT('',(-0.0286191840884225,-0.0250844198922486,-0.00399));
#5991=CARTESIAN_POINT('',(-0.0293812303740342,-0.0216765464888186,-0.00399));
#5992=CARTESIAN_POINT('',(-0.0293812303740342,-0.0212765464888186,-0.00399));
#5993=CARTESIAN_POINT('',(-0.0293812303740342,-0.0212765464888186,-0.00399));
#5994=CARTESIAN_POINT('',(-0.0293812303740342,-0.0216765464888186,-0.00399));
#5995=CARTESIAN_POINT('',(-0.0293812303740342,-0.0212765464888186,-0.00399));
#5996=CARTESIAN_POINT('',(-0.0293812303740342,-0.0212765464888186,0.));
#5997=CARTESIAN_POINT('',(-0.0299868421543589,-0.0211190724241898,-0.00399));
#5998=CARTESIAN_POINT('',(-0.0299868421543589,-0.0211190724241898,0.));
#5999=CARTESIAN_POINT('',(-0.0305861514074174,-0.0209691209357897,-0.00399));
#6000=CARTESIAN_POINT('',(-0.0305861514074174,-0.0209691209357897,0.));
#6001=CARTESIAN_POINT('',(-0.0311859316143926,-0.0210995053394561,-0.00399));
#6002=CARTESIAN_POINT('',(-0.0311859316143926,-0.0210995053394561,0.));
#6003=CARTESIAN_POINT('',(-0.0311859316143926,-0.0210995053394561,-0.00399));
#6004=CARTESIAN_POINT('',(-0.0311859316143926,-0.0210995053394561,-0.00399));
#6005=CARTESIAN_POINT('',(-0.0293812303740342,-0.0212765464888186,-0.00399));
#6006=CARTESIAN_POINT('',(-0.0299137141838686,-0.0211380875079865,-0.00399));
#6007=CARTESIAN_POINT('',(-0.0305143728875489,-0.0209805543134708,-0.00399));
#6008=CARTESIAN_POINT('',(-0.0311135078097354,-0.0210837613477877,-0.00399));
#6009=CARTESIAN_POINT('',(-0.0311859316143926,-0.0210995053394561,-0.00399));
#6010=CARTESIAN_POINT('',(-0.0357567299618577,-0.0226155347630662,-0.00399));
#6011=CARTESIAN_POINT('',(-0.0357567299618577,-0.0226155347630662,0.));
#6012=CARTESIAN_POINT('',(-0.0353970956085246,-0.0225551858916012,-0.00399));
#6013=CARTESIAN_POINT('',(-0.0353970956085246,-0.0225551858916012,0.));
#6014=CARTESIAN_POINT('',(-0.0347355222716681,-0.0224267461213601,-0.00399));
#6015=CARTESIAN_POINT('',(-0.0347355222716681,-0.0224267461213601,-2.60208521396521E-18));
#6016=CARTESIAN_POINT('',(-0.0336336375090899,-0.0222914797785245,-0.00399));
#6017=CARTESIAN_POINT('',(-0.0336336375090899,-0.0222914797785245,8.67361737988404E-19));
#6018=CARTESIAN_POINT('',(-0.0325911806390048,-0.0217828590034739,-0.00399));
#6019=CARTESIAN_POINT('',(-0.0325911806390048,-0.0217828590034739,-8.67361737988404E-19));
#6020=CARTESIAN_POINT('',(-0.0316475412596827,-0.021329138320291,-0.00399));
#6021=CARTESIAN_POINT('',(-0.0316475412596827,-0.021329138320291,0.));
#6022=CARTESIAN_POINT('',(-0.0311859316143709,-0.0210995053394514,-0.00399));
#6023=CARTESIAN_POINT('',(-0.0311859316143709,-0.0210995053394514,0.));
#6024=CARTESIAN_POINT('',(-0.0357567299618577,-0.0226155347630662,-0.00399));
#6025=CARTESIAN_POINT('',(-0.0357567299618577,-0.0226155347630662,-0.00399));
#6026=CARTESIAN_POINT('',(-0.0357567299618577,-0.0226155347630662,-0.00399));
#6027=CARTESIAN_POINT('',(-0.0354388893239577,-0.0225621991358514,-0.00399));
#6028=CARTESIAN_POINT('',(-0.0348494060346785,-0.0224379558057796,-0.00399));
#6029=CARTESIAN_POINT('',(-0.0338159188281144,-0.0223364334919958,-0.00399));
#6030=CARTESIAN_POINT('',(-0.0327783329662094,-0.021882132089855,-0.00399));
#6031=CARTESIAN_POINT('',(-0.0317536721260996,-0.0213819343297806,-0.00399));
#6032=CARTESIAN_POINT('',(-0.0311859316143709,-0.0210995053394514,-0.00399));
#6033=CARTESIAN_POINT('',(-0.0357567299618577,-0.0230155347630662,-0.00399));
#6034=CARTESIAN_POINT('',(-0.0357567299618577,-0.0234155347630662,-0.00399));
#6035=CARTESIAN_POINT('',(-0.0357567299618577,-0.0234155347630662,-0.00399));
#6036=CARTESIAN_POINT('',(-0.0357567299618577,-0.0230155347630662,-0.00399));
#6037=CARTESIAN_POINT('',(-0.0365257708381127,-0.0264216274235019,-0.00399));
#6038=CARTESIAN_POINT('',(-0.0372948117143677,-0.0234155347630662,-0.00399));
#6039=CARTESIAN_POINT('',(-0.0372948117143677,-0.0234155347630662,-0.00399));
#6040=CARTESIAN_POINT('',(-0.0365257708381127,-0.0264216274235019,-0.00399));
#6041=CARTESIAN_POINT('',(-0.0372948117143677,-0.0230155347630662,-0.00399));
#6042=CARTESIAN_POINT('',(-0.0372948117143677,-0.0226155347630662,-0.00399));
#6043=CARTESIAN_POINT('',(-0.0372948117143677,-0.0226155347630662,-0.00399));
#6044=CARTESIAN_POINT('',(-0.0372948117143677,-0.0230155347630662,-0.00399));
#6045=CARTESIAN_POINT('',(-0.0372948117143677,-0.0226155347630662,-0.00399));
#6046=CARTESIAN_POINT('',(-0.0372948117143677,-0.0226155347630662,0.));
#6047=CARTESIAN_POINT('',(-0.0376544460677007,-0.0225551858916012,-0.00399));
#6048=CARTESIAN_POINT('',(-0.0376544460677007,-0.0225551858916012,0.));
#6049=CARTESIAN_POINT('',(-0.0383160194045573,-0.0224267461213601,-0.00399));
#6050=CARTESIAN_POINT('',(-0.0383160194045573,-0.0224267461213601,-2.60208521396521E-18));
#6051=CARTESIAN_POINT('',(-0.0394179041671355,-0.0222914797785245,-0.00399));
#6052=CARTESIAN_POINT('',(-0.0394179041671355,-0.0222914797785245,8.67361737988404E-19));
#6053=CARTESIAN_POINT('',(-0.0404603610372207,-0.0217828590034739,-0.00399));
#6054=CARTESIAN_POINT('',(-0.0404603610372207,-0.0217828590034739,-8.67361737988404E-19));
#6055=CARTESIAN_POINT('',(-0.0414040004165428,-0.021329138320291,-0.00399));
#6056=CARTESIAN_POINT('',(-0.0414040004165428,-0.021329138320291,0.));
#6057=CARTESIAN_POINT('',(-0.0418656100618545,-0.0210995053394514,-0.00399));
#6058=CARTESIAN_POINT('',(-0.0418656100618545,-0.0210995053394514,0.));
#6059=CARTESIAN_POINT('',(-0.041865610061836,-0.0210995053394554,-0.00399));
#6060=CARTESIAN_POINT('',(-0.041865610061836,-0.0210995053394554,-0.00399));
#6061=CARTESIAN_POINT('',(-0.0372948117143677,-0.0226155347630662,-0.00399));
#6062=CARTESIAN_POINT('',(-0.0376126523522677,-0.0225621991358514,-0.00399));
#6063=CARTESIAN_POINT('',(-0.0382021356415469,-0.0224379558057796,-0.00399));
#6064=CARTESIAN_POINT('',(-0.0392356228481111,-0.0223364334919958,-0.00399));
#6065=CARTESIAN_POINT('',(-0.040273208710016,-0.021882132089855,-0.00399));
#6066=CARTESIAN_POINT('',(-0.0412978695501259,-0.0213819343297806,-0.00399));
#6067=CARTESIAN_POINT('',(-0.0418656100618545,-0.0210995053394514,-0.00399));
#6068=CARTESIAN_POINT('',(-0.0436703113021912,-0.0212765464888186,-0.00399));
#6069=CARTESIAN_POINT('',(-0.0436703113021912,-0.0212765464888186,-8.67361737988404E-19));
#6070=CARTESIAN_POINT('',(-0.0430646995218675,-0.0211190724241901,-0.00399));
#6071=CARTESIAN_POINT('',(-0.0430646995218675,-0.0211190724241901,-8.67361737988404E-19));
#6072=CARTESIAN_POINT('',(-0.04246539026881,-0.0209691209357903,-0.00399));
#6073=CARTESIAN_POINT('',(-0.04246539026881,-0.0209691209357903,-8.67361737988404E-19));
#6074=CARTESIAN_POINT('',(-0.041865610061836,-0.0210995053394554,-0.00399));
#6075=CARTESIAN_POINT('',(-0.041865610061836,-0.0210995053394554,-8.67361737988404E-19));
#6076=CARTESIAN_POINT('',(-0.0436703113021912,-0.0212765464888186,-0.00399));
#6077=CARTESIAN_POINT('',(-0.0436703113021912,-0.0212765464888186,-0.00399));
#6078=CARTESIAN_POINT('',(-0.0436703113021912,-0.0212765464888186,-0.00399));
#6079=CARTESIAN_POINT('',(-0.0431378274923568,-0.0211380875079865,-0.00399));
#6080=CARTESIAN_POINT('',(-0.0425371687886776,-0.0209805543134711,-0.00399));
#6081=CARTESIAN_POINT('',(-0.0419380338664922,-0.0210837613477874,-0.00399));
#6082=CARTESIAN_POINT('',(-0.041865610061836,-0.0210995053394554,-0.00399));
#6083=CARTESIAN_POINT('',(-0.0436703113021912,-0.0216765464888186,-0.00399));
#6084=CARTESIAN_POINT('',(-0.0436703113021912,-0.0216765464888186,-0.00399));
#6085=CARTESIAN_POINT('',(0.,1.38777878078145E-17,-0.00399));
#6086=CARTESIAN_POINT('',(-0.0281012540007295,-0.0321105319356624,-0.00198));
#6087=CARTESIAN_POINT('',(-0.0281012540007295,-0.0321105319356624,0.));
#6088=CARTESIAN_POINT('',(-0.0281012540007295,-0.031887221554859,-0.00198));
#6089=CARTESIAN_POINT('',(-0.0281012540007295,-0.031887221554859,0.));
#6090=CARTESIAN_POINT('',(-0.0281787692676719,-0.0317171445501487,-0.00198));
#6091=CARTESIAN_POINT('',(-0.0281787692676719,-0.0317171445501487,0.));
#6092=CARTESIAN_POINT('',(-0.0283337998015567,-0.0316003009215314,-0.00198));
#6093=CARTESIAN_POINT('',(-0.0283337998015567,-0.0316003009215314,0.));
#6094=CARTESIAN_POINT('',(-0.0281012540007295,-0.0321105319356624,-0.00198));
#6095=CARTESIAN_POINT('',(-0.0281012540007295,-0.0321105319356624,-0.00198));
#6096=CARTESIAN_POINT('',(-0.0281012540007295,-0.0321105319356624,-0.00198));
#6097=CARTESIAN_POINT('',(-0.0281012540007295,-0.0317755663644574,-0.00198));
#6098=CARTESIAN_POINT('',(-0.0283337998015567,-0.0316003009215314,-0.00198));
#6099=CARTESIAN_POINT('',(-0.0283337998015567,-0.0316003009215314,-0.00198));
#6100=CARTESIAN_POINT('',(-0.0283337998015567,-0.0316003009215314,-0.00198));
#6101=CARTESIAN_POINT('',(-0.0287354593524906,-0.0321288470357008,-0.00198));
#6102=CARTESIAN_POINT('',(-0.0281579117460448,-0.032388528455259,-0.00198));
#6103=CARTESIAN_POINT('',(-0.0281576336329136,-0.0323886510135938,-0.00198));
#6104=CARTESIAN_POINT('',(-0.0287354593524906,-0.0321288470357008,-0.00198));
#6105=CARTESIAN_POINT('',(-0.0286675854435072,-0.0321304996026193,-0.00198));
#6106=CARTESIAN_POINT('',(-0.0283331771889708,-0.0325946132211862,-0.00198));
#6107=CARTESIAN_POINT('',(-0.0283331771889708,-0.0325946132211862,-0.00198));
#6108=CARTESIAN_POINT('',(-0.0286675854435072,-0.0321304996026193,-0.00198));
#6109=CARTESIAN_POINT('',(-0.0287064334342075,-0.0327873118165169,-0.00198));
#6110=CARTESIAN_POINT('',(-0.0287064334342075,-0.0327873118165169,0.));
#6111=CARTESIAN_POINT('',(-0.0285366677357901,-0.0327184093570125,-0.00198));
#6112=CARTESIAN_POINT('',(-0.0285366677357901,-0.0327184093570125,0.));
#6113=CARTESIAN_POINT('',(-0.0284122489873779,-0.0326541764919023,-0.00198));
#6114=CARTESIAN_POINT('',(-0.0284122489873779,-0.0326541764919023,0.));
#6115=CARTESIAN_POINT('',(-0.0283331771889708,-0.0325946132211862,-0.00198));
#6116=CARTESIAN_POINT('',(-0.0283331771889708,-0.0325946132211862,0.));
#6117=CARTESIAN_POINT('',(-0.0287064334342075,-0.0327873118165169,-0.00198));
#6118=CARTESIAN_POINT('',(-0.0287064334342075,-0.0327873118165169,-0.00198));
#6119=CARTESIAN_POINT('',(-0.0287064334342075,-0.0327873118165169,-0.00198));
#6120=CARTESIAN_POINT('',(-0.0284517848865815,-0.0326839581272603,-0.00198));
#6121=CARTESIAN_POINT('',(-0.0283331771889708,-0.0325946132211862,-0.00198));
#6122=CARTESIAN_POINT('',(-0.0290775105353937,-0.0329603981153923,-0.00198));
#6123=CARTESIAN_POINT('',(-0.0290775105353937,-0.0329603981153923,0.));
#6124=CARTESIAN_POINT('',(-0.029021060327607,-0.0329213810600103,-0.00198));
#6125=CARTESIAN_POINT('',(-0.029021060327607,-0.0329213810600103,0.));
#6126=CARTESIAN_POINT('',(-0.0288973679605449,-0.0328636856270519,-0.00198));
#6127=CARTESIAN_POINT('',(-0.0288973679605449,-0.0328636856270519,0.));
#6128=CARTESIAN_POINT('',(-0.0287064334342075,-0.0327873118165169,-0.00198));
#6129=CARTESIAN_POINT('',(-0.0287064334342075,-0.0327873118165169,0.));
#6130=CARTESIAN_POINT('',(-0.0290775105353937,-0.0329603981153923,-0.00198));
#6131=CARTESIAN_POINT('',(-0.0290775105353937,-0.0329603981153923,-0.00198));
#6132=CARTESIAN_POINT('',(-0.0290775105353937,-0.0329603981153923,-0.00198));
#6133=CARTESIAN_POINT('',(-0.0289928352237136,-0.0329018725323193,-0.00198));
#6134=CARTESIAN_POINT('',(-0.0287064334342075,-0.0327873118165169,-0.00198));
#6135=CARTESIAN_POINT('',(-0.0291621858470737,-0.0330986181094583,-0.00198));
#6136=CARTESIAN_POINT('',(-0.0291621858470737,-0.0330986181094583,0.));
#6137=CARTESIAN_POINT('',(-0.0291621858470737,-0.0330454885021296,-0.00198));
#6138=CARTESIAN_POINT('',(-0.0291621858470737,-0.0330454885021296,0.));
#6139=CARTESIAN_POINT('',(-0.0291339607431804,-0.0329994151707743,-0.00198));
#6140=CARTESIAN_POINT('',(-0.0291339607431804,-0.0329994151707743,0.));
#6141=CARTESIAN_POINT('',(-0.0290775105353937,-0.0329603981153923,-0.00198));
#6142=CARTESIAN_POINT('',(-0.0290775105353937,-0.0329603981153923,0.));
#6143=CARTESIAN_POINT('',(-0.0291621858470737,-0.0330986181094583,-0.00198));
#6144=CARTESIAN_POINT('',(-0.0291621858470737,-0.0330986181094583,-0.00198));
#6145=CARTESIAN_POINT('',(-0.0291621858470737,-0.0330986181094583,-0.00198));
#6146=CARTESIAN_POINT('',(-0.0291621858470737,-0.0330189236984653,-0.00198));
#6147=CARTESIAN_POINT('',(-0.0290775105353937,-0.0329603981153923,-0.00198));
#6148=CARTESIAN_POINT('',(-0.0288994433358312,-0.0332405737790396,-0.00198));
#6149=CARTESIAN_POINT('',(-0.0288994433358312,-0.0332405737790396,0.));
#6150=CARTESIAN_POINT('',(-0.0290746050099929,-0.0332405737790396,-0.00198));
#6151=CARTESIAN_POINT('',(-0.0290746050099929,-0.0332405737790396,0.));
#6152=CARTESIAN_POINT('',(-0.0291621858470737,-0.0331932552225125,-0.00198));
#6153=CARTESIAN_POINT('',(-0.0291621858470737,-0.0331932552225125,0.));
#6154=CARTESIAN_POINT('',(-0.0291621858470737,-0.0330986181094583,-0.00198));
#6155=CARTESIAN_POINT('',(-0.0291621858470737,-0.0330986181094583,0.));
#6156=CARTESIAN_POINT('',(-0.0288994433358312,-0.0332405737790396,-0.00198));
#6157=CARTESIAN_POINT('',(-0.0288994433353241,-0.0332405728359058,-0.00198));
#6158=CARTESIAN_POINT('',(-0.0288994433358312,-0.0332405737790396,-0.00198));
#6159=CARTESIAN_POINT('',(-0.0291621858470737,-0.0332405737790396,-0.00198));
#6160=CARTESIAN_POINT('',(-0.0291621858470737,-0.0330986181094583,-0.00198));
#6161=CARTESIAN_POINT('',(-0.0288989284873206,-0.0322829589596601,-0.00198));
#6162=CARTESIAN_POINT('',(-0.0286093058708098,-0.033195745672856,-0.00198));
#6163=CARTESIAN_POINT('',(-0.028609290118811,-0.0331957944228176,-0.00198));
#6164=CARTESIAN_POINT('',(-0.0288989284873206,-0.0322829589596601,-0.00198));
#6165=CARTESIAN_POINT('',(-0.0296528482828279,-0.029952961269163,-0.00198));
#6166=CARTESIAN_POINT('',(-0.028303647285126,-0.0330810791674285,-0.00198));
#6167=CARTESIAN_POINT('',(-0.0283036472854368,-0.0330810791673029,-0.00198));
#6168=CARTESIAN_POINT('',(-0.0296528482828279,-0.029952961269163,-0.00198));
#6169=CARTESIAN_POINT('',(-0.0282142581850672,-0.0332950523803043,-0.00198));
#6170=CARTESIAN_POINT('',(-0.0281250630454394,-0.0335085613033856,-0.00198));
#6171=CARTESIAN_POINT('',(-0.0281250630454394,-0.0335085613033856,-0.00198));
#6172=CARTESIAN_POINT('',(-0.0282142581850672,-0.0332950523803043,-0.00198));
#6173=CARTESIAN_POINT('',(-0.0288942848880298,-0.0318725087992075,-0.00198));
#6174=CARTESIAN_POINT('',(-0.028889481534457,-0.0336801382646728,-0.00198));
#6175=CARTESIAN_POINT('',(-0.028889481534457,-0.0336801382646728,-0.00198));
#6176=CARTESIAN_POINT('',(-0.0288942848880298,-0.0318725087992075,-0.00198));
#6177=CARTESIAN_POINT('',(-0.029526725516108,-0.0335216833615656,-0.00198));
#6178=CARTESIAN_POINT('',(-0.029526725516108,-0.0335216833615656,0.));
#6179=CARTESIAN_POINT('',(-0.0293770909579676,-0.0336273199636371,-0.00198));
#6180=CARTESIAN_POINT('',(-0.0293770909579676,-0.0336273199636371,0.));
#6181=CARTESIAN_POINT('',(-0.0291646762974172,-0.0336801382646728,-0.00198));
#6182=CARTESIAN_POINT('',(-0.0291646762974172,-0.0336801382646728,0.));
#6183=CARTESIAN_POINT('',(-0.028889481534457,-0.0336801382646728,-0.00198));
#6184=CARTESIAN_POINT('',(-0.028889481534457,-0.0336801382646728,0.));
#6185=CARTESIAN_POINT('',(-0.029526725516108,-0.0335216833615656,-0.00198));
#6186=CARTESIAN_POINT('',(-0.029526725516108,-0.0335216833615656,-0.00198));
#6187=CARTESIAN_POINT('',(-0.029526725516108,-0.0335216833615656,-0.00198));
#6188=CARTESIAN_POINT('',(-0.0293022736788973,-0.0336801382646728,-0.00198));
#6189=CARTESIAN_POINT('',(-0.028889481534457,-0.0336801382646728,-0.00198));
#6190=CARTESIAN_POINT('',(-0.0297511773533188,-0.0330730909934371,-0.00198));
#6191=CARTESIAN_POINT('',(-0.0297511773533188,-0.0330730909934371,0.));
#6192=CARTESIAN_POINT('',(-0.0297511773533188,-0.033266515970118,-0.00198));
#6193=CARTESIAN_POINT('',(-0.0297511773533188,-0.033266515970118,0.));
#6194=CARTESIAN_POINT('',(-0.0296763600742486,-0.0334160467594942,-0.00198));
#6195=CARTESIAN_POINT('',(-0.0296763600742486,-0.0334160467594942,0.));
#6196=CARTESIAN_POINT('',(-0.029526725516108,-0.0335216833615656,-0.00198));
#6197=CARTESIAN_POINT('',(-0.029526725516108,-0.0335216833615656,0.));
#6198=CARTESIAN_POINT('',(-0.0297511773533188,-0.0330730909934371,-0.00198));
#6199=CARTESIAN_POINT('',(-0.0297511773533188,-0.0330730909934371,-0.00198));
#6200=CARTESIAN_POINT('',(-0.0297511773533188,-0.0330730909934371,-0.00198));
#6201=CARTESIAN_POINT('',(-0.0297511773533188,-0.0333632284584585,-0.00198));
#6202=CARTESIAN_POINT('',(-0.029526725516108,-0.0335216833615656,-0.00198));
#6203=CARTESIAN_POINT('',(-0.0290658652851243,-0.0330504083910165,-0.00198));
#6204=CARTESIAN_POINT('',(-0.0296979439772258,-0.0327885570416887,-0.00198));
#6205=CARTESIAN_POINT('',(-0.0296983029121469,-0.0327884134494727,-0.00198));
#6206=CARTESIAN_POINT('',(-0.0290658652851243,-0.0330504083910165,-0.00198));
#6207=CARTESIAN_POINT('',(-0.0292065338450626,-0.0330263526004206,-0.00198));
#6208=CARTESIAN_POINT('',(-0.029526725516108,-0.0325830948883473,-0.00198));
#6209=CARTESIAN_POINT('',(-0.029526725516108,-0.0325830948883473,-0.00198));
#6210=CARTESIAN_POINT('',(-0.0292065338450626,-0.0330263526004206,-0.00198));
#6211=CARTESIAN_POINT('',(-0.0291578275589725,-0.0323882171489661,-0.00198));
#6212=CARTESIAN_POINT('',(-0.0291578275589725,-0.0323882171489661,0.));
#6213=CARTESIAN_POINT('',(-0.0293251028070463,-0.0324583648336422,-0.00198));
#6214=CARTESIAN_POINT('',(-0.0293251028070463,-0.0324583648336422,0.));
#6215=CARTESIAN_POINT('',(-0.0294480687927582,-0.0325233240801026,-0.00198));
#6216=CARTESIAN_POINT('',(-0.0294480687927582,-0.0325233240801026,0.));
#6217=CARTESIAN_POINT('',(-0.029526725516108,-0.0325830948883473,-0.00198));
#6218=CARTESIAN_POINT('',(-0.029526725516108,-0.0325830948883473,0.));
#6219=CARTESIAN_POINT('',(-0.0291578275589725,-0.0323882171489661,-0.00198));
#6220=CARTESIAN_POINT('',(-0.0291578275589725,-0.0323882171489661,-0.00198));
#6221=CARTESIAN_POINT('',(-0.0291578275589725,-0.0323882171489661,-0.00198));
#6222=CARTESIAN_POINT('',(-0.0294087404310833,-0.0324934386759803,-0.00198));
#6223=CARTESIAN_POINT('',(-0.029526725516108,-0.0325830948883473,-0.00198));
#6224=CARTESIAN_POINT('',(-0.0305662448200233,-0.0289470236486443,-0.00198));
#6225=CARTESIAN_POINT('',(-0.0288779632016182,-0.0322593363436883,-0.00198));
#6226=CARTESIAN_POINT('',(-0.028878029842184,-0.0322591892226431,-0.00198));
#6227=CARTESIAN_POINT('',(-0.0305662448200233,-0.0289470236486443,-0.00198));
#6228=CARTESIAN_POINT('',(-0.0291591017529467,-0.0316720622379819,-0.00198));
#6229=CARTESIAN_POINT('',(-0.028730092712471,-0.03216002963624,-0.00198));
#6230=CARTESIAN_POINT('',(-0.0287298525292004,-0.0321603265368947,-0.00198));
#6231=CARTESIAN_POINT('',(-0.0291591017529467,-0.0316720622379819,-0.00198));
#6232=CARTESIAN_POINT('',(-0.0288437040435744,-0.0320529823821945,-0.00198));
#6233=CARTESIAN_POINT('',(-0.0286871324440451,-0.0320457802267305,-0.00198));
#6234=CARTESIAN_POINT('',(-0.0286871324440451,-0.0320457802267305,-0.00198));
#6235=CARTESIAN_POINT('',(-0.0288437040435744,-0.0320529823821945,-0.00198));
#6236=CARTESIAN_POINT('',(-0.0290102683761183,-0.0318589964509657,-0.00198));
#6237=CARTESIAN_POINT('',(-0.0290102683761183,-0.0318589964509657,0.));
#6238=CARTESIAN_POINT('',(-0.0287948444214029,-0.0318589964509657,-0.00198));
#6239=CARTESIAN_POINT('',(-0.0287948444214029,-0.0318589964509657,0.));
#6240=CARTESIAN_POINT('',(-0.0286871324440451,-0.031921257709554,-0.00198));
#6241=CARTESIAN_POINT('',(-0.0286871324440451,-0.031921257709554,0.));
#6242=CARTESIAN_POINT('',(-0.0286871324440451,-0.0320457802267305,-0.00198));
#6243=CARTESIAN_POINT('',(-0.0286871324440451,-0.0320457802267305,0.));
#6244=CARTESIAN_POINT('',(-0.0290102683761183,-0.0318589964509657,-0.00198));
#6245=CARTESIAN_POINT('',(-0.0290102683761183,-0.0318589964509657,-0.00198));
#6246=CARTESIAN_POINT('',(-0.0290102683761183,-0.0318589964509657,-0.00198));
#6247=CARTESIAN_POINT('',(-0.0286871324440451,-0.0318589964509657,-0.00198));
#6248=CARTESIAN_POINT('',(-0.0286871324440451,-0.0320457802267305,-0.00198));
#6249=CARTESIAN_POINT('',(-0.028972172514505,-0.0333807637635598,-0.00198));
#6250=CARTESIAN_POINT('',(-0.0293751193514456,-0.0319116072144728,-0.00198));
#6251=CARTESIAN_POINT('',(-0.0293750455842896,-0.0319118752283719,-0.00198));
#6252=CARTESIAN_POINT('',(-0.028972172514505,-0.0333807637635598,-0.00198));
#6253=CARTESIAN_POINT('',(-0.0288839261423703,-0.0339183890864398,-0.00198));
#6254=CARTESIAN_POINT('',(-0.0297474416778035,-0.0320417575264709,-0.00198));
#6255=CARTESIAN_POINT('',(-0.0297474416778035,-0.0320417575264709,-0.00198));
#6256=CARTESIAN_POINT('',(-0.0288839261423703,-0.0339183890864398,-0.00198));
#6257=CARTESIAN_POINT('',(-0.0297474416778035,-0.0317970464986704,-0.00198));
#6258=CARTESIAN_POINT('',(-0.0297474416778035,-0.031551931466274,-0.00198));
#6259=CARTESIAN_POINT('',(-0.0297474416778035,-0.031551931466274,-0.00198));
#6260=CARTESIAN_POINT('',(-0.0297474416778035,-0.0317970464986704,-0.00198));
#6261=CARTESIAN_POINT('',(-0.0291496407215285,-0.0329683795030899,-0.00198));
#6262=CARTESIAN_POINT('',(-0.0294342675471044,-0.0314574113330714,-0.00198));
#6263=CARTESIAN_POINT('',(-0.0294343038411389,-0.0314571916708286,-0.00198));
#6264=CARTESIAN_POINT('',(-0.0291496407215285,-0.0329683795030899,-0.00198));
#6265=CARTESIAN_POINT('',(-0.029063415470714,-0.0336188828650623,-0.00198));
#6266=CARTESIAN_POINT('',(-0.0290295693662806,-0.0314250354786055,-0.00198));
#6267=CARTESIAN_POINT('',(-0.0290295693662806,-0.0314250354786055,-0.00198));
#6268=CARTESIAN_POINT('',(-0.029063415470714,-0.0336188828650623,-0.00198));
#6269=CARTESIAN_POINT('',(-0.0283337998015567,-0.0316003009215314,-0.00198));
#6270=CARTESIAN_POINT('',(-0.0283337998015567,-0.0316003009215314,0.));
#6271=CARTESIAN_POINT('',(-0.0284888303354415,-0.0314834572929141,-0.00198));
#6272=CARTESIAN_POINT('',(-0.0284888303354415,-0.0314834572929141,0.));
#6273=CARTESIAN_POINT('',(-0.0287207535236828,-0.0314250354786055,-0.00198));
#6274=CARTESIAN_POINT('',(-0.0287207535236828,-0.0314250354786055,0.));
#6275=CARTESIAN_POINT('',(-0.0290295693662806,-0.0314250354786055,-0.00198));
#6276=CARTESIAN_POINT('',(-0.0290295693662806,-0.0314250354786055,0.));
#6277=CARTESIAN_POINT('',(-0.0283337998015567,-0.0316003009215314,-0.00198));
#6278=CARTESIAN_POINT('',(-0.0285663456023839,-0.0314250354786055,-0.00198));
#6279=CARTESIAN_POINT('',(-0.0290295693662806,-0.0314250354786055,-0.00198));
#6280=CARTESIAN_POINT('',(0.,1.38777878078145E-17,-0.00198));
#6281=CARTESIAN_POINT('',(-0.0301949837245596,-0.0327031990410263,-0.00198));
#6282=CARTESIAN_POINT('',(-0.0302144011172155,-0.0336801382646728,-0.00198));
#6283=CARTESIAN_POINT('',(-0.0302143964427147,-0.0336799776507899,-0.00198));
#6284=CARTESIAN_POINT('',(-0.0301949837245596,-0.0327031990410263,-0.00198));
#6285=CARTESIAN_POINT('',(-0.0300138899256508,-0.0336630764379224,-0.00198));
#6286=CARTESIAN_POINT('',(-0.0300138899256508,-0.0336630764379224,-0.00198));
#6287=CARTESIAN_POINT('',(-0.0302170746729228,-0.0330066414700001,-0.00198));
#6288=CARTESIAN_POINT('',(-0.0305889025876241,-0.0335683793055069,-0.00198));
#6289=CARTESIAN_POINT('',(-0.0305888607334364,-0.0335683170876274,-0.00198));
#6290=CARTESIAN_POINT('',(-0.0302170746729228,-0.0330066414700001,-0.00198));
#6291=CARTESIAN_POINT('',(-0.0301440283562288,-0.032881534274121,-0.00198));
#6292=CARTESIAN_POINT('',(-0.0308623710498206,-0.0332735722460913,-0.00198));
#6293=CARTESIAN_POINT('',(-0.0308623710498206,-0.0332735722460913,-0.00198));
#6294=CARTESIAN_POINT('',(-0.0301440283562288,-0.032881534274121,-0.00198));
#6295=CARTESIAN_POINT('',(-0.0308768609085948,-0.0332735722460913,-0.00198));
#6296=CARTESIAN_POINT('',(-0.0308911809980701,-0.0332735722460913,-0.00198));
#6297=CARTESIAN_POINT('',(-0.0308911809980701,-0.0332735722460913,-0.00198));
#6298=CARTESIAN_POINT('',(-0.0308768609085948,-0.0332735722460913,-0.00198));
#6299=CARTESIAN_POINT('',(-0.0309350751853749,-0.0334566203463409,-0.00198));
#6300=CARTESIAN_POINT('',(-0.0309789693726796,-0.0336396684465904,-0.00198));
#6301=CARTESIAN_POINT('',(-0.0309789693726796,-0.0336396684465904,-0.00198));
#6302=CARTESIAN_POINT('',(-0.0309350751853749,-0.0334566203463409,-0.00198));
#6303=CARTESIAN_POINT('',(-0.0312037325161833,-0.0336396684465904,-0.00198));
#6304=CARTESIAN_POINT('',(-0.031428495659687,-0.0336396684465904,-0.00198));
#6305=CARTESIAN_POINT('',(-0.031428495659687,-0.0336396684465904,-0.00198));
#6306=CARTESIAN_POINT('',(-0.0312037325161833,-0.0336396684465904,-0.00198));
#6307=CARTESIAN_POINT('',(-0.031428495659687,-0.0325519642590532,-0.00198));
#6308=CARTESIAN_POINT('',(-0.031428495659687,-0.0314642600715161,-0.00198));
#6309=CARTESIAN_POINT('',(-0.031428495659687,-0.0314642600715161,-0.00198));
#6310=CARTESIAN_POINT('',(-0.031428495659687,-0.0325519642590532,-0.00198));
#6311=CARTESIAN_POINT('',(-0.0311318207625138,-0.0314642600715161,-0.00198));
#6312=CARTESIAN_POINT('',(-0.0308351458653407,-0.0314642600715161,-0.00198));
#6313=CARTESIAN_POINT('',(-0.0308351458653407,-0.0314642600715161,-0.00198));
#6314=CARTESIAN_POINT('',(-0.0311318207625138,-0.0314642600715161,-0.00198));
#6315=CARTESIAN_POINT('',(-0.0308351458653407,-0.0320177626603658,-0.00198));
#6316=CARTESIAN_POINT('',(-0.0308351458653407,-0.0325712652492156,-0.00198));
#6317=CARTESIAN_POINT('',(-0.0308351458653407,-0.0325712652492156,-0.00198));
#6318=CARTESIAN_POINT('',(-0.0308351458653407,-0.0320177626603658,-0.00198));
#6319=CARTESIAN_POINT('',(-0.0306763796559406,-0.0329800104118476,-0.00198));
#6320=CARTESIAN_POINT('',(-0.0306763796559406,-0.0329800104118476,0.));
#6321=CARTESIAN_POINT('',(-0.0307822237955406,-0.0328826753109213,-0.00198));
#6322=CARTESIAN_POINT('',(-0.0307822237955406,-0.0328826753109213,0.));
#6323=CARTESIAN_POINT('',(-0.0308351458653407,-0.0327464269233773,-0.00198));
#6324=CARTESIAN_POINT('',(-0.0308351458653407,-0.0327464269233773,0.));
#6325=CARTESIAN_POINT('',(-0.0308351458653407,-0.0325712652492156,-0.00198));
#6326=CARTESIAN_POINT('',(-0.0308351458653407,-0.0325712652492156,0.));
#6327=CARTESIAN_POINT('',(-0.0306763796559406,-0.0329800104118476,-0.00198));
#6328=CARTESIAN_POINT('',(-0.0306763796559406,-0.0329800104118476,-0.00198));
#6329=CARTESIAN_POINT('',(-0.0306763796559406,-0.0329800104118476,-0.00198));
#6330=CARTESIAN_POINT('',(-0.0308351458653407,-0.0328340077604581,-0.00198));
#6331=CARTESIAN_POINT('',(-0.0308351458653407,-0.0325712652492156,-0.00198));
#6332=CARTESIAN_POINT('',(-0.0302337021073779,-0.0331260130632371,-0.00198));
#6333=CARTESIAN_POINT('',(-0.0302337021073779,-0.0331260130632371,0.));
#6334=CARTESIAN_POINT('',(-0.0304229763334863,-0.0331260130632371,-0.00198));
#6335=CARTESIAN_POINT('',(-0.0304229763334863,-0.0331260130632371,0.));
#6336=CARTESIAN_POINT('',(-0.0305705355163405,-0.0330773455127739,-0.00198));
#6337=CARTESIAN_POINT('',(-0.0305705355163405,-0.0330773455127739,0.));
#6338=CARTESIAN_POINT('',(-0.0306763796559406,-0.0329800104118476,-0.00198));
#6339=CARTESIAN_POINT('',(-0.0306763796559406,-0.0329800104118476,0.));
#6340=CARTESIAN_POINT('',(-0.0302337021073779,-0.0331260130632371,-0.00198));
#6341=CARTESIAN_POINT('',(-0.0302337021073779,-0.0331260130632371,-0.00198));
#6342=CARTESIAN_POINT('',(-0.0302337021073779,-0.0331260130632371,-0.00198));
#6343=CARTESIAN_POINT('',(-0.0305176134465404,-0.0331260130632371,-0.00198));
#6344=CARTESIAN_POINT('',(-0.0306763796559406,-0.0329800104118476,-0.00198));
#6345=CARTESIAN_POINT('',(-0.0302192605594864,-0.0324324597756337,-0.00198));
#6346=CARTESIAN_POINT('',(-0.030058721935212,-0.033107034786751,-0.00198));
#6347=CARTESIAN_POINT('',(-0.0300587219437444,-0.0331070347805514,-0.00198));
#6348=CARTESIAN_POINT('',(-0.0302192605594864,-0.0324324597756337,-0.00198));
#6349=CARTESIAN_POINT('',(-0.0300363339176531,-0.0333847085926714,-0.00198));
#6350=CARTESIAN_POINT('',(-0.0300363339176531,-0.0333847085926714,-0.00198));
#6351=CARTESIAN_POINT('',(0.,1.38777878078145E-17,-0.00198));
#6352=CARTESIAN_POINT('',(-0.032798243348629,-0.0314250354786055,-0.00198));
#6353=CARTESIAN_POINT('',(-0.032798243348629,-0.0314250354786055,0.));
#6354=CARTESIAN_POINT('',(-0.0331481516218951,-0.0314250354786055,-0.00198));
#6355=CARTESIAN_POINT('',(-0.0331481516218951,-0.0314250354786055,0.));
#6356=CARTESIAN_POINT('',(-0.0334216860846263,-0.0315217479669459,-0.00198));
#6357=CARTESIAN_POINT('',(-0.0334216860846263,-0.0315217479669459,0.));
#6358=CARTESIAN_POINT('',(-0.0336188467368225,-0.0317151729436268,-0.00198));
#6359=CARTESIAN_POINT('',(-0.0336188467368225,-0.0317151729436268,0.));
#6360=CARTESIAN_POINT('',(-0.032798243348629,-0.0314250354786055,-0.00198));
#6361=CARTESIAN_POINT('',(-0.032798243348629,-0.0314250354786055,-0.00198));
#6362=CARTESIAN_POINT('',(-0.032798243348629,-0.0314250354786055,-0.00198));
#6363=CARTESIAN_POINT('',(-0.0333231057585282,-0.0314250354786055,-0.00198));
#6364=CARTESIAN_POINT('',(-0.0336188467368225,-0.0317151729436268,-0.00198));
#6365=CARTESIAN_POINT('',(-0.0336188467368225,-0.0317151729436268,-0.00198));
#6366=CARTESIAN_POINT('',(-0.0336188467368225,-0.0317151729436268,-0.00198));
#6367=CARTESIAN_POINT('',(-0.032760602314035,-0.0335464453029518,-0.00198));
#6368=CARTESIAN_POINT('',(-0.0323661502140264,-0.0314630148463442,-0.00198));
#6369=CARTESIAN_POINT('',(-0.0323660978570516,-0.0314627141514073,-0.00198));
#6370=CARTESIAN_POINT('',(-0.032760602314035,-0.0335464453029518,-0.00198));
#6371=CARTESIAN_POINT('',(-0.0326545995718236,-0.0328280833204639,-0.00198));
#6372=CARTESIAN_POINT('',(-0.032033675093165,-0.0315787460370356,-0.00198));
#6373=CARTESIAN_POINT('',(-0.032033675093165,-0.0315787460370356,-0.00198));
#6374=CARTESIAN_POINT('',(-0.0326545995718236,-0.0328280833204639,-0.00198));
#6375=CARTESIAN_POINT('',(-0.032033675093165,-0.0318085648315092,-0.00198));
#6376=CARTESIAN_POINT('',(-0.032033675093165,-0.0320386108755889,-0.00198));
#6377=CARTESIAN_POINT('',(-0.032033675093165,-0.0320383088757,-0.00198));
#6378=CARTESIAN_POINT('',(-0.032033675093165,-0.0318085648315092,-0.00198));
#6379=CARTESIAN_POINT('',(-0.032838113403464,-0.0337071957987566,-0.00198));
#6380=CARTESIAN_POINT('',(-0.0323991486810781,-0.0319078715389575,-0.00198));
#6381=CARTESIAN_POINT('',(-0.0323991155587505,-0.0319077352492321,-0.00198));
#6382=CARTESIAN_POINT('',(-0.032838113403464,-0.0337071957987566,-0.00198));
#6383=CARTESIAN_POINT('',(-0.0327606664300346,-0.0335019890505292,-0.00198));
#6384=CARTESIAN_POINT('',(-0.0327708483948502,-0.0318670904145822,-0.00198));
#6385=CARTESIAN_POINT('',(-0.0327708483948502,-0.0318670904145822,-0.00198));
#6386=CARTESIAN_POINT('',(-0.0327606664300346,-0.0335019890505292,-0.00198));
#6387=CARTESIAN_POINT('',(-0.0331637169365422,-0.0320090460841634,-0.00198));
#6388=CARTESIAN_POINT('',(-0.0331637169365422,-0.0320090460841634,0.));
#6389=CARTESIAN_POINT('',(-0.0330703250486598,-0.0319144089711093,-0.00198));
#6390=CARTESIAN_POINT('',(-0.0330703250486598,-0.0319144089711093,0.));
#6391=CARTESIAN_POINT('',(-0.0329393688680958,-0.0318670904145822,-0.00198));
#6392=CARTESIAN_POINT('',(-0.0329393688680958,-0.0318670904145822,0.));
#6393=CARTESIAN_POINT('',(-0.0327708483948502,-0.0318670904145822,-0.00198));
#6394=CARTESIAN_POINT('',(-0.0327708483948502,-0.0318670904145822,0.));
#6395=CARTESIAN_POINT('',(-0.0331637169365422,-0.0320090460841634,-0.00198));
#6396=CARTESIAN_POINT('',(-0.0331637169365422,-0.0320090460841634,-0.00198));
#6397=CARTESIAN_POINT('',(-0.0331637169365422,-0.0320090460841634,-0.00198));
#6398=CARTESIAN_POINT('',(-0.0330236291047186,-0.0318670904145822,-0.00198));
#6399=CARTESIAN_POINT('',(-0.0327708483948502,-0.0318670904145822,-0.00198));
#6400=CARTESIAN_POINT('',(-0.03331376656974,-0.0324037824636131,-0.00198));
#6401=CARTESIAN_POINT('',(-0.03331376656974,-0.0324037824636131,0.));
#6402=CARTESIAN_POINT('',(-0.0333071253688239,-0.0322352619903675,-0.00198));
#6403=CARTESIAN_POINT('',(-0.0333071253688239,-0.0322352619903675,0.));
#6404=CARTESIAN_POINT('',(-0.0332571088244246,-0.0321036831972176,-0.00198));
#6405=CARTESIAN_POINT('',(-0.0332571088244246,-0.0321036831972176,0.));
#6406=CARTESIAN_POINT('',(-0.0331637169365422,-0.0320090460841634,-0.00198));
#6407=CARTESIAN_POINT('',(-0.0331637169365422,-0.0320090460841634,0.));
#6408=CARTESIAN_POINT('',(-0.03331376656974,-0.0324037824636131,-0.00198));
#6409=CARTESIAN_POINT('',(-0.03331376656974,-0.0324037824636131,-0.00198));
#6410=CARTESIAN_POINT('',(-0.03331376656974,-0.0324037824636131,-0.00198));
#6411=CARTESIAN_POINT('',(-0.0333038047683658,-0.0321510017537447,-0.00198));
#6412=CARTESIAN_POINT('',(-0.0331637169365422,-0.0320090460841634,-0.00198));
#6413=CARTESIAN_POINT('',(-0.032612393491743,-0.0324037824636131,-0.00198));
#6414=CARTESIAN_POINT('',(-0.0319110204137461,-0.0324037824636131,-0.00198));
#6415=CARTESIAN_POINT('',(-0.0319110204137461,-0.0324037824636131,-0.00198));
#6416=CARTESIAN_POINT('',(-0.032612393491743,-0.0324037824636131,-0.00198));
#6417=CARTESIAN_POINT('',(-0.0319110204137461,-0.032547917277245,-0.00198));
#6418=CARTESIAN_POINT('',(-0.0319110204137461,-0.0326920520908768,-0.00198));
#6419=CARTESIAN_POINT('',(-0.0319110204137461,-0.0326920520908768,-0.00198));
#6420=CARTESIAN_POINT('',(-0.0319110204137461,-0.032547917277245,-0.00198));
#6421=CARTESIAN_POINT('',(-0.0321678481054227,-0.0334177070597232,-0.00198));
#6422=CARTESIAN_POINT('',(-0.0321678481054227,-0.0334177070597232,0.));
#6423=CARTESIAN_POINT('',(-0.031996629644305,-0.0332427529230901,-0.00198));
#6424=CARTESIAN_POINT('',(-0.031996629644305,-0.0332427529230901,0.));
#6425=CARTESIAN_POINT('',(-0.0319110204137461,-0.0330008679334747,-0.00198));
#6426=CARTESIAN_POINT('',(-0.0319110204137461,-0.0330008679334747,0.));
#6427=CARTESIAN_POINT('',(-0.0319110204137461,-0.0326920520908768,-0.00198));
#6428=CARTESIAN_POINT('',(-0.0319110204137461,-0.0326920520908768,0.));
#6429=CARTESIAN_POINT('',(-0.0321678481054227,-0.0334177070597232,-0.00198));
#6430=CARTESIAN_POINT('',(-0.0321678481054227,-0.0334177070597232,-0.00198));
#6431=CARTESIAN_POINT('',(-0.0321678481054227,-0.0334177070597232,-0.00198));
#6432=CARTESIAN_POINT('',(-0.0319110204137461,-0.0331552758547736,-0.00198));
#6433=CARTESIAN_POINT('',(-0.0319110204137461,-0.0326920520908768,-0.00198));
#6434=CARTESIAN_POINT('',(-0.0328854091106526,-0.0336801382646728,-0.00198));
#6435=CARTESIAN_POINT('',(-0.0328854091106526,-0.0336801382646728,0.));
#6436=CARTESIAN_POINT('',(-0.0325782535682838,-0.0336801382646728,-0.00198));
#6437=CARTESIAN_POINT('',(-0.0325782535682838,-0.0336801382646728,0.));
#6438=CARTESIAN_POINT('',(-0.0323390665665405,-0.0335926611963563,-0.00198));
#6439=CARTESIAN_POINT('',(-0.0323390665665405,-0.0335926611963563,0.));
#6440=CARTESIAN_POINT('',(-0.0321678481054227,-0.0334177070597232,-0.00198));
#6441=CARTESIAN_POINT('',(-0.0321678481054227,-0.0334177070597232,0.));
#6442=CARTESIAN_POINT('',(-0.0328854091106526,-0.0336801382646728,-0.00198));
#6443=CARTESIAN_POINT('',(-0.0328854091106526,-0.0336801382646728,-0.00198));
#6444=CARTESIAN_POINT('',(-0.0328854091106526,-0.0336801382646728,-0.00198));
#6445=CARTESIAN_POINT('',(-0.0324246757970994,-0.0336801382646728,-0.00198));
#6446=CARTESIAN_POINT('',(-0.0321678481054227,-0.0334177070597232,-0.00198));
#6447=CARTESIAN_POINT('',(-0.0336412607899143,-0.033381595529742,-0.00198));
#6448=CARTESIAN_POINT('',(-0.0336412607899143,-0.033381595529742,0.));
#6449=CARTESIAN_POINT('',(-0.0334590428397792,-0.0335806240196959,-0.00198));
#6450=CARTESIAN_POINT('',(-0.0334590428397792,-0.0335806240196959,0.));
#6451=CARTESIAN_POINT('',(-0.0332070922800254,-0.0336801382646728,-0.00198));
#6452=CARTESIAN_POINT('',(-0.0332070922800254,-0.0336801382646728,0.));
#6453=CARTESIAN_POINT('',(-0.0328854091106526,-0.0336801382646728,-0.00198));
#6454=CARTESIAN_POINT('',(-0.0328854091106526,-0.0336801382646728,0.));
#6455=CARTESIAN_POINT('',(-0.0336412607899143,-0.033381595529742,-0.00198));
#6456=CARTESIAN_POINT('',(-0.0336412607899143,-0.033381595529742,-0.00198));
#6457=CARTESIAN_POINT('',(-0.0336412607899143,-0.033381595529742,-0.00198));
#6458=CARTESIAN_POINT('',(-0.0333679338647117,-0.0336801382646728,-0.00198));
#6459=CARTESIAN_POINT('',(-0.0328854091106526,-0.0336801382646728,-0.00198));
#6460=CARTESIAN_POINT('',(-0.0339145877151168,-0.0325363989444062,-0.00198));
#6461=CARTESIAN_POINT('',(-0.0339145877151168,-0.0325363989444062,0.));
#6462=CARTESIAN_POINT('',(-0.0339145877151168,-0.0329008348446762,-0.00198));
#6463=CARTESIAN_POINT('',(-0.0339145877151168,-0.0329008348446762,0.));
#6464=CARTESIAN_POINT('',(-0.0338234787400493,-0.0331825670397881,-0.00198));
#6465=CARTESIAN_POINT('',(-0.0338234787400493,-0.0331825670397881,0.));
#6466=CARTESIAN_POINT('',(-0.0336412607899143,-0.033381595529742,-0.00198));
#6467=CARTESIAN_POINT('',(-0.0336412607899143,-0.033381595529742,0.));
#6468=CARTESIAN_POINT('',(-0.0339145877151168,-0.0325363989444062,-0.00198));
#6469=CARTESIAN_POINT('',(-0.0339145877151168,-0.0325363989444062,-0.00198));
#6470=CARTESIAN_POINT('',(-0.0339145877151168,-0.0325363989444062,-0.00198));
#6471=CARTESIAN_POINT('',(-0.0339145877151168,-0.0330830527948112,-0.00198));
#6472=CARTESIAN_POINT('',(-0.0336412607899143,-0.033381595529742,-0.00198));
#6473=CARTESIAN_POINT('',(-0.0328816734351373,-0.0332580069314442,-0.00198));
#6474=CARTESIAN_POINT('',(-0.0328816734351373,-0.0332580069314442,0.));
#6475=CARTESIAN_POINT('',(-0.0330074411774856,-0.0332580069314442,-0.00198));
#6476=CARTESIAN_POINT('',(-0.0330074411774856,-0.0332580069314442,0.));
#6477=CARTESIAN_POINT('',(-0.0331060215035837,-0.0332181597259478,-0.00198));
#6478=CARTESIAN_POINT('',(-0.0331060215035837,-0.0332181597259478,0.));
#6479=CARTESIAN_POINT('',(-0.0331774144134316,-0.0331384653149548,-0.00198));
#6480=CARTESIAN_POINT('',(-0.0331774144134316,-0.0331384653149548,0.));
#6481=CARTESIAN_POINT('',(-0.0328816734351373,-0.0332580069314442,0.));
#6482=CARTESIAN_POINT('',(-0.0330703250486598,-0.0332580069314442,0.));
#6483=CARTESIAN_POINT('',(-0.0331774144134316,-0.0331384653149548,0.));
#6484=CARTESIAN_POINT('',(-0.0328816734351373,-0.0332580069314442,0.));
#6485=CARTESIAN_POINT('',(-0.0331774144134316,-0.0331384653149548,0.));
#6486=CARTESIAN_POINT('',(-0.0328816734351373,-0.0332580069314442,-0.00198));
#6487=CARTESIAN_POINT('',(-0.0328816734351373,-0.0332580069314442,-0.00198));
#6488=CARTESIAN_POINT('',(-0.0328816734351373,-0.0332580069314442,-0.00198));
#6489=CARTESIAN_POINT('',(-0.0330703250486598,-0.0332580069314442,-0.00198));
#6490=CARTESIAN_POINT('',(-0.0331774144134316,-0.0331384653149548,-0.00198));
#6491=CARTESIAN_POINT('',(-0.0331774144134316,-0.0331384653149548,-0.00198));
#6492=CARTESIAN_POINT('',(-0.0331774144134316,-0.0331384653149548,-0.00198));
#6493=CARTESIAN_POINT('',(-0.0325821967813277,-0.0331384653149548,-0.00198));
#6494=CARTESIAN_POINT('',(-0.0325821967813277,-0.0331384653149548,0.));
#6495=CARTESIAN_POINT('',(-0.0326560801415191,-0.0332181597259478,-0.00198));
#6496=CARTESIAN_POINT('',(-0.0326560801415191,-0.0332181597259478,0.));
#6497=CARTESIAN_POINT('',(-0.032755905692789,-0.0332580069314442,-0.00198));
#6498=CARTESIAN_POINT('',(-0.032755905692789,-0.0332580069314442,0.));
#6499=CARTESIAN_POINT('',(-0.0328816734351373,-0.0332580069314442,-0.00198));
#6500=CARTESIAN_POINT('',(-0.0328816734351373,-0.0332580069314442,0.));
#6501=CARTESIAN_POINT('',(-0.0325821967813277,-0.0331384653149548,0.));
#6502=CARTESIAN_POINT('',(-0.0326930218216148,-0.0332580069314442,0.));
#6503=CARTESIAN_POINT('',(-0.0328816734351373,-0.0332580069314442,0.));
#6504=CARTESIAN_POINT('',(-0.0325821967813277,-0.0331384653149548,0.));
#6505=CARTESIAN_POINT('',(-0.0325821967813277,-0.0331384653149548,-0.00198));
#6506=CARTESIAN_POINT('',(-0.0325821967813277,-0.0331384653149548,-0.00198));
#6507=CARTESIAN_POINT('',(-0.0325821967813277,-0.0331384653149548,-0.00198));
#6508=CARTESIAN_POINT('',(-0.0326930218216148,-0.0332580069314442,-0.00198));
#6509=CARTESIAN_POINT('',(-0.0328816734351373,-0.0332580069314442,-0.00198));
#6510=CARTESIAN_POINT('',(-0.0324670134529394,-0.0327991414556487,-0.00198));
#6511=CARTESIAN_POINT('',(-0.0324670134529394,-0.0327991414556487,0.));
#6512=CARTESIAN_POINT('',(-0.0324699189783402,-0.0329456629508598,-0.00198));
#6513=CARTESIAN_POINT('',(-0.0324699189783402,-0.0329456629508598,0.));
#6514=CARTESIAN_POINT('',(-0.0325083134211363,-0.0330587709039618,-0.00198));
#6515=CARTESIAN_POINT('',(-0.0325083134211363,-0.0330587709039618,0.));
#6516=CARTESIAN_POINT('',(-0.0325821967813277,-0.0331384653149548,-0.00198));
#6517=CARTESIAN_POINT('',(-0.0325821967813277,-0.0331384653149548,0.));
#6518=CARTESIAN_POINT('',(-0.0324670134529394,-0.0327991414556487,0.));
#6519=CARTESIAN_POINT('',(-0.0324713717410406,-0.0330189236984653,0.));
#6520=CARTESIAN_POINT('',(-0.0325821967813277,-0.0331384653149548,0.));
#6521=CARTESIAN_POINT('',(-0.0324670134529394,-0.0327991414556487,0.));
#6522=CARTESIAN_POINT('',(-0.0324670134529394,-0.0327991414556487,-0.00198));
#6523=CARTESIAN_POINT('',(-0.0324670134529394,-0.0327991414556487,-0.00198));
#6524=CARTESIAN_POINT('',(-0.0324670134529394,-0.0327991414556487,-0.00198));
#6525=CARTESIAN_POINT('',(-0.0324713717410406,-0.0330189236984653,-0.00198));
#6526=CARTESIAN_POINT('',(-0.0325821967813277,-0.0331384653149548,-0.00198));
#6527=CARTESIAN_POINT('',(-0.0328835412728949,-0.0327991414556487,-0.00198));
#6528=CARTESIAN_POINT('',(-0.0328835412728949,-0.0327991414556487,0.));
#6529=CARTESIAN_POINT('',(-0.0333000690928505,-0.0327991414556487,0.));
#6530=CARTESIAN_POINT('',(-0.0333000690928505,-0.0327991414556487,-0.00198));
#6531=CARTESIAN_POINT('',(-0.0333000690928505,-0.0327991414556487,-0.00198));
#6532=CARTESIAN_POINT('',(-0.0328835412728949,-0.0327991414556487,-0.00198));
#6533=CARTESIAN_POINT('',(-0.0331774144134316,-0.0331384653149548,-0.00198));
#6534=CARTESIAN_POINT('',(-0.0331774144134316,-0.0331384653149548,0.));
#6535=CARTESIAN_POINT('',(-0.0332488073232795,-0.0330587709039618,-0.00198));
#6536=CARTESIAN_POINT('',(-0.0332488073232795,-0.0330587709039618,0.));
#6537=CARTESIAN_POINT('',(-0.0332896922164191,-0.0329456629508598,-0.00198));
#6538=CARTESIAN_POINT('',(-0.0332896922164191,-0.0329456629508598,0.));
#6539=CARTESIAN_POINT('',(-0.0333000690928505,-0.0327991414556487,-0.00198));
#6540=CARTESIAN_POINT('',(-0.0333000690928505,-0.0327991414556487,0.));
#6541=CARTESIAN_POINT('',(-0.0331774144134316,-0.0331384653149548,0.));
#6542=CARTESIAN_POINT('',(-0.0332845037782035,-0.0330189236984653,0.));
#6543=CARTESIAN_POINT('',(-0.0333000690928505,-0.0327991414556487,0.));
#6544=CARTESIAN_POINT('',(-0.0331774144134316,-0.0331384653149548,-0.00198));
#6545=CARTESIAN_POINT('',(-0.0332845037782035,-0.0330189236984653,-0.00198));
#6546=CARTESIAN_POINT('',(-0.0333000690928505,-0.0327991414556487,-0.00198));
#6547=CARTESIAN_POINT('',(-0.0336188467368225,-0.0317151729436268,-0.00198));
#6548=CARTESIAN_POINT('',(-0.0336188467368225,-0.0317151729436268,0.));
#6549=CARTESIAN_POINT('',(-0.0338160073890187,-0.0319085979203077,-0.00198));
#6550=CARTESIAN_POINT('',(-0.0338160073890187,-0.0319085979203077,0.));
#6551=CARTESIAN_POINT('',(-0.0339145877151168,-0.0321823399205675,-0.00198));
#6552=CARTESIAN_POINT('',(-0.0339145877151168,-0.0321823399205675,0.));
#6553=CARTESIAN_POINT('',(-0.0339145877151168,-0.0325363989444062,-0.00198));
#6554=CARTESIAN_POINT('',(-0.0339145877151168,-0.0325363989444062,0.));
#6555=CARTESIAN_POINT('',(-0.0336188467368225,-0.0317151729436268,-0.00198));
#6556=CARTESIAN_POINT('',(-0.0339145877151168,-0.0320053104086482,-0.00198));
#6557=CARTESIAN_POINT('',(-0.0339145877151168,-0.0325363989444062,-0.00198));
#6558=CARTESIAN_POINT('',(0.,1.38777878078145E-17,-0.00198));
#6559=CARTESIAN_POINT('',(0.,0.,0.));
#6560=CARTESIAN_POINT('',(-0.0346900516908338,-0.0314642600715161,-0.00198));
#6561=CARTESIAN_POINT('',(-0.0343933767936606,-0.0314642600715161,-0.00198));
#6562=CARTESIAN_POINT('',(-0.0343933767936606,-0.0314642600715161,-0.00198));
#6563=CARTESIAN_POINT('',(-0.0346900516908338,-0.0314642600715161,-0.00198));
#6564=CARTESIAN_POINT('',(-0.0349867265880069,-0.0314642600715161,-0.00198));
#6565=CARTESIAN_POINT('',(-0.0349867265880069,-0.0314642600715161,-0.00198));
#6566=CARTESIAN_POINT('',(-0.0343933767936606,-0.0321734158068365,-0.00198));
#6567=CARTESIAN_POINT('',(-0.0343933767936606,-0.032882571542157,-0.00198));
#6568=CARTESIAN_POINT('',(-0.0343933767936606,-0.032882571542157,-0.00198));
#6569=CARTESIAN_POINT('',(-0.0343933767936606,-0.0321734158068365,-0.00198));
#6570=CARTESIAN_POINT('',(-0.0345916789022643,-0.0334740534987456,-0.00198));
#6571=CARTESIAN_POINT('',(-0.0345916789022643,-0.0334740534987456,0.));
#6572=CARTESIAN_POINT('',(-0.0344594774965285,-0.0333366636547941,-0.00198));
#6573=CARTESIAN_POINT('',(-0.0344594774965285,-0.0333366636547941,0.));
#6574=CARTESIAN_POINT('',(-0.0343933767936606,-0.0331395030025979,-0.00198));
#6575=CARTESIAN_POINT('',(-0.0343933767936606,-0.0331395030025979,0.));
#6576=CARTESIAN_POINT('',(-0.0343933767936606,-0.032882571542157,-0.00198));
#6577=CARTESIAN_POINT('',(-0.0343933767936606,-0.032882571542157,0.));
#6578=CARTESIAN_POINT('',(-0.0345916789022643,-0.0334740534987456,-0.00198));
#6579=CARTESIAN_POINT('',(-0.0345916789022643,-0.0334740534987456,-0.00198));
#6580=CARTESIAN_POINT('',(-0.0345916789022643,-0.0334740534987456,-0.00198));
#6581=CARTESIAN_POINT('',(-0.0343933767936606,-0.0332679687328184,-0.00198));
#6582=CARTESIAN_POINT('',(-0.0343933767936606,-0.032882571542157,-0.00198));
#6583=CARTESIAN_POINT('',(-0.0351735103637718,-0.0336801382646728,-0.00198));
#6584=CARTESIAN_POINT('',(-0.0351735103637718,-0.0336801382646728,0.));
#6585=CARTESIAN_POINT('',(-0.0349178241285025,-0.0336801382646728,-0.00198));
#6586=CARTESIAN_POINT('',(-0.0349178241285025,-0.0336801382646728,0.));
#6587=CARTESIAN_POINT('',(-0.0347238803080001,-0.0336114433426971,-0.00198));
#6588=CARTESIAN_POINT('',(-0.0347238803080001,-0.0336114433426971,0.));
#6589=CARTESIAN_POINT('',(-0.0345916789022643,-0.0334740534987456,-0.00198));
#6590=CARTESIAN_POINT('',(-0.0345916789022643,-0.0334740534987456,0.));
#6591=CARTESIAN_POINT('',(-0.0351735103637718,-0.0336801382646728,-0.00198));
#6592=CARTESIAN_POINT('',(-0.0351735103637718,-0.0336801382646728,-0.00198));
#6593=CARTESIAN_POINT('',(-0.0351735103637718,-0.0336801382646728,-0.00198));
#6594=CARTESIAN_POINT('',(-0.0347899810108679,-0.0336801382646728,-0.00198));
#6595=CARTESIAN_POINT('',(-0.0345916789022643,-0.0334740534987456,-0.00198));
#6596=CARTESIAN_POINT('',(-0.035804216913271,-0.0333613606207008,-0.00198));
#6597=CARTESIAN_POINT('',(-0.035804216913271,-0.0333613606207008,0.));
#6598=CARTESIAN_POINT('',(-0.0356718079700066,-0.0335738790500155,-0.00198));
#6599=CARTESIAN_POINT('',(-0.0356718079700066,-0.0335738790500155,0.));
#6600=CARTESIAN_POINT('',(-0.0354615724535068,-0.0336801382646728,-0.00198));
#6601=CARTESIAN_POINT('',(-0.0354615724535068,-0.0336801382646728,0.));
#6602=CARTESIAN_POINT('',(-0.0351735103637718,-0.0336801382646728,-0.00198));
#6603=CARTESIAN_POINT('',(-0.0351735103637718,-0.0336801382646728,0.));
#6604=CARTESIAN_POINT('',(-0.035804216913271,-0.0333613606207008,-0.00198));
#6605=CARTESIAN_POINT('',(-0.035804216913271,-0.0333613606207008,-0.00198));
#6606=CARTESIAN_POINT('',(-0.035804216913271,-0.0333613606207008,-0.00198));
#6607=CARTESIAN_POINT('',(-0.0356056034983743,-0.0336801382646728,-0.00198));
#6608=CARTESIAN_POINT('',(-0.0351735103637718,-0.0336801382646728,-0.00198));
#6609=CARTESIAN_POINT('',(-0.035819782227918,-0.0333613606207008,-0.00198));
#6610=CARTESIAN_POINT('',(-0.0358353475425651,-0.0333613606207008,-0.00198));
#6611=CARTESIAN_POINT('',(-0.0358353475425651,-0.0333613606207008,-0.00198));
#6612=CARTESIAN_POINT('',(-0.035819782227918,-0.0333613606207008,-0.00198));
#6613=CARTESIAN_POINT('',(-0.0358284988041204,-0.0334488376890174,-0.00198));
#6614=CARTESIAN_POINT('',(-0.0358216500656757,-0.0335363147573339,-0.00198));
#6615=CARTESIAN_POINT('',(-0.0358217566025649,-0.0335363209654908,-0.00198));
#6616=CARTESIAN_POINT('',(-0.0358284988041204,-0.0334488376890174,-0.00198));
#6617=CARTESIAN_POINT('',(-0.0462987670383137,-0.0341468411857637,-0.00198));
#6618=CARTESIAN_POINT('',(-0.0358079525887862,-0.0338750160040541,-0.00198));
#6619=CARTESIAN_POINT('',(-0.0358077819395743,-0.0338750115824,-0.00197999975));
#6620=CARTESIAN_POINT('',(-0.0462987670383137,-0.0341468411857637,-0.00198));
#6621=CARTESIAN_POINT('',(-0.0358079525887862,-0.034183520540359,-0.00198));
#6622=CARTESIAN_POINT('',(-0.0358079525887862,-0.0344920250766639,-0.00198));
#6623=CARTESIAN_POINT('',(-0.0358079525887862,-0.0344920250766639,-0.00198));
#6624=CARTESIAN_POINT('',(-0.0358079525887862,-0.034183520540359,-0.00198));
#6625=CARTESIAN_POINT('',(-0.0361046274859594,-0.0344920250766639,-0.00198));
#6626=CARTESIAN_POINT('',(-0.0364013023831325,-0.0344920250766639,-0.00198));
#6627=CARTESIAN_POINT('',(-0.0364013023831325,-0.0344920250766639,-0.00198));
#6628=CARTESIAN_POINT('',(-0.0361046274859594,-0.0344920250766639,-0.00198));
#6629=CARTESIAN_POINT('',(-0.0364013023831325,-0.03297814257409,-0.00198));
#6630=CARTESIAN_POINT('',(-0.0364013023831325,-0.0314642600715161,-0.00198));
#6631=CARTESIAN_POINT('',(-0.0364013023831325,-0.0314642600715161,-0.00198));
#6632=CARTESIAN_POINT('',(-0.0364013023831325,-0.03297814257409,-0.00198));
#6633=CARTESIAN_POINT('',(-0.0361046274859594,-0.0314642600715161,-0.00198));
#6634=CARTESIAN_POINT('',(-0.0358079525887863,-0.0314642600715161,-0.00198));
#6635=CARTESIAN_POINT('',(-0.0358079525887863,-0.0314642600715161,-0.00198));
#6636=CARTESIAN_POINT('',(-0.0361046274859594,-0.0314642600715161,-0.00198));
#6637=CARTESIAN_POINT('',(-0.0358079525887862,-0.0319760476171117,-0.00198));
#6638=CARTESIAN_POINT('',(-0.0358079525887862,-0.0324878351627073,-0.00198));
#6639=CARTESIAN_POINT('',(-0.0358079525887862,-0.0324878351627073,-0.00198));
#6640=CARTESIAN_POINT('',(-0.0358079525887862,-0.0319760476171117,-0.00198));
#6641=CARTESIAN_POINT('',(-0.0356971275484992,-0.03303635685087,-0.00198));
#6642=CARTESIAN_POINT('',(-0.0356971275484992,-0.03303635685087,0.));
#6643=CARTESIAN_POINT('',(-0.0357710109086905,-0.0329234564352966,-0.00198));
#6644=CARTESIAN_POINT('',(-0.0357710109086905,-0.0329234564352966,0.));
#6645=CARTESIAN_POINT('',(-0.0358079525887862,-0.0327406158725757,-0.00198));
#6646=CARTESIAN_POINT('',(-0.0358079525887862,-0.0327406158725757,0.));
#6647=CARTESIAN_POINT('',(-0.0358079525887862,-0.0324878351627073,-0.00198));
#6648=CARTESIAN_POINT('',(-0.0358079525887862,-0.0324878351627073,0.));
#6649=CARTESIAN_POINT('',(-0.0356971275484992,-0.03303635685087,-0.00198));
#6650=CARTESIAN_POINT('',(-0.0356971275484992,-0.03303635685087,-0.00198));
#6651=CARTESIAN_POINT('',(-0.0356971275484992,-0.03303635685087,-0.00198));
#6652=CARTESIAN_POINT('',(-0.0358079525887862,-0.0328670062275099,-0.00198));
#6653=CARTESIAN_POINT('',(-0.0358079525887862,-0.0324878351627073,-0.00198));
#6654=CARTESIAN_POINT('',(-0.0353372574738589,-0.0332057074742301,-0.00198));
#6655=CARTESIAN_POINT('',(-0.0353372574738589,-0.0332057074742301,0.));
#6656=CARTESIAN_POINT('',(-0.035503287496761,-0.0332057074742301,-0.00198));
#6657=CARTESIAN_POINT('',(-0.035503287496761,-0.0332057074742301,0.));
#6658=CARTESIAN_POINT('',(-0.0356232441883077,-0.0331492572664434,-0.00198));
#6659=CARTESIAN_POINT('',(-0.0356232441883077,-0.0331492572664434,0.));
#6660=CARTESIAN_POINT('',(-0.0356971275484992,-0.03303635685087,-0.00198));
#6661=CARTESIAN_POINT('',(-0.0356971275484992,-0.03303635685087,0.));
#6662=CARTESIAN_POINT('',(-0.0353372574738589,-0.0332057074742301,-0.00198));
#6663=CARTESIAN_POINT('',(-0.0353372574738589,-0.0332057074742301,-0.00198));
#6664=CARTESIAN_POINT('',(-0.0353372574738589,-0.0332057074742301,-0.00198));
#6665=CARTESIAN_POINT('',(-0.035586302508212,-0.0332057074742301,-0.00198));
#6666=CARTESIAN_POINT('',(-0.0356971275484992,-0.03303635685087,-0.00198));
#6667=CARTESIAN_POINT('',(-0.0349867265880069,-0.0327350123593027,-0.00198));
#6668=CARTESIAN_POINT('',(-0.0349867265880069,-0.0327350123593027,0.));
#6669=CARTESIAN_POINT('',(-0.0349867265880069,-0.0330488091025877,-0.00198));
#6670=CARTESIAN_POINT('',(-0.0349867265880069,-0.0330488091025877,0.));
#6671=CARTESIAN_POINT('',(-0.0351035702166242,-0.0332057074742301,-0.00198));
#6672=CARTESIAN_POINT('',(-0.0351035702166242,-0.0332057074742301,0.));
#6673=CARTESIAN_POINT('',(-0.0353372574738589,-0.0332057074742301,-0.00198));
#6674=CARTESIAN_POINT('',(-0.0353372574738589,-0.0332057074742301,0.));
#6675=CARTESIAN_POINT('',(-0.0349867265880069,-0.0327350123593027,-0.00198));
#6676=CARTESIAN_POINT('',(-0.0349867265880069,-0.0327350123593027,-0.00198));
#6677=CARTESIAN_POINT('',(-0.0349867265880069,-0.0327350123593027,-0.00198));
#6678=CARTESIAN_POINT('',(-0.0349867265880069,-0.0332057074742301,-0.00198));
#6679=CARTESIAN_POINT('',(-0.0353372574738589,-0.0332057074742301,-0.00198));
#6680=CARTESIAN_POINT('',(-0.0349867265880069,-0.0320996362154094,-0.00198));
#6681=CARTESIAN_POINT('',(-0.0349867265880069,-0.0320996362154094,-0.00198));
#6682=CARTESIAN_POINT('',(0.,1.38777878078145E-17,-0.00198));
#6683=CARTESIAN_POINT('',(-0.0372655901482857,-0.0332069554718824,-0.00198));
#6684=CARTESIAN_POINT('',(-0.0372144344202954,-0.0318982210438763,-0.00198));
#6685=CARTESIAN_POINT('',(-0.0372144344202954,-0.0318982210438763,-0.00198));
#6686=CARTESIAN_POINT('',(-0.0372655901482857,-0.0332069554718824,-0.00198));
#6687=CARTESIAN_POINT('',(-0.0368408668687657,-0.0319660858157376,-0.00198));
#6688=CARTESIAN_POINT('',(-0.0368408668687657,-0.0319669821911123,-0.00198));
#6689=CARTESIAN_POINT('',(-0.037402463421232,-0.0319586144647069,-0.00198));
#6690=CARTESIAN_POINT('',(-0.037402463421232,-0.0319586144647069,0.));
#6691=CARTESIAN_POINT('',(-0.0373551448647049,-0.0319183521841532,-0.00198));
#6692=CARTESIAN_POINT('',(-0.0373551448647049,-0.0319183521841532,0.));
#6693=CARTESIAN_POINT('',(-0.0372924685310594,-0.0318982210438763,-0.00198));
#6694=CARTESIAN_POINT('',(-0.0372924685310594,-0.0318982210438763,0.));
#6695=CARTESIAN_POINT('',(-0.0372144344202954,-0.0318982210438763,-0.00198));
#6696=CARTESIAN_POINT('',(-0.0372144344202954,-0.0318982210438763,0.));
#6697=CARTESIAN_POINT('',(-0.037402463421232,-0.0319586144647069,-0.00198));
#6698=CARTESIAN_POINT('',(-0.037402463421232,-0.0319586144647069,-0.00198));
#6699=CARTESIAN_POINT('',(-0.037402463421232,-0.0319586144647069,-0.00198));
#6700=CARTESIAN_POINT('',(-0.0373314855864414,-0.0318982210438763,-0.00198));
#6701=CARTESIAN_POINT('',(-0.0372144344202954,-0.0318982210438763,-0.00198));
#6702=CARTESIAN_POINT('',(-0.0374734412560227,-0.0321453982404718,-0.00198));
#6703=CARTESIAN_POINT('',(-0.0374734412560227,-0.0321453982404718,0.));
#6704=CARTESIAN_POINT('',(-0.0374734412560227,-0.032061138003849,-0.00198));
#6705=CARTESIAN_POINT('',(-0.0374734412560227,-0.032061138003849,0.));
#6706=CARTESIAN_POINT('',(-0.0374497819777591,-0.0319988767452607,-0.00198));
#6707=CARTESIAN_POINT('',(-0.0374497819777591,-0.0319988767452607,0.));
#6708=CARTESIAN_POINT('',(-0.037402463421232,-0.0319586144647069,-0.00198));
#6709=CARTESIAN_POINT('',(-0.037402463421232,-0.0319586144647069,0.));
#6710=CARTESIAN_POINT('',(-0.0374734412560227,-0.0321453982404718,-0.00198));
#6711=CARTESIAN_POINT('',(-0.0374734412560227,-0.0321453982404718,-0.00198));
#6712=CARTESIAN_POINT('',(-0.0374734412560227,-0.0321453982404718,-0.00198));
#6713=CARTESIAN_POINT('',(-0.0374734412560227,-0.0320190078855376,-0.00198));
#6714=CARTESIAN_POINT('',(-0.037402463421232,-0.0319586144647069,-0.00198));
#6715=CARTESIAN_POINT('',(-0.0374734412560227,-0.0326696380377851,-0.00198));
#6716=CARTESIAN_POINT('',(-0.0374734412560227,-0.0331938778350983,-0.00198));
#6717=CARTESIAN_POINT('',(-0.0374734412560227,-0.0331938778350983,-0.00198));
#6718=CARTESIAN_POINT('',(-0.0374734412560227,-0.0326696380377851,-0.00198));
#6719=CARTESIAN_POINT('',(-0.037168983701526,-0.0331938778350983,-0.00198));
#6720=CARTESIAN_POINT('',(-0.0368645261470293,-0.0331938778350983,-0.00198));
#6721=CARTESIAN_POINT('',(-0.0368645261470293,-0.0331938778350983,-0.00198));
#6722=CARTESIAN_POINT('',(-0.037168983701526,-0.0331938778350983,-0.00198));
#6723=CARTESIAN_POINT('',(-0.0368645261470293,-0.0334167731408444,-0.00198));
#6724=CARTESIAN_POINT('',(-0.0368645261470293,-0.0336396684465904,-0.00198));
#6725=CARTESIAN_POINT('',(-0.0368645261470293,-0.0336396684465904,-0.00198));
#6726=CARTESIAN_POINT('',(-0.0368645261470293,-0.0334167731408444,-0.00198));
#6727=CARTESIAN_POINT('',(-0.037168983701526,-0.0336396684465904,-0.00198));
#6728=CARTESIAN_POINT('',(-0.0374734412560227,-0.0336396684465904,-0.00198));
#6729=CARTESIAN_POINT('',(-0.0374734412560227,-0.0336396684465904,-0.00198));
#6730=CARTESIAN_POINT('',(-0.037168983701526,-0.0336396684465904,-0.00198));
#6731=CARTESIAN_POINT('',(-0.0374734412560227,-0.0338712803285388,-0.00198));
#6732=CARTESIAN_POINT('',(-0.0374734412560227,-0.0341028922104872,-0.00198));
#6733=CARTESIAN_POINT('',(-0.0374734412560227,-0.0341028922104872,-0.00198));
#6734=CARTESIAN_POINT('',(-0.0374734412560227,-0.0338712803285388,-0.00198));
#6735=CARTESIAN_POINT('',(-0.0376630267884239,-0.0341028922104872,-0.00198));
#6736=CARTESIAN_POINT('',(-0.0378526123208252,-0.0341028922104872,-0.00198));
#6737=CARTESIAN_POINT('',(-0.0378526123208252,-0.0341028922104872,-0.00198));
#6738=CARTESIAN_POINT('',(-0.0376630267884239,-0.0341028922104872,-0.00198));
#6739=CARTESIAN_POINT('',(-0.0379382215513841,-0.0338731481662964,-0.00198));
#6740=CARTESIAN_POINT('',(-0.038023830781943,-0.0336434041221057,-0.00198));
#6741=CARTESIAN_POINT('',(-0.038023830781943,-0.0336434041221057,-0.00198));
#6742=CARTESIAN_POINT('',(-0.0379382215513841,-0.0338731481662964,-0.00198));
#6743=CARTESIAN_POINT('',(-0.0381872665857372,-0.0335440974146574,-0.00198));
#6744=CARTESIAN_POINT('',(-0.0383507023895314,-0.0334447907072091,-0.00198));
#6745=CARTESIAN_POINT('',(-0.0383507023895314,-0.0334447907072091,-0.00198));
#6746=CARTESIAN_POINT('',(-0.0381872665857372,-0.0335440974146574,-0.00198));
#6747=CARTESIAN_POINT('',(-0.0383507023895314,-0.0333193342711537,-0.00198));
#6748=CARTESIAN_POINT('',(-0.0383507023895314,-0.0331938778350983,-0.00198));
#6749=CARTESIAN_POINT('',(-0.0383507023895314,-0.0331938778350983,-0.00198));
#6750=CARTESIAN_POINT('',(-0.0383507023895314,-0.0333193342711537,-0.00198));
#6751=CARTESIAN_POINT('',(-0.0382087467199502,-0.0331938778350983,-0.00198));
#6752=CARTESIAN_POINT('',(-0.0380667910503689,-0.0331938778350983,-0.00198));
#6753=CARTESIAN_POINT('',(-0.0380667910503689,-0.0331938778350983,-0.00198));
#6754=CARTESIAN_POINT('',(-0.0382087467199502,-0.0331938778350983,-0.00198));
#6755=CARTESIAN_POINT('',(-0.0380667910503689,-0.0326696380377851,-0.00198));
#6756=CARTESIAN_POINT('',(-0.0380667910503689,-0.0321453982404718,-0.00198));
#6757=CARTESIAN_POINT('',(-0.0380667910503689,-0.0321453982404718,-0.00198));
#6758=CARTESIAN_POINT('',(-0.0380667910503689,-0.0326696380377851,-0.00198));
#6759=CARTESIAN_POINT('',(-0.0379042891654535,-0.0316052818222185,-0.00198));
#6760=CARTESIAN_POINT('',(-0.0379042891654535,-0.0316052818222185,0.));
#6761=CARTESIAN_POINT('',(-0.0380126237553971,-0.0317254460512939,-0.00198));
#6762=CARTESIAN_POINT('',(-0.0380126237553971,-0.0317254460512939,0.));
#6763=CARTESIAN_POINT('',(-0.0380667910503689,-0.0319054848573783,-0.00198));
#6764=CARTESIAN_POINT('',(-0.0380667910503689,-0.0319054848573783,0.));
#6765=CARTESIAN_POINT('',(-0.0380667910503689,-0.0321453982404718,-0.00198));
#6766=CARTESIAN_POINT('',(-0.0380667910503689,-0.0321453982404718,0.));
#6767=CARTESIAN_POINT('',(-0.0379042891654535,-0.0316052818222185,-0.00198));
#6768=CARTESIAN_POINT('',(-0.0379042891654535,-0.0316052818222185,-0.00198));
#6769=CARTESIAN_POINT('',(-0.0379042891654535,-0.0316052818222185,-0.00198));
#6770=CARTESIAN_POINT('',(-0.0380667910503689,-0.0317855281658316,-0.00198));
#6771=CARTESIAN_POINT('',(-0.0380667910503689,-0.0321453982404718,-0.00198));
#6772=CARTESIAN_POINT('',(-0.0373856528814132,-0.0314250354786055,-0.00198));
#6773=CARTESIAN_POINT('',(-0.0373856528814132,-0.0314250354786055,0.));
#6774=CARTESIAN_POINT('',(-0.0376230758141631,-0.0314250354786055,-0.00198));
#6775=CARTESIAN_POINT('',(-0.0376230758141631,-0.0314250354786055,0.));
#6776=CARTESIAN_POINT('',(-0.0377959545755099,-0.0314851175931431,-0.00198));
#6777=CARTESIAN_POINT('',(-0.0377959545755099,-0.0314851175931431,0.));
#6778=CARTESIAN_POINT('',(-0.0379042891654535,-0.0316052818222185,-0.00198));
#6779=CARTESIAN_POINT('',(-0.0379042891654535,-0.0316052818222185,0.));
#6780=CARTESIAN_POINT('',(-0.0373856528814132,-0.0314250354786055,-0.00198));
#6781=CARTESIAN_POINT('',(-0.0373856528814132,-0.0314250354786055,-0.00198));
#6782=CARTESIAN_POINT('',(-0.0373856528814132,-0.0314250354786055,-0.00198));
#6783=CARTESIAN_POINT('',(-0.0377417872805381,-0.0314250354786055,-0.00198));
#6784=CARTESIAN_POINT('',(-0.0379042891654535,-0.0316052818222185,-0.00198));
#6785=CARTESIAN_POINT('',(-0.0368408668687657,-0.0315246534923466,-0.00198));
#6786=CARTESIAN_POINT('',(-0.0368408668687657,-0.0315246534923466,0.));
#6787=CARTESIAN_POINT('',(-0.0369886335891486,-0.0314582414831859,-0.00198));
#6788=CARTESIAN_POINT('',(-0.0369886335891486,-0.0314582414831859,0.));
#6789=CARTESIAN_POINT('',(-0.0371702289266978,-0.0314250354786055,-0.00198));
#6790=CARTESIAN_POINT('',(-0.0371702289266978,-0.0314250354786055,0.));
#6791=CARTESIAN_POINT('',(-0.0373856528814132,-0.0314250354786055,-0.00198));
#6792=CARTESIAN_POINT('',(-0.0373856528814132,-0.0314250354786055,0.));
#6793=CARTESIAN_POINT('',(-0.0368408668687657,-0.0315246534923466,-0.00198));
#6794=CARTESIAN_POINT('',(-0.0368408668687657,-0.0315246534923466,-0.00198));
#6795=CARTESIAN_POINT('',(-0.0368408668687657,-0.0315246534923466,-0.00198));
#6796=CARTESIAN_POINT('',(-0.0370625169493401,-0.0314250354786055,-0.00198));
#6797=CARTESIAN_POINT('',(-0.0373856528814132,-0.0314250354786055,-0.00198));
#6798=CARTESIAN_POINT('',(-0.0368408668687657,-0.0317453696540421,-0.00198));
#6799=CARTESIAN_POINT('',(-0.0368408668687657,-0.0317453696540421,-0.00198));
#6800=CARTESIAN_POINT('',(0.,1.38777878078145E-17,-0.00198));
#6801=CARTESIAN_POINT('',(-0.0386215388643905,-0.0325556999345685,-0.00198));
#6802=CARTESIAN_POINT('',(-0.0386215388643905,-0.0325556999345685,0.));
#6803=CARTESIAN_POINT('',(-0.0386215388643905,-0.0322016409107298,-0.00198));
#6804=CARTESIAN_POINT('',(-0.0386215388643905,-0.0322016409107298,0.));
#6805=CARTESIAN_POINT('',(-0.0387149307522729,-0.0319246820787763,-0.00198));
#6806=CARTESIAN_POINT('',(-0.0387149307522729,-0.0319246820787763,0.));
#6807=CARTESIAN_POINT('',(-0.0389017145280377,-0.0317248234387079,-0.00198));
#6808=CARTESIAN_POINT('',(-0.0389017145280377,-0.0317248234387079,0.));
#6809=CARTESIAN_POINT('',(-0.0386215388643905,-0.0325556999345685,-0.00198));
#6810=CARTESIAN_POINT('',(-0.0386215388643905,-0.0325556999345685,-0.00198));
#6811=CARTESIAN_POINT('',(-0.0386215388643905,-0.0325556999345685,-0.00198));
#6812=CARTESIAN_POINT('',(-0.0386215388643905,-0.0320246113988105,-0.00198));
#6813=CARTESIAN_POINT('',(-0.0389017145280377,-0.0317248234387079,-0.00198));
#6814=CARTESIAN_POINT('',(-0.0389017145280377,-0.0317248234387079,-0.00198));
#6815=CARTESIAN_POINT('',(-0.0389017145280377,-0.0317248234387079,-0.00198));
#6816=CARTESIAN_POINT('',(-0.0387497970570823,-0.033153096710723,-0.00198));
#6817=CARTESIAN_POINT('',(-0.0387497970570823,-0.033153096710723,0.));
#6818=CARTESIAN_POINT('',(-0.0386642915952877,-0.032983123474777,-0.00198));
#6819=CARTESIAN_POINT('',(-0.0386642915952877,-0.032983123474777,0.));
#6820=CARTESIAN_POINT('',(-0.0386215388643905,-0.0327839912160589,-0.00198));
#6821=CARTESIAN_POINT('',(-0.0386215388643905,-0.0327839912160589,0.));
#6822=CARTESIAN_POINT('',(-0.0386215388643905,-0.0325556999345685,-0.00198));
#6823=CARTESIAN_POINT('',(-0.0386215388643905,-0.0325556999345685,0.));
#6824=CARTESIAN_POINT('',(-0.0387497970570823,-0.033153096710723,-0.00198));
#6825=CARTESIAN_POINT('',(-0.0387497970570823,-0.033153096710723,-0.00198));
#6826=CARTESIAN_POINT('',(-0.0387497970570823,-0.033153096710723,-0.00198));
#6827=CARTESIAN_POINT('',(-0.0386215388643905,-0.032898136856804,-0.00198));
#6828=CARTESIAN_POINT('',(-0.0386215388643905,-0.0325556999345685,-0.00198));
#6829=CARTESIAN_POINT('',(-0.0395645974115534,-0.0327565231877245,-0.00198));
#6830=CARTESIAN_POINT('',(-0.0391174497890461,-0.0335440974146574,-0.00198));
#6831=CARTESIAN_POINT('',(-0.0391172622385439,-0.0335444379963691,-0.00198));
#6832=CARTESIAN_POINT('',(-0.0395645974115534,-0.0327565231877245,-0.00198));
#6833=CARTESIAN_POINT('',(-0.039644498170851,-0.0325796887322075,-0.00198));
#6834=CARTESIAN_POINT('',(-0.039670018459017,-0.0336801382646728,-0.00198));
#6835=CARTESIAN_POINT('',(-0.039670018459017,-0.0336801382646728,-0.00198));
#6836=CARTESIAN_POINT('',(-0.039644498170851,-0.0325796887322075,-0.00198));
#6837=CARTESIAN_POINT('',(-0.0404523311731787,-0.0333843972863785,-0.00198));
#6838=CARTESIAN_POINT('',(-0.0404523311731787,-0.0333843972863785,0.));
#6839=CARTESIAN_POINT('',(-0.0402670001601143,-0.0335815579385747,-0.00198));
#6840=CARTESIAN_POINT('',(-0.0402670001601143,-0.0335815579385747,0.));
#6841=CARTESIAN_POINT('',(-0.0400062292553937,-0.0336801382646728,-0.00198));
#6842=CARTESIAN_POINT('',(-0.0400062292553937,-0.0336801382646728,0.));
#6843=CARTESIAN_POINT('',(-0.039670018459017,-0.0336801382646728,-0.00198));
#6844=CARTESIAN_POINT('',(-0.039670018459017,-0.0336801382646728,0.));
#6845=CARTESIAN_POINT('',(-0.0404523311731787,-0.0333843972863785,-0.00198));
#6846=CARTESIAN_POINT('',(-0.0404523311731787,-0.0333843972863785,-0.00198));
#6847=CARTESIAN_POINT('',(-0.0404523311731787,-0.0333843972863785,-0.00198));
#6848=CARTESIAN_POINT('',(-0.040174334653582,-0.0336801382646728,-0.00198));
#6849=CARTESIAN_POINT('',(-0.039670018459017,-0.0336801382646728,-0.00198));
#6850=CARTESIAN_POINT('',(-0.0407303276927753,-0.0325556999345685,-0.00198));
#6851=CARTESIAN_POINT('',(-0.0407303276927753,-0.0325556999345685,0.));
#6852=CARTESIAN_POINT('',(-0.0407303276927753,-0.0329110041835789,-0.00198));
#6853=CARTESIAN_POINT('',(-0.0407303276927753,-0.0329110041835789,0.));
#6854=CARTESIAN_POINT('',(-0.0406376621862431,-0.0331872366341823,-0.00198));
#6855=CARTESIAN_POINT('',(-0.0406376621862431,-0.0331872366341823,0.));
#6856=CARTESIAN_POINT('',(-0.0404523311731787,-0.0333843972863785,-0.00198));
#6857=CARTESIAN_POINT('',(-0.0404523311731787,-0.0333843972863785,0.));
#6858=CARTESIAN_POINT('',(-0.0407303276927753,-0.0325556999345685,-0.00198));
#6859=CARTESIAN_POINT('',(-0.0407303276927753,-0.0325556999345685,-0.00198));
#6860=CARTESIAN_POINT('',(-0.0407303276927753,-0.0325556999345685,-0.00198));
#6861=CARTESIAN_POINT('',(-0.0407303276927753,-0.0330886563080841,-0.00198));
#6862=CARTESIAN_POINT('',(-0.0404523311731787,-0.0333843972863785,-0.00198));
#6863=CARTESIAN_POINT('',(-0.0406020695000835,-0.0319564353206564,-0.00198));
#6864=CARTESIAN_POINT('',(-0.0406020695000835,-0.0319564353206564,0.));
#6865=CARTESIAN_POINT('',(-0.0406875749618781,-0.0321276537817741,-0.00198));
#6866=CARTESIAN_POINT('',(-0.0406875749618781,-0.0321276537817741,0.));
#6867=CARTESIAN_POINT('',(-0.0407303276927753,-0.0323274086530782,-0.00198));
#6868=CARTESIAN_POINT('',(-0.0407303276927753,-0.0323274086530782,0.));
#6869=CARTESIAN_POINT('',(-0.0407303276927753,-0.0325556999345685,-0.00198));
#6870=CARTESIAN_POINT('',(-0.0407303276927753,-0.0325556999345685,0.));
#6871=CARTESIAN_POINT('',(-0.0406020695000835,-0.0319564353206564,-0.00198));
#6872=CARTESIAN_POINT('',(-0.0406020695000835,-0.0319564353206564,-0.00198));
#6873=CARTESIAN_POINT('',(-0.0406020695000835,-0.0319564353206564,-0.00198));
#6874=CARTESIAN_POINT('',(-0.0407303276927753,-0.032213263012333,-0.00198));
#6875=CARTESIAN_POINT('',(-0.0407303276927753,-0.0325556999345685,-0.00198));
#6876=CARTESIAN_POINT('',(-0.0397809279891361,-0.0323525585505076,-0.00198));
#6877=CARTESIAN_POINT('',(-0.0402344167681198,-0.0315623215537925,-0.00198));
#6878=CARTESIAN_POINT('',(-0.0402346035766349,-0.0315619863093522,-0.00198));
#6879=CARTESIAN_POINT('',(-0.0397809279891361,-0.0323525585505076,-0.00198));
#6880=CARTESIAN_POINT('',(-0.03970713289875,-0.032517480545376,-0.00198));
#6881=CARTESIAN_POINT('',(-0.0396818480981488,-0.0314250354786055,-0.00198));
#6882=CARTESIAN_POINT('',(-0.0396818480981488,-0.0314250354786055,-0.00198));
#6883=CARTESIAN_POINT('',(-0.03970713289875,-0.032517480545376,-0.00198));
#6884=CARTESIAN_POINT('',(-0.0401257708718832,-0.0325556999345685,-0.00198));
#6885=CARTESIAN_POINT('',(-0.0401257708718832,-0.0325556999345685,0.));
#6886=CARTESIAN_POINT('',(-0.0401257708718832,-0.0323402759798531,-0.00198));
#6887=CARTESIAN_POINT('',(-0.0401257708718832,-0.0323402759798531,0.));
#6888=CARTESIAN_POINT('',(-0.0400903857232522,-0.0321774627886447,-0.00198));
#6889=CARTESIAN_POINT('',(-0.0400903857232522,-0.0321774627886447,0.));
#6890=CARTESIAN_POINT('',(-0.0400196154259902,-0.0320672603609435,-0.00198));
#6891=CARTESIAN_POINT('',(-0.0400196154259902,-0.0320672603609435,0.));
#6892=CARTESIAN_POINT('',(-0.0401257708718832,-0.0325556999345685,0.));
#6893=CARTESIAN_POINT('',(-0.0401257708718832,-0.0322325640024953,0.));
#6894=CARTESIAN_POINT('',(-0.0400196154259902,-0.0320672603609435,0.));
#6895=CARTESIAN_POINT('',(-0.0401257708718832,-0.0325556999345685,0.));
#6896=CARTESIAN_POINT('',(-0.0400196154259902,-0.0320672603609435,0.));
#6897=CARTESIAN_POINT('',(-0.0401257708718832,-0.0325556999345685,-0.00198));
#6898=CARTESIAN_POINT('',(-0.0401257708718832,-0.0325556999345685,-0.00198));
#6899=CARTESIAN_POINT('',(-0.0401257708718832,-0.0325556999345685,-0.00198));
#6900=CARTESIAN_POINT('',(-0.0401257708718832,-0.0322325640024953,-0.00198));
#6901=CARTESIAN_POINT('',(-0.0400196154259902,-0.0320672603609435,-0.00198));
#6902=CARTESIAN_POINT('',(-0.0400196154259902,-0.0320672603609435,-0.00198));
#6903=CARTESIAN_POINT('',(-0.0400196154259902,-0.0320672603609435,-0.00198));
#6904=CARTESIAN_POINT('',(-0.040020549344869,-0.033041337751557,-0.00198));
#6905=CARTESIAN_POINT('',(-0.040020549344869,-0.033041337751557,0.));
#6906=CARTESIAN_POINT('',(-0.0400906970295451,-0.0329342483867852,-0.00198));
#6907=CARTESIAN_POINT('',(-0.0400906970295451,-0.0329342483867852,0.));
#6908=CARTESIAN_POINT('',(-0.0401257708718832,-0.0327723691144557,-0.00198));
#6909=CARTESIAN_POINT('',(-0.0401257708718832,-0.0327723691144557,0.));
#6910=CARTESIAN_POINT('',(-0.0401257708718832,-0.0325556999345685,-0.00198));
#6911=CARTESIAN_POINT('',(-0.0401257708718832,-0.0325556999345685,0.));
#6912=CARTESIAN_POINT('',(-0.040020549344869,-0.033041337751557,0.));
#6913=CARTESIAN_POINT('',(-0.0401257708718832,-0.0328807037043993,0.));
#6914=CARTESIAN_POINT('',(-0.0401257708718832,-0.0325556999345685,0.));
#6915=CARTESIAN_POINT('',(-0.040020549344869,-0.033041337751557,0.));
#6916=CARTESIAN_POINT('',(-0.040020549344869,-0.033041337751557,-0.00198));
#6917=CARTESIAN_POINT('',(-0.040020549344869,-0.033041337751557,-0.00198));
#6918=CARTESIAN_POINT('',(-0.040020549344869,-0.033041337751557,-0.00198));
#6919=CARTESIAN_POINT('',(-0.0401257708718832,-0.0328807037043993,-0.00198));
#6920=CARTESIAN_POINT('',(-0.0401257708718832,-0.0325556999345685,-0.00198));
#6921=CARTESIAN_POINT('',(-0.0396781124226335,-0.0332019717987148,-0.00198));
#6922=CARTESIAN_POINT('',(-0.0396781124226335,-0.0332019717987148,0.));
#6923=CARTESIAN_POINT('',(-0.0398362560194477,-0.0332019717987148,-0.00198));
#6924=CARTESIAN_POINT('',(-0.0398362560194477,-0.0332019717987148,0.));
#6925=CARTESIAN_POINT('',(-0.0399504016601929,-0.0331484271163289,-0.00198));
#6926=CARTESIAN_POINT('',(-0.0399504016601929,-0.0331484271163289,0.));
#6927=CARTESIAN_POINT('',(-0.040020549344869,-0.033041337751557,-0.00198));
#6928=CARTESIAN_POINT('',(-0.040020549344869,-0.033041337751557,0.));
#6929=CARTESIAN_POINT('',(-0.0396781124226335,-0.0332019717987148,0.));
#6930=CARTESIAN_POINT('',(-0.0399153278178548,-0.0332019717987148,0.));
#6931=CARTESIAN_POINT('',(-0.040020549344869,-0.033041337751557,0.));
#6932=CARTESIAN_POINT('',(-0.0396781124226335,-0.0332019717987148,0.));
#6933=CARTESIAN_POINT('',(-0.0396781124226335,-0.0332019717987148,-0.00198));
#6934=CARTESIAN_POINT('',(-0.0396781124226335,-0.0332019717987148,-0.00198));
#6935=CARTESIAN_POINT('',(-0.0396781124226335,-0.0332019717987148,-0.00198));
#6936=CARTESIAN_POINT('',(-0.0399153278178548,-0.0332019717987148,-0.00198));
#6937=CARTESIAN_POINT('',(-0.040020549344869,-0.033041337751557,-0.00198));
#6938=CARTESIAN_POINT('',(-0.0393334963563474,-0.0330404038326782,-0.00198));
#6939=CARTESIAN_POINT('',(-0.0393334963563474,-0.0330404038326782,0.));
#6940=CARTESIAN_POINT('',(-0.0394034365034949,-0.0331481158100359,-0.00198));
#6941=CARTESIAN_POINT('',(-0.0394034365034949,-0.0331481158100359,0.));
#6942=CARTESIAN_POINT('',(-0.0395183085255903,-0.0332019717987148,-0.00198));
#6943=CARTESIAN_POINT('',(-0.0395183085255903,-0.0332019717987148,0.));
#6944=CARTESIAN_POINT('',(-0.0396781124226335,-0.0332019717987148,-0.00198));
#6945=CARTESIAN_POINT('',(-0.0396781124226335,-0.0332019717987148,0.));
#6946=CARTESIAN_POINT('',(-0.0393334963563474,-0.0330404038326782,0.));
#6947=CARTESIAN_POINT('',(-0.0394384065770687,-0.0332019717987148,0.));
#6948=CARTESIAN_POINT('',(-0.0396781124226335,-0.0332019717987148,0.));
#6949=CARTESIAN_POINT('',(-0.0393334963563474,-0.0330404038326782,0.));
#6950=CARTESIAN_POINT('',(-0.0393334963563474,-0.0330404038326782,-0.00198));
#6951=CARTESIAN_POINT('',(-0.0393334963563474,-0.0330404038326782,-0.00198));
#6952=CARTESIAN_POINT('',(-0.0393334963563474,-0.0330404038326782,-0.00198));
#6953=CARTESIAN_POINT('',(-0.0394384065770687,-0.0332019717987148,-0.00198));
#6954=CARTESIAN_POINT('',(-0.0396781124226335,-0.0332019717987148,-0.00198));
#6955=CARTESIAN_POINT('',(-0.0392285861356261,-0.0325556999345685,-0.00198));
#6956=CARTESIAN_POINT('',(-0.0392285861356261,-0.0325556999345685,0.));
#6957=CARTESIAN_POINT('',(-0.0392285861356261,-0.0327711238892839,-0.00198));
#6958=CARTESIAN_POINT('',(-0.0392285861356261,-0.0327711238892839,0.));
#6959=CARTESIAN_POINT('',(-0.0392635562091999,-0.0329326918553205,-0.00198));
#6960=CARTESIAN_POINT('',(-0.0392635562091999,-0.0329326918553205,0.));
#6961=CARTESIAN_POINT('',(-0.0393334963563474,-0.0330404038326782,-0.00198));
#6962=CARTESIAN_POINT('',(-0.0393334963563474,-0.0330404038326782,0.));
#6963=CARTESIAN_POINT('',(-0.0392285861356261,-0.0325556999345685,0.));
#6964=CARTESIAN_POINT('',(-0.0392285861356261,-0.0328788358666416,0.));
#6965=CARTESIAN_POINT('',(-0.0393334963563474,-0.0330404038326782,0.));
#6966=CARTESIAN_POINT('',(-0.0392285861356261,-0.0325556999345685,0.));
#6967=CARTESIAN_POINT('',(-0.0392285861356261,-0.0325556999345685,-0.00198));
#6968=CARTESIAN_POINT('',(-0.0392285861356261,-0.0325556999345685,-0.00198));
#6969=CARTESIAN_POINT('',(-0.0392285861356261,-0.0325556999345685,-0.00198));
#6970=CARTESIAN_POINT('',(-0.0392285861356261,-0.0328788358666416,-0.00198));
#6971=CARTESIAN_POINT('',(-0.0393334963563474,-0.0330404038326782,-0.00198));
#6972=CARTESIAN_POINT('',(-0.0393325624374685,-0.0320663264420646,-0.00198));
#6973=CARTESIAN_POINT('',(-0.0393325624374685,-0.0320663264420646,0.));
#6974=CARTESIAN_POINT('',(-0.0392632449029069,-0.03217590625718,-0.00198));
#6975=CARTESIAN_POINT('',(-0.0392632449029069,-0.03217590625718,0.));
#6976=CARTESIAN_POINT('',(-0.0392285861356261,-0.0323390307546813,-0.00198));
#6977=CARTESIAN_POINT('',(-0.0392285861356261,-0.0323390307546813,0.));
#6978=CARTESIAN_POINT('',(-0.0392285861356261,-0.0325556999345685,-0.00198));
#6979=CARTESIAN_POINT('',(-0.0392285861356261,-0.0325556999345685,0.));
#6980=CARTESIAN_POINT('',(-0.0393325624374685,-0.0320663264420646,0.));
#6981=CARTESIAN_POINT('',(-0.0392285861356261,-0.0322306961647377,0.));
#6982=CARTESIAN_POINT('',(-0.0392285861356261,-0.0325556999345685,0.));
#6983=CARTESIAN_POINT('',(-0.0393325624374685,-0.0320663264420646,0.));
#6984=CARTESIAN_POINT('',(-0.0393325624374685,-0.0320663264420646,-0.00198));
#6985=CARTESIAN_POINT('',(-0.0393325624374685,-0.0320663264420646,-0.00198));
#6986=CARTESIAN_POINT('',(-0.0393325624374685,-0.0320663264420646,-0.00198));
#6987=CARTESIAN_POINT('',(-0.0392285861356261,-0.0322306961647377,-0.00198));
#6988=CARTESIAN_POINT('',(-0.0392285861356261,-0.0325556999345685,-0.00198));
#6989=CARTESIAN_POINT('',(-0.0396743767471182,-0.0319019567193916,-0.00198));
#6990=CARTESIAN_POINT('',(-0.0396743767471182,-0.0319019567193916,0.));
#6991=CARTESIAN_POINT('',(-0.0395158180752467,-0.0319019567193916,-0.00198));
#6992=CARTESIAN_POINT('',(-0.0395158180752467,-0.0319019567193916,0.));
#6993=CARTESIAN_POINT('',(-0.0394018799720302,-0.0319567466269493,-0.00198));
#6994=CARTESIAN_POINT('',(-0.0394018799720302,-0.0319567466269493,0.));
#6995=CARTESIAN_POINT('',(-0.0393325624374685,-0.0320663264420646,-0.00198));
#6996=CARTESIAN_POINT('',(-0.0393325624374685,-0.0320663264420646,0.));
#6997=CARTESIAN_POINT('',(-0.0396743767471182,-0.0319019567193916,0.));
#6998=CARTESIAN_POINT('',(-0.039436538739311,-0.0319019567193916,0.));
#6999=CARTESIAN_POINT('',(-0.0393325624374685,-0.0320663264420646,0.));
#7000=CARTESIAN_POINT('',(-0.0396743767471182,-0.0319019567193916,0.));
#7001=CARTESIAN_POINT('',(-0.0396743767471182,-0.0319019567193916,-0.00198));
#7002=CARTESIAN_POINT('',(-0.0396743767471182,-0.0319019567193916,-0.00198));
#7003=CARTESIAN_POINT('',(-0.0396743767471182,-0.0319019567193916,-0.00198));
#7004=CARTESIAN_POINT('',(-0.039436538739311,-0.0319019567193916,-0.00198));
#7005=CARTESIAN_POINT('',(-0.0393325624374685,-0.0320663264420646,-0.00198));
#7006=CARTESIAN_POINT('',(-0.0400196154259902,-0.0320672603609435,-0.00198));
#7007=CARTESIAN_POINT('',(-0.0400196154259902,-0.0320672603609435,0.));
#7008=CARTESIAN_POINT('',(-0.0399488451287282,-0.0319570579332422,-0.00198));
#7009=CARTESIAN_POINT('',(-0.0399488451287282,-0.0319570579332422,0.));
#7010=CARTESIAN_POINT('',(-0.0398337655691042,-0.0319019567193916,-0.00198));
#7011=CARTESIAN_POINT('',(-0.0398337655691042,-0.0319019567193916,0.));
#7012=CARTESIAN_POINT('',(-0.0396743767471182,-0.0319019567193916,-0.00198));
#7013=CARTESIAN_POINT('',(-0.0396743767471182,-0.0319019567193916,0.));
#7014=CARTESIAN_POINT('',(-0.0400196154259902,-0.0320672603609435,0.));
#7015=CARTESIAN_POINT('',(-0.0399134599800972,-0.0319019567193916,0.));
#7016=CARTESIAN_POINT('',(-0.0396743767471182,-0.0319019567193916,0.));
#7017=CARTESIAN_POINT('',(-0.0400196154259902,-0.0320672603609435,-0.00198));
#7018=CARTESIAN_POINT('',(-0.0399134599800972,-0.0319019567193916,-0.00198));
#7019=CARTESIAN_POINT('',(-0.0396743767471182,-0.0319019567193916,-0.00198));
#7020=CARTESIAN_POINT('',(-0.0389017145280377,-0.0317248234387079,-0.00198));
#7021=CARTESIAN_POINT('',(-0.0389017145280377,-0.0317248234387079,0.));
#7022=CARTESIAN_POINT('',(-0.0390884983038025,-0.0315249647986396,-0.00198));
#7023=CARTESIAN_POINT('',(-0.0390884983038025,-0.0315249647986396,0.));
#7024=CARTESIAN_POINT('',(-0.0393485428271729,-0.0314250354786055,-0.00198));
#7025=CARTESIAN_POINT('',(-0.0393485428271729,-0.0314250354786055,0.));
#7026=CARTESIAN_POINT('',(-0.0396818480981488,-0.0314250354786055,-0.00198));
#7027=CARTESIAN_POINT('',(-0.0396818480981488,-0.0314250354786055,0.));
#7028=CARTESIAN_POINT('',(-0.0389017145280377,-0.0317248234387079,-0.00198));
#7029=CARTESIAN_POINT('',(-0.0391818901916849,-0.0314250354786055,-0.00198));
#7030=CARTESIAN_POINT('',(-0.0396818480981488,-0.0314250354786055,-0.00198));
#7031=CARTESIAN_POINT('',(0.,1.38777878078145E-17,-0.00198));
#7032=CARTESIAN_POINT('',(0.,0.,0.));
#7033=CARTESIAN_POINT('',(-0.0411741340640142,-0.0327031990410407,-0.00198));
#7034=CARTESIAN_POINT('',(-0.0411935514566722,-0.0336801382646728,-0.00198));
#7035=CARTESIAN_POINT('',(-0.0411935467821713,-0.0336799776507898,-0.00198));
#7036=CARTESIAN_POINT('',(-0.0411741340640142,-0.0327031990410407,-0.00198));
#7037=CARTESIAN_POINT('',(-0.0409930402651073,-0.0336630764379224,-0.00198));
#7038=CARTESIAN_POINT('',(-0.0409930402651073,-0.0336630764379224,-0.00198));
#7039=CARTESIAN_POINT('',(-0.0411962250123794,-0.0330066414700004,-0.00198));
#7040=CARTESIAN_POINT('',(-0.0415680529270806,-0.0335683793055069,-0.00198));
#7041=CARTESIAN_POINT('',(-0.041568011072893,-0.0335683170876274,-0.00198));
#7042=CARTESIAN_POINT('',(-0.0411962250123794,-0.0330066414700004,-0.00198));
#7043=CARTESIAN_POINT('',(-0.0411231786956853,-0.0328815342741208,-0.00198));
#7044=CARTESIAN_POINT('',(-0.0418415213892772,-0.0332735722460913,-0.00198));
#7045=CARTESIAN_POINT('',(-0.0418415213892772,-0.0332735722460913,-0.00198));
#7046=CARTESIAN_POINT('',(-0.0411231786956853,-0.0328815342741208,-0.00198));
#7047=CARTESIAN_POINT('',(-0.0418560112480514,-0.0332735722460913,-0.00198));
#7048=CARTESIAN_POINT('',(-0.0418703313375267,-0.0332735722460913,-0.00198));
#7049=CARTESIAN_POINT('',(-0.0418703313375267,-0.0332735722460913,-0.00198));
#7050=CARTESIAN_POINT('',(-0.0418560112480514,-0.0332735722460913,-0.00198));
#7051=CARTESIAN_POINT('',(-0.0419142255248314,-0.0334566203463409,-0.00198));
#7052=CARTESIAN_POINT('',(-0.0419581197121362,-0.0336396684465904,-0.00198));
#7053=CARTESIAN_POINT('',(-0.0419581197121362,-0.0336396684465904,-0.00198));
#7054=CARTESIAN_POINT('',(-0.0419142255248314,-0.0334566203463409,-0.00198));
#7055=CARTESIAN_POINT('',(-0.0421828828556398,-0.0336396684465904,-0.00198));
#7056=CARTESIAN_POINT('',(-0.0424076459991435,-0.0336396684465904,-0.00198));
#7057=CARTESIAN_POINT('',(-0.0424076459991435,-0.0336396684465904,-0.00198));
#7058=CARTESIAN_POINT('',(-0.0421828828556398,-0.0336396684465904,-0.00198));
#7059=CARTESIAN_POINT('',(-0.0424076459991435,-0.0325519642590532,-0.00198));
#7060=CARTESIAN_POINT('',(-0.0424076459991435,-0.0314642600715161,-0.00198));
#7061=CARTESIAN_POINT('',(-0.0424076459991435,-0.0314642600715161,-0.00198));
#7062=CARTESIAN_POINT('',(-0.0424076459991435,-0.0325519642590532,-0.00198));
#7063=CARTESIAN_POINT('',(-0.0421109711019704,-0.0314642600715161,-0.00198));
#7064=CARTESIAN_POINT('',(-0.0418142962047973,-0.0314642600715161,-0.00198));
#7065=CARTESIAN_POINT('',(-0.0418142962047973,-0.0314642600715161,-0.00198));
#7066=CARTESIAN_POINT('',(-0.0421109711019704,-0.0314642600715161,-0.00198));
#7067=CARTESIAN_POINT('',(-0.0418142962047973,-0.0320177626603658,-0.00198));
#7068=CARTESIAN_POINT('',(-0.0418142962047973,-0.0325712652492156,-0.00198));
#7069=CARTESIAN_POINT('',(-0.0418142962047973,-0.0325712652492156,-0.00198));
#7070=CARTESIAN_POINT('',(-0.0418142962047973,-0.0320177626603658,-0.00198));
#7071=CARTESIAN_POINT('',(-0.0416555299953972,-0.0329800104118476,-0.00198));
#7072=CARTESIAN_POINT('',(-0.0416555299953972,-0.0329800104118476,0.));
#7073=CARTESIAN_POINT('',(-0.0417613741349972,-0.0328826753109213,-0.00198));
#7074=CARTESIAN_POINT('',(-0.0417613741349972,-0.0328826753109213,0.));
#7075=CARTESIAN_POINT('',(-0.0418142962047973,-0.0327464269233773,-0.00198));
#7076=CARTESIAN_POINT('',(-0.0418142962047973,-0.0327464269233773,0.));
#7077=CARTESIAN_POINT('',(-0.0418142962047973,-0.0325712652492156,-0.00198));
#7078=CARTESIAN_POINT('',(-0.0418142962047973,-0.0325712652492156,0.));
#7079=CARTESIAN_POINT('',(-0.0416555299953972,-0.0329800104118476,-0.00198));
#7080=CARTESIAN_POINT('',(-0.0416555299953972,-0.0329800104118476,-0.00198));
#7081=CARTESIAN_POINT('',(-0.0416555299953972,-0.0329800104118476,-0.00198));
#7082=CARTESIAN_POINT('',(-0.0418142962047973,-0.0328340077604581,-0.00198));
#7083=CARTESIAN_POINT('',(-0.0418142962047973,-0.0325712652492156,-0.00198));
#7084=CARTESIAN_POINT('',(-0.0412128524468345,-0.0331260130632371,-0.00198));
#7085=CARTESIAN_POINT('',(-0.0412128524468345,-0.0331260130632371,0.));
#7086=CARTESIAN_POINT('',(-0.0414021266729429,-0.0331260130632371,-0.00198));
#7087=CARTESIAN_POINT('',(-0.0414021266729429,-0.0331260130632371,0.));
#7088=CARTESIAN_POINT('',(-0.0415496858557971,-0.0330773455127739,-0.00198));
#7089=CARTESIAN_POINT('',(-0.0415496858557971,-0.0330773455127739,0.));
#7090=CARTESIAN_POINT('',(-0.0416555299953972,-0.0329800104118476,-0.00198));
#7091=CARTESIAN_POINT('',(-0.0416555299953972,-0.0329800104118476,0.));
#7092=CARTESIAN_POINT('',(-0.0412128524468345,-0.0331260130632371,-0.00198));
#7093=CARTESIAN_POINT('',(-0.0412128524468345,-0.0331260130632371,-0.00198));
#7094=CARTESIAN_POINT('',(-0.0412128524468345,-0.0331260130632371,-0.00198));
#7095=CARTESIAN_POINT('',(-0.0414967637859971,-0.0331260130632371,-0.00198));
#7096=CARTESIAN_POINT('',(-0.0416555299953972,-0.0329800104118476,-0.00198));
#7097=CARTESIAN_POINT('',(-0.041198410898943,-0.0324324597756338,-0.00198));
#7098=CARTESIAN_POINT('',(-0.0410378722917334,-0.0331070347743517,-0.00198));
#7099=CARTESIAN_POINT('',(-0.0410378722917334,-0.0331070347743517,-0.00198));
#7100=CARTESIAN_POINT('',(-0.041198410898943,-0.0324324597756338,-0.00198));
#7101=CARTESIAN_POINT('',(-0.0410154842571097,-0.0333847085926714,-0.00198));
#7102=CARTESIAN_POINT('',(-0.0410154842571097,-0.0333847085926714,-0.00198));
#7103=CARTESIAN_POINT('',(0.,1.38777878078145E-17,-0.00198));
#7104=CARTESIAN_POINT('',(-0.0444348725787778,-0.0323331159351155,-0.00198));
#7105=CARTESIAN_POINT('',(-0.0444348725787778,-0.0323331159351155,0.));
#7106=CARTESIAN_POINT('',(-0.0444348725787778,-0.0327038817300086,0.));
#7107=CARTESIAN_POINT('',(-0.0444348725787778,-0.0319623501402223,0.));
#7108=CARTESIAN_POINT('',(-0.0444348725787778,-0.0327038817300086,-0.00198));
#7109=CARTESIAN_POINT('',(-0.0444348725787778,-0.0327038817300086,-0.00198));
#7110=CARTESIAN_POINT('',(-0.0444348725787778,-0.0323331159351155,-0.00198));
#7111=CARTESIAN_POINT('',(-0.0444348725787778,-0.0319623501402223,-0.00198));
#7112=CARTESIAN_POINT('',(-0.0444348725787778,-0.0319623501402223,-0.00198));
#7113=CARTESIAN_POINT('',(-0.044248088803013,-0.0327038817300086,-0.00198));
#7114=CARTESIAN_POINT('',(-0.044248088803013,-0.0327038817300086,0.));
#7115=CARTESIAN_POINT('',(-0.0440613050272482,-0.0327038817300086,0.));
#7116=CARTESIAN_POINT('',(-0.0440613050272482,-0.0327038817300086,-0.00198));
#7117=CARTESIAN_POINT('',(-0.0440613050272482,-0.0327038817300086,-0.00198));
#7118=CARTESIAN_POINT('',(-0.044248088803013,-0.0327038817300086,-0.00198));
#7119=CARTESIAN_POINT('',(-0.0435557436075114,-0.0323496151686413,-0.00198));
#7120=CARTESIAN_POINT('',(-0.0435557436075114,-0.0323496151686413,0.));
#7121=CARTESIAN_POINT('',(-0.0435557436075114,-0.0325857928762195,-0.00198));
#7122=CARTESIAN_POINT('',(-0.0435557436075114,-0.0325857928762195,0.));
#7123=CARTESIAN_POINT('',(-0.0437242640807569,-0.0327038817300086,-0.00198));
#7124=CARTESIAN_POINT('',(-0.0437242640807569,-0.0327038817300086,0.));
#7125=CARTESIAN_POINT('',(-0.0440613050272482,-0.0327038817300086,-0.00198));
#7126=CARTESIAN_POINT('',(-0.0440613050272482,-0.0327038817300086,0.));
#7127=CARTESIAN_POINT('',(-0.0435557436075114,-0.0323496151686413,0.));
#7128=CARTESIAN_POINT('',(-0.0435557436075114,-0.0327038817300086,0.));
#7129=CARTESIAN_POINT('',(-0.0440613050272482,-0.0327038817300086,0.));
#7130=CARTESIAN_POINT('',(-0.0435557436075114,-0.0323496151686413,0.));
#7131=CARTESIAN_POINT('',(-0.0435557436075114,-0.0323496151686413,-0.00198));
#7132=CARTESIAN_POINT('',(-0.0435557436075114,-0.0323496151686413,-0.00198));
#7133=CARTESIAN_POINT('',(-0.0435557436075114,-0.0323496151686413,-0.00198));
#7134=CARTESIAN_POINT('',(-0.0435557436075114,-0.0327038817300086,-0.00198));
#7135=CARTESIAN_POINT('',(-0.0440613050272482,-0.0327038817300086,-0.00198));
#7136=CARTESIAN_POINT('',(-0.043674351305122,-0.0320576098658623,-0.00198));
#7137=CARTESIAN_POINT('',(-0.043674351305122,-0.0320576098658623,0.));
#7138=CARTESIAN_POINT('',(-0.0435952795067149,-0.0321211163496223,-0.00198));
#7139=CARTESIAN_POINT('',(-0.0435952795067149,-0.0321211163496223,0.));
#7140=CARTESIAN_POINT('',(-0.0435557436075114,-0.0322184514505487,-0.00198));
#7141=CARTESIAN_POINT('',(-0.0435557436075114,-0.0322184514505487,0.));
#7142=CARTESIAN_POINT('',(-0.0435557436075114,-0.0323496151686413,-0.00198));
#7143=CARTESIAN_POINT('',(-0.0435557436075114,-0.0323496151686413,0.));
#7144=CARTESIAN_POINT('',(-0.043674351305122,-0.0320576098658623,0.));
#7145=CARTESIAN_POINT('',(-0.0435557436075114,-0.0321528695915023,0.));
#7146=CARTESIAN_POINT('',(-0.0435557436075114,-0.0323496151686413,0.));
#7147=CARTESIAN_POINT('',(-0.043674351305122,-0.0320576098658623,0.));
#7148=CARTESIAN_POINT('',(-0.043674351305122,-0.0320576098658623,-0.00198));
#7149=CARTESIAN_POINT('',(-0.043674351305122,-0.0320576098658623,-0.00198));
#7150=CARTESIAN_POINT('',(-0.043674351305122,-0.0320576098658623,-0.00198));
#7151=CARTESIAN_POINT('',(-0.0435557436075114,-0.0321528695915023,-0.00198));
#7152=CARTESIAN_POINT('',(-0.0435557436075114,-0.0323496151686413,-0.00198));
#7153=CARTESIAN_POINT('',(-0.0440420040370858,-0.0319623501402223,-0.00198));
#7154=CARTESIAN_POINT('',(-0.0440420040370858,-0.0319623501402223,0.));
#7155=CARTESIAN_POINT('',(-0.0438759740141837,-0.0319623501402223,-0.00198));
#7156=CARTESIAN_POINT('',(-0.0438759740141837,-0.0319623501402223,0.));
#7157=CARTESIAN_POINT('',(-0.0437534231035291,-0.0319941033821023,-0.00198));
#7158=CARTESIAN_POINT('',(-0.0437534231035291,-0.0319941033821023,0.));
#7159=CARTESIAN_POINT('',(-0.043674351305122,-0.0320576098658623,-0.00198));
#7160=CARTESIAN_POINT('',(-0.043674351305122,-0.0320576098658623,0.));
#7161=CARTESIAN_POINT('',(-0.0440420040370858,-0.0319623501402223,0.));
#7162=CARTESIAN_POINT('',(-0.0437929590027326,-0.0319623501402223,0.));
#7163=CARTESIAN_POINT('',(-0.043674351305122,-0.0320576098658623,0.));
#7164=CARTESIAN_POINT('',(-0.0440420040370858,-0.0319623501402223,0.));
#7165=CARTESIAN_POINT('',(-0.0440420040370858,-0.0319623501402223,-0.00198));
#7166=CARTESIAN_POINT('',(-0.0440420040370858,-0.0319623501402223,-0.00198));
#7167=CARTESIAN_POINT('',(-0.0440420040370858,-0.0319623501402223,-0.00198));
#7168=CARTESIAN_POINT('',(-0.0437929590027326,-0.0319623501402223,-0.00198));
#7169=CARTESIAN_POINT('',(-0.043674351305122,-0.0320576098658623,-0.00198));
#7170=CARTESIAN_POINT('',(-0.0442599184421448,-0.0331820481959665,-0.00198));
#7171=CARTESIAN_POINT('',(-0.0442599184421448,-0.0331820481959665,0.));
#7172=CARTESIAN_POINT('',(-0.0444348725787778,-0.0331820481959665,0.));
#7173=CARTESIAN_POINT('',(-0.0440849643055117,-0.0331820481959665,0.));
#7174=CARTESIAN_POINT('',(-0.0444348725787778,-0.0331820481959665,-0.00198));
#7175=CARTESIAN_POINT('',(-0.0444348725787778,-0.0331820481959665,-0.00198));
#7176=CARTESIAN_POINT('',(-0.0442599184421448,-0.0331820481959665,-0.00198));
#7177=CARTESIAN_POINT('',(-0.0440849643055117,-0.0331820481959665,-0.00198));
#7178=CARTESIAN_POINT('',(-0.0440849643055117,-0.0331820481959665,-0.00198));
#7179=CARTESIAN_POINT('',(-0.0444348725787778,-0.033498335389595,-0.00198));
#7180=CARTESIAN_POINT('',(-0.0444348725787778,-0.033498335389595,0.));
#7181=CARTESIAN_POINT('',(-0.0444348725787778,-0.0338146225832235,0.));
#7182=CARTESIAN_POINT('',(-0.0444348725787778,-0.0338146225832235,-0.00198));
#7183=CARTESIAN_POINT('',(-0.0444348725787778,-0.0338146225832235,-0.00198));
#7184=CARTESIAN_POINT('',(-0.0444348725787778,-0.033498335389595,-0.00198));
#7185=CARTESIAN_POINT('',(-0.0442764176756706,-0.0338146225832235,-0.00198));
#7186=CARTESIAN_POINT('',(-0.0442764176756706,-0.0338146225832235,0.));
#7187=CARTESIAN_POINT('',(-0.0441179627725634,-0.0338146225832235,0.));
#7188=CARTESIAN_POINT('',(-0.0441179627725634,-0.0338146225832235,-0.00198));
#7189=CARTESIAN_POINT('',(-0.0441179627725634,-0.0338146225832235,-0.00198));
#7190=CARTESIAN_POINT('',(-0.0442764176756706,-0.0338146225832235,-0.00198));
#7191=CARTESIAN_POINT('',(-0.0437394143203468,-0.0337436447484328,-0.00198));
#7192=CARTESIAN_POINT('',(-0.0437394143203468,-0.0337436447484328,0.));
#7193=CARTESIAN_POINT('',(-0.0438191087313398,-0.0337909633049599,-0.00198));
#7194=CARTESIAN_POINT('',(-0.0438191087313398,-0.0337909633049599,0.));
#7195=CARTESIAN_POINT('',(-0.0439452915487453,-0.0338146225832235,-0.00198));
#7196=CARTESIAN_POINT('',(-0.0439452915487453,-0.0338146225832235,0.));
#7197=CARTESIAN_POINT('',(-0.0441179627725634,-0.0338146225832235,-0.00198));
#7198=CARTESIAN_POINT('',(-0.0441179627725634,-0.0338146225832235,0.));
#7199=CARTESIAN_POINT('',(-0.0437394143203468,-0.0337436447484328,0.));
#7200=CARTESIAN_POINT('',(-0.0438589559368363,-0.0338146225832235,0.));
#7201=CARTESIAN_POINT('',(-0.0441179627725634,-0.0338146225832235,0.));
#7202=CARTESIAN_POINT('',(-0.0437394143203468,-0.0337436447484328,0.));
#7203=CARTESIAN_POINT('',(-0.0437394143203468,-0.0337436447484328,-0.00198));
#7204=CARTESIAN_POINT('',(-0.0437394143203468,-0.0337436447484328,-0.00198));
#7205=CARTESIAN_POINT('',(-0.0437394143203468,-0.0337436447484328,-0.00198));
#7206=CARTESIAN_POINT('',(-0.0438589559368363,-0.0338146225832235,-0.00198));
#7207=CARTESIAN_POINT('',(-0.0441179627725634,-0.0338146225832235,-0.00198));
#7208=CARTESIAN_POINT('',(-0.0436198727038572,-0.033508919803555,-0.00198));
#7209=CARTESIAN_POINT('',(-0.0436198727038572,-0.033508919803555,0.));
#7210=CARTESIAN_POINT('',(-0.0436198727038572,-0.0336180845436131,-0.00198));
#7211=CARTESIAN_POINT('',(-0.0436198727038572,-0.0336180845436131,0.));
#7212=CARTESIAN_POINT('',(-0.0436597199093537,-0.0336963261919057,-0.00198));
#7213=CARTESIAN_POINT('',(-0.0436597199093537,-0.0336963261919057,0.));
#7214=CARTESIAN_POINT('',(-0.0437394143203468,-0.0337436447484328,-0.00198));
#7215=CARTESIAN_POINT('',(-0.0437394143203468,-0.0337436447484328,0.));
#7216=CARTESIAN_POINT('',(-0.0436198727038572,-0.033508919803555,0.));
#7217=CARTESIAN_POINT('',(-0.0436198727038572,-0.0336726669136422,0.));
#7218=CARTESIAN_POINT('',(-0.0437394143203468,-0.0337436447484328,0.));
#7219=CARTESIAN_POINT('',(-0.0436198727038572,-0.033508919803555,0.));
#7220=CARTESIAN_POINT('',(-0.0436198727038572,-0.033508919803555,-0.00198));
#7221=CARTESIAN_POINT('',(-0.0436198727038572,-0.033508919803555,-0.00198));
#7222=CARTESIAN_POINT('',(-0.0436198727038572,-0.033508919803555,-0.00198));
#7223=CARTESIAN_POINT('',(-0.0436198727038572,-0.0336726669136422,-0.00198));
#7224=CARTESIAN_POINT('',(-0.0437394143203468,-0.0337436447484328,-0.00198));
#7225=CARTESIAN_POINT('',(-0.0437297638252655,-0.0332580069314442,-0.00198));
#7226=CARTESIAN_POINT('',(-0.0437297638252655,-0.0332580069314442,0.));
#7227=CARTESIAN_POINT('',(-0.04365650307766,-0.0333086460884294,-0.00198));
#7228=CARTESIAN_POINT('',(-0.04365650307766,-0.0333086460884294,0.));
#7229=CARTESIAN_POINT('',(-0.0436198727038572,-0.0333922837124663,-0.00198));
#7230=CARTESIAN_POINT('',(-0.0436198727038572,-0.0333922837124663,0.));
#7231=CARTESIAN_POINT('',(-0.0436198727038572,-0.033508919803555,-0.00198));
#7232=CARTESIAN_POINT('',(-0.0436198727038572,-0.033508919803555,0.));
#7233=CARTESIAN_POINT('',(-0.0437297638252655,-0.0332580069314442,0.));
#7234=CARTESIAN_POINT('',(-0.0436198727038572,-0.0333339656669219,0.));
#7235=CARTESIAN_POINT('',(-0.0436198727038572,-0.033508919803555,0.));
#7236=CARTESIAN_POINT('',(-0.0437297638252655,-0.0332580069314442,0.));
#7237=CARTESIAN_POINT('',(-0.0437297638252655,-0.0332580069314442,-0.00198));
#7238=CARTESIAN_POINT('',(-0.0437297638252655,-0.0332580069314442,-0.00198));
#7239=CARTESIAN_POINT('',(-0.0437297638252655,-0.0332580069314442,-0.00198));
#7240=CARTESIAN_POINT('',(-0.0436198727038572,-0.0333339656669219,-0.00198));
#7241=CARTESIAN_POINT('',(-0.0436198727038572,-0.033508919803555,-0.00198));
#7242=CARTESIAN_POINT('',(-0.0445955066259356,-0.0343089769764144,-0.00198));
#7243=CARTESIAN_POINT('',(-0.0450381841744982,-0.0343089769764144,-0.00198));
#7244=CARTESIAN_POINT('',(-0.0450381841744982,-0.0343089769764144,-0.00198));
#7245=CARTESIAN_POINT('',(-0.0445955066259356,-0.0343089769764144,-0.00198));
#7246=CARTESIAN_POINT('',(-0.0441528290773729,-0.0343089769764144,-0.00198));
#7247=CARTESIAN_POINT('',(-0.0441528290773729,-0.0343089769764144,-0.00198));
#7248=CARTESIAN_POINT('',(-0.0450381841744982,-0.0328866185239652,-0.00198));
#7249=CARTESIAN_POINT('',(-0.0450381841744982,-0.0314642600715161,-0.00198));
#7250=CARTESIAN_POINT('',(-0.0450381841744982,-0.0314642600715161,-0.00198));
#7251=CARTESIAN_POINT('',(-0.0450381841744982,-0.0328866185239652,-0.00198));
#7252=CARTESIAN_POINT('',(-0.0445061617198613,-0.0314642600715161,-0.00198));
#7253=CARTESIAN_POINT('',(-0.0439741392652245,-0.0314642600715161,-0.00198));
#7254=CARTESIAN_POINT('',(-0.0439741392652245,-0.0314642600715161,-0.00198));
#7255=CARTESIAN_POINT('',(-0.0445061617198613,-0.0314642600715161,-0.00198));
#7256=CARTESIAN_POINT('',(-0.0432101936223464,-0.031682174476575,-0.00198));
#7257=CARTESIAN_POINT('',(-0.0432101936223464,-0.031682174476575,0.));
#7258=CARTESIAN_POINT('',(-0.0433978075482257,-0.0315368982065357,-0.00198));
#7259=CARTESIAN_POINT('',(-0.0433978075482257,-0.0315368982065357,0.));
#7260=CARTESIAN_POINT('',(-0.0436524560958518,-0.0314642600715161,-0.00198));
#7261=CARTESIAN_POINT('',(-0.0436524560958518,-0.0314642600715161,0.));
#7262=CARTESIAN_POINT('',(-0.0439741392652245,-0.0314642600715161,-0.00198));
#7263=CARTESIAN_POINT('',(-0.0439741392652245,-0.0314642600715161,0.));
#7264=CARTESIAN_POINT('',(-0.0432101936223464,-0.031682174476575,-0.00198));
#7265=CARTESIAN_POINT('',(-0.0432101936223464,-0.031682174476575,-0.00198));
#7266=CARTESIAN_POINT('',(-0.0432101936223464,-0.031682174476575,-0.00198));
#7267=CARTESIAN_POINT('',(-0.0434916145111654,-0.0314642600715161,-0.00198));
#7268=CARTESIAN_POINT('',(-0.0439741392652245,-0.0314642600715161,-0.00198));
#7269=CARTESIAN_POINT('',(-0.0429287727335274,-0.0322892217478107,-0.00198));
#7270=CARTESIAN_POINT('',(-0.0429287727335274,-0.0322892217478107,0.));
#7271=CARTESIAN_POINT('',(-0.0429287727335274,-0.0320297998370262,-0.00198));
#7272=CARTESIAN_POINT('',(-0.0429287727335274,-0.0320297998370262,0.));
#7273=CARTESIAN_POINT('',(-0.0430225796964671,-0.0318274507466143,-0.00198));
#7274=CARTESIAN_POINT('',(-0.0430225796964671,-0.0318274507466143,0.));
#7275=CARTESIAN_POINT('',(-0.0432101936223464,-0.031682174476575,-0.00198));
#7276=CARTESIAN_POINT('',(-0.0432101936223464,-0.031682174476575,0.));
#7277=CARTESIAN_POINT('',(-0.0429287727335274,-0.0322892217478107,-0.00198));
#7278=CARTESIAN_POINT('',(-0.0429287727335274,-0.0322892217478107,-0.00198));
#7279=CARTESIAN_POINT('',(-0.0429287727335274,-0.0322892217478107,-0.00198));
#7280=CARTESIAN_POINT('',(-0.0429287727335274,-0.0319000888816339,-0.00198));
#7281=CARTESIAN_POINT('',(-0.0432101936223464,-0.031682174476575,-0.00198));
#7282=CARTESIAN_POINT('',(-0.0430486256563098,-0.0327290975397369,-0.00198));
#7283=CARTESIAN_POINT('',(-0.0430486256563098,-0.0327290975397369,0.));
#7284=CARTESIAN_POINT('',(-0.0429687237077882,-0.0326188951120356,-0.00198));
#7285=CARTESIAN_POINT('',(-0.0429687237077882,-0.0326188951120356,0.));
#7286=CARTESIAN_POINT('',(-0.0429287727335274,-0.0324722698480602,-0.00198));
#7287=CARTESIAN_POINT('',(-0.0429287727335274,-0.0324722698480602,0.));
#7288=CARTESIAN_POINT('',(-0.0429287727335274,-0.0322892217478107,-0.00198));
#7289=CARTESIAN_POINT('',(-0.0429287727335274,-0.0322892217478107,0.));
#7290=CARTESIAN_POINT('',(-0.0430486256563098,-0.0327290975397369,-0.00198));
#7291=CARTESIAN_POINT('',(-0.0430486256563098,-0.0327290975397369,-0.00198));
#7292=CARTESIAN_POINT('',(-0.0430486256563098,-0.0327290975397369,-0.00198));
#7293=CARTESIAN_POINT('',(-0.0429287727335274,-0.032563793898185,-0.00198));
#7294=CARTESIAN_POINT('',(-0.0429287727335274,-0.0322892217478107,-0.00198));
#7295=CARTESIAN_POINT('',(-0.0434386924413653,-0.0329547946021193,-0.00198));
#7296=CARTESIAN_POINT('',(-0.0434386924413653,-0.0329547946021193,0.));
#7297=CARTESIAN_POINT('',(-0.0432585498665166,-0.0329145323215656,-0.00198));
#7298=CARTESIAN_POINT('',(-0.0432585498665166,-0.0329145323215656,0.));
#7299=CARTESIAN_POINT('',(-0.0431285276048314,-0.0328392999674381,-0.00198));
#7300=CARTESIAN_POINT('',(-0.0431285276048314,-0.0328392999674381,0.));
#7301=CARTESIAN_POINT('',(-0.0430486256563098,-0.0327290975397369,-0.00198));
#7302=CARTESIAN_POINT('',(-0.0430486256563098,-0.0327290975397369,0.));
#7303=CARTESIAN_POINT('',(-0.0434386924413653,-0.0329547946021193,-0.00198));
#7304=CARTESIAN_POINT('',(-0.0434386924413653,-0.0329547946021193,-0.00198));
#7305=CARTESIAN_POINT('',(-0.0434386924413653,-0.0329547946021193,-0.00198));
#7306=CARTESIAN_POINT('',(-0.0431684785790922,-0.0328944011812887,-0.00198));
#7307=CARTESIAN_POINT('',(-0.0430486256563098,-0.0327290975397369,-0.00198));
#7308=CARTESIAN_POINT('',(-0.0434386924413653,-0.0329644450972006,-0.00198));
#7309=CARTESIAN_POINT('',(-0.0434386924413653,-0.032974302773675,-0.00198));
#7310=CARTESIAN_POINT('',(-0.0434386924413653,-0.032974302773675,-0.00198));
#7311=CARTESIAN_POINT('',(-0.0434386924413653,-0.0329644450972006,-0.00198));
#7312=CARTESIAN_POINT('',(-0.0435098832193797,-0.0334450661726857,-0.00198));
#7313=CARTESIAN_POINT('',(-0.0431205374099793,-0.0331705298631278,-0.00198));
#7314=CARTESIAN_POINT('',(-0.0431205374099793,-0.0331705298631278,-0.00198));
#7315=CARTESIAN_POINT('',(-0.0435098832193797,-0.0334450661726857,-0.00198));
#7316=CARTESIAN_POINT('',(-0.0430009957934898,-0.0335892368271339,-0.00198));
#7317=CARTESIAN_POINT('',(-0.0430009957934898,-0.0335892368271339,0.));
#7318=CARTESIAN_POINT('',(-0.0430009957934898,-0.0334190560536593,-0.00198));
#7319=CARTESIAN_POINT('',(-0.0430009957934898,-0.0334190560536593,0.));
#7320=CARTESIAN_POINT('',(-0.0430408429989863,-0.0332794870656572,-0.00198));
#7321=CARTESIAN_POINT('',(-0.0430408429989863,-0.0332794870656572,0.));
#7322=CARTESIAN_POINT('',(-0.0431205374099793,-0.0331705298631278,-0.00198));
#7323=CARTESIAN_POINT('',(-0.0431205374099793,-0.0331705298631278,0.));
#7324=CARTESIAN_POINT('',(-0.0430009957934898,-0.0335892368271339,-0.00198));
#7325=CARTESIAN_POINT('',(-0.0430009957934898,-0.0335892368271339,-0.00198));
#7326=CARTESIAN_POINT('',(-0.0430009957934898,-0.0335892368271339,-0.00198));
#7327=CARTESIAN_POINT('',(-0.0430009957934898,-0.0333339656669219,-0.00198));
#7328=CARTESIAN_POINT('',(-0.0431205374099793,-0.0331705298631278,-0.00198));
#7329=CARTESIAN_POINT('',(-0.0432743227186924,-0.0341368245964178,-0.00198));
#7330=CARTESIAN_POINT('',(-0.0432743227186924,-0.0341368245964178,0.));
#7331=CARTESIAN_POINT('',(-0.0430921047685573,-0.0340220563430867,-0.00198));
#7332=CARTESIAN_POINT('',(-0.0430921047685573,-0.0340220563430867,0.));
#7333=CARTESIAN_POINT('',(-0.0430009957934898,-0.0338395270866588,-0.00198));
#7334=CARTESIAN_POINT('',(-0.0430009957934898,-0.0338395270866588,0.));
#7335=CARTESIAN_POINT('',(-0.0430009957934898,-0.0335892368271339,-0.00198));
#7336=CARTESIAN_POINT('',(-0.0430009957934898,-0.0335892368271339,0.));
#7337=CARTESIAN_POINT('',(-0.0432743227186924,-0.0341368245964178,-0.00198));
#7338=CARTESIAN_POINT('',(-0.0432743227186924,-0.0341368245964178,-0.00198));
#7339=CARTESIAN_POINT('',(-0.0432743227186924,-0.0341368245964178,-0.00198));
#7340=CARTESIAN_POINT('',(-0.0430009957934898,-0.0339646722164212,-0.00198));
#7341=CARTESIAN_POINT('',(-0.0430009957934898,-0.0335892368271339,-0.00198));
#7342=CARTESIAN_POINT('',(-0.0440849643055117,-0.0331820481959665,-0.00198));
#7343=CARTESIAN_POINT('',(-0.0440849643055117,-0.0331820481959665,0.));
#7344=CARTESIAN_POINT('',(-0.0439214247329531,-0.0331820481959665,-0.00198));
#7345=CARTESIAN_POINT('',(-0.0439214247329531,-0.0331820481959665,0.));
#7346=CARTESIAN_POINT('',(-0.0438030245728711,-0.0332073677744591,-0.00198));
#7347=CARTESIAN_POINT('',(-0.0438030245728711,-0.0332073677744591,0.));
#7348=CARTESIAN_POINT('',(-0.0437297638252655,-0.0332580069314442,-0.00198));
#7349=CARTESIAN_POINT('',(-0.0437297638252655,-0.0332580069314442,0.));
#7350=CARTESIAN_POINT('',(-0.0440849643055117,-0.0331820481959665,0.));
#7351=CARTESIAN_POINT('',(-0.0438396549466738,-0.0331820481959665,0.));
#7352=CARTESIAN_POINT('',(-0.0437297638252655,-0.0332580069314442,0.));
#7353=CARTESIAN_POINT('',(-0.0440849643055117,-0.0331820481959665,-0.00198));
#7354=CARTESIAN_POINT('',(-0.0438396549466738,-0.0331820481959665,-0.00198));
#7355=CARTESIAN_POINT('',(-0.0437297638252655,-0.0332580069314442,-0.00198));
#7356=CARTESIAN_POINT('',(-0.0441528290773729,-0.0343089769764144,-0.00198));
#7357=CARTESIAN_POINT('',(-0.0441528290773729,-0.0343089769764144,0.));
#7358=CARTESIAN_POINT('',(-0.0437493761217209,-0.0343089769764144,-0.00198));
#7359=CARTESIAN_POINT('',(-0.0437493761217209,-0.0343089769764144,0.));
#7360=CARTESIAN_POINT('',(-0.0434565406688273,-0.0342515928497488,-0.00198));
#7361=CARTESIAN_POINT('',(-0.0434565406688273,-0.0342515928497488,0.));
#7362=CARTESIAN_POINT('',(-0.0432743227186924,-0.0341368245964178,-0.00198));
#7363=CARTESIAN_POINT('',(-0.0432743227186924,-0.0341368245964178,0.));
#7364=CARTESIAN_POINT('',(-0.0441528290773729,-0.0343089769764144,-0.00198));
#7365=CARTESIAN_POINT('',(-0.0435476496438949,-0.0343089769764144,-0.00198));
#7366=CARTESIAN_POINT('',(-0.0432743227186924,-0.0341368245964178,-0.00198));
#7367=CARTESIAN_POINT('',(-0.0442384383079318,-0.0319623501402223,-0.00198));
#7368=CARTESIAN_POINT('',(-0.0442384383079318,-0.0319623501402223,0.));
#7369=CARTESIAN_POINT('',(-0.0442384383079318,-0.0319623501402223,-0.00198));
#7370=CARTESIAN_POINT('',(0.,1.38777878078145E-17,-0.00198));
#7371=CARTESIAN_POINT('',(0.,0.,0.));
#7372=CARTESIAN_POINT('',(0.,0.,0.));
#7373=MECHANICAL_DESIGN_GEOMETRIC_PRESENTATION_REPRESENTATION('',(#3889,
#133,#134,#135,#136,#137,#138,#139,#140,#141),#7374);
#7374=(
GEOMETRIC_REPRESENTATION_CONTEXT(3)
GLOBAL_UNCERTAINTY_ASSIGNED_CONTEXT((#7375))
GLOBAL_UNIT_ASSIGNED_CONTEXT((#7378,#7377,#7376))
REPRESENTATION_CONTEXT('Part 1','TOP_LEVEL_ASSEMBLY_PART')
);
#7375=UNCERTAINTY_MEASURE_WITH_UNIT(LENGTH_MEASURE(2.E-5),#7378,
'DISTANCE_ACCURACY_VALUE','Maximum Tolerance applied to model');
#7376=(
NAMED_UNIT(*)
SI_UNIT($,.STERADIAN.)
SOLID_ANGLE_UNIT()
);
#7377=(
NAMED_UNIT(*)
PLANE_ANGLE_UNIT()
SI_UNIT($,.RADIAN.)
);
#7378=(
LENGTH_UNIT()
NAMED_UNIT(*)
SI_UNIT($,.METRE.)
);
#7379=PRODUCT_DEFINITION_SHAPE('','',#7380);
#7380=PRODUCT_DEFINITION('','',#7382,#7381);
#7381=PRODUCT_DEFINITION_CONTEXT('',#7388,'design');
#7382=PRODUCT_DEFINITION_FORMATION_WITH_SPECIFIED_SOURCE('','',#7384,
 .NOT_KNOWN.);
#7383=PRODUCT_RELATED_PRODUCT_CATEGORY('','',(#7384));
#7384=PRODUCT('Part 1','Part 1','Part 1',(#7386));
#7385=PRODUCT_CATEGORY('','');
#7386=PRODUCT_CONTEXT('',#7388,'mechanical');
#7387=APPLICATION_PROTOCOL_DEFINITION('international standard',
'ap242_managed_model_based_3d_engineering',2020,#7388);
#7388=APPLICATION_CONTEXT('managed model based 3d engineering');
ENDSEC;
END-ISO-10303-21;
