ISO-10303-21;
HEADER;
/* Generated by software containing ST-Developer
 * from STEP Tools, Inc. (www.steptools.com) 
 */
/* OPTION: using custom renumber hook */

FILE_DESCRIPTION(
/* description */ ('STEP AP242 Edition 2',
'CAx-IF Rec.Pracs.---Representation and Presentation of Product Manufa
cturing Information (PMI)---4.0---2014-10-13',
'CAx-IF Rec.Pracs.---3D Tessellated Geometry---0.4---2014-09-14','2;1',
'CAx-IF Rec.Pracs.---User Defined Attributes---1.5---2016-08-15'),
/* implementation_level */ '2;1');

FILE_NAME(
/* name */ 'bank safe - Part 3',
/* time_stamp */ '2026-09-07T14:06:27Z',
/* author */ (''),
/* organization */ (''),
/* preprocessor_version */ 'ST-DEVELOPER v20',
/* originating_system */ 'ONSHAPE BY PTC INC, 1.220',
/* authorisation */ '  ');

FILE_SCHEMA (('AP242_MANAGED_MODEL_BASED_3D_ENGINEERING_MIM_LF { 1 0 10303 442 3 1 4 }'));
ENDSEC;

DATA;
#10=SHAPE_REPRESENTATION_RELATIONSHIP('','',#1003,#11);
#11=ADVANCED_BREP_SHAPE_REPRESENTATION('',(#1001),#1953);
#12=CYLINDRICAL_SURFACE('',#1034,0.00044895690155788);
#13=CYLINDRICAL_SURFACE('',#1036,0.000448956901558203);
#14=CYLINDRICAL_SURFACE('',#1038,0.000448956901557874);
#15=CYLINDRICAL_SURFACE('',#1040,0.000448956901557815);
#16=CYLINDRICAL_SURFACE('',#1042,0.000448956901557914);
#17=CYLINDRICAL_SURFACE('',#1044,0.000448956901557923);
#18=CYLINDRICAL_SURFACE('',#1046,0.000448956901557935);
#19=CYLINDRICAL_SURFACE('',#1048,0.000448956901557926);
#20=CYLINDRICAL_SURFACE('',#1050,0.000448956901557858);
#21=CYLINDRICAL_SURFACE('',#1052,0.000448956901558227);
#22=CYLINDRICAL_SURFACE('',#1054,0.000448956901557964);
#23=CYLINDRICAL_SURFACE('',#1056,0.000448956901558122);
#24=CYLINDRICAL_SURFACE('',#1058,0.000448956901557852);
#25=CYLINDRICAL_SURFACE('',#1060,0.000448956901557966);
#26=CYLINDRICAL_SURFACE('',#1062,0.000448956901557954);
#27=CYLINDRICAL_SURFACE('',#1064,0.000448956901558043);
#28=CYLINDRICAL_SURFACE('',#1066,0.0004489569015582);
#29=CYLINDRICAL_SURFACE('',#1068,0.000448956901558056);
#30=CYLINDRICAL_SURFACE('',#1070,0.000448956901557966);
#31=CYLINDRICAL_SURFACE('',#1072,0.000448956901558164);
#32=CYLINDRICAL_SURFACE('',#1074,0.00044895690155789);
#33=CYLINDRICAL_SURFACE('',#1076,0.000448956901557908);
#34=CYLINDRICAL_SURFACE('',#1078,0.000448956901558039);
#35=CYLINDRICAL_SURFACE('',#1080,0.000448956901557949);
#36=CYLINDRICAL_SURFACE('',#1082,0.000448956901557818);
#37=LINE('',#1534,#87);
#38=LINE('',#1540,#88);
#39=LINE('',#1542,#89);
#40=LINE('',#1553,#90);
#41=LINE('',#1559,#91);
#42=LINE('',#1570,#92);
#43=LINE('',#1576,#93);
#44=LINE('',#1587,#94);
#45=LINE('',#1593,#95);
#46=LINE('',#1604,#96);
#47=LINE('',#1610,#97);
#48=LINE('',#1621,#98);
#49=LINE('',#1627,#99);
#50=LINE('',#1638,#100);
#51=LINE('',#1644,#101);
#52=LINE('',#1655,#102);
#53=LINE('',#1661,#103);
#54=LINE('',#1672,#104);
#55=LINE('',#1678,#105);
#56=LINE('',#1689,#106);
#57=LINE('',#1695,#107);
#58=LINE('',#1706,#108);
#59=LINE('',#1712,#109);
#60=LINE('',#1723,#110);
#61=LINE('',#1729,#111);
#62=LINE('',#1740,#112);
#63=LINE('',#1746,#113);
#64=LINE('',#1757,#114);
#65=LINE('',#1763,#115);
#66=LINE('',#1774,#116);
#67=LINE('',#1780,#117);
#68=LINE('',#1791,#118);
#69=LINE('',#1797,#119);
#70=LINE('',#1808,#120);
#71=LINE('',#1814,#121);
#72=LINE('',#1825,#122);
#73=LINE('',#1831,#123);
#74=LINE('',#1842,#124);
#75=LINE('',#1848,#125);
#76=LINE('',#1859,#126);
#77=LINE('',#1865,#127);
#78=LINE('',#1876,#128);
#79=LINE('',#1882,#129);
#80=LINE('',#1893,#130);
#81=LINE('',#1899,#131);
#82=LINE('',#1910,#132);
#83=LINE('',#1916,#133);
#84=LINE('',#1927,#134);
#85=LINE('',#1933,#135);
#86=LINE('',#1944,#136);
#87=VECTOR('',#1145,1.);
#88=VECTOR('',#1146,1.);
#89=VECTOR('',#1149,1.);
#90=VECTOR('',#1152,1.);
#91=VECTOR('',#1155,1.);
#92=VECTOR('',#1158,1.);
#93=VECTOR('',#1161,1.);
#94=VECTOR('',#1164,1.);
#95=VECTOR('',#1167,1.);
#96=VECTOR('',#1170,1.);
#97=VECTOR('',#1173,1.);
#98=VECTOR('',#1176,1.);
#99=VECTOR('',#1179,1.);
#100=VECTOR('',#1182,1.);
#101=VECTOR('',#1185,1.);
#102=VECTOR('',#1188,1.);
#103=VECTOR('',#1191,1.);
#104=VECTOR('',#1194,1.);
#105=VECTOR('',#1197,1.);
#106=VECTOR('',#1200,1.);
#107=VECTOR('',#1203,1.);
#108=VECTOR('',#1206,1.);
#109=VECTOR('',#1209,1.);
#110=VECTOR('',#1212,1.);
#111=VECTOR('',#1215,1.);
#112=VECTOR('',#1218,1.);
#113=VECTOR('',#1221,1.);
#114=VECTOR('',#1224,1.);
#115=VECTOR('',#1227,1.);
#116=VECTOR('',#1230,1.);
#117=VECTOR('',#1233,1.);
#118=VECTOR('',#1236,1.);
#119=VECTOR('',#1239,1.);
#120=VECTOR('',#1242,1.);
#121=VECTOR('',#1245,1.);
#122=VECTOR('',#1248,1.);
#123=VECTOR('',#1251,1.);
#124=VECTOR('',#1254,1.);
#125=VECTOR('',#1257,1.);
#126=VECTOR('',#1260,1.);
#127=VECTOR('',#1263,1.);
#128=VECTOR('',#1266,1.);
#129=VECTOR('',#1269,1.);
#130=VECTOR('',#1272,1.);
#131=VECTOR('',#1275,1.);
#132=VECTOR('',#1278,1.);
#133=VECTOR('',#1281,1.);
#134=VECTOR('',#1284,1.);
#135=VECTOR('',#1287,1.);
#136=VECTOR('',#1290,1.);
#137=B_SPLINE_SURFACE_WITH_KNOTS('',3,3,((#1451,#1452,#1453,#1454),(#1455,
#1456,#1457,#1458),(#1459,#1460,#1461,#1462),(#1463,#1464,#1465,#1466),
(#1467,#1468,#1469,#1470),(#1471,#1472,#1473,#1474),(#1475,#1476,#1477,
#1478),(#1479,#1480,#1481,#1482),(#1483,#1484,#1485,#1486),(#1487,#1488,
#1489,#1490),(#1491,#1492,#1493,#1494),(#1495,#1496,#1497,#1498),(#1499,
#1500,#1501,#1502),(#1503,#1504,#1505,#1506),(#1507,#1508,#1509,#1510),
(#1511,#1512,#1513,#1514),(#1515,#1516,#1517,#1518),(#1519,#1520,#1521,
#1522)),.UNSPECIFIED.,.T.,.F.,.F.,(4,2,2,2,2,2,2,2,4),(4,4),(0.,0.125,0.25,
0.375,0.5,0.625,0.75,0.875,1.),(-0.00601321736499839,1.00600827185219),
 .UNSPECIFIED.);
#138=B_SPLINE_SURFACE_WITH_KNOTS('',3,1,((#1526,#1527),(#1528,#1529),(#1530,
#1531),(#1532,#1533)),.SURF_OF_LINEAR_EXTRUSION.,.F.,.F.,.F.,(4,4),(2,2),
(0.,1.),(0.,1.),.PIECEWISE_BEZIER_KNOTS.);
#139=B_SPLINE_SURFACE_WITH_KNOTS('',3,1,((#1545,#1546),(#1547,#1548),(#1549,
#1550),(#1551,#1552)),.SURF_OF_LINEAR_EXTRUSION.,.F.,.F.,.F.,(4,4),(2,2),
(0.,1.),(0.,1.),.PIECEWISE_BEZIER_KNOTS.);
#140=B_SPLINE_SURFACE_WITH_KNOTS('',3,1,((#1562,#1563),(#1564,#1565),(#1566,
#1567),(#1568,#1569)),.SURF_OF_LINEAR_EXTRUSION.,.F.,.F.,.F.,(4,4),(2,2),
(0.,1.),(0.,1.),.PIECEWISE_BEZIER_KNOTS.);
#141=B_SPLINE_SURFACE_WITH_KNOTS('',3,1,((#1579,#1580),(#1581,#1582),(#1583,
#1584),(#1585,#1586)),.SURF_OF_LINEAR_EXTRUSION.,.F.,.F.,.F.,(4,4),(2,2),
(0.,1.),(0.,1.),.PIECEWISE_BEZIER_KNOTS.);
#142=B_SPLINE_SURFACE_WITH_KNOTS('',3,1,((#1596,#1597),(#1598,#1599),(#1600,
#1601),(#1602,#1603)),.SURF_OF_LINEAR_EXTRUSION.,.F.,.F.,.F.,(4,4),(2,2),
(0.,1.),(0.,1.),.PIECEWISE_BEZIER_KNOTS.);
#143=B_SPLINE_SURFACE_WITH_KNOTS('',3,1,((#1613,#1614),(#1615,#1616),(#1617,
#1618),(#1619,#1620)),.SURF_OF_LINEAR_EXTRUSION.,.F.,.F.,.F.,(4,4),(2,2),
(0.,1.),(0.,1.),.PIECEWISE_BEZIER_KNOTS.);
#144=B_SPLINE_SURFACE_WITH_KNOTS('',3,1,((#1630,#1631),(#1632,#1633),(#1634,
#1635),(#1636,#1637)),.SURF_OF_LINEAR_EXTRUSION.,.F.,.F.,.F.,(4,4),(2,2),
(0.,1.),(0.,1.),.PIECEWISE_BEZIER_KNOTS.);
#145=B_SPLINE_SURFACE_WITH_KNOTS('',3,1,((#1647,#1648),(#1649,#1650),(#1651,
#1652),(#1653,#1654)),.SURF_OF_LINEAR_EXTRUSION.,.F.,.F.,.F.,(4,4),(2,2),
(0.,1.),(0.,1.),.PIECEWISE_BEZIER_KNOTS.);
#146=B_SPLINE_SURFACE_WITH_KNOTS('',3,1,((#1664,#1665),(#1666,#1667),(#1668,
#1669),(#1670,#1671)),.SURF_OF_LINEAR_EXTRUSION.,.F.,.F.,.F.,(4,4),(2,2),
(0.,1.),(0.,1.),.PIECEWISE_BEZIER_KNOTS.);
#147=B_SPLINE_SURFACE_WITH_KNOTS('',3,1,((#1681,#1682),(#1683,#1684),(#1685,
#1686),(#1687,#1688)),.SURF_OF_LINEAR_EXTRUSION.,.F.,.F.,.F.,(4,4),(2,2),
(0.,1.),(0.,1.),.PIECEWISE_BEZIER_KNOTS.);
#148=B_SPLINE_SURFACE_WITH_KNOTS('',3,1,((#1698,#1699),(#1700,#1701),(#1702,
#1703),(#1704,#1705)),.SURF_OF_LINEAR_EXTRUSION.,.F.,.F.,.F.,(4,4),(2,2),
(0.,1.),(0.,1.),.PIECEWISE_BEZIER_KNOTS.);
#149=B_SPLINE_SURFACE_WITH_KNOTS('',3,1,((#1715,#1716),(#1717,#1718),(#1719,
#1720),(#1721,#1722)),.SURF_OF_LINEAR_EXTRUSION.,.F.,.F.,.F.,(4,4),(2,2),
(0.,1.),(0.,1.),.PIECEWISE_BEZIER_KNOTS.);
#150=B_SPLINE_SURFACE_WITH_KNOTS('',3,1,((#1732,#1733),(#1734,#1735),(#1736,
#1737),(#1738,#1739)),.SURF_OF_LINEAR_EXTRUSION.,.F.,.F.,.F.,(4,4),(2,2),
(0.,1.),(0.,1.),.PIECEWISE_BEZIER_KNOTS.);
#151=B_SPLINE_SURFACE_WITH_KNOTS('',3,1,((#1749,#1750),(#1751,#1752),(#1753,
#1754),(#1755,#1756)),.SURF_OF_LINEAR_EXTRUSION.,.F.,.F.,.F.,(4,4),(2,2),
(0.,1.),(0.,1.),.PIECEWISE_BEZIER_KNOTS.);
#152=B_SPLINE_SURFACE_WITH_KNOTS('',3,1,((#1766,#1767),(#1768,#1769),(#1770,
#1771),(#1772,#1773)),.SURF_OF_LINEAR_EXTRUSION.,.F.,.F.,.F.,(4,4),(2,2),
(0.,1.),(0.,1.),.PIECEWISE_BEZIER_KNOTS.);
#153=B_SPLINE_SURFACE_WITH_KNOTS('',3,1,((#1783,#1784),(#1785,#1786),(#1787,
#1788),(#1789,#1790)),.SURF_OF_LINEAR_EXTRUSION.,.F.,.F.,.F.,(4,4),(2,2),
(0.,1.),(0.,1.),.PIECEWISE_BEZIER_KNOTS.);
#154=B_SPLINE_SURFACE_WITH_KNOTS('',3,1,((#1800,#1801),(#1802,#1803),(#1804,
#1805),(#1806,#1807)),.SURF_OF_LINEAR_EXTRUSION.,.F.,.F.,.F.,(4,4),(2,2),
(0.,1.),(0.,1.),.PIECEWISE_BEZIER_KNOTS.);
#155=B_SPLINE_SURFACE_WITH_KNOTS('',3,1,((#1817,#1818),(#1819,#1820),(#1821,
#1822),(#1823,#1824)),.SURF_OF_LINEAR_EXTRUSION.,.F.,.F.,.F.,(4,4),(2,2),
(0.,1.),(0.,1.),.PIECEWISE_BEZIER_KNOTS.);
#156=B_SPLINE_SURFACE_WITH_KNOTS('',3,1,((#1834,#1835),(#1836,#1837),(#1838,
#1839),(#1840,#1841)),.SURF_OF_LINEAR_EXTRUSION.,.F.,.F.,.F.,(4,4),(2,2),
(0.,1.),(0.,1.),.PIECEWISE_BEZIER_KNOTS.);
#157=B_SPLINE_SURFACE_WITH_KNOTS('',3,1,((#1851,#1852),(#1853,#1854),(#1855,
#1856),(#1857,#1858)),.SURF_OF_LINEAR_EXTRUSION.,.F.,.F.,.F.,(4,4),(2,2),
(0.,1.),(0.,1.),.PIECEWISE_BEZIER_KNOTS.);
#158=B_SPLINE_SURFACE_WITH_KNOTS('',3,1,((#1868,#1869),(#1870,#1871),(#1872,
#1873),(#1874,#1875)),.SURF_OF_LINEAR_EXTRUSION.,.F.,.F.,.F.,(4,4),(2,2),
(0.,1.),(0.,1.),.PIECEWISE_BEZIER_KNOTS.);
#159=B_SPLINE_SURFACE_WITH_KNOTS('',3,1,((#1885,#1886),(#1887,#1888),(#1889,
#1890),(#1891,#1892)),.SURF_OF_LINEAR_EXTRUSION.,.F.,.F.,.F.,(4,4),(2,2),
(0.,1.),(0.,1.),.PIECEWISE_BEZIER_KNOTS.);
#160=B_SPLINE_SURFACE_WITH_KNOTS('',3,1,((#1902,#1903),(#1904,#1905),(#1906,
#1907),(#1908,#1909)),.SURF_OF_LINEAR_EXTRUSION.,.F.,.F.,.F.,(4,4),(2,2),
(0.,1.),(0.,1.),.PIECEWISE_BEZIER_KNOTS.);
#161=B_SPLINE_SURFACE_WITH_KNOTS('',3,1,((#1919,#1920),(#1921,#1922),(#1923,
#1924),(#1925,#1926)),.SURF_OF_LINEAR_EXTRUSION.,.F.,.F.,.F.,(4,4),(2,2),
(0.,1.),(0.,1.),.PIECEWISE_BEZIER_KNOTS.);
#162=B_SPLINE_SURFACE_WITH_KNOTS('',3,1,((#1936,#1937),(#1938,#1939),(#1940,
#1941),(#1942,#1943)),.SURF_OF_LINEAR_EXTRUSION.,.F.,.F.,.F.,(4,4),(2,2),
(0.,1.),(0.,1.),.PIECEWISE_BEZIER_KNOTS.);
#163=B_SPLINE_CURVE_WITH_KNOTS('',2,(#1301,#1302,#1303),.UNSPECIFIED.,.F.,
 .F.,(3,3),(0.,1.),.PIECEWISE_BEZIER_KNOTS.);
#164=B_SPLINE_CURVE_WITH_KNOTS('',2,(#1308,#1309,#1310),.UNSPECIFIED.,.F.,
 .F.,(3,3),(0.,1.),.PIECEWISE_BEZIER_KNOTS.);
#165=B_SPLINE_CURVE_WITH_KNOTS('',2,(#1314,#1315,#1316),.UNSPECIFIED.,.F.,
 .F.,(3,3),(0.,1.),.PIECEWISE_BEZIER_KNOTS.);
#166=B_SPLINE_CURVE_WITH_KNOTS('',2,(#1320,#1321,#1322),.UNSPECIFIED.,.F.,
 .F.,(3,3),(0.,1.),.PIECEWISE_BEZIER_KNOTS.);
#167=B_SPLINE_CURVE_WITH_KNOTS('',2,(#1326,#1327,#1328),.UNSPECIFIED.,.F.,
 .F.,(3,3),(0.,1.),.PIECEWISE_BEZIER_KNOTS.);
#168=B_SPLINE_CURVE_WITH_KNOTS('',2,(#1332,#1333,#1334),.UNSPECIFIED.,.F.,
 .F.,(3,3),(0.,1.),.PIECEWISE_BEZIER_KNOTS.);
#169=B_SPLINE_CURVE_WITH_KNOTS('',2,(#1338,#1339,#1340),.UNSPECIFIED.,.F.,
 .F.,(3,3),(0.,1.),.PIECEWISE_BEZIER_KNOTS.);
#170=B_SPLINE_CURVE_WITH_KNOTS('',2,(#1344,#1345,#1346),.UNSPECIFIED.,.F.,
 .F.,(3,3),(0.,1.),.PIECEWISE_BEZIER_KNOTS.);
#171=B_SPLINE_CURVE_WITH_KNOTS('',2,(#1350,#1351,#1352),.UNSPECIFIED.,.F.,
 .F.,(3,3),(0.,1.),.PIECEWISE_BEZIER_KNOTS.);
#172=B_SPLINE_CURVE_WITH_KNOTS('',2,(#1356,#1357,#1358),.UNSPECIFIED.,.F.,
 .F.,(3,3),(0.,1.),.PIECEWISE_BEZIER_KNOTS.);
#173=B_SPLINE_CURVE_WITH_KNOTS('',2,(#1362,#1363,#1364),.UNSPECIFIED.,.F.,
 .F.,(3,3),(0.,1.),.PIECEWISE_BEZIER_KNOTS.);
#174=B_SPLINE_CURVE_WITH_KNOTS('',2,(#1368,#1369,#1370),.UNSPECIFIED.,.F.,
 .F.,(3,3),(0.,1.),.PIECEWISE_BEZIER_KNOTS.);
#175=B_SPLINE_CURVE_WITH_KNOTS('',2,(#1374,#1375,#1376),.UNSPECIFIED.,.F.,
 .F.,(3,3),(0.,1.),.PIECEWISE_BEZIER_KNOTS.);
#176=B_SPLINE_CURVE_WITH_KNOTS('',2,(#1380,#1381,#1382),.UNSPECIFIED.,.F.,
 .F.,(3,3),(0.,1.),.PIECEWISE_BEZIER_KNOTS.);
#177=B_SPLINE_CURVE_WITH_KNOTS('',2,(#1386,#1387,#1388),.UNSPECIFIED.,.F.,
 .F.,(3,3),(0.,1.),.PIECEWISE_BEZIER_KNOTS.);
#178=B_SPLINE_CURVE_WITH_KNOTS('',2,(#1392,#1393,#1394),.UNSPECIFIED.,.F.,
 .F.,(3,3),(0.,1.),.PIECEWISE_BEZIER_KNOTS.);
#179=B_SPLINE_CURVE_WITH_KNOTS('',2,(#1398,#1399,#1400),.UNSPECIFIED.,.F.,
 .F.,(3,3),(0.,1.),.PIECEWISE_BEZIER_KNOTS.);
#180=B_SPLINE_CURVE_WITH_KNOTS('',2,(#1404,#1405,#1406),.UNSPECIFIED.,.F.,
 .F.,(3,3),(0.,1.),.PIECEWISE_BEZIER_KNOTS.);
#181=B_SPLINE_CURVE_WITH_KNOTS('',2,(#1410,#1411,#1412),.UNSPECIFIED.,.F.,
 .F.,(3,3),(0.,1.),.PIECEWISE_BEZIER_KNOTS.);
#182=B_SPLINE_CURVE_WITH_KNOTS('',2,(#1416,#1417,#1418),.UNSPECIFIED.,.F.,
 .F.,(3,3),(0.,1.),.PIECEWISE_BEZIER_KNOTS.);
#183=B_SPLINE_CURVE_WITH_KNOTS('',2,(#1422,#1423,#1424),.UNSPECIFIED.,.F.,
 .F.,(3,3),(0.,1.),.PIECEWISE_BEZIER_KNOTS.);
#184=B_SPLINE_CURVE_WITH_KNOTS('',2,(#1428,#1429,#1430),.UNSPECIFIED.,.F.,
 .F.,(3,3),(0.,1.),.PIECEWISE_BEZIER_KNOTS.);
#185=B_SPLINE_CURVE_WITH_KNOTS('',2,(#1434,#1435,#1436),.UNSPECIFIED.,.F.,
 .F.,(3,3),(0.,1.),.PIECEWISE_BEZIER_KNOTS.);
#186=B_SPLINE_CURVE_WITH_KNOTS('',2,(#1440,#1441,#1442),.UNSPECIFIED.,.F.,
 .F.,(3,3),(0.,1.),.PIECEWISE_BEZIER_KNOTS.);
#187=B_SPLINE_CURVE_WITH_KNOTS('',2,(#1446,#1447,#1448),.UNSPECIFIED.,.F.,
 .F.,(3,3),(0.,1.),.PIECEWISE_BEZIER_KNOTS.);
#188=B_SPLINE_CURVE_WITH_KNOTS('',2,(#1536,#1537,#1538),.UNSPECIFIED.,.F.,
 .F.,(3,3),(0.,1.),.PIECEWISE_BEZIER_KNOTS.);
#189=B_SPLINE_CURVE_WITH_KNOTS('',2,(#1555,#1556,#1557),.UNSPECIFIED.,.F.,
 .F.,(3,3),(0.,1.),.PIECEWISE_BEZIER_KNOTS.);
#190=B_SPLINE_CURVE_WITH_KNOTS('',2,(#1572,#1573,#1574),.UNSPECIFIED.,.F.,
 .F.,(3,3),(0.,1.),.PIECEWISE_BEZIER_KNOTS.);
#191=B_SPLINE_CURVE_WITH_KNOTS('',2,(#1589,#1590,#1591),.UNSPECIFIED.,.F.,
 .F.,(3,3),(0.,1.),.PIECEWISE_BEZIER_KNOTS.);
#192=B_SPLINE_CURVE_WITH_KNOTS('',2,(#1606,#1607,#1608),.UNSPECIFIED.,.F.,
 .F.,(3,3),(0.,1.),.PIECEWISE_BEZIER_KNOTS.);
#193=B_SPLINE_CURVE_WITH_KNOTS('',2,(#1623,#1624,#1625),.UNSPECIFIED.,.F.,
 .F.,(3,3),(0.,1.),.PIECEWISE_BEZIER_KNOTS.);
#194=B_SPLINE_CURVE_WITH_KNOTS('',2,(#1640,#1641,#1642),.UNSPECIFIED.,.F.,
 .F.,(3,3),(0.,1.),.PIECEWISE_BEZIER_KNOTS.);
#195=B_SPLINE_CURVE_WITH_KNOTS('',2,(#1657,#1658,#1659),.UNSPECIFIED.,.F.,
 .F.,(3,3),(0.,1.),.PIECEWISE_BEZIER_KNOTS.);
#196=B_SPLINE_CURVE_WITH_KNOTS('',2,(#1674,#1675,#1676),.UNSPECIFIED.,.F.,
 .F.,(3,3),(0.,1.),.PIECEWISE_BEZIER_KNOTS.);
#197=B_SPLINE_CURVE_WITH_KNOTS('',2,(#1691,#1692,#1693),.UNSPECIFIED.,.F.,
 .F.,(3,3),(0.,1.),.PIECEWISE_BEZIER_KNOTS.);
#198=B_SPLINE_CURVE_WITH_KNOTS('',2,(#1708,#1709,#1710),.UNSPECIFIED.,.F.,
 .F.,(3,3),(0.,1.),.PIECEWISE_BEZIER_KNOTS.);
#199=B_SPLINE_CURVE_WITH_KNOTS('',2,(#1725,#1726,#1727),.UNSPECIFIED.,.F.,
 .F.,(3,3),(0.,1.),.PIECEWISE_BEZIER_KNOTS.);
#200=B_SPLINE_CURVE_WITH_KNOTS('',2,(#1742,#1743,#1744),.UNSPECIFIED.,.F.,
 .F.,(3,3),(0.,1.),.PIECEWISE_BEZIER_KNOTS.);
#201=B_SPLINE_CURVE_WITH_KNOTS('',2,(#1759,#1760,#1761),.UNSPECIFIED.,.F.,
 .F.,(3,3),(0.,1.),.PIECEWISE_BEZIER_KNOTS.);
#202=B_SPLINE_CURVE_WITH_KNOTS('',2,(#1776,#1777,#1778),.UNSPECIFIED.,.F.,
 .F.,(3,3),(0.,1.),.PIECEWISE_BEZIER_KNOTS.);
#203=B_SPLINE_CURVE_WITH_KNOTS('',2,(#1793,#1794,#1795),.UNSPECIFIED.,.F.,
 .F.,(3,3),(0.,1.),.PIECEWISE_BEZIER_KNOTS.);
#204=B_SPLINE_CURVE_WITH_KNOTS('',2,(#1810,#1811,#1812),.UNSPECIFIED.,.F.,
 .F.,(3,3),(0.,1.),.PIECEWISE_BEZIER_KNOTS.);
#205=B_SPLINE_CURVE_WITH_KNOTS('',2,(#1827,#1828,#1829),.UNSPECIFIED.,.F.,
 .F.,(3,3),(0.,1.),.PIECEWISE_BEZIER_KNOTS.);
#206=B_SPLINE_CURVE_WITH_KNOTS('',2,(#1844,#1845,#1846),.UNSPECIFIED.,.F.,
 .F.,(3,3),(0.,1.),.PIECEWISE_BEZIER_KNOTS.);
#207=B_SPLINE_CURVE_WITH_KNOTS('',2,(#1861,#1862,#1863),.UNSPECIFIED.,.F.,
 .F.,(3,3),(0.,1.),.PIECEWISE_BEZIER_KNOTS.);
#208=B_SPLINE_CURVE_WITH_KNOTS('',2,(#1878,#1879,#1880),.UNSPECIFIED.,.F.,
 .F.,(3,3),(0.,1.),.PIECEWISE_BEZIER_KNOTS.);
#209=B_SPLINE_CURVE_WITH_KNOTS('',2,(#1895,#1896,#1897),.UNSPECIFIED.,.F.,
 .F.,(3,3),(0.,1.),.PIECEWISE_BEZIER_KNOTS.);
#210=B_SPLINE_CURVE_WITH_KNOTS('',2,(#1912,#1913,#1914),.UNSPECIFIED.,.F.,
 .F.,(3,3),(0.,1.),.PIECEWISE_BEZIER_KNOTS.);
#211=B_SPLINE_CURVE_WITH_KNOTS('',2,(#1929,#1930,#1931),.UNSPECIFIED.,.F.,
 .F.,(3,3),(0.,1.),.PIECEWISE_BEZIER_KNOTS.);
#212=B_SPLINE_CURVE_WITH_KNOTS('',2,(#1946,#1947,#1948),.UNSPECIFIED.,.F.,
 .F.,(3,3),(0.,1.),.PIECEWISE_BEZIER_KNOTS.);
#213=ORIENTED_EDGE('',*,*,#517,.T.);
#214=ORIENTED_EDGE('',*,*,#518,.T.);
#215=ORIENTED_EDGE('',*,*,#519,.F.);
#216=ORIENTED_EDGE('',*,*,#520,.T.);
#217=ORIENTED_EDGE('',*,*,#521,.F.);
#218=ORIENTED_EDGE('',*,*,#522,.T.);
#219=ORIENTED_EDGE('',*,*,#523,.F.);
#220=ORIENTED_EDGE('',*,*,#524,.T.);
#221=ORIENTED_EDGE('',*,*,#525,.F.);
#222=ORIENTED_EDGE('',*,*,#526,.T.);
#223=ORIENTED_EDGE('',*,*,#527,.F.);
#224=ORIENTED_EDGE('',*,*,#528,.T.);
#225=ORIENTED_EDGE('',*,*,#529,.F.);
#226=ORIENTED_EDGE('',*,*,#530,.T.);
#227=ORIENTED_EDGE('',*,*,#531,.F.);
#228=ORIENTED_EDGE('',*,*,#532,.T.);
#229=ORIENTED_EDGE('',*,*,#533,.F.);
#230=ORIENTED_EDGE('',*,*,#534,.T.);
#231=ORIENTED_EDGE('',*,*,#535,.F.);
#232=ORIENTED_EDGE('',*,*,#536,.T.);
#233=ORIENTED_EDGE('',*,*,#537,.F.);
#234=ORIENTED_EDGE('',*,*,#538,.T.);
#235=ORIENTED_EDGE('',*,*,#539,.F.);
#236=ORIENTED_EDGE('',*,*,#540,.T.);
#237=ORIENTED_EDGE('',*,*,#541,.F.);
#238=ORIENTED_EDGE('',*,*,#542,.T.);
#239=ORIENTED_EDGE('',*,*,#543,.F.);
#240=ORIENTED_EDGE('',*,*,#544,.T.);
#241=ORIENTED_EDGE('',*,*,#545,.F.);
#242=ORIENTED_EDGE('',*,*,#546,.T.);
#243=ORIENTED_EDGE('',*,*,#547,.F.);
#244=ORIENTED_EDGE('',*,*,#548,.T.);
#245=ORIENTED_EDGE('',*,*,#549,.F.);
#246=ORIENTED_EDGE('',*,*,#550,.T.);
#247=ORIENTED_EDGE('',*,*,#551,.F.);
#248=ORIENTED_EDGE('',*,*,#552,.T.);
#249=ORIENTED_EDGE('',*,*,#553,.F.);
#250=ORIENTED_EDGE('',*,*,#554,.T.);
#251=ORIENTED_EDGE('',*,*,#555,.F.);
#252=ORIENTED_EDGE('',*,*,#556,.T.);
#253=ORIENTED_EDGE('',*,*,#557,.F.);
#254=ORIENTED_EDGE('',*,*,#558,.T.);
#255=ORIENTED_EDGE('',*,*,#559,.F.);
#256=ORIENTED_EDGE('',*,*,#560,.T.);
#257=ORIENTED_EDGE('',*,*,#561,.F.);
#258=ORIENTED_EDGE('',*,*,#562,.T.);
#259=ORIENTED_EDGE('',*,*,#563,.F.);
#260=ORIENTED_EDGE('',*,*,#564,.T.);
#261=ORIENTED_EDGE('',*,*,#565,.F.);
#262=ORIENTED_EDGE('',*,*,#566,.T.);
#263=ORIENTED_EDGE('',*,*,#567,.F.);
#264=ORIENTED_EDGE('',*,*,#517,.F.);
#265=ORIENTED_EDGE('',*,*,#568,.T.);
#266=ORIENTED_EDGE('',*,*,#568,.F.);
#267=ORIENTED_EDGE('',*,*,#518,.F.);
#268=ORIENTED_EDGE('',*,*,#569,.F.);
#269=ORIENTED_EDGE('',*,*,#570,.T.);
#270=ORIENTED_EDGE('',*,*,#571,.T.);
#271=ORIENTED_EDGE('',*,*,#567,.T.);
#272=ORIENTED_EDGE('',*,*,#572,.F.);
#273=ORIENTED_EDGE('',*,*,#573,.F.);
#274=ORIENTED_EDGE('',*,*,#569,.T.);
#275=ORIENTED_EDGE('',*,*,#566,.F.);
#276=ORIENTED_EDGE('',*,*,#574,.F.);
#277=ORIENTED_EDGE('',*,*,#575,.T.);
#278=ORIENTED_EDGE('',*,*,#572,.T.);
#279=ORIENTED_EDGE('',*,*,#565,.T.);
#280=ORIENTED_EDGE('',*,*,#576,.F.);
#281=ORIENTED_EDGE('',*,*,#577,.F.);
#282=ORIENTED_EDGE('',*,*,#574,.T.);
#283=ORIENTED_EDGE('',*,*,#564,.F.);
#284=ORIENTED_EDGE('',*,*,#578,.F.);
#285=ORIENTED_EDGE('',*,*,#579,.T.);
#286=ORIENTED_EDGE('',*,*,#576,.T.);
#287=ORIENTED_EDGE('',*,*,#563,.T.);
#288=ORIENTED_EDGE('',*,*,#580,.F.);
#289=ORIENTED_EDGE('',*,*,#581,.F.);
#290=ORIENTED_EDGE('',*,*,#578,.T.);
#291=ORIENTED_EDGE('',*,*,#562,.F.);
#292=ORIENTED_EDGE('',*,*,#582,.F.);
#293=ORIENTED_EDGE('',*,*,#583,.T.);
#294=ORIENTED_EDGE('',*,*,#580,.T.);
#295=ORIENTED_EDGE('',*,*,#561,.T.);
#296=ORIENTED_EDGE('',*,*,#584,.F.);
#297=ORIENTED_EDGE('',*,*,#585,.F.);
#298=ORIENTED_EDGE('',*,*,#582,.T.);
#299=ORIENTED_EDGE('',*,*,#560,.F.);
#300=ORIENTED_EDGE('',*,*,#586,.F.);
#301=ORIENTED_EDGE('',*,*,#587,.T.);
#302=ORIENTED_EDGE('',*,*,#584,.T.);
#303=ORIENTED_EDGE('',*,*,#559,.T.);
#304=ORIENTED_EDGE('',*,*,#588,.F.);
#305=ORIENTED_EDGE('',*,*,#589,.F.);
#306=ORIENTED_EDGE('',*,*,#586,.T.);
#307=ORIENTED_EDGE('',*,*,#558,.F.);
#308=ORIENTED_EDGE('',*,*,#590,.F.);
#309=ORIENTED_EDGE('',*,*,#591,.T.);
#310=ORIENTED_EDGE('',*,*,#588,.T.);
#311=ORIENTED_EDGE('',*,*,#557,.T.);
#312=ORIENTED_EDGE('',*,*,#592,.F.);
#313=ORIENTED_EDGE('',*,*,#593,.F.);
#314=ORIENTED_EDGE('',*,*,#590,.T.);
#315=ORIENTED_EDGE('',*,*,#556,.F.);
#316=ORIENTED_EDGE('',*,*,#594,.F.);
#317=ORIENTED_EDGE('',*,*,#595,.T.);
#318=ORIENTED_EDGE('',*,*,#592,.T.);
#319=ORIENTED_EDGE('',*,*,#555,.T.);
#320=ORIENTED_EDGE('',*,*,#596,.F.);
#321=ORIENTED_EDGE('',*,*,#597,.F.);
#322=ORIENTED_EDGE('',*,*,#594,.T.);
#323=ORIENTED_EDGE('',*,*,#554,.F.);
#324=ORIENTED_EDGE('',*,*,#598,.F.);
#325=ORIENTED_EDGE('',*,*,#599,.T.);
#326=ORIENTED_EDGE('',*,*,#596,.T.);
#327=ORIENTED_EDGE('',*,*,#553,.T.);
#328=ORIENTED_EDGE('',*,*,#600,.F.);
#329=ORIENTED_EDGE('',*,*,#601,.F.);
#330=ORIENTED_EDGE('',*,*,#598,.T.);
#331=ORIENTED_EDGE('',*,*,#552,.F.);
#332=ORIENTED_EDGE('',*,*,#602,.F.);
#333=ORIENTED_EDGE('',*,*,#603,.T.);
#334=ORIENTED_EDGE('',*,*,#600,.T.);
#335=ORIENTED_EDGE('',*,*,#551,.T.);
#336=ORIENTED_EDGE('',*,*,#604,.F.);
#337=ORIENTED_EDGE('',*,*,#605,.F.);
#338=ORIENTED_EDGE('',*,*,#602,.T.);
#339=ORIENTED_EDGE('',*,*,#550,.F.);
#340=ORIENTED_EDGE('',*,*,#606,.F.);
#341=ORIENTED_EDGE('',*,*,#607,.T.);
#342=ORIENTED_EDGE('',*,*,#604,.T.);
#343=ORIENTED_EDGE('',*,*,#549,.T.);
#344=ORIENTED_EDGE('',*,*,#608,.F.);
#345=ORIENTED_EDGE('',*,*,#609,.F.);
#346=ORIENTED_EDGE('',*,*,#606,.T.);
#347=ORIENTED_EDGE('',*,*,#548,.F.);
#348=ORIENTED_EDGE('',*,*,#610,.F.);
#349=ORIENTED_EDGE('',*,*,#611,.T.);
#350=ORIENTED_EDGE('',*,*,#608,.T.);
#351=ORIENTED_EDGE('',*,*,#547,.T.);
#352=ORIENTED_EDGE('',*,*,#612,.F.);
#353=ORIENTED_EDGE('',*,*,#613,.F.);
#354=ORIENTED_EDGE('',*,*,#610,.T.);
#355=ORIENTED_EDGE('',*,*,#546,.F.);
#356=ORIENTED_EDGE('',*,*,#614,.F.);
#357=ORIENTED_EDGE('',*,*,#615,.T.);
#358=ORIENTED_EDGE('',*,*,#612,.T.);
#359=ORIENTED_EDGE('',*,*,#545,.T.);
#360=ORIENTED_EDGE('',*,*,#616,.F.);
#361=ORIENTED_EDGE('',*,*,#617,.F.);
#362=ORIENTED_EDGE('',*,*,#614,.T.);
#363=ORIENTED_EDGE('',*,*,#544,.F.);
#364=ORIENTED_EDGE('',*,*,#618,.F.);
#365=ORIENTED_EDGE('',*,*,#619,.T.);
#366=ORIENTED_EDGE('',*,*,#616,.T.);
#367=ORIENTED_EDGE('',*,*,#543,.T.);
#368=ORIENTED_EDGE('',*,*,#620,.F.);
#369=ORIENTED_EDGE('',*,*,#621,.F.);
#370=ORIENTED_EDGE('',*,*,#618,.T.);
#371=ORIENTED_EDGE('',*,*,#542,.F.);
#372=ORIENTED_EDGE('',*,*,#622,.F.);
#373=ORIENTED_EDGE('',*,*,#623,.T.);
#374=ORIENTED_EDGE('',*,*,#620,.T.);
#375=ORIENTED_EDGE('',*,*,#541,.T.);
#376=ORIENTED_EDGE('',*,*,#624,.F.);
#377=ORIENTED_EDGE('',*,*,#625,.F.);
#378=ORIENTED_EDGE('',*,*,#622,.T.);
#379=ORIENTED_EDGE('',*,*,#540,.F.);
#380=ORIENTED_EDGE('',*,*,#626,.F.);
#381=ORIENTED_EDGE('',*,*,#627,.T.);
#382=ORIENTED_EDGE('',*,*,#624,.T.);
#383=ORIENTED_EDGE('',*,*,#539,.T.);
#384=ORIENTED_EDGE('',*,*,#628,.F.);
#385=ORIENTED_EDGE('',*,*,#629,.F.);
#386=ORIENTED_EDGE('',*,*,#626,.T.);
#387=ORIENTED_EDGE('',*,*,#538,.F.);
#388=ORIENTED_EDGE('',*,*,#630,.F.);
#389=ORIENTED_EDGE('',*,*,#631,.T.);
#390=ORIENTED_EDGE('',*,*,#628,.T.);
#391=ORIENTED_EDGE('',*,*,#537,.T.);
#392=ORIENTED_EDGE('',*,*,#632,.F.);
#393=ORIENTED_EDGE('',*,*,#633,.F.);
#394=ORIENTED_EDGE('',*,*,#630,.T.);
#395=ORIENTED_EDGE('',*,*,#536,.F.);
#396=ORIENTED_EDGE('',*,*,#634,.F.);
#397=ORIENTED_EDGE('',*,*,#635,.T.);
#398=ORIENTED_EDGE('',*,*,#632,.T.);
#399=ORIENTED_EDGE('',*,*,#535,.T.);
#400=ORIENTED_EDGE('',*,*,#636,.F.);
#401=ORIENTED_EDGE('',*,*,#637,.F.);
#402=ORIENTED_EDGE('',*,*,#634,.T.);
#403=ORIENTED_EDGE('',*,*,#534,.F.);
#404=ORIENTED_EDGE('',*,*,#638,.F.);
#405=ORIENTED_EDGE('',*,*,#639,.T.);
#406=ORIENTED_EDGE('',*,*,#636,.T.);
#407=ORIENTED_EDGE('',*,*,#533,.T.);
#408=ORIENTED_EDGE('',*,*,#640,.F.);
#409=ORIENTED_EDGE('',*,*,#641,.F.);
#410=ORIENTED_EDGE('',*,*,#638,.T.);
#411=ORIENTED_EDGE('',*,*,#532,.F.);
#412=ORIENTED_EDGE('',*,*,#642,.F.);
#413=ORIENTED_EDGE('',*,*,#643,.T.);
#414=ORIENTED_EDGE('',*,*,#640,.T.);
#415=ORIENTED_EDGE('',*,*,#531,.T.);
#416=ORIENTED_EDGE('',*,*,#644,.F.);
#417=ORIENTED_EDGE('',*,*,#645,.F.);
#418=ORIENTED_EDGE('',*,*,#642,.T.);
#419=ORIENTED_EDGE('',*,*,#530,.F.);
#420=ORIENTED_EDGE('',*,*,#646,.F.);
#421=ORIENTED_EDGE('',*,*,#647,.T.);
#422=ORIENTED_EDGE('',*,*,#644,.T.);
#423=ORIENTED_EDGE('',*,*,#529,.T.);
#424=ORIENTED_EDGE('',*,*,#648,.F.);
#425=ORIENTED_EDGE('',*,*,#649,.F.);
#426=ORIENTED_EDGE('',*,*,#646,.T.);
#427=ORIENTED_EDGE('',*,*,#528,.F.);
#428=ORIENTED_EDGE('',*,*,#650,.F.);
#429=ORIENTED_EDGE('',*,*,#651,.T.);
#430=ORIENTED_EDGE('',*,*,#648,.T.);
#431=ORIENTED_EDGE('',*,*,#527,.T.);
#432=ORIENTED_EDGE('',*,*,#652,.F.);
#433=ORIENTED_EDGE('',*,*,#653,.F.);
#434=ORIENTED_EDGE('',*,*,#650,.T.);
#435=ORIENTED_EDGE('',*,*,#526,.F.);
#436=ORIENTED_EDGE('',*,*,#654,.F.);
#437=ORIENTED_EDGE('',*,*,#655,.T.);
#438=ORIENTED_EDGE('',*,*,#652,.T.);
#439=ORIENTED_EDGE('',*,*,#525,.T.);
#440=ORIENTED_EDGE('',*,*,#656,.F.);
#441=ORIENTED_EDGE('',*,*,#657,.F.);
#442=ORIENTED_EDGE('',*,*,#654,.T.);
#443=ORIENTED_EDGE('',*,*,#524,.F.);
#444=ORIENTED_EDGE('',*,*,#658,.F.);
#445=ORIENTED_EDGE('',*,*,#659,.T.);
#446=ORIENTED_EDGE('',*,*,#656,.T.);
#447=ORIENTED_EDGE('',*,*,#523,.T.);
#448=ORIENTED_EDGE('',*,*,#660,.F.);
#449=ORIENTED_EDGE('',*,*,#661,.F.);
#450=ORIENTED_EDGE('',*,*,#658,.T.);
#451=ORIENTED_EDGE('',*,*,#522,.F.);
#452=ORIENTED_EDGE('',*,*,#662,.F.);
#453=ORIENTED_EDGE('',*,*,#663,.T.);
#454=ORIENTED_EDGE('',*,*,#660,.T.);
#455=ORIENTED_EDGE('',*,*,#521,.T.);
#456=ORIENTED_EDGE('',*,*,#664,.F.);
#457=ORIENTED_EDGE('',*,*,#665,.F.);
#458=ORIENTED_EDGE('',*,*,#662,.T.);
#459=ORIENTED_EDGE('',*,*,#520,.F.);
#460=ORIENTED_EDGE('',*,*,#666,.F.);
#461=ORIENTED_EDGE('',*,*,#667,.T.);
#462=ORIENTED_EDGE('',*,*,#664,.T.);
#463=ORIENTED_EDGE('',*,*,#519,.T.);
#464=ORIENTED_EDGE('',*,*,#571,.F.);
#465=ORIENTED_EDGE('',*,*,#668,.F.);
#466=ORIENTED_EDGE('',*,*,#666,.T.);
#467=ORIENTED_EDGE('',*,*,#570,.F.);
#468=ORIENTED_EDGE('',*,*,#573,.T.);
#469=ORIENTED_EDGE('',*,*,#575,.F.);
#470=ORIENTED_EDGE('',*,*,#577,.T.);
#471=ORIENTED_EDGE('',*,*,#579,.F.);
#472=ORIENTED_EDGE('',*,*,#581,.T.);
#473=ORIENTED_EDGE('',*,*,#583,.F.);
#474=ORIENTED_EDGE('',*,*,#585,.T.);
#475=ORIENTED_EDGE('',*,*,#587,.F.);
#476=ORIENTED_EDGE('',*,*,#589,.T.);
#477=ORIENTED_EDGE('',*,*,#591,.F.);
#478=ORIENTED_EDGE('',*,*,#593,.T.);
#479=ORIENTED_EDGE('',*,*,#595,.F.);
#480=ORIENTED_EDGE('',*,*,#597,.T.);
#481=ORIENTED_EDGE('',*,*,#599,.F.);
#482=ORIENTED_EDGE('',*,*,#601,.T.);
#483=ORIENTED_EDGE('',*,*,#603,.F.);
#484=ORIENTED_EDGE('',*,*,#605,.T.);
#485=ORIENTED_EDGE('',*,*,#607,.F.);
#486=ORIENTED_EDGE('',*,*,#609,.T.);
#487=ORIENTED_EDGE('',*,*,#611,.F.);
#488=ORIENTED_EDGE('',*,*,#613,.T.);
#489=ORIENTED_EDGE('',*,*,#615,.F.);
#490=ORIENTED_EDGE('',*,*,#617,.T.);
#491=ORIENTED_EDGE('',*,*,#619,.F.);
#492=ORIENTED_EDGE('',*,*,#621,.T.);
#493=ORIENTED_EDGE('',*,*,#623,.F.);
#494=ORIENTED_EDGE('',*,*,#625,.T.);
#495=ORIENTED_EDGE('',*,*,#627,.F.);
#496=ORIENTED_EDGE('',*,*,#629,.T.);
#497=ORIENTED_EDGE('',*,*,#631,.F.);
#498=ORIENTED_EDGE('',*,*,#633,.T.);
#499=ORIENTED_EDGE('',*,*,#635,.F.);
#500=ORIENTED_EDGE('',*,*,#637,.T.);
#501=ORIENTED_EDGE('',*,*,#639,.F.);
#502=ORIENTED_EDGE('',*,*,#641,.T.);
#503=ORIENTED_EDGE('',*,*,#643,.F.);
#504=ORIENTED_EDGE('',*,*,#645,.T.);
#505=ORIENTED_EDGE('',*,*,#647,.F.);
#506=ORIENTED_EDGE('',*,*,#649,.T.);
#507=ORIENTED_EDGE('',*,*,#651,.F.);
#508=ORIENTED_EDGE('',*,*,#653,.T.);
#509=ORIENTED_EDGE('',*,*,#655,.F.);
#510=ORIENTED_EDGE('',*,*,#657,.T.);
#511=ORIENTED_EDGE('',*,*,#659,.F.);
#512=ORIENTED_EDGE('',*,*,#661,.T.);
#513=ORIENTED_EDGE('',*,*,#663,.F.);
#514=ORIENTED_EDGE('',*,*,#665,.T.);
#515=ORIENTED_EDGE('',*,*,#667,.F.);
#516=ORIENTED_EDGE('',*,*,#668,.T.);
#517=EDGE_CURVE('',#669,#669,#771,.T.);
#518=EDGE_CURVE('',#670,#671,#163,.T.);
#519=EDGE_CURVE('',#672,#671,#772,.T.);
#520=EDGE_CURVE('',#672,#673,#164,.T.);
#521=EDGE_CURVE('',#674,#673,#773,.T.);
#522=EDGE_CURVE('',#674,#675,#165,.T.);
#523=EDGE_CURVE('',#676,#675,#774,.T.);
#524=EDGE_CURVE('',#676,#677,#166,.T.);
#525=EDGE_CURVE('',#678,#677,#775,.T.);
#526=EDGE_CURVE('',#678,#679,#167,.T.);
#527=EDGE_CURVE('',#680,#679,#776,.T.);
#528=EDGE_CURVE('',#680,#681,#168,.T.);
#529=EDGE_CURVE('',#682,#681,#777,.T.);
#530=EDGE_CURVE('',#682,#683,#169,.T.);
#531=EDGE_CURVE('',#684,#683,#778,.T.);
#532=EDGE_CURVE('',#684,#685,#170,.T.);
#533=EDGE_CURVE('',#686,#685,#779,.T.);
#534=EDGE_CURVE('',#686,#687,#171,.T.);
#535=EDGE_CURVE('',#688,#687,#780,.T.);
#536=EDGE_CURVE('',#688,#689,#172,.T.);
#537=EDGE_CURVE('',#690,#689,#781,.T.);
#538=EDGE_CURVE('',#690,#691,#173,.T.);
#539=EDGE_CURVE('',#692,#691,#782,.T.);
#540=EDGE_CURVE('',#692,#693,#174,.T.);
#541=EDGE_CURVE('',#694,#693,#783,.T.);
#542=EDGE_CURVE('',#694,#695,#175,.T.);
#543=EDGE_CURVE('',#696,#695,#784,.T.);
#544=EDGE_CURVE('',#696,#697,#176,.T.);
#545=EDGE_CURVE('',#698,#697,#785,.T.);
#546=EDGE_CURVE('',#698,#699,#177,.T.);
#547=EDGE_CURVE('',#700,#699,#786,.T.);
#548=EDGE_CURVE('',#700,#701,#178,.T.);
#549=EDGE_CURVE('',#702,#701,#787,.T.);
#550=EDGE_CURVE('',#702,#703,#179,.T.);
#551=EDGE_CURVE('',#704,#703,#788,.T.);
#552=EDGE_CURVE('',#704,#705,#180,.T.);
#553=EDGE_CURVE('',#706,#705,#789,.T.);
#554=EDGE_CURVE('',#706,#707,#181,.T.);
#555=EDGE_CURVE('',#708,#707,#790,.T.);
#556=EDGE_CURVE('',#708,#709,#182,.T.);
#557=EDGE_CURVE('',#710,#709,#791,.T.);
#558=EDGE_CURVE('',#710,#711,#183,.T.);
#559=EDGE_CURVE('',#712,#711,#792,.T.);
#560=EDGE_CURVE('',#712,#713,#184,.T.);
#561=EDGE_CURVE('',#714,#713,#793,.T.);
#562=EDGE_CURVE('',#714,#715,#185,.T.);
#563=EDGE_CURVE('',#716,#715,#794,.T.);
#564=EDGE_CURVE('',#716,#717,#186,.T.);
#565=EDGE_CURVE('',#718,#717,#795,.T.);
#566=EDGE_CURVE('',#718,#719,#187,.T.);
#567=EDGE_CURVE('',#670,#719,#796,.T.);
#568=EDGE_CURVE('',#720,#720,#797,.T.);
#569=EDGE_CURVE('',#721,#670,#37,.T.);
#570=EDGE_CURVE('',#721,#722,#188,.T.);
#571=EDGE_CURVE('',#722,#671,#38,.T.);
#572=EDGE_CURVE('',#723,#719,#39,.T.);
#573=EDGE_CURVE('',#721,#723,#798,.T.);
#574=EDGE_CURVE('',#724,#718,#40,.T.);
#575=EDGE_CURVE('',#724,#723,#189,.T.);
#576=EDGE_CURVE('',#725,#717,#41,.T.);
#577=EDGE_CURVE('',#724,#725,#799,.T.);
#578=EDGE_CURVE('',#726,#716,#42,.T.);
#579=EDGE_CURVE('',#726,#725,#190,.T.);
#580=EDGE_CURVE('',#727,#715,#43,.T.);
#581=EDGE_CURVE('',#726,#727,#800,.T.);
#582=EDGE_CURVE('',#728,#714,#44,.T.);
#583=EDGE_CURVE('',#728,#727,#191,.T.);
#584=EDGE_CURVE('',#729,#713,#45,.T.);
#585=EDGE_CURVE('',#728,#729,#801,.T.);
#586=EDGE_CURVE('',#730,#712,#46,.T.);
#587=EDGE_CURVE('',#730,#729,#192,.T.);
#588=EDGE_CURVE('',#731,#711,#47,.T.);
#589=EDGE_CURVE('',#730,#731,#802,.T.);
#590=EDGE_CURVE('',#732,#710,#48,.T.);
#591=EDGE_CURVE('',#732,#731,#193,.T.);
#592=EDGE_CURVE('',#733,#709,#49,.T.);
#593=EDGE_CURVE('',#732,#733,#803,.T.);
#594=EDGE_CURVE('',#734,#708,#50,.T.);
#595=EDGE_CURVE('',#734,#733,#194,.T.);
#596=EDGE_CURVE('',#735,#707,#51,.T.);
#597=EDGE_CURVE('',#734,#735,#804,.T.);
#598=EDGE_CURVE('',#736,#706,#52,.T.);
#599=EDGE_CURVE('',#736,#735,#195,.T.);
#600=EDGE_CURVE('',#737,#705,#53,.T.);
#601=EDGE_CURVE('',#736,#737,#805,.T.);
#602=EDGE_CURVE('',#738,#704,#54,.T.);
#603=EDGE_CURVE('',#738,#737,#196,.T.);
#604=EDGE_CURVE('',#739,#703,#55,.T.);
#605=EDGE_CURVE('',#738,#739,#806,.T.);
#606=EDGE_CURVE('',#740,#702,#56,.T.);
#607=EDGE_CURVE('',#740,#739,#197,.T.);
#608=EDGE_CURVE('',#741,#701,#57,.T.);
#609=EDGE_CURVE('',#740,#741,#807,.T.);
#610=EDGE_CURVE('',#742,#700,#58,.T.);
#611=EDGE_CURVE('',#742,#741,#198,.T.);
#612=EDGE_CURVE('',#743,#699,#59,.T.);
#613=EDGE_CURVE('',#742,#743,#808,.T.);
#614=EDGE_CURVE('',#744,#698,#60,.T.);
#615=EDGE_CURVE('',#744,#743,#199,.T.);
#616=EDGE_CURVE('',#745,#697,#61,.T.);
#617=EDGE_CURVE('',#744,#745,#809,.T.);
#618=EDGE_CURVE('',#746,#696,#62,.T.);
#619=EDGE_CURVE('',#746,#745,#200,.T.);
#620=EDGE_CURVE('',#747,#695,#63,.T.);
#621=EDGE_CURVE('',#746,#747,#810,.T.);
#622=EDGE_CURVE('',#748,#694,#64,.T.);
#623=EDGE_CURVE('',#748,#747,#201,.T.);
#624=EDGE_CURVE('',#749,#693,#65,.T.);
#625=EDGE_CURVE('',#748,#749,#811,.T.);
#626=EDGE_CURVE('',#750,#692,#66,.T.);
#627=EDGE_CURVE('',#750,#749,#202,.T.);
#628=EDGE_CURVE('',#751,#691,#67,.T.);
#629=EDGE_CURVE('',#750,#751,#812,.T.);
#630=EDGE_CURVE('',#752,#690,#68,.T.);
#631=EDGE_CURVE('',#752,#751,#203,.T.);
#632=EDGE_CURVE('',#753,#689,#69,.T.);
#633=EDGE_CURVE('',#752,#753,#813,.T.);
#634=EDGE_CURVE('',#754,#688,#70,.T.);
#635=EDGE_CURVE('',#754,#753,#204,.T.);
#636=EDGE_CURVE('',#755,#687,#71,.T.);
#637=EDGE_CURVE('',#754,#755,#814,.T.);
#638=EDGE_CURVE('',#756,#686,#72,.T.);
#639=EDGE_CURVE('',#756,#755,#205,.T.);
#640=EDGE_CURVE('',#757,#685,#73,.T.);
#641=EDGE_CURVE('',#756,#757,#815,.T.);
#642=EDGE_CURVE('',#758,#684,#74,.T.);
#643=EDGE_CURVE('',#758,#757,#206,.T.);
#644=EDGE_CURVE('',#759,#683,#75,.T.);
#645=EDGE_CURVE('',#758,#759,#816,.T.);
#646=EDGE_CURVE('',#760,#682,#76,.T.);
#647=EDGE_CURVE('',#760,#759,#207,.T.);
#648=EDGE_CURVE('',#761,#681,#77,.T.);
#649=EDGE_CURVE('',#760,#761,#817,.T.);
#650=EDGE_CURVE('',#762,#680,#78,.T.);
#651=EDGE_CURVE('',#762,#761,#208,.T.);
#652=EDGE_CURVE('',#763,#679,#79,.T.);
#653=EDGE_CURVE('',#762,#763,#818,.T.);
#654=EDGE_CURVE('',#764,#678,#80,.T.);
#655=EDGE_CURVE('',#764,#763,#209,.T.);
#656=EDGE_CURVE('',#765,#677,#81,.T.);
#657=EDGE_CURVE('',#764,#765,#819,.T.);
#658=EDGE_CURVE('',#766,#676,#82,.T.);
#659=EDGE_CURVE('',#766,#765,#210,.T.);
#660=EDGE_CURVE('',#767,#675,#83,.T.);
#661=EDGE_CURVE('',#766,#767,#820,.T.);
#662=EDGE_CURVE('',#768,#674,#84,.T.);
#663=EDGE_CURVE('',#768,#767,#211,.T.);
#664=EDGE_CURVE('',#769,#673,#85,.T.);
#665=EDGE_CURVE('',#768,#769,#821,.T.);
#666=EDGE_CURVE('',#770,#672,#86,.T.);
#667=EDGE_CURVE('',#770,#769,#212,.T.);
#668=EDGE_CURVE('',#770,#722,#822,.T.);
#669=VERTEX_POINT('',#1300);
#670=VERTEX_POINT('',#1304);
#671=VERTEX_POINT('',#1305);
#672=VERTEX_POINT('',#1307);
#673=VERTEX_POINT('',#1311);
#674=VERTEX_POINT('',#1313);
#675=VERTEX_POINT('',#1317);
#676=VERTEX_POINT('',#1319);
#677=VERTEX_POINT('',#1323);
#678=VERTEX_POINT('',#1325);
#679=VERTEX_POINT('',#1329);
#680=VERTEX_POINT('',#1331);
#681=VERTEX_POINT('',#1335);
#682=VERTEX_POINT('',#1337);
#683=VERTEX_POINT('',#1341);
#684=VERTEX_POINT('',#1343);
#685=VERTEX_POINT('',#1347);
#686=VERTEX_POINT('',#1349);
#687=VERTEX_POINT('',#1353);
#688=VERTEX_POINT('',#1355);
#689=VERTEX_POINT('',#1359);
#690=VERTEX_POINT('',#1361);
#691=VERTEX_POINT('',#1365);
#692=VERTEX_POINT('',#1367);
#693=VERTEX_POINT('',#1371);
#694=VERTEX_POINT('',#1373);
#695=VERTEX_POINT('',#1377);
#696=VERTEX_POINT('',#1379);
#697=VERTEX_POINT('',#1383);
#698=VERTEX_POINT('',#1385);
#699=VERTEX_POINT('',#1389);
#700=VERTEX_POINT('',#1391);
#701=VERTEX_POINT('',#1395);
#702=VERTEX_POINT('',#1397);
#703=VERTEX_POINT('',#1401);
#704=VERTEX_POINT('',#1403);
#705=VERTEX_POINT('',#1407);
#706=VERTEX_POINT('',#1409);
#707=VERTEX_POINT('',#1413);
#708=VERTEX_POINT('',#1415);
#709=VERTEX_POINT('',#1419);
#710=VERTEX_POINT('',#1421);
#711=VERTEX_POINT('',#1425);
#712=VERTEX_POINT('',#1427);
#713=VERTEX_POINT('',#1431);
#714=VERTEX_POINT('',#1433);
#715=VERTEX_POINT('',#1437);
#716=VERTEX_POINT('',#1439);
#717=VERTEX_POINT('',#1443);
#718=VERTEX_POINT('',#1445);
#719=VERTEX_POINT('',#1449);
#720=VERTEX_POINT('',#1524);
#721=VERTEX_POINT('',#1535);
#722=VERTEX_POINT('',#1539);
#723=VERTEX_POINT('',#1543);
#724=VERTEX_POINT('',#1554);
#725=VERTEX_POINT('',#1560);
#726=VERTEX_POINT('',#1571);
#727=VERTEX_POINT('',#1577);
#728=VERTEX_POINT('',#1588);
#729=VERTEX_POINT('',#1594);
#730=VERTEX_POINT('',#1605);
#731=VERTEX_POINT('',#1611);
#732=VERTEX_POINT('',#1622);
#733=VERTEX_POINT('',#1628);
#734=VERTEX_POINT('',#1639);
#735=VERTEX_POINT('',#1645);
#736=VERTEX_POINT('',#1656);
#737=VERTEX_POINT('',#1662);
#738=VERTEX_POINT('',#1673);
#739=VERTEX_POINT('',#1679);
#740=VERTEX_POINT('',#1690);
#741=VERTEX_POINT('',#1696);
#742=VERTEX_POINT('',#1707);
#743=VERTEX_POINT('',#1713);
#744=VERTEX_POINT('',#1724);
#745=VERTEX_POINT('',#1730);
#746=VERTEX_POINT('',#1741);
#747=VERTEX_POINT('',#1747);
#748=VERTEX_POINT('',#1758);
#749=VERTEX_POINT('',#1764);
#750=VERTEX_POINT('',#1775);
#751=VERTEX_POINT('',#1781);
#752=VERTEX_POINT('',#1792);
#753=VERTEX_POINT('',#1798);
#754=VERTEX_POINT('',#1809);
#755=VERTEX_POINT('',#1815);
#756=VERTEX_POINT('',#1826);
#757=VERTEX_POINT('',#1832);
#758=VERTEX_POINT('',#1843);
#759=VERTEX_POINT('',#1849);
#760=VERTEX_POINT('',#1860);
#761=VERTEX_POINT('',#1866);
#762=VERTEX_POINT('',#1877);
#763=VERTEX_POINT('',#1883);
#764=VERTEX_POINT('',#1894);
#765=VERTEX_POINT('',#1900);
#766=VERTEX_POINT('',#1911);
#767=VERTEX_POINT('',#1917);
#768=VERTEX_POINT('',#1928);
#769=VERTEX_POINT('',#1934);
#770=VERTEX_POINT('',#1945);
#771=CIRCLE('',#1006,0.00053531886127606);
#772=CIRCLE('',#1007,0.000448956901557818);
#773=CIRCLE('',#1008,0.000448956901557949);
#774=CIRCLE('',#1009,0.000448956901558039);
#775=CIRCLE('',#1010,0.000448956901557908);
#776=CIRCLE('',#1011,0.00044895690155789);
#777=CIRCLE('',#1012,0.000448956901558164);
#778=CIRCLE('',#1013,0.000448956901557966);
#779=CIRCLE('',#1014,0.000448956901558056);
#780=CIRCLE('',#1015,0.0004489569015582);
#781=CIRCLE('',#1016,0.000448956901558043);
#782=CIRCLE('',#1017,0.000448956901557954);
#783=CIRCLE('',#1018,0.000448956901557966);
#784=CIRCLE('',#1019,0.000448956901557852);
#785=CIRCLE('',#1020,0.000448956901558122);
#786=CIRCLE('',#1021,0.000448956901557964);
#787=CIRCLE('',#1022,0.000448956901558227);
#788=CIRCLE('',#1023,0.000448956901557858);
#789=CIRCLE('',#1024,0.000448956901557926);
#790=CIRCLE('',#1025,0.000448956901557935);
#791=CIRCLE('',#1026,0.000448956901557923);
#792=CIRCLE('',#1027,0.000448956901557914);
#793=CIRCLE('',#1028,0.000448956901557815);
#794=CIRCLE('',#1029,0.000448956901557874);
#795=CIRCLE('',#1030,0.000448956901558203);
#796=CIRCLE('',#1031,0.00044895690155788);
#797=CIRCLE('',#1032,0.000704663745961226);
#798=CIRCLE('',#1035,0.00044895690155788);
#799=CIRCLE('',#1037,0.000448956901558203);
#800=CIRCLE('',#1039,0.000448956901557874);
#801=CIRCLE('',#1041,0.000448956901557815);
#802=CIRCLE('',#1043,0.000448956901557914);
#803=CIRCLE('',#1045,0.000448956901557923);
#804=CIRCLE('',#1047,0.000448956901557935);
#805=CIRCLE('',#1049,0.000448956901557926);
#806=CIRCLE('',#1051,0.000448956901557858);
#807=CIRCLE('',#1053,0.000448956901558227);
#808=CIRCLE('',#1055,0.000448956901557964);
#809=CIRCLE('',#1057,0.000448956901558122);
#810=CIRCLE('',#1059,0.000448956901557852);
#811=CIRCLE('',#1061,0.000448956901557966);
#812=CIRCLE('',#1063,0.000448956901557954);
#813=CIRCLE('',#1065,0.000448956901558043);
#814=CIRCLE('',#1067,0.0004489569015582);
#815=CIRCLE('',#1069,0.000448956901558056);
#816=CIRCLE('',#1071,0.000448956901557966);
#817=CIRCLE('',#1073,0.000448956901558164);
#818=CIRCLE('',#1075,0.00044895690155789);
#819=CIRCLE('',#1077,0.000448956901557908);
#820=CIRCLE('',#1079,0.000448956901558039);
#821=CIRCLE('',#1081,0.000448956901557949);
#822=CIRCLE('',#1083,0.000448956901557818);
#823=EDGE_LOOP('',(#213));
#824=EDGE_LOOP('',(#214,#215,#216,#217,#218,#219,#220,#221,#222,#223,#224,
#225,#226,#227,#228,#229,#230,#231,#232,#233,#234,#235,#236,#237,#238,#239,
#240,#241,#242,#243,#244,#245,#246,#247,#248,#249,#250,#251,#252,#253,#254,
#255,#256,#257,#258,#259,#260,#261,#262,#263));
#825=EDGE_LOOP('',(#264));
#826=EDGE_LOOP('',(#265));
#827=EDGE_LOOP('',(#266));
#828=EDGE_LOOP('',(#267,#268,#269,#270));
#829=EDGE_LOOP('',(#271,#272,#273,#274));
#830=EDGE_LOOP('',(#275,#276,#277,#278));
#831=EDGE_LOOP('',(#279,#280,#281,#282));
#832=EDGE_LOOP('',(#283,#284,#285,#286));
#833=EDGE_LOOP('',(#287,#288,#289,#290));
#834=EDGE_LOOP('',(#291,#292,#293,#294));
#835=EDGE_LOOP('',(#295,#296,#297,#298));
#836=EDGE_LOOP('',(#299,#300,#301,#302));
#837=EDGE_LOOP('',(#303,#304,#305,#306));
#838=EDGE_LOOP('',(#307,#308,#309,#310));
#839=EDGE_LOOP('',(#311,#312,#313,#314));
#840=EDGE_LOOP('',(#315,#316,#317,#318));
#841=EDGE_LOOP('',(#319,#320,#321,#322));
#842=EDGE_LOOP('',(#323,#324,#325,#326));
#843=EDGE_LOOP('',(#327,#328,#329,#330));
#844=EDGE_LOOP('',(#331,#332,#333,#334));
#845=EDGE_LOOP('',(#335,#336,#337,#338));
#846=EDGE_LOOP('',(#339,#340,#341,#342));
#847=EDGE_LOOP('',(#343,#344,#345,#346));
#848=EDGE_LOOP('',(#347,#348,#349,#350));
#849=EDGE_LOOP('',(#351,#352,#353,#354));
#850=EDGE_LOOP('',(#355,#356,#357,#358));
#851=EDGE_LOOP('',(#359,#360,#361,#362));
#852=EDGE_LOOP('',(#363,#364,#365,#366));
#853=EDGE_LOOP('',(#367,#368,#369,#370));
#854=EDGE_LOOP('',(#371,#372,#373,#374));
#855=EDGE_LOOP('',(#375,#376,#377,#378));
#856=EDGE_LOOP('',(#379,#380,#381,#382));
#857=EDGE_LOOP('',(#383,#384,#385,#386));
#858=EDGE_LOOP('',(#387,#388,#389,#390));
#859=EDGE_LOOP('',(#391,#392,#393,#394));
#860=EDGE_LOOP('',(#395,#396,#397,#398));
#861=EDGE_LOOP('',(#399,#400,#401,#402));
#862=EDGE_LOOP('',(#403,#404,#405,#406));
#863=EDGE_LOOP('',(#407,#408,#409,#410));
#864=EDGE_LOOP('',(#411,#412,#413,#414));
#865=EDGE_LOOP('',(#415,#416,#417,#418));
#866=EDGE_LOOP('',(#419,#420,#421,#422));
#867=EDGE_LOOP('',(#423,#424,#425,#426));
#868=EDGE_LOOP('',(#427,#428,#429,#430));
#869=EDGE_LOOP('',(#431,#432,#433,#434));
#870=EDGE_LOOP('',(#435,#436,#437,#438));
#871=EDGE_LOOP('',(#439,#440,#441,#442));
#872=EDGE_LOOP('',(#443,#444,#445,#446));
#873=EDGE_LOOP('',(#447,#448,#449,#450));
#874=EDGE_LOOP('',(#451,#452,#453,#454));
#875=EDGE_LOOP('',(#455,#456,#457,#458));
#876=EDGE_LOOP('',(#459,#460,#461,#462));
#877=EDGE_LOOP('',(#463,#464,#465,#466));
#878=EDGE_LOOP('',(#467,#468,#469,#470,#471,#472,#473,#474,#475,#476,#477,
#478,#479,#480,#481,#482,#483,#484,#485,#486,#487,#488,#489,#490,#491,#492,
#493,#494,#495,#496,#497,#498,#499,#500,#501,#502,#503,#504,#505,#506,#507,
#508,#509,#510,#511,#512,#513,#514,#515,#516));
#879=FACE_BOUND('',#823,.T.);
#880=FACE_BOUND('',#824,.T.);
#881=FACE_BOUND('',#825,.T.);
#882=FACE_BOUND('',#826,.T.);
#883=FACE_BOUND('',#827,.T.);
#884=FACE_BOUND('',#828,.T.);
#885=FACE_BOUND('',#829,.T.);
#886=FACE_BOUND('',#830,.T.);
#887=FACE_BOUND('',#831,.T.);
#888=FACE_BOUND('',#832,.T.);
#889=FACE_BOUND('',#833,.T.);
#890=FACE_BOUND('',#834,.T.);
#891=FACE_BOUND('',#835,.T.);
#892=FACE_BOUND('',#836,.T.);
#893=FACE_BOUND('',#837,.T.);
#894=FACE_BOUND('',#838,.T.);
#895=FACE_BOUND('',#839,.T.);
#896=FACE_BOUND('',#840,.T.);
#897=FACE_BOUND('',#841,.T.);
#898=FACE_BOUND('',#842,.T.);
#899=FACE_BOUND('',#843,.T.);
#900=FACE_BOUND('',#844,.T.);
#901=FACE_BOUND('',#845,.T.);
#902=FACE_BOUND('',#846,.T.);
#903=FACE_BOUND('',#847,.T.);
#904=FACE_BOUND('',#848,.T.);
#905=FACE_BOUND('',#849,.T.);
#906=FACE_BOUND('',#850,.T.);
#907=FACE_BOUND('',#851,.T.);
#908=FACE_BOUND('',#852,.T.);
#909=FACE_BOUND('',#853,.T.);
#910=FACE_BOUND('',#854,.T.);
#911=FACE_BOUND('',#855,.T.);
#912=FACE_BOUND('',#856,.T.);
#913=FACE_BOUND('',#857,.T.);
#914=FACE_BOUND('',#858,.T.);
#915=FACE_BOUND('',#859,.T.);
#916=FACE_BOUND('',#860,.T.);
#917=FACE_BOUND('',#861,.T.);
#918=FACE_BOUND('',#862,.T.);
#919=FACE_BOUND('',#863,.T.);
#920=FACE_BOUND('',#864,.T.);
#921=FACE_BOUND('',#865,.T.);
#922=FACE_BOUND('',#866,.T.);
#923=FACE_BOUND('',#867,.T.);
#924=FACE_BOUND('',#868,.T.);
#925=FACE_BOUND('',#869,.T.);
#926=FACE_BOUND('',#870,.T.);
#927=FACE_BOUND('',#871,.T.);
#928=FACE_BOUND('',#872,.T.);
#929=FACE_BOUND('',#873,.T.);
#930=FACE_BOUND('',#874,.T.);
#931=FACE_BOUND('',#875,.T.);
#932=FACE_BOUND('',#876,.T.);
#933=FACE_BOUND('',#877,.T.);
#934=FACE_BOUND('',#878,.T.);
#935=PLANE('',#1005);
#936=PLANE('',#1033);
#937=PLANE('',#1084);
#938=ADVANCED_FACE('',(#879,#880),#935,.T.);
#939=ADVANCED_FACE('',(#881,#882),#137,.T.);
#940=ADVANCED_FACE('',(#883),#936,.F.);
#941=ADVANCED_FACE('',(#884),#138,.T.);
#942=ADVANCED_FACE('',(#885),#12,.T.);
#943=ADVANCED_FACE('',(#886),#139,.T.);
#944=ADVANCED_FACE('',(#887),#13,.T.);
#945=ADVANCED_FACE('',(#888),#140,.T.);
#946=ADVANCED_FACE('',(#889),#14,.T.);
#947=ADVANCED_FACE('',(#890),#141,.T.);
#948=ADVANCED_FACE('',(#891),#15,.T.);
#949=ADVANCED_FACE('',(#892),#142,.T.);
#950=ADVANCED_FACE('',(#893),#16,.T.);
#951=ADVANCED_FACE('',(#894),#143,.T.);
#952=ADVANCED_FACE('',(#895),#17,.T.);
#953=ADVANCED_FACE('',(#896),#144,.T.);
#954=ADVANCED_FACE('',(#897),#18,.T.);
#955=ADVANCED_FACE('',(#898),#145,.T.);
#956=ADVANCED_FACE('',(#899),#19,.T.);
#957=ADVANCED_FACE('',(#900),#146,.T.);
#958=ADVANCED_FACE('',(#901),#20,.T.);
#959=ADVANCED_FACE('',(#902),#147,.T.);
#960=ADVANCED_FACE('',(#903),#21,.T.);
#961=ADVANCED_FACE('',(#904),#148,.T.);
#962=ADVANCED_FACE('',(#905),#22,.T.);
#963=ADVANCED_FACE('',(#906),#149,.T.);
#964=ADVANCED_FACE('',(#907),#23,.T.);
#965=ADVANCED_FACE('',(#908),#150,.T.);
#966=ADVANCED_FACE('',(#909),#24,.T.);
#967=ADVANCED_FACE('',(#910),#151,.T.);
#968=ADVANCED_FACE('',(#911),#25,.T.);
#969=ADVANCED_FACE('',(#912),#152,.T.);
#970=ADVANCED_FACE('',(#913),#26,.T.);
#971=ADVANCED_FACE('',(#914),#153,.T.);
#972=ADVANCED_FACE('',(#915),#27,.T.);
#973=ADVANCED_FACE('',(#916),#154,.T.);
#974=ADVANCED_FACE('',(#917),#28,.T.);
#975=ADVANCED_FACE('',(#918),#155,.T.);
#976=ADVANCED_FACE('',(#919),#29,.T.);
#977=ADVANCED_FACE('',(#920),#156,.T.);
#978=ADVANCED_FACE('',(#921),#30,.T.);
#979=ADVANCED_FACE('',(#922),#157,.T.);
#980=ADVANCED_FACE('',(#923),#31,.T.);
#981=ADVANCED_FACE('',(#924),#158,.T.);
#982=ADVANCED_FACE('',(#925),#32,.T.);
#983=ADVANCED_FACE('',(#926),#159,.T.);
#984=ADVANCED_FACE('',(#927),#33,.T.);
#985=ADVANCED_FACE('',(#928),#160,.T.);
#986=ADVANCED_FACE('',(#929),#34,.T.);
#987=ADVANCED_FACE('',(#930),#161,.T.);
#988=ADVANCED_FACE('',(#931),#35,.T.);
#989=ADVANCED_FACE('',(#932),#162,.T.);
#990=ADVANCED_FACE('',(#933),#36,.T.);
#991=ADVANCED_FACE('',(#934),#937,.T.);
#992=CLOSED_SHELL('',(#938,#939,#940,#941,#942,#943,#944,#945,#946,#947,
#948,#949,#950,#951,#952,#953,#954,#955,#956,#957,#958,#959,#960,#961,#962,
#963,#964,#965,#966,#967,#968,#969,#970,#971,#972,#973,#974,#975,#976,#977,
#978,#979,#980,#981,#982,#983,#984,#985,#986,#987,#988,#989,#990,#991));
#993=STYLED_ITEM('',(#994),#1001);
#994=PRESENTATION_STYLE_ASSIGNMENT((#995));
#995=SURFACE_STYLE_USAGE(.BOTH.,#996);
#996=SURFACE_SIDE_STYLE('',(#997));
#997=SURFACE_STYLE_FILL_AREA(#998);
#998=FILL_AREA_STYLE('',(#999));
#999=FILL_AREA_STYLE_COLOUR('',#1000);
#1000=COLOUR_RGB('',0.733333333333333,0.0235294117647059,0.0235294117647059);
#1001=MANIFOLD_SOLID_BREP('Part 3',#992);
#1002=SHAPE_DEFINITION_REPRESENTATION(#1958,#1003);
#1003=SHAPE_REPRESENTATION('Part 3',(#1004),#1953);
#1004=AXIS2_PLACEMENT_3D('',#1297,#1085,#1086);
#1005=AXIS2_PLACEMENT_3D('',#1298,#1087,#1088);
#1006=AXIS2_PLACEMENT_3D('',#1299,#1089,#1090);
#1007=AXIS2_PLACEMENT_3D('',#1306,#1091,#1092);
#1008=AXIS2_PLACEMENT_3D('',#1312,#1093,#1094);
#1009=AXIS2_PLACEMENT_3D('',#1318,#1095,#1096);
#1010=AXIS2_PLACEMENT_3D('',#1324,#1097,#1098);
#1011=AXIS2_PLACEMENT_3D('',#1330,#1099,#1100);
#1012=AXIS2_PLACEMENT_3D('',#1336,#1101,#1102);
#1013=AXIS2_PLACEMENT_3D('',#1342,#1103,#1104);
#1014=AXIS2_PLACEMENT_3D('',#1348,#1105,#1106);
#1015=AXIS2_PLACEMENT_3D('',#1354,#1107,#1108);
#1016=AXIS2_PLACEMENT_3D('',#1360,#1109,#1110);
#1017=AXIS2_PLACEMENT_3D('',#1366,#1111,#1112);
#1018=AXIS2_PLACEMENT_3D('',#1372,#1113,#1114);
#1019=AXIS2_PLACEMENT_3D('',#1378,#1115,#1116);
#1020=AXIS2_PLACEMENT_3D('',#1384,#1117,#1118);
#1021=AXIS2_PLACEMENT_3D('',#1390,#1119,#1120);
#1022=AXIS2_PLACEMENT_3D('',#1396,#1121,#1122);
#1023=AXIS2_PLACEMENT_3D('',#1402,#1123,#1124);
#1024=AXIS2_PLACEMENT_3D('',#1408,#1125,#1126);
#1025=AXIS2_PLACEMENT_3D('',#1414,#1127,#1128);
#1026=AXIS2_PLACEMENT_3D('',#1420,#1129,#1130);
#1027=AXIS2_PLACEMENT_3D('',#1426,#1131,#1132);
#1028=AXIS2_PLACEMENT_3D('',#1432,#1133,#1134);
#1029=AXIS2_PLACEMENT_3D('',#1438,#1135,#1136);
#1030=AXIS2_PLACEMENT_3D('',#1444,#1137,#1138);
#1031=AXIS2_PLACEMENT_3D('',#1450,#1139,#1140);
#1032=AXIS2_PLACEMENT_3D('',#1523,#1141,#1142);
#1033=AXIS2_PLACEMENT_3D('',#1525,#1143,#1144);
#1034=AXIS2_PLACEMENT_3D('',#1541,#1147,#1148);
#1035=AXIS2_PLACEMENT_3D('',#1544,#1150,#1151);
#1036=AXIS2_PLACEMENT_3D('',#1558,#1153,#1154);
#1037=AXIS2_PLACEMENT_3D('',#1561,#1156,#1157);
#1038=AXIS2_PLACEMENT_3D('',#1575,#1159,#1160);
#1039=AXIS2_PLACEMENT_3D('',#1578,#1162,#1163);
#1040=AXIS2_PLACEMENT_3D('',#1592,#1165,#1166);
#1041=AXIS2_PLACEMENT_3D('',#1595,#1168,#1169);
#1042=AXIS2_PLACEMENT_3D('',#1609,#1171,#1172);
#1043=AXIS2_PLACEMENT_3D('',#1612,#1174,#1175);
#1044=AXIS2_PLACEMENT_3D('',#1626,#1177,#1178);
#1045=AXIS2_PLACEMENT_3D('',#1629,#1180,#1181);
#1046=AXIS2_PLACEMENT_3D('',#1643,#1183,#1184);
#1047=AXIS2_PLACEMENT_3D('',#1646,#1186,#1187);
#1048=AXIS2_PLACEMENT_3D('',#1660,#1189,#1190);
#1049=AXIS2_PLACEMENT_3D('',#1663,#1192,#1193);
#1050=AXIS2_PLACEMENT_3D('',#1677,#1195,#1196);
#1051=AXIS2_PLACEMENT_3D('',#1680,#1198,#1199);
#1052=AXIS2_PLACEMENT_3D('',#1694,#1201,#1202);
#1053=AXIS2_PLACEMENT_3D('',#1697,#1204,#1205);
#1054=AXIS2_PLACEMENT_3D('',#1711,#1207,#1208);
#1055=AXIS2_PLACEMENT_3D('',#1714,#1210,#1211);
#1056=AXIS2_PLACEMENT_3D('',#1728,#1213,#1214);
#1057=AXIS2_PLACEMENT_3D('',#1731,#1216,#1217);
#1058=AXIS2_PLACEMENT_3D('',#1745,#1219,#1220);
#1059=AXIS2_PLACEMENT_3D('',#1748,#1222,#1223);
#1060=AXIS2_PLACEMENT_3D('',#1762,#1225,#1226);
#1061=AXIS2_PLACEMENT_3D('',#1765,#1228,#1229);
#1062=AXIS2_PLACEMENT_3D('',#1779,#1231,#1232);
#1063=AXIS2_PLACEMENT_3D('',#1782,#1234,#1235);
#1064=AXIS2_PLACEMENT_3D('',#1796,#1237,#1238);
#1065=AXIS2_PLACEMENT_3D('',#1799,#1240,#1241);
#1066=AXIS2_PLACEMENT_3D('',#1813,#1243,#1244);
#1067=AXIS2_PLACEMENT_3D('',#1816,#1246,#1247);
#1068=AXIS2_PLACEMENT_3D('',#1830,#1249,#1250);
#1069=AXIS2_PLACEMENT_3D('',#1833,#1252,#1253);
#1070=AXIS2_PLACEMENT_3D('',#1847,#1255,#1256);
#1071=AXIS2_PLACEMENT_3D('',#1850,#1258,#1259);
#1072=AXIS2_PLACEMENT_3D('',#1864,#1261,#1262);
#1073=AXIS2_PLACEMENT_3D('',#1867,#1264,#1265);
#1074=AXIS2_PLACEMENT_3D('',#1881,#1267,#1268);
#1075=AXIS2_PLACEMENT_3D('',#1884,#1270,#1271);
#1076=AXIS2_PLACEMENT_3D('',#1898,#1273,#1274);
#1077=AXIS2_PLACEMENT_3D('',#1901,#1276,#1277);
#1078=AXIS2_PLACEMENT_3D('',#1915,#1279,#1280);
#1079=AXIS2_PLACEMENT_3D('',#1918,#1282,#1283);
#1080=AXIS2_PLACEMENT_3D('',#1932,#1285,#1286);
#1081=AXIS2_PLACEMENT_3D('',#1935,#1288,#1289);
#1082=AXIS2_PLACEMENT_3D('',#1949,#1291,#1292);
#1083=AXIS2_PLACEMENT_3D('',#1950,#1293,#1294);
#1084=AXIS2_PLACEMENT_3D('',#1951,#1295,#1296);
#1085=DIRECTION('',(0.,0.,1.));
#1086=DIRECTION('',(1.,0.,0.));
#1087=DIRECTION('',(0.642787609686539,-0.766044443118978,0.));
#1088=DIRECTION('',(0.766044443118978,0.642787609686539,0.));
#1089=DIRECTION('',(0.642787609686539,-0.766044443118978,0.));
#1090=DIRECTION('',(0.766044443118978,0.642787609686539,0.));
#1091=DIRECTION('',(0.642787609686539,-0.766044443118978,0.));
#1092=DIRECTION('',(0.766044443118978,0.642787609686539,0.));
#1093=DIRECTION('',(0.642787609686539,-0.766044443118978,0.));
#1094=DIRECTION('',(0.766044443118978,0.642787609686539,0.));
#1095=DIRECTION('',(0.642787609686539,-0.766044443118978,0.));
#1096=DIRECTION('',(0.766044443118978,0.642787609686539,0.));
#1097=DIRECTION('',(0.642787609686539,-0.766044443118978,0.));
#1098=DIRECTION('',(0.766044443118978,0.642787609686539,0.));
#1099=DIRECTION('',(0.642787609686539,-0.766044443118978,0.));
#1100=DIRECTION('',(0.766044443118978,0.642787609686539,0.));
#1101=DIRECTION('',(0.642787609686539,-0.766044443118978,0.));
#1102=DIRECTION('',(0.766044443118978,0.642787609686539,0.));
#1103=DIRECTION('',(0.642787609686539,-0.766044443118978,0.));
#1104=DIRECTION('',(0.766044443118978,0.642787609686539,0.));
#1105=DIRECTION('',(0.642787609686539,-0.766044443118978,0.));
#1106=DIRECTION('',(0.766044443118978,0.642787609686539,0.));
#1107=DIRECTION('',(0.642787609686539,-0.766044443118978,0.));
#1108=DIRECTION('',(0.766044443118978,0.642787609686539,0.));
#1109=DIRECTION('',(0.642787609686539,-0.766044443118978,0.));
#1110=DIRECTION('',(0.766044443118978,0.642787609686539,0.));
#1111=DIRECTION('',(0.642787609686539,-0.766044443118978,0.));
#1112=DIRECTION('',(0.766044443118978,0.642787609686539,0.));
#1113=DIRECTION('',(0.642787609686539,-0.766044443118978,0.));
#1114=DIRECTION('',(0.766044443118978,0.642787609686539,0.));
#1115=DIRECTION('',(0.642787609686539,-0.766044443118978,0.));
#1116=DIRECTION('',(0.766044443118978,0.642787609686539,0.));
#1117=DIRECTION('',(0.642787609686539,-0.766044443118978,0.));
#1118=DIRECTION('',(0.766044443118978,0.642787609686539,0.));
#1119=DIRECTION('',(0.642787609686539,-0.766044443118978,0.));
#1120=DIRECTION('',(0.766044443118978,0.642787609686539,0.));
#1121=DIRECTION('',(0.642787609686539,-0.766044443118978,0.));
#1122=DIRECTION('',(0.766044443118978,0.642787609686539,0.));
#1123=DIRECTION('',(0.642787609686539,-0.766044443118978,0.));
#1124=DIRECTION('',(0.766044443118978,0.642787609686539,0.));
#1125=DIRECTION('',(0.642787609686539,-0.766044443118978,0.));
#1126=DIRECTION('',(0.766044443118978,0.642787609686539,0.));
#1127=DIRECTION('',(0.642787609686539,-0.766044443118978,0.));
#1128=DIRECTION('',(0.766044443118978,0.642787609686539,0.));
#1129=DIRECTION('',(0.642787609686539,-0.766044443118978,0.));
#1130=DIRECTION('',(0.766044443118978,0.642787609686539,0.));
#1131=DIRECTION('',(0.642787609686539,-0.766044443118978,0.));
#1132=DIRECTION('',(0.766044443118978,0.642787609686539,0.));
#1133=DIRECTION('',(0.642787609686539,-0.766044443118978,0.));
#1134=DIRECTION('',(0.766044443118978,0.642787609686539,0.));
#1135=DIRECTION('',(0.642787609686539,-0.766044443118978,0.));
#1136=DIRECTION('',(0.766044443118978,0.642787609686539,0.));
#1137=DIRECTION('',(0.642787609686539,-0.766044443118978,0.));
#1138=DIRECTION('',(0.766044443118978,0.642787609686539,0.));
#1139=DIRECTION('',(0.642787609686539,-0.766044443118978,0.));
#1140=DIRECTION('',(0.766044443118978,0.642787609686539,0.));
#1141=DIRECTION('',(0.642787609686539,-0.766044443118978,0.));
#1142=DIRECTION('',(0.766044443118978,0.642787609686539,0.));
#1143=DIRECTION('',(0.642787609686539,-0.766044443118978,0.));
#1144=DIRECTION('',(0.766044443118978,0.642787609686539,0.));
#1145=DIRECTION('',(-0.642787609686539,0.766044443118978,0.));
#1146=DIRECTION('',(-0.642787609686539,0.766044443118978,0.));
#1147=DIRECTION('',(-0.642787609686539,0.766044443118978,0.));
#1148=DIRECTION('',(-0.766044443118978,-0.642787609686539,0.));
#1149=DIRECTION('',(-0.642787609686539,0.766044443118978,0.));
#1150=DIRECTION('',(0.642787609686539,-0.766044443118978,0.));
#1151=DIRECTION('',(0.766044443118978,0.642787609686539,0.));
#1152=DIRECTION('',(-0.642787609686539,0.766044443118978,0.));
#1153=DIRECTION('',(-0.642787609686539,0.766044443118978,0.));
#1154=DIRECTION('',(-0.766044443118978,-0.642787609686539,0.));
#1155=DIRECTION('',(-0.642787609686539,0.766044443118978,0.));
#1156=DIRECTION('',(0.642787609686539,-0.766044443118978,0.));
#1157=DIRECTION('',(0.766044443118978,0.642787609686539,0.));
#1158=DIRECTION('',(-0.642787609686539,0.766044443118978,0.));
#1159=DIRECTION('',(-0.642787609686539,0.766044443118978,0.));
#1160=DIRECTION('',(-0.766044443118978,-0.642787609686539,0.));
#1161=DIRECTION('',(-0.642787609686539,0.766044443118978,0.));
#1162=DIRECTION('',(0.642787609686539,-0.766044443118978,0.));
#1163=DIRECTION('',(0.766044443118978,0.642787609686539,0.));
#1164=DIRECTION('',(-0.642787609686539,0.766044443118978,0.));
#1165=DIRECTION('',(-0.642787609686539,0.766044443118978,0.));
#1166=DIRECTION('',(-0.766044443118978,-0.642787609686539,0.));
#1167=DIRECTION('',(-0.642787609686539,0.766044443118978,0.));
#1168=DIRECTION('',(0.642787609686539,-0.766044443118978,0.));
#1169=DIRECTION('',(0.766044443118978,0.642787609686539,0.));
#1170=DIRECTION('',(-0.642787609686539,0.766044443118978,0.));
#1171=DIRECTION('',(-0.642787609686539,0.766044443118978,0.));
#1172=DIRECTION('',(-0.766044443118978,-0.642787609686539,0.));
#1173=DIRECTION('',(-0.642787609686539,0.766044443118978,0.));
#1174=DIRECTION('',(0.642787609686539,-0.766044443118978,0.));
#1175=DIRECTION('',(0.766044443118978,0.642787609686539,0.));
#1176=DIRECTION('',(-0.642787609686539,0.766044443118978,0.));
#1177=DIRECTION('',(-0.642787609686539,0.766044443118978,0.));
#1178=DIRECTION('',(-0.766044443118978,-0.642787609686539,0.));
#1179=DIRECTION('',(-0.642787609686539,0.766044443118978,0.));
#1180=DIRECTION('',(0.642787609686539,-0.766044443118978,0.));
#1181=DIRECTION('',(0.766044443118978,0.642787609686539,0.));
#1182=DIRECTION('',(-0.642787609686539,0.766044443118978,0.));
#1183=DIRECTION('',(-0.642787609686539,0.766044443118978,0.));
#1184=DIRECTION('',(-0.766044443118978,-0.642787609686539,0.));
#1185=DIRECTION('',(-0.642787609686539,0.766044443118978,0.));
#1186=DIRECTION('',(0.642787609686539,-0.766044443118978,0.));
#1187=DIRECTION('',(0.766044443118978,0.642787609686539,0.));
#1188=DIRECTION('',(-0.642787609686539,0.766044443118978,0.));
#1189=DIRECTION('',(-0.642787609686539,0.766044443118978,0.));
#1190=DIRECTION('',(-0.766044443118978,-0.642787609686539,0.));
#1191=DIRECTION('',(-0.642787609686539,0.766044443118978,0.));
#1192=DIRECTION('',(0.642787609686539,-0.766044443118978,0.));
#1193=DIRECTION('',(0.766044443118978,0.642787609686539,0.));
#1194=DIRECTION('',(-0.642787609686539,0.766044443118978,0.));
#1195=DIRECTION('',(-0.642787609686539,0.766044443118978,0.));
#1196=DIRECTION('',(-0.766044443118978,-0.642787609686539,0.));
#1197=DIRECTION('',(-0.642787609686539,0.766044443118978,0.));
#1198=DIRECTION('',(0.642787609686539,-0.766044443118978,0.));
#1199=DIRECTION('',(0.766044443118978,0.642787609686539,0.));
#1200=DIRECTION('',(-0.642787609686539,0.766044443118978,0.));
#1201=DIRECTION('',(-0.642787609686539,0.766044443118978,0.));
#1202=DIRECTION('',(-0.766044443118978,-0.642787609686539,0.));
#1203=DIRECTION('',(-0.642787609686539,0.766044443118978,0.));
#1204=DIRECTION('',(0.642787609686539,-0.766044443118978,0.));
#1205=DIRECTION('',(0.766044443118978,0.642787609686539,0.));
#1206=DIRECTION('',(-0.642787609686539,0.766044443118978,0.));
#1207=DIRECTION('',(-0.642787609686539,0.766044443118978,0.));
#1208=DIRECTION('',(-0.766044443118978,-0.642787609686539,0.));
#1209=DIRECTION('',(-0.642787609686539,0.766044443118978,0.));
#1210=DIRECTION('',(0.642787609686539,-0.766044443118978,0.));
#1211=DIRECTION('',(0.766044443118978,0.642787609686539,0.));
#1212=DIRECTION('',(-0.642787609686539,0.766044443118978,0.));
#1213=DIRECTION('',(-0.642787609686539,0.766044443118978,0.));
#1214=DIRECTION('',(-0.766044443118978,-0.642787609686539,0.));
#1215=DIRECTION('',(-0.642787609686539,0.766044443118978,0.));
#1216=DIRECTION('',(0.642787609686539,-0.766044443118978,0.));
#1217=DIRECTION('',(0.766044443118978,0.642787609686539,0.));
#1218=DIRECTION('',(-0.642787609686539,0.766044443118978,0.));
#1219=DIRECTION('',(-0.642787609686539,0.766044443118978,0.));
#1220=DIRECTION('',(-0.766044443118978,-0.642787609686539,0.));
#1221=DIRECTION('',(-0.642787609686539,0.766044443118978,0.));
#1222=DIRECTION('',(0.642787609686539,-0.766044443118978,0.));
#1223=DIRECTION('',(0.766044443118978,0.642787609686539,0.));
#1224=DIRECTION('',(-0.642787609686539,0.766044443118978,0.));
#1225=DIRECTION('',(-0.642787609686539,0.766044443118978,0.));
#1226=DIRECTION('',(-0.766044443118978,-0.642787609686539,0.));
#1227=DIRECTION('',(-0.642787609686539,0.766044443118978,0.));
#1228=DIRECTION('',(0.642787609686539,-0.766044443118978,0.));
#1229=DIRECTION('',(0.766044443118978,0.642787609686539,0.));
#1230=DIRECTION('',(-0.642787609686539,0.766044443118978,0.));
#1231=DIRECTION('',(-0.642787609686539,0.766044443118978,0.));
#1232=DIRECTION('',(-0.766044443118978,-0.642787609686539,0.));
#1233=DIRECTION('',(-0.642787609686539,0.766044443118978,0.));
#1234=DIRECTION('',(0.642787609686539,-0.766044443118978,0.));
#1235=DIRECTION('',(0.766044443118978,0.642787609686539,0.));
#1236=DIRECTION('',(-0.642787609686539,0.766044443118978,0.));
#1237=DIRECTION('',(-0.642787609686539,0.766044443118978,0.));
#1238=DIRECTION('',(-0.766044443118978,-0.642787609686539,0.));
#1239=DIRECTION('',(-0.642787609686539,0.766044443118978,0.));
#1240=DIRECTION('',(0.642787609686539,-0.766044443118978,0.));
#1241=DIRECTION('',(0.766044443118978,0.642787609686539,0.));
#1242=DIRECTION('',(-0.642787609686539,0.766044443118978,0.));
#1243=DIRECTION('',(-0.642787609686539,0.766044443118978,0.));
#1244=DIRECTION('',(-0.766044443118978,-0.642787609686539,0.));
#1245=DIRECTION('',(-0.642787609686539,0.766044443118978,0.));
#1246=DIRECTION('',(0.642787609686539,-0.766044443118978,0.));
#1247=DIRECTION('',(0.766044443118978,0.642787609686539,0.));
#1248=DIRECTION('',(-0.642787609686539,0.766044443118978,0.));
#1249=DIRECTION('',(-0.642787609686539,0.766044443118978,0.));
#1250=DIRECTION('',(-0.766044443118978,-0.642787609686539,0.));
#1251=DIRECTION('',(-0.642787609686539,0.766044443118978,0.));
#1252=DIRECTION('',(0.642787609686539,-0.766044443118978,0.));
#1253=DIRECTION('',(0.766044443118978,0.642787609686539,0.));
#1254=DIRECTION('',(-0.642787609686539,0.766044443118978,0.));
#1255=DIRECTION('',(-0.642787609686539,0.766044443118978,0.));
#1256=DIRECTION('',(-0.766044443118978,-0.642787609686539,0.));
#1257=DIRECTION('',(-0.642787609686539,0.766044443118978,0.));
#1258=DIRECTION('',(0.642787609686539,-0.766044443118978,0.));
#1259=DIRECTION('',(0.766044443118978,0.642787609686539,0.));
#1260=DIRECTION('',(-0.642787609686539,0.766044443118978,0.));
#1261=DIRECTION('',(-0.642787609686539,0.766044443118978,0.));
#1262=DIRECTION('',(-0.766044443118978,-0.642787609686539,0.));
#1263=DIRECTION('',(-0.642787609686539,0.766044443118978,0.));
#1264=DIRECTION('',(0.642787609686539,-0.766044443118978,0.));
#1265=DIRECTION('',(0.766044443118978,0.642787609686539,0.));
#1266=DIRECTION('',(-0.642787609686539,0.766044443118978,0.));
#1267=DIRECTION('',(-0.642787609686539,0.766044443118978,0.));
#1268=DIRECTION('',(-0.766044443118978,-0.642787609686539,0.));
#1269=DIRECTION('',(-0.642787609686539,0.766044443118978,0.));
#1270=DIRECTION('',(0.642787609686539,-0.766044443118978,0.));
#1271=DIRECTION('',(0.766044443118978,0.642787609686539,0.));
#1272=DIRECTION('',(-0.642787609686539,0.766044443118978,0.));
#1273=DIRECTION('',(-0.642787609686539,0.766044443118978,0.));
#1274=DIRECTION('',(-0.766044443118978,-0.642787609686539,0.));
#1275=DIRECTION('',(-0.642787609686539,0.766044443118978,0.));
#1276=DIRECTION('',(0.642787609686539,-0.766044443118978,0.));
#1277=DIRECTION('',(0.766044443118978,0.642787609686539,0.));
#1278=DIRECTION('',(-0.642787609686539,0.766044443118978,0.));
#1279=DIRECTION('',(-0.642787609686539,0.766044443118978,0.));
#1280=DIRECTION('',(-0.766044443118978,-0.642787609686539,0.));
#1281=DIRECTION('',(-0.642787609686539,0.766044443118978,0.));
#1282=DIRECTION('',(0.642787609686539,-0.766044443118978,0.));
#1283=DIRECTION('',(0.766044443118978,0.642787609686539,0.));
#1284=DIRECTION('',(-0.642787609686539,0.766044443118978,0.));
#1285=DIRECTION('',(-0.642787609686539,0.766044443118978,0.));
#1286=DIRECTION('',(-0.766044443118978,-0.642787609686539,0.));
#1287=DIRECTION('',(-0.642787609686539,0.766044443118978,0.));
#1288=DIRECTION('',(0.642787609686539,-0.766044443118978,0.));
#1289=DIRECTION('',(0.766044443118978,0.642787609686539,0.));
#1290=DIRECTION('',(-0.642787609686539,0.766044443118978,0.));
#1291=DIRECTION('',(-0.642787609686539,0.766044443118978,0.));
#1292=DIRECTION('',(-0.766044443118978,-0.642787609686539,0.));
#1293=DIRECTION('',(0.642787609686539,-0.766044443118978,0.));
#1294=DIRECTION('',(0.766044443118978,0.642787609686539,0.));
#1295=DIRECTION('',(0.642787609686539,-0.766044443118978,0.));
#1296=DIRECTION('',(0.766044443118978,0.642787609686539,0.));
#1297=CARTESIAN_POINT('',(0.,0.,0.));
#1298=CARTESIAN_POINT('',(-6.62298373390831E-5,-0.0036513577576901,0.00444470803041606));
#1299=CARTESIAN_POINT('',(-6.62298373390831E-5,-0.0036513577576901,0.00444470803041606));
#1300=CARTESIAN_POINT('',(0.000343848201638222,-0.00330726142643034,0.00444470803041606));
#1301=CARTESIAN_POINT('',(-6.81704365567446E-5,-0.0036529861137779,0.00489365778482921));
#1302=CARTESIAN_POINT('',(-4.40138092042509E-5,-0.00363271629667593,0.00483845229310755));
#1303=CARTESIAN_POINT('',(-1.68677435049423E-5,-0.00360993804295973,0.00488901658354155));
#1304=CARTESIAN_POINT('',(-6.81704365567439E-5,-0.0036529861137779,0.00489365778482922));
#1305=CARTESIAN_POINT('',(-1.68677435049409E-5,-0.00360993804295973,0.00488901658354156));
#1306=CARTESIAN_POINT('',(-6.6229837339067E-5,-0.00365135775769008,0.00444470803041619));
#1307=CARTESIAN_POINT('',(1.74188290237608E-5,-0.00358116819259656,0.00488018320195194));
#1308=CARTESIAN_POINT('',(1.74188290237603E-5,-0.00358116819259656,0.00488018320195194));
#1309=CARTESIAN_POINT('',(3.02994709548844E-5,-0.00357036005070283,0.00481886984631981));
#1310=CARTESIAN_POINT('',(6.62255699515616E-5,-0.00354021447428508,0.00485903282461733));
#1311=CARTESIAN_POINT('',(6.62255699515638E-5,-0.00354021447428508,0.00485903282461734));
#1312=CARTESIAN_POINT('',(-6.62298373390793E-5,-0.00365135775769009,0.00444470803041605));
#1313=CARTESIAN_POINT('',(9.77521412584145E-5,-0.00351376053992921,0.00483934611248142));
#1314=CARTESIAN_POINT('',(9.77521412584122E-5,-0.00351376053992921,0.00483934611248141));
#1315=CARTESIAN_POINT('',(9.85474596639467E-5,-0.00351309318854846,0.00477577743656793));
#1316=CARTESIAN_POINT('',(0.000140996223031082,-0.00347747444686317,0.00480301551509344));
#1317=CARTESIAN_POINT('',(0.000140996223031085,-0.00347747444686316,0.00480301551509344));
#1318=CARTESIAN_POINT('',(-6.62298373391287E-5,-0.00365135775769014,0.00444470803041599));
#1319=CARTESIAN_POINT('',(0.000167781862694257,-0.00345499862650095,0.00477371246093738));
#1320=CARTESIAN_POINT('',(0.000167781862694254,-0.00345499862650096,0.00477371246093738));
#1321=CARTESIAN_POINT('',(0.000156441884793802,-0.00346451399777478,0.00471188271843943));
#1322=CARTESIAN_POINT('',(0.000202746100613407,-0.0034256601473586,0.00472448442854452));
#1323=CARTESIAN_POINT('',(0.00020274610061341,-0.0034256601473586,0.00472448442854452));
#1324=CARTESIAN_POINT('',(-6.62298373390576E-5,-0.00365135775769008,0.00444470803041608));
#1325=CARTESIAN_POINT('',(0.000223107768382173,-0.00340857467944367,0.00468740625103004));
#1326=CARTESIAN_POINT('',(0.000223107768382168,-0.00340857467944368,0.00468740625103004));
#1327=CARTESIAN_POINT('',(0.000200345026692738,-0.00342767488759986,0.00463120043206265));
#1328=CARTESIAN_POINT('',(0.000247595230789874,-0.0033880272587689,0.00462837396195557));
#1329=CARTESIAN_POINT('',(0.000247595230789878,-0.0033880272587689,0.00462837396195557));
#1330=CARTESIAN_POINT('',(-6.62298373390428E-5,-0.00365135775769006,0.00444470803041608));
#1331=CARTESIAN_POINT('',(0.000260253528193345,-0.00337740568608632,0.0045858504193399));
#1332=CARTESIAN_POINT('',(0.00026025352819334,-0.00337740568608632,0.0045858504193399));
#1333=CARTESIAN_POINT('',(0.000227498289490786,-0.00340489059480076,0.00453880014221933));
#1334=CARTESIAN_POINT('',(0.000272725577767934,-0.00336694039388826,0.00452072308941195));
#1335=CARTESIAN_POINT('',(0.000272725577767938,-0.00336694039388825,0.00452072308941195));
#1336=CARTESIAN_POINT('',(-6.62298373392488E-5,-0.00365135775769024,0.00444470803041604));
#1337=CARTESIAN_POINT('',(0.000276885137426287,-0.00336345010891307,0.00447542609226829));
#1338=CARTESIAN_POINT('',(0.000276885137426284,-0.00336345010891308,0.00447542609226829));
#1339=CARTESIAN_POINT('',(0.000236195533823627,-0.00339759274028882,0.00444048769894484));
#1340=CARTESIAN_POINT('',(0.000276558109424003,-0.00336372451798917,0.00440829591114779));
#1341=CARTESIAN_POINT('',(0.000276558109424007,-0.00336372451798917,0.00440829591114779));
#1342=CARTESIAN_POINT('',(-6.62298373390974E-5,-0.00365135775769011,0.00444470803041606));
#1343=CARTESIAN_POINT('',(0.000271957570906115,-0.00336758482816275,0.00436307163639736));
#1344=CARTESIAN_POINT('',(0.00027195757090611,-0.00336758482816276,0.00436307163639736));
#1345=CARTESIAN_POINT('',(0.000225890279843602,-0.00340623987510264,0.00434244043461798));
#1346=CARTESIAN_POINT('',(0.000258852013699065,-0.00337858169638156,0.00429815664025165));
#1347=CARTESIAN_POINT('',(0.00025885201369907,-0.00337858169638156,0.00429815664025165));
#1348=CARTESIAN_POINT('',(-6.62298373391605E-5,-0.00365135775769016,0.0044447080304161));
#1349=CARTESIAN_POINT('',(0.000245780445759613,-0.00338955004421846,0.00425584669540028));
#1350=CARTESIAN_POINT('',(0.000245780445759609,-0.00338955004421847,0.00425584669540029));
#1351=CARTESIAN_POINT('',(0.00019723004455835,-0.00343028866795995,0.00425081901944902));
#1352=CARTESIAN_POINT('',(0.000220719829705984,-0.00341057839790613,0.00419722573217786));
#1353=CARTESIAN_POINT('',(0.000220719829705989,-0.00341057839790613,0.00419722573217786));
#1354=CARTESIAN_POINT('',(-6.62298373392372E-5,-0.00365135775769023,0.00444470803041621));
#1355=CARTESIAN_POINT('',(0.000199998567032466,-0.00342796560177301,0.00416048860666566));
#1356=CARTESIAN_POINT('',(0.000199998567032463,-0.00342796560177301,0.00416048860666566));
#1357=CARTESIAN_POINT('',(0.000152015655955815,-0.00346822804476024,0.00417138036391301));
#1358=CARTESIAN_POINT('',(0.000164557542805408,-0.00345770415213048,0.0041118450470786));
#1359=CARTESIAN_POINT('',(0.000164557542805412,-0.00345770415213048,0.00411184504707859));
#1360=CARTESIAN_POINT('',(-6.62298373391302E-5,-0.00365135775769014,0.00444470803041613));
#1361=CARTESIAN_POINT('',(0.000137488578539075,-0.00348041771006272,0.00408298906961119));
#1362=CARTESIAN_POINT('',(0.000137488578539073,-0.00348041771006272,0.00408298906961119));
#1363=CARTESIAN_POINT('',(9.3088100358784E-5,-0.00351767413492789,0.00410911589089224));
#1364=CARTESIAN_POINT('',(9.38940360337423E-5,-0.00351699787460028,0.00404737936740685));
#1365=CARTESIAN_POINT('',(9.38940360337441E-5,-0.00351699787460028,0.00404737936740684));
#1366=CARTESIAN_POINT('',(-6.62298373390788E-5,-0.00365135775769009,0.00444470803041606));
#1367=CARTESIAN_POINT('',(6.21782127521352E-5,-0.00354361061021836,0.00402821766517337));
#1368=CARTESIAN_POINT('',(6.21782127521328E-5,-0.00354361061021836,0.00402821766517337));
#1369=CARTESIAN_POINT('',(2.41500128058063E-5,-0.00357552005876766,0.0040679379062193));
#1370=CARTESIAN_POINT('',(1.31693574036487E-5,-0.00358473392266569,0.00400787930890458));
#1371=CARTESIAN_POINT('',(1.316935740365E-5,-0.00358473392266569,0.00400787930890457));
#1372=CARTESIAN_POINT('',(-6.62298373390811E-5,-0.0036513577576901,0.00444470803041608));
#1373=CARTESIAN_POINT('',(-2.12005030738109E-5,-0.00361357365991594,0.00399961588212816));
#1374=CARTESIAN_POINT('',(-2.12005030738121E-5,-0.00361357365991595,0.00399961588212817));
#1375=CARTESIAN_POINT('',(-5.04669731256111E-5,-0.00363813114414228,0.00405043377411323));
#1376=CARTESIAN_POINT('',(-7.25442646419418E-5,-0.00365665619131102,0.00399582680551853));
#1377=CARTESIAN_POINT('',(-7.25442646419417E-5,-0.00365665619131102,0.00399582680551852));
#1378=CARTESIAN_POINT('',(-6.62298373390869E-5,-0.0036513577576901,0.00444470803041596));
#1379=CARTESIAN_POINT('',(-0.000107408577577952,-0.00368591082343687,0.0039989808756943));
#1380=CARTESIAN_POINT('',(-0.000107408577577951,-0.00368591082343687,0.00399898087569431));
#1381=CARTESIAN_POINT('',(-0.000126074397787321,-0.00370157330629018,0.00405770334356995));
#1382=CARTESIAN_POINT('',(-0.000157861127997255,-0.00372824553988567,0.00401197916036245));
#1383=CARTESIAN_POINT('',(-0.000157861127997256,-0.00372824553988567,0.00401197916036245));
#1384=CARTESIAN_POINT('',(-6.62298373390479E-5,-0.00365135775769007,0.00444470803041623));
#1385=CARTESIAN_POINT('',(-0.00019102924038807,-0.00375607689075964,0.00402635254566141));
#1386=CARTESIAN_POINT('',(-0.000191029240388069,-0.00375607689075964,0.00402635254566142));
#1387=CARTESIAN_POINT('',(-0.00019792156862317,-0.00376186024083967,0.00408928984080489));
#1388=CARTESIAN_POINT('',(-0.000237420460364201,-0.00379500374633148,0.0040553214615773));
#1389=CARTESIAN_POINT('',(-0.000237420460364204,-0.00379500374633148,0.00405532146157729));
#1390=CARTESIAN_POINT('',(-6.62298373390683E-5,-0.00365135775769009,0.00444470803041606));
#1391=CARTESIAN_POINT('',(-0.000266808297724522,-0.00381966306982162,0.00408001102933951));
#1392=CARTESIAN_POINT('',(-0.00026680829772452,-0.00381966306982162,0.00408001102933951));
#1393=CARTESIAN_POINT('',(-0.000261494063654131,-0.00381520389797317,0.00414320857002976));
#1394=CARTESIAN_POINT('',(-0.000306223256291409,-0.00385273614701797,0.00412313035297592));
#1395=CARTESIAN_POINT('',(-0.000306223256291413,-0.00385273614701797,0.00412313035297592));
#1396=CARTESIAN_POINT('',(-6.62298373389224E-5,-0.00365135775768996,0.00444470803041624));
#1397=CARTESIAN_POINT('',(-0.000329984272718982,-0.00387267400713874,0.00415658476685699));
#1398=CARTESIAN_POINT('',(-0.000329984272718978,-0.00387267400713873,0.00415658476685699));
#1399=CARTESIAN_POINT('',(-0.000312797389214129,-0.00385825249952873,0.00421607161918815));
#1400=CARTESIAN_POINT('',(-0.000359946383071788,-0.00389781520288507,0.00421114515252807));
#1401=CARTESIAN_POINT('',(-0.000359946383071791,-0.00389781520288507,0.00421114515252807));
#1402=CARTESIAN_POINT('',(-6.62298373391428E-5,-0.00365135775769015,0.00444470803041602));
#1403=CARTESIAN_POINT('',(-0.000376587586517562,-0.00391177883055877,0.00425126234866713));
#1404=CARTESIAN_POINT('',(-0.000376587586517558,-0.00391177883055876,0.00425126234866713));
#1405=CARTESIAN_POINT('',(-0.000348607968677793,-0.00388830114354894,0.0043033007349299));
#1406=CARTESIAN_POINT('',(-0.000395214219069888,-0.0039274084310635,0.0043138355666821));
#1407=CARTESIAN_POINT('',(-0.000395214219069893,-0.00392740843106351,0.00431383556668209));
#1408=CARTESIAN_POINT('',(-6.62298373390971E-5,-0.00365135775769011,0.00444470803041605));
#1409=CARTESIAN_POINT('',(-0.000403689981519302,-0.00393452044020875,0.00435809483410499));
#1410=CARTESIAN_POINT('',(-0.000403689981519298,-0.00393452044020875,0.004358094834105));
#1411=CARTESIAN_POINT('',(-0.000366675691635324,-0.00390346176321881,0.00439941499110669));
#1412=CARTESIAN_POINT('',(-0.000409810756443922,-0.00393965638019052,0.00442474917904778));
#1413=CARTESIAN_POINT('',(-0.000409810756443926,-0.00393965638019052,0.00442474917904778));
#1414=CARTESIAN_POINT('',(-6.6229837339092E-5,-0.00365135775769011,0.00444470803041605));
#1415=CARTESIAN_POINT('',(-0.000409588514570604,-0.00393946989711659,0.00447036954520814));
#1416=CARTESIAN_POINT('',(-0.000409588514570599,-0.00393946989711658,0.00447036954520814));
#1417=CARTESIAN_POINT('',(-0.000365865296604864,-0.00390278176104765,0.00449837517551944));
#1418=CARTESIAN_POINT('',(-0.000402818841068368,-0.00393378946657766,0.00453691687944846));
#1419=CARTESIAN_POINT('',(-0.000402818841068372,-0.00393378946657767,0.00453691687944846));
#1420=CARTESIAN_POINT('',(-6.62298373391005E-5,-0.00365135775769011,0.00444470803041606));
#1421=CARTESIAN_POINT('',(-0.000393912559146567,-0.00392631620870192,0.00458103184896046));
#1422=CARTESIAN_POINT('',(-0.000393912559146562,-0.00392631620870192,0.00458103184896046));
#1423=CARTESIAN_POINT('',(-0.000346227703686601,-0.00388630386407272,0.00459396325583139));
#1424=CARTESIAN_POINT('',(-0.000374677800700738,-0.00391017632998425,0.00464329075874401));
#1425=CARTESIAN_POINT('',(-0.000374677800700742,-0.00391017632998425,0.00464329075874401));
#1426=CARTESIAN_POINT('',(-6.62298373391078E-5,-0.00365135775769012,0.00444470803041606));
#1427=CARTESIAN_POINT('',(-0.000357647093178615,-0.00389588586958374,0.0046831284258297));
#1428=CARTESIAN_POINT('',(-0.000357647093178612,-0.00389588586958374,0.00468312842582969));
#1429=CARTESIAN_POINT('',(-0.000308996815065604,-0.00385506343916244,0.00468017308140817));
#1430=CARTESIAN_POINT('',(-0.00032715584040284,-0.00387030067062546,0.00473718695488252));
#1431=CARTESIAN_POINT('',(-0.000327155840402843,-0.00387030067062546,0.00473718695488252));
#1432=CARTESIAN_POINT('',(-6.62298373391591E-5,-0.00365135775769016,0.00444470803041614));
#1433=CARTESIAN_POINT('',(-0.00030307080926857,-0.00385009092988379,0.00477024417240621));
#1434=CARTESIAN_POINT('',(-0.000303070809268567,-0.00385009092988379,0.00477024417240621));
#1435=CARTESIAN_POINT('',(-0.000256511984399559,-0.00381102343710816,0.00475158777185124));
#1436=CARTESIAN_POINT('',(-0.000263238939713731,-0.00381666802283123,0.00481270562453456));
#1437=CARTESIAN_POINT('',(-0.000263238939713733,-0.00381666802283123,0.00481270562453457));
#1438=CARTESIAN_POINT('',(-6.62298373391161E-5,-0.00365135775769013,0.00444470803041612));
#1439=CARTESIAN_POINT('',(-0.00023361293605203,-0.00379180885408544,0.00483690528594331));
#1440=CARTESIAN_POINT('',(-0.000233612936052028,-0.00379180885408543,0.0048369052859433));
#1441=CARTESIAN_POINT('',(-0.000192071026624921,-0.00375695105320675,0.00480372007951519));
#1442=CARTESIAN_POINT('',(-0.00018694323257363,-0.00375264832310956,0.00486510165194766));
#1443=CARTESIAN_POINT('',(-0.000186943232573631,-0.00375264832310956,0.00486510165194767));
#1444=CARTESIAN_POINT('',(-6.62298373390146E-5,-0.00365135775769004,0.00444470803041582));
#1445=CARTESIAN_POINT('',(-0.00015363776715138,-0.00372470171935757,0.00487892320351502));
#1446=CARTESIAN_POINT('',(-0.000153637767151379,-0.00372470171935756,0.00487892320351501));
#1447=CARTESIAN_POINT('',(-0.000119723004115933,-0.00369624385420306,0.00483329433978029));
#1448=CARTESIAN_POINT('',(-0.000103062658858127,-0.00368226416464194,0.00489108280202034));
#1449=CARTESIAN_POINT('',(-0.000103062658858128,-0.00368226416464194,0.00489108280202035));
#1450=CARTESIAN_POINT('',(-6.62298373390754E-5,-0.00365135775769009,0.00444470803041612));
#1451=CARTESIAN_POINT('',(0.000341983959506271,-0.0030356682579962,0.004432481912641));
#1452=CARTESIAN_POINT('',(0.000342588613737364,-0.00312675717539686,0.00443348433869451));
#1453=CARTESIAN_POINT('',(0.000343193267968457,-0.00321784609279752,0.00443448676474803));
#1454=CARTESIAN_POINT('',(0.00034379792219955,-0.00330893501019819,0.00443548919080154));
#1455=CARTESIAN_POINT('',(0.000341972820510727,-0.00303567760472325,0.00461722916770251));
#1456=CARTESIAN_POINT('',(0.000343202370543559,-0.00312624217228715,0.00460326877141783));
#1457=CARTESIAN_POINT('',(0.000344431920576392,-0.00321680673985104,0.00458930837513316));
#1458=CARTESIAN_POINT('',(0.000345661470609224,-0.00330737130741494,0.00457534797884848));
#1459=CARTESIAN_POINT('',(0.000283701318863053,-0.00308457320026396,0.00480083279411294));
#1460=CARTESIAN_POINT('',(0.000290270473847818,-0.00317065730728206,0.00477233752539982));
#1461=CARTESIAN_POINT('',(0.000296839628832583,-0.00325674141430016,0.0047438422566867));
#1462=CARTESIAN_POINT('',(0.000303408783817348,-0.00334282552131826,0.00471534698797359));
#1463=CARTESIAN_POINT('',(8.35395457297224E-5,-0.00325252887027593,0.0050620843038574));
#1464=CARTESIAN_POINT('',(0.000107202417008658,-0.00332426964625614,0.00501358204443237));
#1465=CARTESIAN_POINT('',(0.000130865288287594,-0.00339601042223635,0.00496507978500735));
#1466=CARTESIAN_POINT('',(0.00015452815956653,-0.00346775119821656,0.00491657752558232));
#1467=CARTESIAN_POINT('',(-5.71181630409935E-5,-0.00337055470182767,0.00513812344409783));
#1468=CARTESIAN_POINT('',(-2.18064406652414E-5,-0.00343252093114891,0.00508427226609127));
#1469=CARTESIAN_POINT('',(1.35052817105108E-5,-0.00349448716047014,0.00503042108808471));
#1470=CARTESIAN_POINT('',(4.8817004086263E-5,-0.00355645338979138,0.00497656991007815));
#1471=CARTESIAN_POINT('',(-0.000340167379283707,-0.00360806119478196,0.00513809436224587));
#1472=CARTESIAN_POINT('',(-0.000281931283096859,-0.00365079159049333,0.00508587467130864));
#1473=CARTESIAN_POINT('',(-0.000223695186910011,-0.0036935219862047,0.00503365498037141));
#1474=CARTESIAN_POINT('',(-0.000165459090723162,-0.00373625238191608,0.00498143528943418));
#1475=CARTESIAN_POINT('',(-0.000480815917031904,-0.0037260793309321,0.00506202631923467));
#1476=CARTESIAN_POINT('',(-0.000411445462589806,-0.00375946689073809,0.00501677698752384));
#1477=CARTESIAN_POINT('',(-0.000342075008147709,-0.00379285445054409,0.00497152765581302));
#1478=CARTESIAN_POINT('',(-0.000272704553705611,-0.00382624201035008,0.00492627832410219));
#1479=CARTESIAN_POINT('',(-0.000680946184328095,-0.00389400856440773,0.00480073368154074));
#1480=CARTESIAN_POINT('',(-0.000596249485827605,-0.003914535878477,0.0047777986116821));
#1481=CARTESIAN_POINT('',(-0.000511552787327116,-0.00393506319254627,0.00475486354182347));
#1482=CARTESIAN_POINT('',(-0.000426856088826626,-0.00395559050661555,0.00473192847196483));
#1483=CARTESIAN_POINT('',(-0.000739195545168824,-0.0039428855816055,0.00461711808321067));
#1484=CARTESIAN_POINT('',(-0.000650401337312256,-0.00395997467708534,0.00460938950848616));
#1485=CARTESIAN_POINT('',(-0.000561607129455688,-0.00397706377256518,0.00460166093376166));
#1486=CARTESIAN_POINT('',(-0.000472812921599121,-0.00399415286804502,0.00459393235903716));
#1487=CARTESIAN_POINT('',(-0.000739173267177735,-0.0039428668881514,0.00424762357308765));
#1488=CARTESIAN_POINT('',(-0.000651628850924645,-0.00396100468330476,0.00426982064303952));
#1489=CARTESIAN_POINT('',(-0.000564084434671555,-0.00397914247845813,0.0042920177129914));
#1490=CARTESIAN_POINT('',(-0.000476540018418465,-0.00399728027361149,0.00431421478294327));
#1491=CARTESIAN_POINT('',(-0.000680901765530061,-0.00389397129261068,0.00406401994667721));
#1492=CARTESIAN_POINT('',(-0.000598696954228904,-0.00391658954830985,0.00410075188905753));
#1493=CARTESIAN_POINT('',(-0.000516492142927747,-0.00393920780400901,0.00413748383143786));
#1494=CARTESIAN_POINT('',(-0.00043428733162659,-0.00396182605970818,0.00417421577381818));
#1495=CARTESIAN_POINT('',(-0.00048073999239673,-0.00372601562259873,0.00380276843693277));
#1496=CARTESIAN_POINT('',(-0.000415628897389745,-0.00376297720933578,0.00385950737002499));
#1497=CARTESIAN_POINT('',(-0.000350517802382759,-0.00379993879607283,0.00391624630311721));
#1498=CARTESIAN_POINT('',(-0.000285406707375773,-0.00383690038280988,0.00397298523620944));
#1499=CARTESIAN_POINT('',(-0.000340082283626014,-0.00360798979104697,0.00372672929669232));
#1500=CARTESIAN_POINT('',(-0.000286620039715845,-0.003654725924443,0.00378881714836608));
#1501=CARTESIAN_POINT('',(-0.000233157795805675,-0.00370146205783903,0.00385090500003984));
#1502=CARTESIAN_POINT('',(-0.000179695551895506,-0.00374819819123506,0.00391299285171359));
#1503=CARTESIAN_POINT('',(-5.70330673833009E-5,-0.00337048329809269,0.00372675837854428));
#1504=CARTESIAN_POINT('',(-2.64951972842275E-5,-0.00343645526509858,0.00378721474314872));
#1505=CARTESIAN_POINT('',(4.04267281484587E-6,-0.00350242723210447,0.00384767110775315));
#1506=CARTESIAN_POINT('',(3.45805429139192E-5,-0.00356839919911036,0.00390812747235759));
#1507=CARTESIAN_POINT('',(8.3615470364897E-5,-0.00325246516194256,0.0038028264215555));
#1508=CARTESIAN_POINT('',(0.000103018982208721,-0.00332777996485382,0.00385631242693352));
#1509=CARTESIAN_POINT('',(0.000122422494052545,-0.00340309476776509,0.00390979843231154));
#1510=CARTESIAN_POINT('',(0.000141826005896369,-0.00347840957067635,0.00396328443768957));
#1511=CARTESIAN_POINT('',(0.000283745737661086,-0.00308453592846691,0.00406411905924941));
#1512=CARTESIAN_POINT('',(0.000287823005446518,-0.00317271097711491,0.00409529080277525));
#1513=CARTESIAN_POINT('',(0.000291900273231951,-0.0032608860257629,0.00412646254630109));
#1514=CARTESIAN_POINT('',(0.000295977541017383,-0.0033490610744109,0.00415763428982693));
#1515=CARTESIAN_POINT('',(0.000341995098501816,-0.00303565891126915,0.00424773465757949));
#1516=CARTESIAN_POINT('',(0.00034197485693117,-0.00312727217850657,0.0042636999059712));
#1517=CARTESIAN_POINT('',(0.000341954615360523,-0.003218885445744,0.0042796651543629));
#1518=CARTESIAN_POINT('',(0.000341934373789877,-0.00331049871298143,0.0042956304027546));
#1519=CARTESIAN_POINT('',(0.000341983959506271,-0.0030356682579962,0.004432481912641));
#1520=CARTESIAN_POINT('',(0.000342588613737364,-0.00312675717539686,0.00443348433869451));
#1521=CARTESIAN_POINT('',(0.000343193267968457,-0.00321784609279752,0.00443448676474803));
#1522=CARTESIAN_POINT('',(0.00034379792219955,-0.00330893501019819,0.00443548919080154));
#1523=CARTESIAN_POINT('',(-0.000197809009172563,-0.00349024107606507,0.00443249978125095));
#1524=CARTESIAN_POINT('',(0.000341994737688437,-0.00303729195116589,0.00443249978125095));
#1525=CARTESIAN_POINT('',(0.00132794745826272,-0.00220997938697377,0.00439332267815402));
#1526=CARTESIAN_POINT('',(0.000170946554246648,-0.00393795464661815,0.00489365778482921));
#1527=CARTESIAN_POINT('',(-6.81704365567411E-5,-0.0036529861137779,0.00489365778482921));
#1528=CARTESIAN_POINT('',(0.000187050972481644,-0.00392444143521685,0.00485685412368144));
#1529=CARTESIAN_POINT('',(-5.20660183217451E-5,-0.00363947290237659,0.00485685412368144));
#1530=CARTESIAN_POINT('',(0.000204151870165578,-0.00391009207827746,0.00485530705658555));
#1531=CARTESIAN_POINT('',(-3.49651206378109E-5,-0.0036251235454372,0.00485530705658555));
#1532=CARTESIAN_POINT('',(0.000222249247298451,-0.00389490657579999,0.00488901658354155));
#1533=CARTESIAN_POINT('',(-1.68677435049386E-5,-0.00360993804295973,0.00488901658354155));
#1534=CARTESIAN_POINT('',(0.000170946554246649,-0.00393795464661815,0.00489365778482922));
#1535=CARTESIAN_POINT('',(0.000170946554246649,-0.00393795464661815,0.00489365778482922));
#1536=CARTESIAN_POINT('',(0.000170946554246648,-0.00393795464661815,0.00489365778482921));
#1537=CARTESIAN_POINT('',(0.000195103181599142,-0.00391768482951619,0.00483845229310755));
#1538=CARTESIAN_POINT('',(0.000222249247298451,-0.00389490657579999,0.00488901658354155));
#1539=CARTESIAN_POINT('',(0.000222249247298452,-0.00389490657579999,0.00488901658354156));
#1540=CARTESIAN_POINT('',(0.000222249247298452,-0.00389490657579999,0.00488901658354156));
#1541=CARTESIAN_POINT('',(0.000172887153464317,-0.00393632629053035,0.00444470803041612));
#1542=CARTESIAN_POINT('',(0.000136054331945265,-0.00396723269748221,0.00489108280202035));
#1543=CARTESIAN_POINT('',(0.000136054331945265,-0.00396723269748221,0.00489108280202035));
#1544=CARTESIAN_POINT('',(0.000172887153464317,-0.00393632629053035,0.00444470803041612));
#1545=CARTESIAN_POINT('',(8.54792236520151E-5,-0.00400967025219782,0.00487892320351501));
#1546=CARTESIAN_POINT('',(-0.000153637767151376,-0.00372470171935756,0.00487892320351501));
#1547=CARTESIAN_POINT('',(0.000108089065675645,-0.00399069834209482,0.0048485039610252));
#1548=CARTESIAN_POINT('',(-0.000131027925127746,-0.00370572980925456,0.0048485039610252));
#1549=CARTESIAN_POINT('',(0.000124947435106729,-0.00397655249052295,0.00485255716052697));
#1550=CARTESIAN_POINT('',(-0.000114169555696662,-0.00369158395768269,0.00485255716052697));
#1551=CARTESIAN_POINT('',(0.000136054331945267,-0.00396723269748221,0.00489108280202034));
#1552=CARTESIAN_POINT('',(-0.000103062658858125,-0.00368226416464195,0.00489108280202034));
#1553=CARTESIAN_POINT('',(8.54792236520133E-5,-0.00400967025219783,0.00487892320351502));
#1554=CARTESIAN_POINT('',(8.54792236520133E-5,-0.00400967025219783,0.00487892320351502));
#1555=CARTESIAN_POINT('',(8.5479223652014E-5,-0.00400967025219782,0.00487892320351501));
#1556=CARTESIAN_POINT('',(0.000119393986687459,-0.00398121238704331,0.00483329433978029));
#1557=CARTESIAN_POINT('',(0.000136054331945265,-0.00396723269748221,0.00489108280202034));
#1558=CARTESIAN_POINT('',(0.000172887153464378,-0.0039363262905303,0.00444470803041582));
#1559=CARTESIAN_POINT('',(5.21737582297619E-5,-0.00403761685594982,0.00486510165194767));
#1560=CARTESIAN_POINT('',(5.21737582297619E-5,-0.00403761685594982,0.00486510165194767));
#1561=CARTESIAN_POINT('',(0.000172887153464378,-0.0039363262905303,0.00444470803041582));
#1562=CARTESIAN_POINT('',(5.50405475136462E-6,-0.0040767773869257,0.0048369052859433));
#1563=CARTESIAN_POINT('',(-0.000233612936052028,-0.00379180885408544,0.0048369052859433));
#1564=CARTESIAN_POINT('',(3.31986610361024E-5,-0.00405353885300657,0.00481478181499123));
#1565=CARTESIAN_POINT('',(-0.00020591832976729,-0.00376857032016631,0.00481478181499123));
#1566=CARTESIAN_POINT('',(4.87552288622352E-5,-0.00404048534268128,0.00482418060365935));
#1567=CARTESIAN_POINT('',(-0.000190361761941158,-0.00375551680984102,0.00482418060365935));
#1568=CARTESIAN_POINT('',(5.21737582297629E-5,-0.00403761685594982,0.00486510165194766));
#1569=CARTESIAN_POINT('',(-0.00018694323257363,-0.00375264832310956,0.00486510165194766));
#1570=CARTESIAN_POINT('',(5.50405475136283E-6,-0.0040767773869257,0.00483690528594331));
#1571=CARTESIAN_POINT('',(5.50405475136283E-6,-0.0040767773869257,0.00483690528594331));
#1572=CARTESIAN_POINT('',(5.50405475136509E-6,-0.0040767773869257,0.0048369052859433));
#1573=CARTESIAN_POINT('',(4.70459641784718E-5,-0.00404191958604701,0.00480372007951519));
#1574=CARTESIAN_POINT('',(5.21737582297634E-5,-0.00403761685594982,0.00486510165194766));
#1575=CARTESIAN_POINT('',(0.000172887153464276,-0.00393632629053038,0.00444470803041612));
#1576=CARTESIAN_POINT('',(-2.4121948910341E-5,-0.00410163655567149,0.00481270562453457));
#1577=CARTESIAN_POINT('',(-2.4121948910341E-5,-0.00410163655567149,0.00481270562453457));
#1578=CARTESIAN_POINT('',(0.000172887153464276,-0.00393632629053038,0.00444470803041612));
#1579=CARTESIAN_POINT('',(-6.39538184651751E-5,-0.00413505946272405,0.00477024417240621));
#1580=CARTESIAN_POINT('',(-0.000303070809268568,-0.00385009092988379,0.00477024417240621));
#1581=CARTESIAN_POINT('',(-3.29146018858363E-5,-0.0041090144675403,0.00475780657203623));
#1582=CARTESIAN_POINT('',(-0.000272031592689229,-0.00382404593470004,0.00475780657203623));
#1583=CARTESIAN_POINT('',(-1.96373120342244E-5,-0.00409787349852278,0.00477196038941235));
#1584=CARTESIAN_POINT('',(-0.000258754302837617,-0.00381290496568251,0.00477196038941235));
#1585=CARTESIAN_POINT('',(-2.41219489103394E-5,-0.00410163655567149,0.00481270562453456));
#1586=CARTESIAN_POINT('',(-0.000263238939713732,-0.00381666802283123,0.00481270562453456));
#1587=CARTESIAN_POINT('',(-6.39538184651772E-5,-0.00413505946272406,0.00477024417240621));
#1588=CARTESIAN_POINT('',(-6.39538184651772E-5,-0.00413505946272406,0.00477024417240621));
#1589=CARTESIAN_POINT('',(-6.39538184651745E-5,-0.00413505946272406,0.00477024417240621));
#1590=CARTESIAN_POINT('',(-1.73949935961663E-5,-0.00409599196994842,0.00475158777185124));
#1591=CARTESIAN_POINT('',(-2.41219489103388E-5,-0.00410163655567149,0.00481270562453456));
#1592=CARTESIAN_POINT('',(0.000172887153464233,-0.00393632629053042,0.00444470803041614));
#1593=CARTESIAN_POINT('',(-8.80388495994502E-5,-0.00415526920346572,0.00473718695488252));
#1594=CARTESIAN_POINT('',(-8.80388495994502E-5,-0.00415526920346572,0.00473718695488252));
#1595=CARTESIAN_POINT('',(0.000172887153464233,-0.00393632629053042,0.00444470803041614));
#1596=CARTESIAN_POINT('',(-0.00011853010237522,-0.004180854402424,0.00468312842582969));
#1597=CARTESIAN_POINT('',(-0.000357647093178613,-0.00389588586958374,0.00468312842582969));
#1598=CARTESIAN_POINT('',(-8.60965836332142E-5,-0.0041536394488098,0.00468115819621534));
#1599=CARTESIAN_POINT('',(-0.000325213574436607,-0.00386867091596954,0.00468115819621534));
#1600=CARTESIAN_POINT('',(-7.59328327079569E-5,-0.00414511104915704,0.00469917770589962));
#1601=CARTESIAN_POINT('',(-0.00031504982351135,-0.00386014251631678,0.00469917770589962));
#1602=CARTESIAN_POINT('',(-8.80388495994479E-5,-0.00415526920346571,0.00473718695488252));
#1603=CARTESIAN_POINT('',(-0.000327155840402841,-0.00387030067062545,0.00473718695488252));
#1604=CARTESIAN_POINT('',(-0.000118530102375222,-0.004180854402424,0.0046831284258297));
#1605=CARTESIAN_POINT('',(-0.000118530102375222,-0.004180854402424,0.0046831284258297));
#1606=CARTESIAN_POINT('',(-0.000118530102375219,-0.004180854402424,0.00468312842582969));
#1607=CARTESIAN_POINT('',(-6.98798242622108E-5,-0.0041400319720027,0.00468017308140817));
#1608=CARTESIAN_POINT('',(-8.80388495994472E-5,-0.00415526920346571,0.00473718695488252));
#1609=CARTESIAN_POINT('',(0.000172887153464285,-0.00393632629053038,0.00444470803041606));
#1610=CARTESIAN_POINT('',(-0.000135560809897349,-0.00419514486282451,0.00464329075874401));
#1611=CARTESIAN_POINT('',(-0.000135560809897349,-0.00419514486282451,0.00464329075874401));
#1612=CARTESIAN_POINT('',(0.000172887153464285,-0.00393632629053038,0.00444470803041606));
#1613=CARTESIAN_POINT('',(-0.00015479556834317,-0.00421128474154218,0.00458103184896046));
#1614=CARTESIAN_POINT('',(-0.000393912559146563,-0.00392631620870192,0.00458103184896046));
#1615=CARTESIAN_POINT('',(-0.000123005664703196,-0.00418460984512272,0.00458965278687441));
#1616=CARTESIAN_POINT('',(-0.000362122655506589,-0.00389964131228246,0.00458965278687441));
#1617=CARTESIAN_POINT('',(-0.000116594078554588,-0.00417922988555016,0.00461040575680226));
#1618=CARTESIAN_POINT('',(-0.000355711069357981,-0.0038942613527099,0.00461040575680226));
#1619=CARTESIAN_POINT('',(-0.000135560809897346,-0.0041951448628245,0.00464329075874401));
#1620=CARTESIAN_POINT('',(-0.000374677800700739,-0.00391017632998424,0.00464329075874401));
#1621=CARTESIAN_POINT('',(-0.000154795568343173,-0.00421128474154218,0.00458103184896046));
#1622=CARTESIAN_POINT('',(-0.000154795568343173,-0.00421128474154218,0.00458103184896046));
#1623=CARTESIAN_POINT('',(-0.000154795568343169,-0.00421128474154218,0.00458103184896046));
#1624=CARTESIAN_POINT('',(-0.000107110712883208,-0.00417127239691299,0.00459396325583139));
#1625=CARTESIAN_POINT('',(-0.000135560809897345,-0.00419514486282451,0.00464329075874401));
#1626=CARTESIAN_POINT('',(0.000172887153464293,-0.00393632629053037,0.00444470803041606));
#1627=CARTESIAN_POINT('',(-0.000163701850264979,-0.00421875799941793,0.00453691687944846));
#1628=CARTESIAN_POINT('',(-0.000163701850264979,-0.00421875799941793,0.00453691687944846));
#1629=CARTESIAN_POINT('',(0.000172887153464293,-0.00393632629053037,0.00444470803041606));
#1630=CARTESIAN_POINT('',(-0.000170471523767206,-0.00422443842995684,0.00447036954520814));
#1631=CARTESIAN_POINT('',(-0.000409588514570598,-0.00393946989711658,0.00447036954520814));
#1632=CARTESIAN_POINT('',(-0.000141322711790049,-0.00419997967257755,0.00448903996541567));
#1633=CARTESIAN_POINT('',(-0.000380439702593441,-0.00391501113973729,0.00448903996541567));
#1634=CARTESIAN_POINT('',(-0.000139066153955972,-0.00419808619573125,0.00451122241016245));
#1635=CARTESIAN_POINT('',(-0.000378183144759364,-0.00391311766289099,0.00451122241016245));
#1636=CARTESIAN_POINT('',(-0.000163701850264975,-0.00421875799941793,0.00453691687944846));
#1637=CARTESIAN_POINT('',(-0.000402818841068367,-0.00393378946657767,0.00453691687944846));
#1638=CARTESIAN_POINT('',(-0.000170471523767211,-0.00422443842995684,0.00447036954520814));
#1639=CARTESIAN_POINT('',(-0.000170471523767211,-0.00422443842995684,0.00447036954520814));
#1640=CARTESIAN_POINT('',(-0.000170471523767207,-0.00422443842995684,0.00447036954520814));
#1641=CARTESIAN_POINT('',(-0.000126748305801471,-0.0041877502938879,0.00449837517551944));
#1642=CARTESIAN_POINT('',(-0.000163701850264976,-0.00421875799941792,0.00453691687944846));
#1643=CARTESIAN_POINT('',(0.000172887153464301,-0.00393632629053036,0.00444470803041605));
#1644=CARTESIAN_POINT('',(-0.000170693765640534,-0.00422462491303078,0.00442474917904778));
#1645=CARTESIAN_POINT('',(-0.000170693765640534,-0.00422462491303078,0.00442474917904778));
#1646=CARTESIAN_POINT('',(0.000172887153464301,-0.00393632629053036,0.00444470803041605));
#1647=CARTESIAN_POINT('',(-0.000164572990715905,-0.00421948897304901,0.004358094834105));
#1648=CARTESIAN_POINT('',(-0.000403689981519297,-0.00393452044020875,0.004358094834105));
#1649=CARTESIAN_POINT('',(-0.000139896797459922,-0.00419878318838905,0.00438564160543946));
#1650=CARTESIAN_POINT('',(-0.000379013788263314,-0.00391381465554879,0.00438564160543946));
#1651=CARTESIAN_POINT('',(-0.00014193705576813,-0.00420049516838298,0.00440785972042039));
#1652=CARTESIAN_POINT('',(-0.000381054046571522,-0.00391552663554272,0.00440785972042039));
#1653=CARTESIAN_POINT('',(-0.000170693765640528,-0.00422462491303078,0.00442474917904778));
#1654=CARTESIAN_POINT('',(-0.000409810756443921,-0.00393965638019052,0.00442474917904778));
#1655=CARTESIAN_POINT('',(-0.000164572990715909,-0.00421948897304901,0.00435809483410499));
#1656=CARTESIAN_POINT('',(-0.000164572990715909,-0.00421948897304901,0.00435809483410499));
#1657=CARTESIAN_POINT('',(-0.000164572990715905,-0.004219488973049,0.004358094834105));
#1658=CARTESIAN_POINT('',(-0.000127558700831931,-0.00418843029605907,0.00439941499110669));
#1659=CARTESIAN_POINT('',(-0.000170693765640529,-0.00422462491303077,0.00442474917904778));
#1660=CARTESIAN_POINT('',(0.000172887153464295,-0.00393632629053036,0.00444470803041605));
#1661=CARTESIAN_POINT('',(-0.0001560972282665,-0.00421237696390377,0.00431383556668209));
#1662=CARTESIAN_POINT('',(-0.0001560972282665,-0.00421237696390377,0.00431383556668209));
#1663=CARTESIAN_POINT('',(0.000172887153464295,-0.00393632629053036,0.00444470803041605));
#1664=CARTESIAN_POINT('',(-0.000137470595714166,-0.00419674736339903,0.00425126234866713));
#1665=CARTESIAN_POINT('',(-0.000376587586517558,-0.00391177883055877,0.00425126234866713));
#1666=CARTESIAN_POINT('',(-0.000118817517154322,-0.00418109557205914,0.00428595460617564));
#1667=CARTESIAN_POINT('',(-0.000357934507957714,-0.00389612703921888,0.00428595460617564));
#1668=CARTESIAN_POINT('',(-0.000125026394671765,-0.00418630543889405,0.00430681234551397));
#1669=CARTESIAN_POINT('',(-0.000364143385475157,-0.00390133690605379,0.00430681234551397));
#1670=CARTESIAN_POINT('',(-0.000156097228266496,-0.00421237696390376,0.0043138355666821));
#1671=CARTESIAN_POINT('',(-0.000395214219069888,-0.0039274084310635,0.0043138355666821));
#1672=CARTESIAN_POINT('',(-0.00013747059571417,-0.00419674736339903,0.00425126234866713));
#1673=CARTESIAN_POINT('',(-0.00013747059571417,-0.00419674736339903,0.00425126234866713));
#1674=CARTESIAN_POINT('',(-0.000137470595714166,-0.00419674736339903,0.00425126234866713));
#1675=CARTESIAN_POINT('',(-0.0001094909778744,-0.00417326967638919,0.0043033007349299));
#1676=CARTESIAN_POINT('',(-0.000156097228266496,-0.00421237696390376,0.0043138355666821));
#1677=CARTESIAN_POINT('',(0.00017288715346425,-0.0039363262905304,0.00444470803041602));
#1678=CARTESIAN_POINT('',(-0.000120829392268399,-0.00418278373572534,0.00421114515252807));
#1679=CARTESIAN_POINT('',(-0.000120829392268399,-0.00418278373572534,0.00421114515252807));
#1680=CARTESIAN_POINT('',(0.00017288715346425,-0.0039363262905304,0.00444470803041602));
#1681=CARTESIAN_POINT('',(-9.08672819155865E-5,-0.004157642539979,0.00415658476685699));
#1682=CARTESIAN_POINT('',(-0.00032998427271898,-0.00387267400713874,0.00415658476685699));
#1683=CARTESIAN_POINT('',(-7.94093595790198E-5,-0.00414802820157233,0.0041962426684111));
#1684=CARTESIAN_POINT('',(-0.000318526350382413,-0.00386305966873207,0.0041962426684111));
#1685=CARTESIAN_POINT('',(-8.9396729696623E-5,-0.00415640860015444,0.00421442946363479));
#1686=CARTESIAN_POINT('',(-0.000328513720500016,-0.00387144006731418,0.00421442946363479));
#1687=CARTESIAN_POINT('',(-0.000120829392268396,-0.00418278373572533,0.00421114515252807));
#1688=CARTESIAN_POINT('',(-0.000359946383071789,-0.00389781520288507,0.00421114515252807));
#1689=CARTESIAN_POINT('',(-9.08672819155893E-5,-0.004157642539979,0.00415658476685699));
#1690=CARTESIAN_POINT('',(-9.08672819155893E-5,-0.004157642539979,0.00415658476685699));
#1691=CARTESIAN_POINT('',(-9.08672819155858E-5,-0.004157642539979,0.00415658476685699));
#1692=CARTESIAN_POINT('',(-7.36803984107357E-5,-0.00414322103236899,0.00421607161918815));
#1693=CARTESIAN_POINT('',(-0.000120829392268395,-0.00418278373572534,0.00421114515252807));
#1694=CARTESIAN_POINT('',(0.000172887153464471,-0.00393632629053022,0.00444470803041624));
#1695=CARTESIAN_POINT('',(-6.71062654880195E-5,-0.00413770467985823,0.00412313035297592));
#1696=CARTESIAN_POINT('',(-6.71062654880195E-5,-0.00413770467985823,0.00412313035297592));
#1697=CARTESIAN_POINT('',(0.000172887153464471,-0.00393632629053022,0.00444470803041624));
#1698=CARTESIAN_POINT('',(-2.76913069211278E-5,-0.00410463160266188,0.00408001102933951));
#1699=CARTESIAN_POINT('',(-0.000266808297724521,-0.00381966306982162,0.00408001102933951));
#1700=CARTESIAN_POINT('',(-2.41484842075355E-5,-0.00410165882142958,0.00412214272313301));
#1701=CARTESIAN_POINT('',(-0.000263265475010928,-0.00381669028858932,0.00412214272313301));
#1702=CARTESIAN_POINT('',(-3.72868037298318E-5,-0.00411268318049503,0.00413651583101181));
#1703=CARTESIAN_POINT('',(-0.000276403794533225,-0.00382771464765477,0.00413651583101181));
#1704=CARTESIAN_POINT('',(-6.71062654880167E-5,-0.00413770467985822,0.00412313035297592));
#1705=CARTESIAN_POINT('',(-0.00030622325629141,-0.00385273614701796,0.00412313035297592));
#1706=CARTESIAN_POINT('',(-2.76913069211295E-5,-0.00410463160266188,0.00408001102933951));
#1707=CARTESIAN_POINT('',(-2.76913069211295E-5,-0.00410463160266188,0.00408001102933951));
#1708=CARTESIAN_POINT('',(-2.76913069211273E-5,-0.00410463160266188,0.00408001102933951));
#1709=CARTESIAN_POINT('',(-2.23770728507389E-5,-0.00410017243081343,0.00414320857002976));
#1710=CARTESIAN_POINT('',(-6.71062654880162E-5,-0.00413770467985823,0.00412313035297592));
#1711=CARTESIAN_POINT('',(0.000172887153464324,-0.00393632629053034,0.00444470803041606));
#1712=CARTESIAN_POINT('',(1.69653043918931E-6,-0.00407997227917175,0.00405532146157729));
#1713=CARTESIAN_POINT('',(1.69653043918931E-6,-0.00407997227917175,0.00405532146157729));
#1714=CARTESIAN_POINT('',(0.000172887153464324,-0.00393632629053034,0.00444470803041606));
#1715=CARTESIAN_POINT('',(4.80877504153241E-5,-0.00404104542359991,0.00402635254566142));
#1716=CARTESIAN_POINT('',(-0.000191029240388069,-0.00375607689075964,0.00402635254566142));
#1717=CARTESIAN_POINT('',(4.34928649252564E-5,-0.00404490099031992,0.00406831074242373));
#1718=CARTESIAN_POINT('',(-0.000195624125878137,-0.00375993245747966,0.00406831074242373));
#1719=CARTESIAN_POINT('',(2.8029124933212E-5,-0.00405787660884387,0.00407796704772902));
#1720=CARTESIAN_POINT('',(-0.000211087865870181,-0.00377290807600361,0.00407796704772902));
#1721=CARTESIAN_POINT('',(1.69653043919116E-6,-0.00407997227917174,0.0040553214615773));
#1722=CARTESIAN_POINT('',(-0.000237420460364202,-0.00379500374633148,0.0040553214615773));
#1723=CARTESIAN_POINT('',(4.80877504153231E-5,-0.00404104542359991,0.00402635254566141));
#1724=CARTESIAN_POINT('',(4.80877504153231E-5,-0.00404104542359991,0.00402635254566141));
#1725=CARTESIAN_POINT('',(4.80877504153244E-5,-0.00404104542359991,0.00402635254566142));
#1726=CARTESIAN_POINT('',(4.11954221802227E-5,-0.00404682877367993,0.00408928984080489));
#1727=CARTESIAN_POINT('',(1.69653043919143E-6,-0.00407997227917174,0.0040553214615773));
#1728=CARTESIAN_POINT('',(0.000172887153464345,-0.00393632629053033,0.00444470803041623));
#1729=CARTESIAN_POINT('',(8.12558628061367E-5,-0.00401321407272593,0.00401197916036245));
#1730=CARTESIAN_POINT('',(8.12558628061367E-5,-0.00401321407272593,0.00401197916036245));
#1731=CARTESIAN_POINT('',(0.000172887153464345,-0.00393632629053033,0.00444470803041623));
#1732=CARTESIAN_POINT('',(0.000131708413225442,-0.00397087935627714,0.00399898087569431));
#1733=CARTESIAN_POINT('',(-0.000107408577577951,-0.00368591082343687,0.00399898087569431));
#1734=CARTESIAN_POINT('',(0.000119264533085862,-0.00398132101151267,0.0040381291876114));
#1735=CARTESIAN_POINT('',(-0.000119852457717531,-0.00369635247867241,0.0040381291876114));
#1736=CARTESIAN_POINT('',(0.000102447016279427,-0.00399543258366227,0.00404246194916745));
#1737=CARTESIAN_POINT('',(-0.000136669974523966,-0.00371046405082201,0.00404246194916745));
#1738=CARTESIAN_POINT('',(8.12558628061376E-5,-0.00401321407272593,0.00401197916036245));
#1739=CARTESIAN_POINT('',(-0.000157861127997255,-0.00372824553988566,0.00401197916036245));
#1740=CARTESIAN_POINT('',(0.000131708413225441,-0.00397087935627714,0.0039989808756943));
#1741=CARTESIAN_POINT('',(0.000131708413225441,-0.00397087935627714,0.0039989808756943));
#1742=CARTESIAN_POINT('',(0.000131708413225442,-0.00397087935627714,0.00399898087569431));
#1743=CARTESIAN_POINT('',(0.000113042593016072,-0.00398654183913044,0.00405770334356995));
#1744=CARTESIAN_POINT('',(8.12558628061378E-5,-0.00401321407272593,0.00401197916036245));
#1745=CARTESIAN_POINT('',(0.000172887153464306,-0.00393632629053036,0.00444470803041596));
#1746=CARTESIAN_POINT('',(0.000166572726161451,-0.00394162472415128,0.00399582680551852));
#1747=CARTESIAN_POINT('',(0.000166572726161451,-0.00394162472415128,0.00399582680551852));
#1748=CARTESIAN_POINT('',(0.000172887153464306,-0.00393632629053036,0.00444470803041596));
#1749=CARTESIAN_POINT('',(0.00021791648772958,-0.00389854219275621,0.00399961588212817));
#1750=CARTESIAN_POINT('',(-2.1200503073814E-5,-0.00361357365991595,0.00399961588212817));
#1751=CARTESIAN_POINT('',(0.000198405507695047,-0.00391491384890709,0.00403349447678488));
#1752=CARTESIAN_POINT('',(-4.07114831083467E-5,-0.00362994531606683,0.00403349447678488));
#1753=CARTESIAN_POINT('',(0.00018129092050567,-0.00392927469270545,0.00403223145124833));
#1754=CARTESIAN_POINT('',(-5.78260702977232E-5,-0.00364430615986519,0.00403223145124833));
#1755=CARTESIAN_POINT('',(0.00016657272616145,-0.00394162472415128,0.00399582680551853));
#1756=CARTESIAN_POINT('',(-7.25442646419435E-5,-0.00365665619131102,0.00399582680551853));
#1757=CARTESIAN_POINT('',(0.000217916487729582,-0.00389854219275621,0.00399961588212816));
#1758=CARTESIAN_POINT('',(0.000217916487729582,-0.00389854219275621,0.00399961588212816));
#1759=CARTESIAN_POINT('',(0.000217916487729581,-0.00389854219275621,0.00399961588212817));
#1760=CARTESIAN_POINT('',(0.000188650017677781,-0.00392309967698254,0.00405043377411323));
#1761=CARTESIAN_POINT('',(0.000166572726161451,-0.00394162472415128,0.00399582680551853));
#1762=CARTESIAN_POINT('',(0.000172887153464312,-0.00393632629053036,0.00444470803041608));
#1763=CARTESIAN_POINT('',(0.000252286348207043,-0.00386970245550596,0.00400787930890457));
#1764=CARTESIAN_POINT('',(0.000252286348207043,-0.00386970245550596,0.00400787930890457));
#1765=CARTESIAN_POINT('',(0.000172887153464312,-0.00393632629053036,0.00444470803041608));
#1766=CARTESIAN_POINT('',(0.000301295203555526,-0.00382857914305862,0.00402821766517337));
#1767=CARTESIAN_POINT('',(6.21782127521343E-5,-0.00354361061021836,0.00402821766517337));
#1768=CARTESIAN_POINT('',(0.000275943070257975,-0.00384985210875815,0.00405469782587066));
#1769=CARTESIAN_POINT('',(3.68260794545833E-5,-0.00356488357591789,0.00405469782587066));
#1770=CARTESIAN_POINT('',(0.000259606785141814,-0.00386355987957393,0.00404791837378106));
#1771=CARTESIAN_POINT('',(2.04897943384219E-5,-0.00357859134673367,0.00404791837378106));
#1772=CARTESIAN_POINT('',(0.000252286348207042,-0.00386970245550596,0.00400787930890458));
#1773=CARTESIAN_POINT('',(1.31693574036503E-5,-0.0035847339226657,0.00400787930890458));
#1774=CARTESIAN_POINT('',(0.000301295203555528,-0.00382857914305862,0.00402821766517337));
#1775=CARTESIAN_POINT('',(0.000301295203555528,-0.00382857914305862,0.00402821766517337));
#1776=CARTESIAN_POINT('',(0.000301295203555525,-0.00382857914305862,0.00402821766517337));
#1777=CARTESIAN_POINT('',(0.000263267003609199,-0.00386048859160792,0.0040679379062193));
#1778=CARTESIAN_POINT('',(0.000252286348207042,-0.00386970245550596,0.00400787930890458));
#1779=CARTESIAN_POINT('',(0.000172887153464314,-0.00393632629053035,0.00444470803041606));
#1780=CARTESIAN_POINT('',(0.000333011026837137,-0.00380196640744054,0.00404737936740684));
#1781=CARTESIAN_POINT('',(0.000333011026837137,-0.00380196640744054,0.00404737936740684));
#1782=CARTESIAN_POINT('',(0.000172887153464314,-0.00393632629053035,0.00444470803041606));
#1783=CARTESIAN_POINT('',(0.000376605569342466,-0.00376538624290298,0.00408298906961119));
#1784=CARTESIAN_POINT('',(0.000137488578539074,-0.00348041771006272,0.00408298906961119));
#1785=CARTESIAN_POINT('',(0.000347005250555607,-0.00379022385947976,0.00410040695046522));
#1786=CARTESIAN_POINT('',(0.000107888259752215,-0.0035052553266395,0.00410040695046522));
#1787=CARTESIAN_POINT('',(0.000332473736387163,-0.00380241724765895,0.00408853704973044));
#1788=CARTESIAN_POINT('',(9.33567455837717E-5,-0.00351744871481869,0.00408853704973044));
#1789=CARTESIAN_POINT('',(0.000333011026837136,-0.00380196640744054,0.00404737936740685));
#1790=CARTESIAN_POINT('',(9.38940360337437E-5,-0.00351699787460028,0.00404737936740685));
#1791=CARTESIAN_POINT('',(0.000376605569342468,-0.00376538624290297,0.00408298906961119));
#1792=CARTESIAN_POINT('',(0.000376605569342468,-0.00376538624290297,0.00408298906961119));
#1793=CARTESIAN_POINT('',(0.000376605569342465,-0.00376538624290297,0.00408298906961119));
#1794=CARTESIAN_POINT('',(0.000332205091162177,-0.00380264266776815,0.00410911589089224));
#1795=CARTESIAN_POINT('',(0.000333011026837135,-0.00380196640744054,0.00404737936740685));
#1796=CARTESIAN_POINT('',(0.000172887153464262,-0.0039363262905304,0.00444470803041613));
#1797=CARTESIAN_POINT('',(0.000403674533608805,-0.00374267268497074,0.00411184504707859));
#1798=CARTESIAN_POINT('',(0.000403674533608805,-0.00374267268497074,0.00411184504707859));
#1799=CARTESIAN_POINT('',(0.000172887153464262,-0.0039363262905304,0.00444470803041613));
#1800=CARTESIAN_POINT('',(0.000439115557835855,-0.00371293413461327,0.00416048860666566));
#1801=CARTESIAN_POINT('',(0.000199998567032465,-0.00342796560177302,0.00416048860666566));
#1802=CARTESIAN_POINT('',(0.000407126950451423,-0.00373977576327143,0.0041677497781639));
#1803=CARTESIAN_POINT('',(0.000168009959648033,-0.00345480723043117,0.0041677497781639));
#1804=CARTESIAN_POINT('',(0.000395313275709072,-0.00374968861339058,0.00415153525830154));
#1805=CARTESIAN_POINT('',(0.000156196284905681,-0.00346472008055032,0.00415153525830154));
#1806=CARTESIAN_POINT('',(0.000403674533608801,-0.00374267268497074,0.0041118450470786));
#1807=CARTESIAN_POINT('',(0.00016455754280541,-0.00345770415213048,0.0041118450470786));
#1808=CARTESIAN_POINT('',(0.000439115557835859,-0.00371293413461327,0.00416048860666566));
#1809=CARTESIAN_POINT('',(0.000439115557835859,-0.00371293413461327,0.00416048860666566));
#1810=CARTESIAN_POINT('',(0.000439115557835856,-0.00371293413461328,0.00416048860666566));
#1811=CARTESIAN_POINT('',(0.000391132646759208,-0.00375319657760051,0.00417138036391301));
#1812=CARTESIAN_POINT('',(0.000403674533608801,-0.00374267268497074,0.0041118450470786));
#1813=CARTESIAN_POINT('',(0.000172887153464155,-0.00393632629053049,0.00444470803041621));
#1814=CARTESIAN_POINT('',(0.000459836820509382,-0.00369554693074639,0.00419722573217786));
#1815=CARTESIAN_POINT('',(0.000459836820509382,-0.00369554693074639,0.00419722573217786));
#1816=CARTESIAN_POINT('',(0.000172887153464155,-0.00393632629053049,0.00444470803041621));
#1817=CARTESIAN_POINT('',(0.000484897436563001,-0.00367451857705872,0.00425584669540029));
#1818=CARTESIAN_POINT('',(0.000245780445759608,-0.00338955004421846,0.00425584669540029));
#1819=CARTESIAN_POINT('',(0.000452530502428828,-0.00370167765955305,0.00425249491143277));
#1820=CARTESIAN_POINT('',(0.000213413511625436,-0.00341670912671279,0.00425249491143277));
#1821=CARTESIAN_POINT('',(0.000444176963744287,-0.00370868711078227,0.00423295459035863));
#1822=CARTESIAN_POINT('',(0.000205059972940894,-0.00342371857794201,0.00423295459035863));
#1823=CARTESIAN_POINT('',(0.000459836820509377,-0.00369554693074639,0.00419722573217786));
#1824=CARTESIAN_POINT('',(0.000220719829705984,-0.00341057839790613,0.00419722573217786));
#1825=CARTESIAN_POINT('',(0.000484897436563006,-0.00367451857705872,0.00425584669540028));
#1826=CARTESIAN_POINT('',(0.000484897436563006,-0.00367451857705872,0.00425584669540028));
#1827=CARTESIAN_POINT('',(0.000484897436563001,-0.00367451857705873,0.00425584669540029));
#1828=CARTESIAN_POINT('',(0.000436347035361742,-0.00371525720080021,0.00425081901944902));
#1829=CARTESIAN_POINT('',(0.000459836820509377,-0.00369554693074639,0.00419722573217786));
#1830=CARTESIAN_POINT('',(0.000172887153464232,-0.00393632629053042,0.0044447080304161));
#1831=CARTESIAN_POINT('',(0.000497969004502462,-0.00366355022922182,0.00429815664025165));
#1832=CARTESIAN_POINT('',(0.000497969004502462,-0.00366355022922182,0.00429815664025165));
#1833=CARTESIAN_POINT('',(0.000172887153464232,-0.00393632629053042,0.0044447080304161));
#1834=CARTESIAN_POINT('',(0.000511074561709503,-0.00365255336100302,0.00436307163639736));
#1835=CARTESIAN_POINT('',(0.00027195757090611,-0.00336758482816275,0.00436307163639736));
#1836=CARTESIAN_POINT('',(0.000480363034334497,-0.00367832339229627,0.00434931750187777));
#1837=CARTESIAN_POINT('',(0.000241246043531104,-0.00339335485945601,0.00434931750187777));
#1838=CARTESIAN_POINT('',(0.000475994515265482,-0.00368198901503587,0.0043276791698292));
#1839=CARTESIAN_POINT('',(0.000236877524462089,-0.00339702048219561,0.0043276791698292));
#1840=CARTESIAN_POINT('',(0.000497969004502458,-0.00366355022922182,0.00429815664025165));
#1841=CARTESIAN_POINT('',(0.000258852013699065,-0.00337858169638156,0.00429815664025165));
#1842=CARTESIAN_POINT('',(0.000511074561709508,-0.00365255336100301,0.00436307163639736));
#1843=CARTESIAN_POINT('',(0.000511074561709508,-0.00365255336100301,0.00436307163639736));
#1844=CARTESIAN_POINT('',(0.000511074561709503,-0.00365255336100302,0.00436307163639736));
#1845=CARTESIAN_POINT('',(0.000465007270646995,-0.0036912084079429,0.00434244043461798));
#1846=CARTESIAN_POINT('',(0.000497969004502458,-0.00366355022922182,0.00429815664025165));
#1847=CARTESIAN_POINT('',(0.000172887153464295,-0.00393632629053037,0.00444470803041606));
#1848=CARTESIAN_POINT('',(0.0005156751002274,-0.00364869305082943,0.00440829591114779));
#1849=CARTESIAN_POINT('',(0.0005156751002274,-0.00364869305082943,0.00440829591114779));
#1850=CARTESIAN_POINT('',(0.000172887153464295,-0.00393632629053037,0.00444470803041606));
#1851=CARTESIAN_POINT('',(0.000516002128229676,-0.00364841864175333,0.00447542609226829));
#1852=CARTESIAN_POINT('',(0.000276885137426283,-0.00336345010891307,0.00447542609226829));
#1853=CARTESIAN_POINT('',(0.000488875725827904,-0.00367118039600383,0.00445213383005265));
#1854=CARTESIAN_POINT('',(0.000249758735024512,-0.00338621186316357,0.00445213383005265));
#1855=CARTESIAN_POINT('',(0.000488766716493811,-0.00367127186569586,0.00442975710301249));
#1856=CARTESIAN_POINT('',(0.000249649725690418,-0.0033863033328556,0.00442975710301249));
#1857=CARTESIAN_POINT('',(0.000515675100227396,-0.00364869305082943,0.00440829591114779));
#1858=CARTESIAN_POINT('',(0.000276558109424003,-0.00336372451798917,0.00440829591114779));
#1859=CARTESIAN_POINT('',(0.00051600212822968,-0.00364841864175333,0.00447542609226829));
#1860=CARTESIAN_POINT('',(0.00051600212822968,-0.00364841864175333,0.00447542609226829));
#1861=CARTESIAN_POINT('',(0.000516002128229676,-0.00364841864175333,0.00447542609226829));
#1862=CARTESIAN_POINT('',(0.000475312524627019,-0.00368256127312908,0.00444048769894484));
#1863=CARTESIAN_POINT('',(0.000515675100227396,-0.00364869305082943,0.00440829591114779));
#1864=CARTESIAN_POINT('',(0.000172887153464144,-0.0039363262905305,0.00444470803041604));
#1865=CARTESIAN_POINT('',(0.000511842568571331,-0.00365190892672851,0.00452072308941195));
#1866=CARTESIAN_POINT('',(0.000511842568571331,-0.00365190892672851,0.00452072308941195));
#1867=CARTESIAN_POINT('',(0.000172887153464144,-0.0039363262905305,0.00444470803041604));
#1868=CARTESIAN_POINT('',(0.000499370518996734,-0.00366237421892658,0.0045858504193399));
#1869=CARTESIAN_POINT('',(0.000260253528193342,-0.00337740568608632,0.0045858504193399));
#1870=CARTESIAN_POINT('',(0.00047753369319503,-0.00368069749140287,0.00455448356792619));
#1871=CARTESIAN_POINT('',(0.000238416702391639,-0.00339572895856262,0.00455448356792619));
#1872=CARTESIAN_POINT('',(0.000481691043053228,-0.00367720906067019,0.0045327744579502));
#1873=CARTESIAN_POINT('',(0.000242574052249836,-0.00339224052782993,0.0045327744579502));
#1874=CARTESIAN_POINT('',(0.000511842568571327,-0.00365190892672852,0.00452072308941195));
#1875=CARTESIAN_POINT('',(0.000272725577767935,-0.00336694039388826,0.00452072308941195));
#1876=CARTESIAN_POINT('',(0.000499370518996737,-0.00366237421892658,0.0045858504193399));
#1877=CARTESIAN_POINT('',(0.000499370518996737,-0.00366237421892658,0.0045858504193399));
#1878=CARTESIAN_POINT('',(0.000499370518996733,-0.00366237421892658,0.0045858504193399));
#1879=CARTESIAN_POINT('',(0.000466615280294178,-0.00368985912764102,0.00453880014221933));
#1880=CARTESIAN_POINT('',(0.000511842568571326,-0.00365190892672851,0.00452072308941195));
#1881=CARTESIAN_POINT('',(0.00017288715346435,-0.00393632629053032,0.00444470803041608));
#1882=CARTESIAN_POINT('',(0.000486712221593271,-0.00367299579160916,0.00462837396195557));
#1883=CARTESIAN_POINT('',(0.000486712221593271,-0.00367299579160916,0.00462837396195557));
#1884=CARTESIAN_POINT('',(0.00017288715346435,-0.00393632629053032,0.00444470803041608));
#1885=CARTESIAN_POINT('',(0.000462224759185561,-0.00369354321228393,0.00468740625103004));
#1886=CARTESIAN_POINT('',(0.000223107768382168,-0.00340857467944367,0.00468740625103004));
#1887=CARTESIAN_POINT('',(0.000447049598059274,-0.00370627668438806,0.00464993570505178));
#1888=CARTESIAN_POINT('',(0.000207932607255881,-0.0034213081515478,0.00464993570505178));
#1889=CARTESIAN_POINT('',(0.000455212085528509,-0.00369942754416313,0.00463025827536029));
#1890=CARTESIAN_POINT('',(0.000216095094725117,-0.00341445901132287,0.00463025827536029));
#1891=CARTESIAN_POINT('',(0.000486712221593267,-0.00367299579160916,0.00462837396195557));
#1892=CARTESIAN_POINT('',(0.000247595230789874,-0.0033880272587689,0.00462837396195557));
#1893=CARTESIAN_POINT('',(0.000462224759185566,-0.00369354321228393,0.00468740625103004));
#1894=CARTESIAN_POINT('',(0.000462224759185566,-0.00369354321228393,0.00468740625103004));
#1895=CARTESIAN_POINT('',(0.000462224759185561,-0.00369354321228394,0.00468740625103004));
#1896=CARTESIAN_POINT('',(0.000439462017496131,-0.00371264342044012,0.00463120043206265));
#1897=CARTESIAN_POINT('',(0.000486712221593267,-0.00367299579160917,0.00462837396195557));
#1898=CARTESIAN_POINT('',(0.000172887153464335,-0.00393632629053034,0.00444470803041608));
#1899=CARTESIAN_POINT('',(0.000441863091416803,-0.00371062868019885,0.00472448442854452));
#1900=CARTESIAN_POINT('',(0.000441863091416803,-0.00371062868019885,0.00472448442854452));
#1901=CARTESIAN_POINT('',(0.000172887153464335,-0.00393632629053034,0.00444470803041608));
#1902=CARTESIAN_POINT('',(0.000406898853497646,-0.00373996715934121,0.00477371246093738));
#1903=CARTESIAN_POINT('',(0.000167781862694252,-0.00345499862650095,0.00477371246093738));
#1904=CARTESIAN_POINT('',(0.000399338868230678,-0.00374631074019043,0.00473249263260541));
#1905=CARTESIAN_POINT('',(0.000160221877427284,-0.00346134220735017,0.00473249263260541));
#1906=CARTESIAN_POINT('',(0.000410993614203729,-0.00373653124714298,0.00471608328847446));
#1907=CARTESIAN_POINT('',(0.000171876623400336,-0.00345156271430272,0.00471608328847446));
#1908=CARTESIAN_POINT('',(0.0004418630914168,-0.00371062868019886,0.00472448442854452));
#1909=CARTESIAN_POINT('',(0.000202746100613406,-0.0034256601473586,0.00472448442854452));
#1910=CARTESIAN_POINT('',(0.00040689885349765,-0.00373996715934121,0.00477371246093738));
#1911=CARTESIAN_POINT('',(0.00040689885349765,-0.00373996715934121,0.00477371246093738));
#1912=CARTESIAN_POINT('',(0.000406898853497646,-0.00373996715934121,0.00477371246093738));
#1913=CARTESIAN_POINT('',(0.000395558875597194,-0.00374948253061504,0.00471188271843943));
#1914=CARTESIAN_POINT('',(0.0004418630914168,-0.00371062868019886,0.00472448442854452));
#1915=CARTESIAN_POINT('',(0.000172887153464264,-0.0039363262905304,0.00444470803041599));
#1916=CARTESIAN_POINT('',(0.000380113213834477,-0.00376244297970343,0.00480301551509344));
#1917=CARTESIAN_POINT('',(0.000380113213834477,-0.00376244297970343,0.00480301551509344));
#1918=CARTESIAN_POINT('',(0.000172887153464264,-0.0039363262905304,0.00444470803041599));
#1919=CARTESIAN_POINT('',(0.000336869132061805,-0.00379872907276948,0.00483934611248141));
#1920=CARTESIAN_POINT('',(9.77521412584134E-5,-0.00351376053992922,0.00483934611248141));
#1921=CARTESIAN_POINT('',(0.000337399344332162,-0.00379828417184898,0.00479696699520576));
#1922=CARTESIAN_POINT('',(9.82823535287696E-5,-0.00351331563900872,0.00479696699520576));
#1923=CARTESIAN_POINT('',(0.000351814038256385,-0.00378618880749363,0.00478485679607643));
#1924=CARTESIAN_POINT('',(0.000112697047452993,-0.00350122027465337,0.00478485679607643));
#1925=CARTESIAN_POINT('',(0.000380113213834475,-0.00376244297970343,0.00480301551509344));
#1926=CARTESIAN_POINT('',(0.000140996223031083,-0.00347747444686317,0.00480301551509344));
#1927=CARTESIAN_POINT('',(0.000336869132061807,-0.00379872907276948,0.00483934611248142));
#1928=CARTESIAN_POINT('',(0.000336869132061807,-0.00379872907276948,0.00483934611248142));
#1929=CARTESIAN_POINT('',(0.000336869132061805,-0.00379872907276948,0.00483934611248141));
#1930=CARTESIAN_POINT('',(0.000337664450467339,-0.00379806172138872,0.00477577743656793));
#1931=CARTESIAN_POINT('',(0.000380113213834475,-0.00376244297970343,0.00480301551509344));
#1932=CARTESIAN_POINT('',(0.000172887153464313,-0.00393632629053035,0.00444470803041605));
#1933=CARTESIAN_POINT('',(0.000305342560754956,-0.00382518300712534,0.00485903282461734));
#1934=CARTESIAN_POINT('',(0.000305342560754956,-0.00382518300712534,0.00485903282461734));
#1935=CARTESIAN_POINT('',(0.000172887153464313,-0.00393632629053035,0.00444470803041605));
#1936=CARTESIAN_POINT('',(0.000256535819827153,-0.00386613672543682,0.00488018320195194));
#1937=CARTESIAN_POINT('',(1.74188290237609E-5,-0.00358116819259656,0.00488018320195194));
#1938=CARTESIAN_POINT('',(0.000265122914447903,-0.00385893129750767,0.00483930763153052));
#1939=CARTESIAN_POINT('',(2.60059236445103E-5,-0.00357396276466741,0.00483930763153052));
#1940=CARTESIAN_POINT('',(0.000281391828090503,-0.00384528005807051,0.00483225750575232));
#1941=CARTESIAN_POINT('',(4.22748372871108E-5,-0.00356031152523025,0.00483225750575232));
#1942=CARTESIAN_POINT('',(0.000305342560754955,-0.00382518300712534,0.00485903282461733));
#1943=CARTESIAN_POINT('',(6.62255699515624E-5,-0.00354021447428508,0.00485903282461733));
#1944=CARTESIAN_POINT('',(0.000256535819827154,-0.00386613672543682,0.00488018320195194));
#1945=CARTESIAN_POINT('',(0.000256535819827154,-0.00386613672543682,0.00488018320195194));
#1946=CARTESIAN_POINT('',(0.000256535819827153,-0.00386613672543682,0.00488018320195194));
#1947=CARTESIAN_POINT('',(0.000269416461758277,-0.00385532858354309,0.00481886984631981));
#1948=CARTESIAN_POINT('',(0.000305342560754954,-0.00382518300712534,0.00485903282461733));
#1949=CARTESIAN_POINT('',(0.000172887153464325,-0.00393632629053034,0.00444470803041619));
#1950=CARTESIAN_POINT('',(0.000172887153464325,-0.00393632629053034,0.00444470803041619));
#1951=CARTESIAN_POINT('',(0.00017288715346431,-0.00393632629053036,0.00444470803041606));
#1952=MECHANICAL_DESIGN_GEOMETRIC_PRESENTATION_REPRESENTATION('',(#993),
#1953);
#1953=(
GEOMETRIC_REPRESENTATION_CONTEXT(3)
GLOBAL_UNCERTAINTY_ASSIGNED_CONTEXT((#1954))
GLOBAL_UNIT_ASSIGNED_CONTEXT((#1957,#1956,#1955))
REPRESENTATION_CONTEXT('Part 3','TOP_LEVEL_ASSEMBLY_PART')
);
#1954=UNCERTAINTY_MEASURE_WITH_UNIT(LENGTH_MEASURE(2.E-5),#1957,
'DISTANCE_ACCURACY_VALUE','Maximum Tolerance applied to model');
#1955=(
NAMED_UNIT(*)
SI_UNIT($,.STERADIAN.)
SOLID_ANGLE_UNIT()
);
#1956=(
NAMED_UNIT(*)
PLANE_ANGLE_UNIT()
SI_UNIT($,.RADIAN.)
);
#1957=(
LENGTH_UNIT()
NAMED_UNIT(*)
SI_UNIT($,.METRE.)
);
#1958=PRODUCT_DEFINITION_SHAPE('','',#1959);
#1959=PRODUCT_DEFINITION('','',#1961,#1960);
#1960=PRODUCT_DEFINITION_CONTEXT('',#1967,'design');
#1961=PRODUCT_DEFINITION_FORMATION_WITH_SPECIFIED_SOURCE('','',#1963,
 .NOT_KNOWN.);
#1962=PRODUCT_RELATED_PRODUCT_CATEGORY('','',(#1963));
#1963=PRODUCT('Part 3','Part 3','Part 3',(#1965));
#1964=PRODUCT_CATEGORY('','');
#1965=PRODUCT_CONTEXT('',#1967,'mechanical');
#1966=APPLICATION_PROTOCOL_DEFINITION('international standard',
'ap242_managed_model_based_3d_engineering',2020,#1967);
#1967=APPLICATION_CONTEXT('managed model based 3d engineering');
ENDSEC;
END-ISO-10303-21;
