ISO-10303-21;
HEADER;
/* Generated by software containing ST-Developer
 * from STEP Tools, Inc. (www.steptools.com) 
 */
/* OPTION: using custom renumber hook */

FILE_DESCRIPTION(
/* description */ ('STEP AP242 Edition 2',
'CAx-IF Rec.Pracs.---Representation and Presentation of Product Manufa
cturing Information (PMI)---4.0---2014-10-13',
'CAx-IF Rec.Pracs.---3D Tessellated Geometry---0.4---2014-09-14','2;1',
'CAx-IF Rec.Pracs.---User Defined Attributes---1.5---2016-08-15'),
/* implementation_level */ '2;1');

FILE_NAME(
/* name */ 'bank safe - Part 2',
/* time_stamp */ '2026-09-07T14:06:27Z',
/* author */ (''),
/* organization */ (''),
/* preprocessor_version */ 'ST-DEVELOPER v20',
/* originating_system */ 'ONSHAPE BY PTC INC, 1.220',
/* authorisation */ '  ');

FILE_SCHEMA (('AP242_MANAGED_MODEL_BASED_3D_ENGINEERING_MIM_LF { 1 0 10303 442 3 1 4 }'));
ENDSEC;

DATA;
#10=SHAPE_REPRESENTATION_RELATIONSHIP('','',#1641,#11);
#11=ADVANCED_BREP_SHAPE_REPRESENTATION('',(#1639),#2691);
#12=B_SPLINE_SURFACE_WITH_KNOTS('',3,1,((#2393,#2394),(#2395,#2396),(#2397,
#2398),(#2399,#2400)),.SURF_OF_LINEAR_EXTRUSION.,.F.,.F.,.F.,(4,4),(2,2),
(0.,1.),(0.,1.),.PIECEWISE_BEZIER_KNOTS.);
#13=B_SPLINE_SURFACE_WITH_KNOTS('',3,1,((#2475,#2476),(#2477,#2478),(#2479,
#2480),(#2481,#2482)),.SURF_OF_LINEAR_EXTRUSION.,.F.,.F.,.F.,(4,4),(2,2),
(0.,1.),(0.,1.),.PIECEWISE_BEZIER_KNOTS.);
#14=B_SPLINE_SURFACE_WITH_KNOTS('',3,1,((#2512,#2513),(#2514,#2515),(#2516,
#2517),(#2518,#2519)),.SURF_OF_LINEAR_EXTRUSION.,.F.,.F.,.F.,(4,4),(2,2),
(0.,1.),(0.,1.),.PIECEWISE_BEZIER_KNOTS.);
#15=B_SPLINE_SURFACE_WITH_KNOTS('',3,1,((#2528,#2529),(#2530,#2531),(#2532,
#2533),(#2534,#2535)),.SURF_OF_LINEAR_EXTRUSION.,.F.,.F.,.F.,(4,4),(2,2),
(0.,1.),(0.,1.),.PIECEWISE_BEZIER_KNOTS.);
#16=CYLINDRICAL_SURFACE('',#1660,0.00581742826681547);
#17=CYLINDRICAL_SURFACE('',#1668,0.00478236386033944);
#18=CYLINDRICAL_SURFACE('',#1675,0.00011071363146236);
#19=CYLINDRICAL_SURFACE('',#1678,0.000187393991857026);
#20=CYLINDRICAL_SURFACE('',#1684,0.000251036601330653);
#21=CYLINDRICAL_SURFACE('',#1687,7.8538886966362E-5);
#22=CYLINDRICAL_SURFACE('',#1690,8.90718537716766E-5);
#23=CYLINDRICAL_SURFACE('',#1696,0.000225943445343109);
#24=CYLINDRICAL_SURFACE('',#1698,0.000231482708217773);
#25=CYLINDRICAL_SURFACE('',#1700,0.000198235038234773);
#26=CYLINDRICAL_SURFACE('',#1703,0.000148933868214243);
#27=CYLINDRICAL_SURFACE('',#1705,0.000217290632454071);
#28=CYLINDRICAL_SURFACE('',#1707,0.000208537878189291);
#29=CYLINDRICAL_SURFACE('',#1737,0.151598206936515);
#30=CYLINDRICAL_SURFACE('',#1741,0.0142377140976513);
#31=CYLINDRICAL_SURFACE('',#1752,0.000956532655809089);
#32=B_SPLINE_CURVE_WITH_KNOTS('',2,(#2253,#2254,#2255),.UNSPECIFIED.,.F.,
 .F.,(3,3),(0.,1.),.PIECEWISE_BEZIER_KNOTS.);
#33=B_SPLINE_CURVE_WITH_KNOTS('',2,(#2257,#2258,#2259),.UNSPECIFIED.,.F.,
 .F.,(3,3),(0.,1.),.PIECEWISE_BEZIER_KNOTS.);
#34=B_SPLINE_CURVE_WITH_KNOTS('',2,(#2273,#2274,#2275),.UNSPECIFIED.,.F.,
 .F.,(3,3),(0.,1.),.PIECEWISE_BEZIER_KNOTS.);
#35=B_SPLINE_CURVE_WITH_KNOTS('',2,(#2401,#2402,#2403),.UNSPECIFIED.,.F.,
 .F.,(3,3),(0.,1.),.PIECEWISE_BEZIER_KNOTS.);
#36=B_SPLINE_CURVE_WITH_KNOTS('',2,(#2407,#2408,#2409),.UNSPECIFIED.,.F.,
 .F.,(3,3),(0.,1.),.PIECEWISE_BEZIER_KNOTS.);
#37=B_SPLINE_CURVE_WITH_KNOTS('',2,(#2485,#2486,#2487),.UNSPECIFIED.,.F.,
 .F.,(3,3),(0.,1.),.PIECEWISE_BEZIER_KNOTS.);
#38=B_SPLINE_CURVE_WITH_KNOTS('',2,(#2522,#2523,#2524),.UNSPECIFIED.,.F.,
 .F.,(3,3),(0.,1.),.PIECEWISE_BEZIER_KNOTS.);
#39=B_SPLINE_CURVE_WITH_KNOTS('',2,(#2536,#2537,#2538),.UNSPECIFIED.,.F.,
 .F.,(3,3),(0.,1.),.PIECEWISE_BEZIER_KNOTS.);
#40=CIRCLE('',#1644,0.00478236386033944);
#41=CIRCLE('',#1645,0.00581742826681547);
#42=CIRCLE('',#1646,0.000217290632454071);
#43=CIRCLE('',#1647,0.000148933868214243);
#44=CIRCLE('',#1648,0.000198235038234773);
#45=CIRCLE('',#1649,0.000231482708217773);
#46=CIRCLE('',#1650,0.000225943445343109);
#47=CIRCLE('',#1661,0.00581742826681547);
#48=CIRCLE('',#1669,0.00478236386033944);
#49=CIRCLE('',#1676,0.00011071363146236);
#50=CIRCLE('',#1677,0.00011071363146236);
#51=CIRCLE('',#1679,0.000187393991857026);
#52=CIRCLE('',#1680,0.000187393991857026);
#53=CIRCLE('',#1685,0.000251036601330653);
#54=CIRCLE('',#1686,0.000251036601330653);
#55=CIRCLE('',#1688,7.8538886966362E-5);
#56=CIRCLE('',#1689,7.8538886966362E-5);
#57=CIRCLE('',#1691,8.90718537716766E-5);
#58=CIRCLE('',#1692,8.90718537716766E-5);
#59=CIRCLE('',#1697,0.000225943445343109);
#60=CIRCLE('',#1699,0.000231482708217773);
#61=CIRCLE('',#1701,0.000198235038234773);
#62=CIRCLE('',#1704,0.000148933868214243);
#63=CIRCLE('',#1706,0.000217290632454071);
#64=CIRCLE('',#1708,0.000208537878189291);
#65=CIRCLE('',#1709,0.000208537878189291);
#66=CIRCLE('',#1738,0.151598206936515);
#67=CIRCLE('',#1739,0.151598206936515);
#68=CIRCLE('',#1742,0.0142377140976513);
#69=CIRCLE('',#1743,0.0142377140976513);
#70=CIRCLE('',#1753,0.000956532655809089);
#71=CIRCLE('',#1754,0.000956532655809089);
#72=ORIENTED_EDGE('',*,*,#528,.T.);
#73=ORIENTED_EDGE('',*,*,#529,.T.);
#74=ORIENTED_EDGE('',*,*,#530,.F.);
#75=ORIENTED_EDGE('',*,*,#531,.F.);
#76=ORIENTED_EDGE('',*,*,#532,.T.);
#77=ORIENTED_EDGE('',*,*,#533,.T.);
#78=ORIENTED_EDGE('',*,*,#534,.T.);
#79=ORIENTED_EDGE('',*,*,#535,.T.);
#80=ORIENTED_EDGE('',*,*,#536,.T.);
#81=ORIENTED_EDGE('',*,*,#537,.T.);
#82=ORIENTED_EDGE('',*,*,#538,.T.);
#83=ORIENTED_EDGE('',*,*,#539,.T.);
#84=ORIENTED_EDGE('',*,*,#540,.T.);
#85=ORIENTED_EDGE('',*,*,#541,.T.);
#86=ORIENTED_EDGE('',*,*,#542,.T.);
#87=ORIENTED_EDGE('',*,*,#543,.T.);
#88=ORIENTED_EDGE('',*,*,#544,.T.);
#89=ORIENTED_EDGE('',*,*,#545,.T.);
#90=ORIENTED_EDGE('',*,*,#546,.T.);
#91=ORIENTED_EDGE('',*,*,#547,.T.);
#92=ORIENTED_EDGE('',*,*,#548,.T.);
#93=ORIENTED_EDGE('',*,*,#549,.T.);
#94=ORIENTED_EDGE('',*,*,#550,.T.);
#95=ORIENTED_EDGE('',*,*,#551,.T.);
#96=ORIENTED_EDGE('',*,*,#552,.T.);
#97=ORIENTED_EDGE('',*,*,#553,.T.);
#98=ORIENTED_EDGE('',*,*,#554,.T.);
#99=ORIENTED_EDGE('',*,*,#555,.T.);
#100=ORIENTED_EDGE('',*,*,#556,.T.);
#101=ORIENTED_EDGE('',*,*,#557,.T.);
#102=ORIENTED_EDGE('',*,*,#558,.T.);
#103=ORIENTED_EDGE('',*,*,#559,.T.);
#104=ORIENTED_EDGE('',*,*,#560,.T.);
#105=ORIENTED_EDGE('',*,*,#561,.F.);
#106=ORIENTED_EDGE('',*,*,#562,.F.);
#107=ORIENTED_EDGE('',*,*,#563,.T.);
#108=ORIENTED_EDGE('',*,*,#564,.T.);
#109=ORIENTED_EDGE('',*,*,#565,.T.);
#110=ORIENTED_EDGE('',*,*,#566,.T.);
#111=ORIENTED_EDGE('',*,*,#567,.T.);
#112=ORIENTED_EDGE('',*,*,#568,.T.);
#113=ORIENTED_EDGE('',*,*,#569,.T.);
#114=ORIENTED_EDGE('',*,*,#570,.T.);
#115=ORIENTED_EDGE('',*,*,#571,.T.);
#116=ORIENTED_EDGE('',*,*,#572,.T.);
#117=ORIENTED_EDGE('',*,*,#573,.T.);
#118=ORIENTED_EDGE('',*,*,#574,.T.);
#119=ORIENTED_EDGE('',*,*,#575,.T.);
#120=ORIENTED_EDGE('',*,*,#576,.T.);
#121=ORIENTED_EDGE('',*,*,#577,.F.);
#122=ORIENTED_EDGE('',*,*,#578,.F.);
#123=ORIENTED_EDGE('',*,*,#579,.T.);
#124=ORIENTED_EDGE('',*,*,#580,.T.);
#125=ORIENTED_EDGE('',*,*,#581,.T.);
#126=ORIENTED_EDGE('',*,*,#582,.T.);
#127=ORIENTED_EDGE('',*,*,#583,.T.);
#128=ORIENTED_EDGE('',*,*,#584,.T.);
#129=ORIENTED_EDGE('',*,*,#585,.T.);
#130=ORIENTED_EDGE('',*,*,#586,.T.);
#131=ORIENTED_EDGE('',*,*,#587,.T.);
#132=ORIENTED_EDGE('',*,*,#588,.F.);
#133=ORIENTED_EDGE('',*,*,#559,.F.);
#134=ORIENTED_EDGE('',*,*,#589,.T.);
#135=ORIENTED_EDGE('',*,*,#590,.F.);
#136=ORIENTED_EDGE('',*,*,#589,.F.);
#137=ORIENTED_EDGE('',*,*,#562,.T.);
#138=ORIENTED_EDGE('',*,*,#591,.T.);
#139=ORIENTED_EDGE('',*,*,#592,.F.);
#140=ORIENTED_EDGE('',*,*,#591,.F.);
#141=ORIENTED_EDGE('',*,*,#561,.T.);
#142=ORIENTED_EDGE('',*,*,#593,.T.);
#143=ORIENTED_EDGE('',*,*,#594,.T.);
#144=ORIENTED_EDGE('',*,*,#593,.F.);
#145=ORIENTED_EDGE('',*,*,#560,.F.);
#146=ORIENTED_EDGE('',*,*,#588,.T.);
#147=ORIENTED_EDGE('',*,*,#587,.F.);
#148=ORIENTED_EDGE('',*,*,#590,.T.);
#149=ORIENTED_EDGE('',*,*,#592,.T.);
#150=ORIENTED_EDGE('',*,*,#594,.F.);
#151=ORIENTED_EDGE('',*,*,#545,.F.);
#152=ORIENTED_EDGE('',*,*,#595,.F.);
#153=ORIENTED_EDGE('',*,*,#596,.T.);
#154=ORIENTED_EDGE('',*,*,#597,.T.);
#155=ORIENTED_EDGE('',*,*,#558,.F.);
#156=ORIENTED_EDGE('',*,*,#598,.F.);
#157=ORIENTED_EDGE('',*,*,#599,.T.);
#158=ORIENTED_EDGE('',*,*,#595,.T.);
#159=ORIENTED_EDGE('',*,*,#557,.F.);
#160=ORIENTED_EDGE('',*,*,#600,.F.);
#161=ORIENTED_EDGE('',*,*,#601,.T.);
#162=ORIENTED_EDGE('',*,*,#598,.T.);
#163=ORIENTED_EDGE('',*,*,#556,.F.);
#164=ORIENTED_EDGE('',*,*,#602,.F.);
#165=ORIENTED_EDGE('',*,*,#603,.T.);
#166=ORIENTED_EDGE('',*,*,#600,.T.);
#167=ORIENTED_EDGE('',*,*,#555,.F.);
#168=ORIENTED_EDGE('',*,*,#604,.F.);
#169=ORIENTED_EDGE('',*,*,#605,.T.);
#170=ORIENTED_EDGE('',*,*,#602,.T.);
#171=ORIENTED_EDGE('',*,*,#554,.F.);
#172=ORIENTED_EDGE('',*,*,#606,.F.);
#173=ORIENTED_EDGE('',*,*,#607,.T.);
#174=ORIENTED_EDGE('',*,*,#604,.T.);
#175=ORIENTED_EDGE('',*,*,#553,.F.);
#176=ORIENTED_EDGE('',*,*,#608,.F.);
#177=ORIENTED_EDGE('',*,*,#609,.T.);
#178=ORIENTED_EDGE('',*,*,#606,.T.);
#179=ORIENTED_EDGE('',*,*,#552,.F.);
#180=ORIENTED_EDGE('',*,*,#610,.F.);
#181=ORIENTED_EDGE('',*,*,#611,.T.);
#182=ORIENTED_EDGE('',*,*,#608,.T.);
#183=ORIENTED_EDGE('',*,*,#551,.F.);
#184=ORIENTED_EDGE('',*,*,#612,.F.);
#185=ORIENTED_EDGE('',*,*,#613,.T.);
#186=ORIENTED_EDGE('',*,*,#610,.T.);
#187=ORIENTED_EDGE('',*,*,#550,.F.);
#188=ORIENTED_EDGE('',*,*,#614,.F.);
#189=ORIENTED_EDGE('',*,*,#615,.T.);
#190=ORIENTED_EDGE('',*,*,#612,.T.);
#191=ORIENTED_EDGE('',*,*,#549,.F.);
#192=ORIENTED_EDGE('',*,*,#616,.F.);
#193=ORIENTED_EDGE('',*,*,#617,.T.);
#194=ORIENTED_EDGE('',*,*,#614,.T.);
#195=ORIENTED_EDGE('',*,*,#548,.F.);
#196=ORIENTED_EDGE('',*,*,#618,.F.);
#197=ORIENTED_EDGE('',*,*,#619,.T.);
#198=ORIENTED_EDGE('',*,*,#616,.T.);
#199=ORIENTED_EDGE('',*,*,#547,.F.);
#200=ORIENTED_EDGE('',*,*,#620,.F.);
#201=ORIENTED_EDGE('',*,*,#621,.T.);
#202=ORIENTED_EDGE('',*,*,#618,.T.);
#203=ORIENTED_EDGE('',*,*,#546,.F.);
#204=ORIENTED_EDGE('',*,*,#597,.F.);
#205=ORIENTED_EDGE('',*,*,#622,.T.);
#206=ORIENTED_EDGE('',*,*,#620,.T.);
#207=ORIENTED_EDGE('',*,*,#596,.F.);
#208=ORIENTED_EDGE('',*,*,#599,.F.);
#209=ORIENTED_EDGE('',*,*,#601,.F.);
#210=ORIENTED_EDGE('',*,*,#603,.F.);
#211=ORIENTED_EDGE('',*,*,#605,.F.);
#212=ORIENTED_EDGE('',*,*,#607,.F.);
#213=ORIENTED_EDGE('',*,*,#609,.F.);
#214=ORIENTED_EDGE('',*,*,#611,.F.);
#215=ORIENTED_EDGE('',*,*,#613,.F.);
#216=ORIENTED_EDGE('',*,*,#615,.F.);
#217=ORIENTED_EDGE('',*,*,#617,.F.);
#218=ORIENTED_EDGE('',*,*,#619,.F.);
#219=ORIENTED_EDGE('',*,*,#621,.F.);
#220=ORIENTED_EDGE('',*,*,#622,.F.);
#221=ORIENTED_EDGE('',*,*,#623,.F.);
#222=ORIENTED_EDGE('',*,*,#624,.F.);
#223=ORIENTED_EDGE('',*,*,#625,.T.);
#224=ORIENTED_EDGE('',*,*,#626,.T.);
#225=ORIENTED_EDGE('',*,*,#627,.F.);
#226=ORIENTED_EDGE('',*,*,#628,.F.);
#227=ORIENTED_EDGE('',*,*,#629,.T.);
#228=ORIENTED_EDGE('',*,*,#624,.T.);
#229=ORIENTED_EDGE('',*,*,#630,.F.);
#230=ORIENTED_EDGE('',*,*,#631,.F.);
#231=ORIENTED_EDGE('',*,*,#632,.T.);
#232=ORIENTED_EDGE('',*,*,#628,.T.);
#233=ORIENTED_EDGE('',*,*,#633,.F.);
#234=ORIENTED_EDGE('',*,*,#634,.F.);
#235=ORIENTED_EDGE('',*,*,#635,.T.);
#236=ORIENTED_EDGE('',*,*,#631,.T.);
#237=ORIENTED_EDGE('',*,*,#636,.F.);
#238=ORIENTED_EDGE('',*,*,#637,.F.);
#239=ORIENTED_EDGE('',*,*,#638,.T.);
#240=ORIENTED_EDGE('',*,*,#634,.T.);
#241=ORIENTED_EDGE('',*,*,#639,.F.);
#242=ORIENTED_EDGE('',*,*,#640,.F.);
#243=ORIENTED_EDGE('',*,*,#641,.T.);
#244=ORIENTED_EDGE('',*,*,#642,.T.);
#245=ORIENTED_EDGE('',*,*,#643,.F.);
#246=ORIENTED_EDGE('',*,*,#644,.F.);
#247=ORIENTED_EDGE('',*,*,#645,.T.);
#248=ORIENTED_EDGE('',*,*,#640,.T.);
#249=ORIENTED_EDGE('',*,*,#646,.F.);
#250=ORIENTED_EDGE('',*,*,#647,.F.);
#251=ORIENTED_EDGE('',*,*,#648,.T.);
#252=ORIENTED_EDGE('',*,*,#644,.T.);
#253=ORIENTED_EDGE('',*,*,#649,.F.);
#254=ORIENTED_EDGE('',*,*,#650,.F.);
#255=ORIENTED_EDGE('',*,*,#651,.T.);
#256=ORIENTED_EDGE('',*,*,#647,.T.);
#257=ORIENTED_EDGE('',*,*,#652,.F.);
#258=ORIENTED_EDGE('',*,*,#653,.F.);
#259=ORIENTED_EDGE('',*,*,#654,.T.);
#260=ORIENTED_EDGE('',*,*,#650,.T.);
#261=ORIENTED_EDGE('',*,*,#655,.F.);
#262=ORIENTED_EDGE('',*,*,#656,.F.);
#263=ORIENTED_EDGE('',*,*,#657,.T.);
#264=ORIENTED_EDGE('',*,*,#653,.T.);
#265=ORIENTED_EDGE('',*,*,#563,.F.);
#266=ORIENTED_EDGE('',*,*,#658,.F.);
#267=ORIENTED_EDGE('',*,*,#659,.T.);
#268=ORIENTED_EDGE('',*,*,#660,.T.);
#269=ORIENTED_EDGE('',*,*,#574,.F.);
#270=ORIENTED_EDGE('',*,*,#661,.F.);
#271=ORIENTED_EDGE('',*,*,#662,.T.);
#272=ORIENTED_EDGE('',*,*,#658,.T.);
#273=ORIENTED_EDGE('',*,*,#573,.F.);
#274=ORIENTED_EDGE('',*,*,#663,.F.);
#275=ORIENTED_EDGE('',*,*,#664,.T.);
#276=ORIENTED_EDGE('',*,*,#661,.T.);
#277=ORIENTED_EDGE('',*,*,#572,.F.);
#278=ORIENTED_EDGE('',*,*,#665,.F.);
#279=ORIENTED_EDGE('',*,*,#666,.T.);
#280=ORIENTED_EDGE('',*,*,#663,.T.);
#281=ORIENTED_EDGE('',*,*,#571,.F.);
#282=ORIENTED_EDGE('',*,*,#667,.F.);
#283=ORIENTED_EDGE('',*,*,#668,.T.);
#284=ORIENTED_EDGE('',*,*,#665,.T.);
#285=ORIENTED_EDGE('',*,*,#570,.F.);
#286=ORIENTED_EDGE('',*,*,#669,.F.);
#287=ORIENTED_EDGE('',*,*,#670,.T.);
#288=ORIENTED_EDGE('',*,*,#667,.T.);
#289=ORIENTED_EDGE('',*,*,#569,.F.);
#290=ORIENTED_EDGE('',*,*,#671,.F.);
#291=ORIENTED_EDGE('',*,*,#672,.T.);
#292=ORIENTED_EDGE('',*,*,#669,.T.);
#293=ORIENTED_EDGE('',*,*,#568,.F.);
#294=ORIENTED_EDGE('',*,*,#673,.F.);
#295=ORIENTED_EDGE('',*,*,#674,.T.);
#296=ORIENTED_EDGE('',*,*,#671,.T.);
#297=ORIENTED_EDGE('',*,*,#567,.F.);
#298=ORIENTED_EDGE('',*,*,#675,.F.);
#299=ORIENTED_EDGE('',*,*,#676,.T.);
#300=ORIENTED_EDGE('',*,*,#673,.T.);
#301=ORIENTED_EDGE('',*,*,#566,.F.);
#302=ORIENTED_EDGE('',*,*,#677,.F.);
#303=ORIENTED_EDGE('',*,*,#678,.T.);
#304=ORIENTED_EDGE('',*,*,#675,.T.);
#305=ORIENTED_EDGE('',*,*,#565,.F.);
#306=ORIENTED_EDGE('',*,*,#679,.F.);
#307=ORIENTED_EDGE('',*,*,#680,.T.);
#308=ORIENTED_EDGE('',*,*,#677,.T.);
#309=ORIENTED_EDGE('',*,*,#681,.F.);
#310=ORIENTED_EDGE('',*,*,#642,.F.);
#311=ORIENTED_EDGE('',*,*,#682,.T.);
#312=ORIENTED_EDGE('',*,*,#656,.T.);
#313=ORIENTED_EDGE('',*,*,#564,.F.);
#314=ORIENTED_EDGE('',*,*,#660,.F.);
#315=ORIENTED_EDGE('',*,*,#683,.T.);
#316=ORIENTED_EDGE('',*,*,#679,.T.);
#317=ORIENTED_EDGE('',*,*,#684,.F.);
#318=ORIENTED_EDGE('',*,*,#626,.F.);
#319=ORIENTED_EDGE('',*,*,#685,.T.);
#320=ORIENTED_EDGE('',*,*,#637,.T.);
#321=ORIENTED_EDGE('',*,*,#659,.F.);
#322=ORIENTED_EDGE('',*,*,#662,.F.);
#323=ORIENTED_EDGE('',*,*,#664,.F.);
#324=ORIENTED_EDGE('',*,*,#666,.F.);
#325=ORIENTED_EDGE('',*,*,#668,.F.);
#326=ORIENTED_EDGE('',*,*,#670,.F.);
#327=ORIENTED_EDGE('',*,*,#672,.F.);
#328=ORIENTED_EDGE('',*,*,#674,.F.);
#329=ORIENTED_EDGE('',*,*,#676,.F.);
#330=ORIENTED_EDGE('',*,*,#678,.F.);
#331=ORIENTED_EDGE('',*,*,#680,.F.);
#332=ORIENTED_EDGE('',*,*,#683,.F.);
#333=ORIENTED_EDGE('',*,*,#641,.F.);
#334=ORIENTED_EDGE('',*,*,#645,.F.);
#335=ORIENTED_EDGE('',*,*,#648,.F.);
#336=ORIENTED_EDGE('',*,*,#651,.F.);
#337=ORIENTED_EDGE('',*,*,#654,.F.);
#338=ORIENTED_EDGE('',*,*,#657,.F.);
#339=ORIENTED_EDGE('',*,*,#682,.F.);
#340=ORIENTED_EDGE('',*,*,#625,.F.);
#341=ORIENTED_EDGE('',*,*,#629,.F.);
#342=ORIENTED_EDGE('',*,*,#632,.F.);
#343=ORIENTED_EDGE('',*,*,#635,.F.);
#344=ORIENTED_EDGE('',*,*,#638,.F.);
#345=ORIENTED_EDGE('',*,*,#685,.F.);
#346=ORIENTED_EDGE('',*,*,#639,.T.);
#347=ORIENTED_EDGE('',*,*,#681,.T.);
#348=ORIENTED_EDGE('',*,*,#655,.T.);
#349=ORIENTED_EDGE('',*,*,#652,.T.);
#350=ORIENTED_EDGE('',*,*,#649,.T.);
#351=ORIENTED_EDGE('',*,*,#646,.T.);
#352=ORIENTED_EDGE('',*,*,#643,.T.);
#353=ORIENTED_EDGE('',*,*,#532,.F.);
#354=ORIENTED_EDGE('',*,*,#686,.F.);
#355=ORIENTED_EDGE('',*,*,#687,.T.);
#356=ORIENTED_EDGE('',*,*,#688,.T.);
#357=ORIENTED_EDGE('',*,*,#544,.F.);
#358=ORIENTED_EDGE('',*,*,#689,.F.);
#359=ORIENTED_EDGE('',*,*,#690,.T.);
#360=ORIENTED_EDGE('',*,*,#686,.T.);
#361=ORIENTED_EDGE('',*,*,#543,.F.);
#362=ORIENTED_EDGE('',*,*,#691,.F.);
#363=ORIENTED_EDGE('',*,*,#692,.T.);
#364=ORIENTED_EDGE('',*,*,#689,.T.);
#365=ORIENTED_EDGE('',*,*,#542,.F.);
#366=ORIENTED_EDGE('',*,*,#693,.F.);
#367=ORIENTED_EDGE('',*,*,#694,.T.);
#368=ORIENTED_EDGE('',*,*,#691,.T.);
#369=ORIENTED_EDGE('',*,*,#541,.F.);
#370=ORIENTED_EDGE('',*,*,#695,.F.);
#371=ORIENTED_EDGE('',*,*,#696,.T.);
#372=ORIENTED_EDGE('',*,*,#693,.T.);
#373=ORIENTED_EDGE('',*,*,#540,.F.);
#374=ORIENTED_EDGE('',*,*,#697,.F.);
#375=ORIENTED_EDGE('',*,*,#698,.T.);
#376=ORIENTED_EDGE('',*,*,#695,.T.);
#377=ORIENTED_EDGE('',*,*,#539,.F.);
#378=ORIENTED_EDGE('',*,*,#699,.F.);
#379=ORIENTED_EDGE('',*,*,#700,.T.);
#380=ORIENTED_EDGE('',*,*,#697,.T.);
#381=ORIENTED_EDGE('',*,*,#538,.F.);
#382=ORIENTED_EDGE('',*,*,#701,.F.);
#383=ORIENTED_EDGE('',*,*,#702,.T.);
#384=ORIENTED_EDGE('',*,*,#699,.T.);
#385=ORIENTED_EDGE('',*,*,#537,.F.);
#386=ORIENTED_EDGE('',*,*,#703,.F.);
#387=ORIENTED_EDGE('',*,*,#704,.T.);
#388=ORIENTED_EDGE('',*,*,#701,.T.);
#389=ORIENTED_EDGE('',*,*,#536,.F.);
#390=ORIENTED_EDGE('',*,*,#705,.F.);
#391=ORIENTED_EDGE('',*,*,#706,.T.);
#392=ORIENTED_EDGE('',*,*,#703,.T.);
#393=ORIENTED_EDGE('',*,*,#535,.F.);
#394=ORIENTED_EDGE('',*,*,#707,.F.);
#395=ORIENTED_EDGE('',*,*,#708,.T.);
#396=ORIENTED_EDGE('',*,*,#705,.T.);
#397=ORIENTED_EDGE('',*,*,#534,.F.);
#398=ORIENTED_EDGE('',*,*,#709,.F.);
#399=ORIENTED_EDGE('',*,*,#710,.T.);
#400=ORIENTED_EDGE('',*,*,#707,.T.);
#401=ORIENTED_EDGE('',*,*,#533,.F.);
#402=ORIENTED_EDGE('',*,*,#688,.F.);
#403=ORIENTED_EDGE('',*,*,#711,.T.);
#404=ORIENTED_EDGE('',*,*,#709,.T.);
#405=ORIENTED_EDGE('',*,*,#687,.F.);
#406=ORIENTED_EDGE('',*,*,#690,.F.);
#407=ORIENTED_EDGE('',*,*,#692,.F.);
#408=ORIENTED_EDGE('',*,*,#694,.F.);
#409=ORIENTED_EDGE('',*,*,#696,.F.);
#410=ORIENTED_EDGE('',*,*,#698,.F.);
#411=ORIENTED_EDGE('',*,*,#700,.F.);
#412=ORIENTED_EDGE('',*,*,#702,.F.);
#413=ORIENTED_EDGE('',*,*,#704,.F.);
#414=ORIENTED_EDGE('',*,*,#706,.F.);
#415=ORIENTED_EDGE('',*,*,#708,.F.);
#416=ORIENTED_EDGE('',*,*,#710,.F.);
#417=ORIENTED_EDGE('',*,*,#711,.F.);
#418=ORIENTED_EDGE('',*,*,#575,.F.);
#419=ORIENTED_EDGE('',*,*,#712,.F.);
#420=ORIENTED_EDGE('',*,*,#713,.T.);
#421=ORIENTED_EDGE('',*,*,#714,.T.);
#422=ORIENTED_EDGE('',*,*,#578,.T.);
#423=ORIENTED_EDGE('',*,*,#715,.F.);
#424=ORIENTED_EDGE('',*,*,#716,.F.);
#425=ORIENTED_EDGE('',*,*,#712,.T.);
#426=ORIENTED_EDGE('',*,*,#577,.T.);
#427=ORIENTED_EDGE('',*,*,#717,.F.);
#428=ORIENTED_EDGE('',*,*,#718,.F.);
#429=ORIENTED_EDGE('',*,*,#715,.T.);
#430=ORIENTED_EDGE('',*,*,#576,.F.);
#431=ORIENTED_EDGE('',*,*,#714,.F.);
#432=ORIENTED_EDGE('',*,*,#719,.T.);
#433=ORIENTED_EDGE('',*,*,#717,.T.);
#434=ORIENTED_EDGE('',*,*,#713,.F.);
#435=ORIENTED_EDGE('',*,*,#716,.T.);
#436=ORIENTED_EDGE('',*,*,#718,.T.);
#437=ORIENTED_EDGE('',*,*,#719,.F.);
#438=ORIENTED_EDGE('',*,*,#528,.F.);
#439=ORIENTED_EDGE('',*,*,#720,.F.);
#440=ORIENTED_EDGE('',*,*,#721,.T.);
#441=ORIENTED_EDGE('',*,*,#722,.T.);
#442=ORIENTED_EDGE('',*,*,#531,.T.);
#443=ORIENTED_EDGE('',*,*,#723,.F.);
#444=ORIENTED_EDGE('',*,*,#724,.F.);
#445=ORIENTED_EDGE('',*,*,#720,.T.);
#446=ORIENTED_EDGE('',*,*,#530,.T.);
#447=ORIENTED_EDGE('',*,*,#725,.F.);
#448=ORIENTED_EDGE('',*,*,#726,.F.);
#449=ORIENTED_EDGE('',*,*,#723,.T.);
#450=ORIENTED_EDGE('',*,*,#529,.F.);
#451=ORIENTED_EDGE('',*,*,#722,.F.);
#452=ORIENTED_EDGE('',*,*,#727,.T.);
#453=ORIENTED_EDGE('',*,*,#725,.T.);
#454=ORIENTED_EDGE('',*,*,#721,.F.);
#455=ORIENTED_EDGE('',*,*,#724,.T.);
#456=ORIENTED_EDGE('',*,*,#726,.T.);
#457=ORIENTED_EDGE('',*,*,#727,.F.);
#458=ORIENTED_EDGE('',*,*,#728,.F.);
#459=ORIENTED_EDGE('',*,*,#729,.F.);
#460=ORIENTED_EDGE('',*,*,#730,.T.);
#461=ORIENTED_EDGE('',*,*,#731,.T.);
#462=ORIENTED_EDGE('',*,*,#732,.F.);
#463=ORIENTED_EDGE('',*,*,#733,.F.);
#464=ORIENTED_EDGE('',*,*,#734,.T.);
#465=ORIENTED_EDGE('',*,*,#729,.T.);
#466=ORIENTED_EDGE('',*,*,#735,.F.);
#467=ORIENTED_EDGE('',*,*,#736,.F.);
#468=ORIENTED_EDGE('',*,*,#737,.T.);
#469=ORIENTED_EDGE('',*,*,#733,.T.);
#470=ORIENTED_EDGE('',*,*,#579,.F.);
#471=ORIENTED_EDGE('',*,*,#738,.F.);
#472=ORIENTED_EDGE('',*,*,#739,.T.);
#473=ORIENTED_EDGE('',*,*,#740,.T.);
#474=ORIENTED_EDGE('',*,*,#586,.F.);
#475=ORIENTED_EDGE('',*,*,#741,.F.);
#476=ORIENTED_EDGE('',*,*,#742,.T.);
#477=ORIENTED_EDGE('',*,*,#738,.T.);
#478=ORIENTED_EDGE('',*,*,#585,.F.);
#479=ORIENTED_EDGE('',*,*,#743,.F.);
#480=ORIENTED_EDGE('',*,*,#744,.T.);
#481=ORIENTED_EDGE('',*,*,#741,.T.);
#482=ORIENTED_EDGE('',*,*,#584,.F.);
#483=ORIENTED_EDGE('',*,*,#745,.F.);
#484=ORIENTED_EDGE('',*,*,#746,.T.);
#485=ORIENTED_EDGE('',*,*,#743,.T.);
#486=ORIENTED_EDGE('',*,*,#583,.F.);
#487=ORIENTED_EDGE('',*,*,#747,.F.);
#488=ORIENTED_EDGE('',*,*,#748,.T.);
#489=ORIENTED_EDGE('',*,*,#745,.T.);
#490=ORIENTED_EDGE('',*,*,#582,.F.);
#491=ORIENTED_EDGE('',*,*,#749,.F.);
#492=ORIENTED_EDGE('',*,*,#750,.T.);
#493=ORIENTED_EDGE('',*,*,#747,.T.);
#494=ORIENTED_EDGE('',*,*,#581,.F.);
#495=ORIENTED_EDGE('',*,*,#751,.F.);
#496=ORIENTED_EDGE('',*,*,#752,.T.);
#497=ORIENTED_EDGE('',*,*,#749,.T.);
#498=ORIENTED_EDGE('',*,*,#580,.F.);
#499=ORIENTED_EDGE('',*,*,#740,.F.);
#500=ORIENTED_EDGE('',*,*,#753,.T.);
#501=ORIENTED_EDGE('',*,*,#751,.T.);
#502=ORIENTED_EDGE('',*,*,#754,.F.);
#503=ORIENTED_EDGE('',*,*,#731,.F.);
#504=ORIENTED_EDGE('',*,*,#755,.T.);
#505=ORIENTED_EDGE('',*,*,#736,.T.);
#506=ORIENTED_EDGE('',*,*,#739,.F.);
#507=ORIENTED_EDGE('',*,*,#742,.F.);
#508=ORIENTED_EDGE('',*,*,#744,.F.);
#509=ORIENTED_EDGE('',*,*,#746,.F.);
#510=ORIENTED_EDGE('',*,*,#748,.F.);
#511=ORIENTED_EDGE('',*,*,#750,.F.);
#512=ORIENTED_EDGE('',*,*,#752,.F.);
#513=ORIENTED_EDGE('',*,*,#753,.F.);
#514=ORIENTED_EDGE('',*,*,#730,.F.);
#515=ORIENTED_EDGE('',*,*,#734,.F.);
#516=ORIENTED_EDGE('',*,*,#737,.F.);
#517=ORIENTED_EDGE('',*,*,#755,.F.);
#518=ORIENTED_EDGE('',*,*,#623,.T.);
#519=ORIENTED_EDGE('',*,*,#684,.T.);
#520=ORIENTED_EDGE('',*,*,#636,.T.);
#521=ORIENTED_EDGE('',*,*,#633,.T.);
#522=ORIENTED_EDGE('',*,*,#630,.T.);
#523=ORIENTED_EDGE('',*,*,#627,.T.);
#524=ORIENTED_EDGE('',*,*,#728,.T.);
#525=ORIENTED_EDGE('',*,*,#754,.T.);
#526=ORIENTED_EDGE('',*,*,#735,.T.);
#527=ORIENTED_EDGE('',*,*,#732,.T.);
#528=EDGE_CURVE('',#756,#757,#908,.T.);
#529=EDGE_CURVE('',#757,#758,#909,.T.);
#530=EDGE_CURVE('',#759,#758,#910,.T.);
#531=EDGE_CURVE('',#756,#759,#911,.T.);
#532=EDGE_CURVE('',#760,#761,#912,.T.);
#533=EDGE_CURVE('',#761,#762,#913,.T.);
#534=EDGE_CURVE('',#762,#763,#914,.T.);
#535=EDGE_CURVE('',#763,#764,#915,.T.);
#536=EDGE_CURVE('',#764,#765,#916,.T.);
#537=EDGE_CURVE('',#765,#766,#917,.T.);
#538=EDGE_CURVE('',#766,#767,#918,.T.);
#539=EDGE_CURVE('',#767,#768,#919,.T.);
#540=EDGE_CURVE('',#768,#769,#920,.T.);
#541=EDGE_CURVE('',#769,#770,#921,.T.);
#542=EDGE_CURVE('',#770,#771,#922,.T.);
#543=EDGE_CURVE('',#771,#772,#923,.T.);
#544=EDGE_CURVE('',#772,#760,#924,.T.);
#545=EDGE_CURVE('',#773,#774,#925,.T.);
#546=EDGE_CURVE('',#774,#775,#926,.T.);
#547=EDGE_CURVE('',#775,#776,#927,.T.);
#548=EDGE_CURVE('',#776,#777,#40,.F.);
#549=EDGE_CURVE('',#777,#778,#928,.T.);
#550=EDGE_CURVE('',#778,#779,#929,.T.);
#551=EDGE_CURVE('',#779,#780,#930,.T.);
#552=EDGE_CURVE('',#780,#781,#931,.T.);
#553=EDGE_CURVE('',#781,#782,#932,.T.);
#554=EDGE_CURVE('',#782,#783,#933,.T.);
#555=EDGE_CURVE('',#783,#784,#41,.F.);
#556=EDGE_CURVE('',#784,#785,#934,.T.);
#557=EDGE_CURVE('',#785,#786,#935,.T.);
#558=EDGE_CURVE('',#786,#773,#936,.T.);
#559=EDGE_CURVE('',#787,#788,#937,.T.);
#560=EDGE_CURVE('',#788,#789,#938,.T.);
#561=EDGE_CURVE('',#790,#789,#939,.T.);
#562=EDGE_CURVE('',#787,#790,#940,.T.);
#563=EDGE_CURVE('',#791,#792,#941,.T.);
#564=EDGE_CURVE('',#792,#793,#32,.T.);
#565=EDGE_CURVE('',#793,#794,#33,.T.);
#566=EDGE_CURVE('',#794,#795,#42,.F.);
#567=EDGE_CURVE('',#795,#796,#43,.F.);
#568=EDGE_CURVE('',#796,#797,#942,.T.);
#569=EDGE_CURVE('',#797,#798,#44,.F.);
#570=EDGE_CURVE('',#798,#799,#45,.F.);
#571=EDGE_CURVE('',#799,#800,#46,.F.);
#572=EDGE_CURVE('',#800,#801,#34,.T.);
#573=EDGE_CURVE('',#801,#802,#943,.T.);
#574=EDGE_CURVE('',#802,#791,#944,.T.);
#575=EDGE_CURVE('',#803,#804,#945,.T.);
#576=EDGE_CURVE('',#804,#805,#946,.T.);
#577=EDGE_CURVE('',#806,#805,#947,.T.);
#578=EDGE_CURVE('',#803,#806,#948,.T.);
#579=EDGE_CURVE('',#807,#808,#949,.T.);
#580=EDGE_CURVE('',#808,#809,#950,.T.);
#581=EDGE_CURVE('',#809,#810,#951,.T.);
#582=EDGE_CURVE('',#810,#811,#952,.T.);
#583=EDGE_CURVE('',#811,#812,#953,.T.);
#584=EDGE_CURVE('',#812,#813,#954,.T.);
#585=EDGE_CURVE('',#813,#814,#955,.T.);
#586=EDGE_CURVE('',#814,#807,#956,.T.);
#587=EDGE_CURVE('',#815,#816,#957,.T.);
#588=EDGE_CURVE('',#788,#816,#958,.T.);
#589=EDGE_CURVE('',#787,#815,#959,.T.);
#590=EDGE_CURVE('',#815,#817,#960,.T.);
#591=EDGE_CURVE('',#790,#817,#961,.T.);
#592=EDGE_CURVE('',#817,#818,#962,.T.);
#593=EDGE_CURVE('',#789,#818,#963,.T.);
#594=EDGE_CURVE('',#816,#818,#964,.T.);
#595=EDGE_CURVE('',#819,#773,#965,.T.);
#596=EDGE_CURVE('',#819,#820,#966,.T.);
#597=EDGE_CURVE('',#820,#774,#967,.T.);
#598=EDGE_CURVE('',#821,#786,#968,.T.);
#599=EDGE_CURVE('',#821,#819,#969,.T.);
#600=EDGE_CURVE('',#822,#785,#970,.T.);
#601=EDGE_CURVE('',#822,#821,#971,.T.);
#602=EDGE_CURVE('',#823,#784,#972,.T.);
#603=EDGE_CURVE('',#823,#822,#973,.T.);
#604=EDGE_CURVE('',#824,#783,#974,.T.);
#605=EDGE_CURVE('',#824,#823,#47,.F.);
#606=EDGE_CURVE('',#825,#782,#975,.T.);
#607=EDGE_CURVE('',#825,#824,#976,.T.);
#608=EDGE_CURVE('',#826,#781,#977,.T.);
#609=EDGE_CURVE('',#826,#825,#978,.T.);
#610=EDGE_CURVE('',#827,#780,#979,.T.);
#611=EDGE_CURVE('',#827,#826,#980,.T.);
#612=EDGE_CURVE('',#828,#779,#981,.T.);
#613=EDGE_CURVE('',#828,#827,#982,.T.);
#614=EDGE_CURVE('',#829,#778,#983,.T.);
#615=EDGE_CURVE('',#829,#828,#984,.T.);
#616=EDGE_CURVE('',#830,#777,#985,.T.);
#617=EDGE_CURVE('',#830,#829,#986,.T.);
#618=EDGE_CURVE('',#831,#776,#987,.T.);
#619=EDGE_CURVE('',#831,#830,#48,.F.);
#620=EDGE_CURVE('',#832,#775,#988,.T.);
#621=EDGE_CURVE('',#832,#831,#989,.T.);
#622=EDGE_CURVE('',#820,#832,#990,.T.);
#623=EDGE_CURVE('',#833,#834,#991,.T.);
#624=EDGE_CURVE('',#835,#833,#992,.T.);
#625=EDGE_CURVE('',#835,#836,#993,.T.);
#626=EDGE_CURVE('',#836,#834,#994,.T.);
#627=EDGE_CURVE('',#837,#833,#995,.T.);
#628=EDGE_CURVE('',#838,#837,#996,.T.);
#629=EDGE_CURVE('',#838,#835,#997,.T.);
#630=EDGE_CURVE('',#839,#837,#35,.T.);
#631=EDGE_CURVE('',#840,#839,#998,.T.);
#632=EDGE_CURVE('',#840,#838,#36,.T.);
#633=EDGE_CURVE('',#841,#839,#49,.T.);
#634=EDGE_CURVE('',#842,#841,#999,.T.);
#635=EDGE_CURVE('',#842,#840,#50,.T.);
#636=EDGE_CURVE('',#843,#841,#51,.T.);
#637=EDGE_CURVE('',#844,#843,#1000,.T.);
#638=EDGE_CURVE('',#844,#842,#52,.T.);
#639=EDGE_CURVE('',#845,#846,#1001,.T.);
#640=EDGE_CURVE('',#847,#845,#1002,.T.);
#641=EDGE_CURVE('',#847,#848,#1003,.T.);
#642=EDGE_CURVE('',#848,#846,#1004,.T.);
#643=EDGE_CURVE('',#849,#845,#1005,.T.);
#644=EDGE_CURVE('',#850,#849,#1006,.T.);
#645=EDGE_CURVE('',#850,#847,#1007,.T.);
#646=EDGE_CURVE('',#851,#849,#1008,.T.);
#647=EDGE_CURVE('',#852,#851,#1009,.T.);
#648=EDGE_CURVE('',#852,#850,#1010,.T.);
#649=EDGE_CURVE('',#853,#851,#53,.T.);
#650=EDGE_CURVE('',#854,#853,#1011,.T.);
#651=EDGE_CURVE('',#854,#852,#54,.T.);
#652=EDGE_CURVE('',#855,#853,#55,.T.);
#653=EDGE_CURVE('',#856,#855,#1012,.T.);
#654=EDGE_CURVE('',#856,#854,#56,.T.);
#655=EDGE_CURVE('',#857,#855,#57,.T.);
#656=EDGE_CURVE('',#858,#857,#1013,.T.);
#657=EDGE_CURVE('',#858,#856,#58,.T.);
#658=EDGE_CURVE('',#859,#791,#1014,.T.);
#659=EDGE_CURVE('',#859,#860,#1015,.T.);
#660=EDGE_CURVE('',#860,#792,#1016,.T.);
#661=EDGE_CURVE('',#861,#802,#1017,.T.);
#662=EDGE_CURVE('',#861,#859,#1018,.T.);
#663=EDGE_CURVE('',#862,#801,#1019,.T.);
#664=EDGE_CURVE('',#862,#861,#1020,.T.);
#665=EDGE_CURVE('',#863,#800,#1021,.T.);
#666=EDGE_CURVE('',#863,#862,#37,.T.);
#667=EDGE_CURVE('',#864,#799,#1022,.T.);
#668=EDGE_CURVE('',#864,#863,#59,.F.);
#669=EDGE_CURVE('',#865,#798,#1023,.T.);
#670=EDGE_CURVE('',#865,#864,#60,.F.);
#671=EDGE_CURVE('',#866,#797,#1024,.T.);
#672=EDGE_CURVE('',#866,#865,#61,.F.);
#673=EDGE_CURVE('',#867,#796,#1025,.T.);
#674=EDGE_CURVE('',#867,#866,#1026,.T.);
#675=EDGE_CURVE('',#868,#795,#1027,.T.);
#676=EDGE_CURVE('',#868,#867,#62,.F.);
#677=EDGE_CURVE('',#869,#794,#1028,.T.);
#678=EDGE_CURVE('',#869,#868,#63,.F.);
#679=EDGE_CURVE('',#870,#793,#1029,.T.);
#680=EDGE_CURVE('',#870,#869,#38,.T.);
#681=EDGE_CURVE('',#846,#857,#64,.T.);
#682=EDGE_CURVE('',#848,#858,#65,.T.);
#683=EDGE_CURVE('',#860,#870,#39,.T.);
#684=EDGE_CURVE('',#834,#843,#1030,.T.);
#685=EDGE_CURVE('',#836,#844,#1031,.T.);
#686=EDGE_CURVE('',#871,#760,#1032,.T.);
#687=EDGE_CURVE('',#871,#872,#1033,.T.);
#688=EDGE_CURVE('',#872,#761,#1034,.T.);
#689=EDGE_CURVE('',#873,#772,#1035,.T.);
#690=EDGE_CURVE('',#873,#871,#1036,.T.);
#691=EDGE_CURVE('',#874,#771,#1037,.T.);
#692=EDGE_CURVE('',#874,#873,#1038,.T.);
#693=EDGE_CURVE('',#875,#770,#1039,.T.);
#694=EDGE_CURVE('',#875,#874,#1040,.T.);
#695=EDGE_CURVE('',#876,#769,#1041,.T.);
#696=EDGE_CURVE('',#876,#875,#1042,.T.);
#697=EDGE_CURVE('',#877,#768,#1043,.T.);
#698=EDGE_CURVE('',#877,#876,#1044,.T.);
#699=EDGE_CURVE('',#878,#767,#1045,.T.);
#700=EDGE_CURVE('',#878,#877,#1046,.T.);
#701=EDGE_CURVE('',#879,#766,#1047,.T.);
#702=EDGE_CURVE('',#879,#878,#1048,.T.);
#703=EDGE_CURVE('',#880,#765,#1049,.T.);
#704=EDGE_CURVE('',#880,#879,#1050,.T.);
#705=EDGE_CURVE('',#881,#764,#1051,.T.);
#706=EDGE_CURVE('',#881,#880,#1052,.T.);
#707=EDGE_CURVE('',#882,#763,#1053,.T.);
#708=EDGE_CURVE('',#882,#881,#1054,.T.);
#709=EDGE_CURVE('',#883,#762,#1055,.T.);
#710=EDGE_CURVE('',#883,#882,#1056,.T.);
#711=EDGE_CURVE('',#872,#883,#1057,.T.);
#712=EDGE_CURVE('',#884,#803,#1058,.T.);
#713=EDGE_CURVE('',#884,#885,#1059,.T.);
#714=EDGE_CURVE('',#885,#804,#1060,.T.);
#715=EDGE_CURVE('',#886,#806,#1061,.T.);
#716=EDGE_CURVE('',#884,#886,#1062,.T.);
#717=EDGE_CURVE('',#887,#805,#1063,.T.);
#718=EDGE_CURVE('',#886,#887,#1064,.T.);
#719=EDGE_CURVE('',#885,#887,#1065,.T.);
#720=EDGE_CURVE('',#888,#756,#1066,.T.);
#721=EDGE_CURVE('',#888,#889,#1067,.T.);
#722=EDGE_CURVE('',#889,#757,#1068,.T.);
#723=EDGE_CURVE('',#890,#759,#1069,.T.);
#724=EDGE_CURVE('',#888,#890,#1070,.T.);
#725=EDGE_CURVE('',#891,#758,#1071,.T.);
#726=EDGE_CURVE('',#890,#891,#1072,.T.);
#727=EDGE_CURVE('',#889,#891,#1073,.T.);
#728=EDGE_CURVE('',#892,#893,#66,.T.);
#729=EDGE_CURVE('',#894,#892,#1074,.F.);
#730=EDGE_CURVE('',#894,#895,#67,.T.);
#731=EDGE_CURVE('',#895,#893,#1075,.T.);
#732=EDGE_CURVE('',#896,#892,#1076,.T.);
#733=EDGE_CURVE('',#897,#896,#1077,.T.);
#734=EDGE_CURVE('',#897,#894,#1078,.T.);
#735=EDGE_CURVE('',#898,#896,#68,.F.);
#736=EDGE_CURVE('',#899,#898,#1079,.T.);
#737=EDGE_CURVE('',#899,#897,#69,.F.);
#738=EDGE_CURVE('',#900,#807,#1080,.T.);
#739=EDGE_CURVE('',#900,#901,#1081,.T.);
#740=EDGE_CURVE('',#901,#808,#1082,.T.);
#741=EDGE_CURVE('',#902,#814,#1083,.T.);
#742=EDGE_CURVE('',#902,#900,#1084,.T.);
#743=EDGE_CURVE('',#903,#813,#1085,.T.);
#744=EDGE_CURVE('',#903,#902,#1086,.T.);
#745=EDGE_CURVE('',#904,#812,#1087,.T.);
#746=EDGE_CURVE('',#904,#903,#1088,.T.);
#747=EDGE_CURVE('',#905,#811,#1089,.T.);
#748=EDGE_CURVE('',#905,#904,#1090,.T.);
#749=EDGE_CURVE('',#906,#810,#1091,.T.);
#750=EDGE_CURVE('',#906,#905,#1092,.T.);
#751=EDGE_CURVE('',#907,#809,#1093,.T.);
#752=EDGE_CURVE('',#907,#906,#1094,.T.);
#753=EDGE_CURVE('',#901,#907,#1095,.T.);
#754=EDGE_CURVE('',#893,#898,#70,.F.);
#755=EDGE_CURVE('',#895,#899,#71,.F.);
#756=VERTEX_POINT('',#2181);
#757=VERTEX_POINT('',#2182);
#758=VERTEX_POINT('',#2184);
#759=VERTEX_POINT('',#2186);
#760=VERTEX_POINT('',#2189);
#761=VERTEX_POINT('',#2190);
#762=VERTEX_POINT('',#2192);
#763=VERTEX_POINT('',#2194);
#764=VERTEX_POINT('',#2196);
#765=VERTEX_POINT('',#2198);
#766=VERTEX_POINT('',#2200);
#767=VERTEX_POINT('',#2202);
#768=VERTEX_POINT('',#2204);
#769=VERTEX_POINT('',#2206);
#770=VERTEX_POINT('',#2208);
#771=VERTEX_POINT('',#2210);
#772=VERTEX_POINT('',#2212);
#773=VERTEX_POINT('',#2215);
#774=VERTEX_POINT('',#2216);
#775=VERTEX_POINT('',#2218);
#776=VERTEX_POINT('',#2220);
#777=VERTEX_POINT('',#2222);
#778=VERTEX_POINT('',#2224);
#779=VERTEX_POINT('',#2226);
#780=VERTEX_POINT('',#2228);
#781=VERTEX_POINT('',#2230);
#782=VERTEX_POINT('',#2232);
#783=VERTEX_POINT('',#2234);
#784=VERTEX_POINT('',#2236);
#785=VERTEX_POINT('',#2238);
#786=VERTEX_POINT('',#2240);
#787=VERTEX_POINT('',#2243);
#788=VERTEX_POINT('',#2244);
#789=VERTEX_POINT('',#2246);
#790=VERTEX_POINT('',#2248);
#791=VERTEX_POINT('',#2251);
#792=VERTEX_POINT('',#2252);
#793=VERTEX_POINT('',#2256);
#794=VERTEX_POINT('',#2260);
#795=VERTEX_POINT('',#2262);
#796=VERTEX_POINT('',#2264);
#797=VERTEX_POINT('',#2266);
#798=VERTEX_POINT('',#2268);
#799=VERTEX_POINT('',#2270);
#800=VERTEX_POINT('',#2272);
#801=VERTEX_POINT('',#2276);
#802=VERTEX_POINT('',#2278);
#803=VERTEX_POINT('',#2281);
#804=VERTEX_POINT('',#2282);
#805=VERTEX_POINT('',#2284);
#806=VERTEX_POINT('',#2286);
#807=VERTEX_POINT('',#2289);
#808=VERTEX_POINT('',#2290);
#809=VERTEX_POINT('',#2292);
#810=VERTEX_POINT('',#2294);
#811=VERTEX_POINT('',#2296);
#812=VERTEX_POINT('',#2298);
#813=VERTEX_POINT('',#2300);
#814=VERTEX_POINT('',#2302);
#815=VERTEX_POINT('',#2306);
#816=VERTEX_POINT('',#2307);
#817=VERTEX_POINT('',#2312);
#818=VERTEX_POINT('',#2316);
#819=VERTEX_POINT('',#2323);
#820=VERTEX_POINT('',#2325);
#821=VERTEX_POINT('',#2329);
#822=VERTEX_POINT('',#2333);
#823=VERTEX_POINT('',#2337);
#824=VERTEX_POINT('',#2341);
#825=VERTEX_POINT('',#2345);
#826=VERTEX_POINT('',#2349);
#827=VERTEX_POINT('',#2353);
#828=VERTEX_POINT('',#2357);
#829=VERTEX_POINT('',#2361);
#830=VERTEX_POINT('',#2365);
#831=VERTEX_POINT('',#2369);
#832=VERTEX_POINT('',#2373);
#833=VERTEX_POINT('',#2380);
#834=VERTEX_POINT('',#2381);
#835=VERTEX_POINT('',#2383);
#836=VERTEX_POINT('',#2385);
#837=VERTEX_POINT('',#2389);
#838=VERTEX_POINT('',#2391);
#839=VERTEX_POINT('',#2404);
#840=VERTEX_POINT('',#2406);
#841=VERTEX_POINT('',#2412);
#842=VERTEX_POINT('',#2414);
#843=VERTEX_POINT('',#2418);
#844=VERTEX_POINT('',#2420);
#845=VERTEX_POINT('',#2424);
#846=VERTEX_POINT('',#2425);
#847=VERTEX_POINT('',#2427);
#848=VERTEX_POINT('',#2429);
#849=VERTEX_POINT('',#2433);
#850=VERTEX_POINT('',#2435);
#851=VERTEX_POINT('',#2439);
#852=VERTEX_POINT('',#2441);
#853=VERTEX_POINT('',#2445);
#854=VERTEX_POINT('',#2447);
#855=VERTEX_POINT('',#2451);
#856=VERTEX_POINT('',#2453);
#857=VERTEX_POINT('',#2457);
#858=VERTEX_POINT('',#2459);
#859=VERTEX_POINT('',#2463);
#860=VERTEX_POINT('',#2465);
#861=VERTEX_POINT('',#2469);
#862=VERTEX_POINT('',#2473);
#863=VERTEX_POINT('',#2484);
#864=VERTEX_POINT('',#2490);
#865=VERTEX_POINT('',#2494);
#866=VERTEX_POINT('',#2498);
#867=VERTEX_POINT('',#2502);
#868=VERTEX_POINT('',#2506);
#869=VERTEX_POINT('',#2510);
#870=VERTEX_POINT('',#2521);
#871=VERTEX_POINT('',#2546);
#872=VERTEX_POINT('',#2548);
#873=VERTEX_POINT('',#2552);
#874=VERTEX_POINT('',#2556);
#875=VERTEX_POINT('',#2560);
#876=VERTEX_POINT('',#2564);
#877=VERTEX_POINT('',#2568);
#878=VERTEX_POINT('',#2572);
#879=VERTEX_POINT('',#2576);
#880=VERTEX_POINT('',#2580);
#881=VERTEX_POINT('',#2584);
#882=VERTEX_POINT('',#2588);
#883=VERTEX_POINT('',#2592);
#884=VERTEX_POINT('',#2599);
#885=VERTEX_POINT('',#2601);
#886=VERTEX_POINT('',#2605);
#887=VERTEX_POINT('',#2609);
#888=VERTEX_POINT('',#2616);
#889=VERTEX_POINT('',#2618);
#890=VERTEX_POINT('',#2622);
#891=VERTEX_POINT('',#2626);
#892=VERTEX_POINT('',#2633);
#893=VERTEX_POINT('',#2634);
#894=VERTEX_POINT('',#2636);
#895=VERTEX_POINT('',#2638);
#896=VERTEX_POINT('',#2642);
#897=VERTEX_POINT('',#2644);
#898=VERTEX_POINT('',#2648);
#899=VERTEX_POINT('',#2650);
#900=VERTEX_POINT('',#2654);
#901=VERTEX_POINT('',#2656);
#902=VERTEX_POINT('',#2660);
#903=VERTEX_POINT('',#2664);
#904=VERTEX_POINT('',#2668);
#905=VERTEX_POINT('',#2672);
#906=VERTEX_POINT('',#2676);
#907=VERTEX_POINT('',#2680);
#908=LINE('',#2180,#1096);
#909=LINE('',#2183,#1097);
#910=LINE('',#2185,#1098);
#911=LINE('',#2187,#1099);
#912=LINE('',#2188,#1100);
#913=LINE('',#2191,#1101);
#914=LINE('',#2193,#1102);
#915=LINE('',#2195,#1103);
#916=LINE('',#2197,#1104);
#917=LINE('',#2199,#1105);
#918=LINE('',#2201,#1106);
#919=LINE('',#2203,#1107);
#920=LINE('',#2205,#1108);
#921=LINE('',#2207,#1109);
#922=LINE('',#2209,#1110);
#923=LINE('',#2211,#1111);
#924=LINE('',#2213,#1112);
#925=LINE('',#2214,#1113);
#926=LINE('',#2217,#1114);
#927=LINE('',#2219,#1115);
#928=LINE('',#2223,#1116);
#929=LINE('',#2225,#1117);
#930=LINE('',#2227,#1118);
#931=LINE('',#2229,#1119);
#932=LINE('',#2231,#1120);
#933=LINE('',#2233,#1121);
#934=LINE('',#2237,#1122);
#935=LINE('',#2239,#1123);
#936=LINE('',#2241,#1124);
#937=LINE('',#2242,#1125);
#938=LINE('',#2245,#1126);
#939=LINE('',#2247,#1127);
#940=LINE('',#2249,#1128);
#941=LINE('',#2250,#1129);
#942=LINE('',#2265,#1130);
#943=LINE('',#2277,#1131);
#944=LINE('',#2279,#1132);
#945=LINE('',#2280,#1133);
#946=LINE('',#2283,#1134);
#947=LINE('',#2285,#1135);
#948=LINE('',#2287,#1136);
#949=LINE('',#2288,#1137);
#950=LINE('',#2291,#1138);
#951=LINE('',#2293,#1139);
#952=LINE('',#2295,#1140);
#953=LINE('',#2297,#1141);
#954=LINE('',#2299,#1142);
#955=LINE('',#2301,#1143);
#956=LINE('',#2303,#1144);
#957=LINE('',#2305,#1145);
#958=LINE('',#2308,#1146);
#959=LINE('',#2309,#1147);
#960=LINE('',#2311,#1148);
#961=LINE('',#2313,#1149);
#962=LINE('',#2315,#1150);
#963=LINE('',#2317,#1151);
#964=LINE('',#2319,#1152);
#965=LINE('',#2322,#1153);
#966=LINE('',#2324,#1154);
#967=LINE('',#2326,#1155);
#968=LINE('',#2328,#1156);
#969=LINE('',#2330,#1157);
#970=LINE('',#2332,#1158);
#971=LINE('',#2334,#1159);
#972=LINE('',#2336,#1160);
#973=LINE('',#2338,#1161);
#974=LINE('',#2340,#1162);
#975=LINE('',#2344,#1163);
#976=LINE('',#2346,#1164);
#977=LINE('',#2348,#1165);
#978=LINE('',#2350,#1166);
#979=LINE('',#2352,#1167);
#980=LINE('',#2354,#1168);
#981=LINE('',#2356,#1169);
#982=LINE('',#2358,#1170);
#983=LINE('',#2360,#1171);
#984=LINE('',#2362,#1172);
#985=LINE('',#2364,#1173);
#986=LINE('',#2366,#1174);
#987=LINE('',#2368,#1175);
#988=LINE('',#2372,#1176);
#989=LINE('',#2374,#1177);
#990=LINE('',#2376,#1178);
#991=LINE('',#2379,#1179);
#992=LINE('',#2382,#1180);
#993=LINE('',#2384,#1181);
#994=LINE('',#2386,#1182);
#995=LINE('',#2388,#1183);
#996=LINE('',#2390,#1184);
#997=LINE('',#2392,#1185);
#998=LINE('',#2405,#1186);
#999=LINE('',#2413,#1187);
#1000=LINE('',#2419,#1188);
#1001=LINE('',#2423,#1189);
#1002=LINE('',#2426,#1190);
#1003=LINE('',#2428,#1191);
#1004=LINE('',#2430,#1192);
#1005=LINE('',#2432,#1193);
#1006=LINE('',#2434,#1194);
#1007=LINE('',#2436,#1195);
#1008=LINE('',#2438,#1196);
#1009=LINE('',#2440,#1197);
#1010=LINE('',#2442,#1198);
#1011=LINE('',#2446,#1199);
#1012=LINE('',#2452,#1200);
#1013=LINE('',#2458,#1201);
#1014=LINE('',#2462,#1202);
#1015=LINE('',#2464,#1203);
#1016=LINE('',#2466,#1204);
#1017=LINE('',#2468,#1205);
#1018=LINE('',#2470,#1206);
#1019=LINE('',#2472,#1207);
#1020=LINE('',#2474,#1208);
#1021=LINE('',#2483,#1209);
#1022=LINE('',#2489,#1210);
#1023=LINE('',#2493,#1211);
#1024=LINE('',#2497,#1212);
#1025=LINE('',#2501,#1213);
#1026=LINE('',#2503,#1214);
#1027=LINE('',#2505,#1215);
#1028=LINE('',#2509,#1216);
#1029=LINE('',#2520,#1217);
#1030=LINE('',#2540,#1218);
#1031=LINE('',#2541,#1219);
#1032=LINE('',#2545,#1220);
#1033=LINE('',#2547,#1221);
#1034=LINE('',#2549,#1222);
#1035=LINE('',#2551,#1223);
#1036=LINE('',#2553,#1224);
#1037=LINE('',#2555,#1225);
#1038=LINE('',#2557,#1226);
#1039=LINE('',#2559,#1227);
#1040=LINE('',#2561,#1228);
#1041=LINE('',#2563,#1229);
#1042=LINE('',#2565,#1230);
#1043=LINE('',#2567,#1231);
#1044=LINE('',#2569,#1232);
#1045=LINE('',#2571,#1233);
#1046=LINE('',#2573,#1234);
#1047=LINE('',#2575,#1235);
#1048=LINE('',#2577,#1236);
#1049=LINE('',#2579,#1237);
#1050=LINE('',#2581,#1238);
#1051=LINE('',#2583,#1239);
#1052=LINE('',#2585,#1240);
#1053=LINE('',#2587,#1241);
#1054=LINE('',#2589,#1242);
#1055=LINE('',#2591,#1243);
#1056=LINE('',#2593,#1244);
#1057=LINE('',#2595,#1245);
#1058=LINE('',#2598,#1246);
#1059=LINE('',#2600,#1247);
#1060=LINE('',#2602,#1248);
#1061=LINE('',#2604,#1249);
#1062=LINE('',#2606,#1250);
#1063=LINE('',#2608,#1251);
#1064=LINE('',#2610,#1252);
#1065=LINE('',#2612,#1253);
#1066=LINE('',#2615,#1254);
#1067=LINE('',#2617,#1255);
#1068=LINE('',#2619,#1256);
#1069=LINE('',#2621,#1257);
#1070=LINE('',#2623,#1258);
#1071=LINE('',#2625,#1259);
#1072=LINE('',#2627,#1260);
#1073=LINE('',#2629,#1261);
#1074=LINE('',#2635,#1262);
#1075=LINE('',#2639,#1263);
#1076=LINE('',#2641,#1264);
#1077=LINE('',#2643,#1265);
#1078=LINE('',#2645,#1266);
#1079=LINE('',#2649,#1267);
#1080=LINE('',#2653,#1268);
#1081=LINE('',#2655,#1269);
#1082=LINE('',#2657,#1270);
#1083=LINE('',#2659,#1271);
#1084=LINE('',#2661,#1272);
#1085=LINE('',#2663,#1273);
#1086=LINE('',#2665,#1274);
#1087=LINE('',#2667,#1275);
#1088=LINE('',#2669,#1276);
#1089=LINE('',#2671,#1277);
#1090=LINE('',#2673,#1278);
#1091=LINE('',#2675,#1279);
#1092=LINE('',#2677,#1280);
#1093=LINE('',#2679,#1281);
#1094=LINE('',#2681,#1282);
#1095=LINE('',#2683,#1283);
#1096=VECTOR('',#1762,1.);
#1097=VECTOR('',#1763,1.);
#1098=VECTOR('',#1764,1.);
#1099=VECTOR('',#1765,1.);
#1100=VECTOR('',#1766,1.);
#1101=VECTOR('',#1767,1.);
#1102=VECTOR('',#1768,1.);
#1103=VECTOR('',#1769,1.);
#1104=VECTOR('',#1770,1.);
#1105=VECTOR('',#1771,1.);
#1106=VECTOR('',#1772,1.);
#1107=VECTOR('',#1773,1.);
#1108=VECTOR('',#1774,1.);
#1109=VECTOR('',#1775,1.);
#1110=VECTOR('',#1776,1.);
#1111=VECTOR('',#1777,1.);
#1112=VECTOR('',#1778,1.);
#1113=VECTOR('',#1779,1.);
#1114=VECTOR('',#1780,1.);
#1115=VECTOR('',#1781,1.);
#1116=VECTOR('',#1784,1.);
#1117=VECTOR('',#1785,1.);
#1118=VECTOR('',#1786,1.);
#1119=VECTOR('',#1787,1.);
#1120=VECTOR('',#1788,1.);
#1121=VECTOR('',#1789,1.);
#1122=VECTOR('',#1792,1.);
#1123=VECTOR('',#1793,1.);
#1124=VECTOR('',#1794,1.);
#1125=VECTOR('',#1795,1.);
#1126=VECTOR('',#1796,1.);
#1127=VECTOR('',#1797,1.);
#1128=VECTOR('',#1798,1.);
#1129=VECTOR('',#1799,1.);
#1130=VECTOR('',#1804,1.);
#1131=VECTOR('',#1811,1.);
#1132=VECTOR('',#1812,1.);
#1133=VECTOR('',#1813,1.);
#1134=VECTOR('',#1814,1.);
#1135=VECTOR('',#1815,1.);
#1136=VECTOR('',#1816,1.);
#1137=VECTOR('',#1817,1.);
#1138=VECTOR('',#1818,1.);
#1139=VECTOR('',#1819,1.);
#1140=VECTOR('',#1820,1.);
#1141=VECTOR('',#1821,1.);
#1142=VECTOR('',#1822,1.);
#1143=VECTOR('',#1823,1.);
#1144=VECTOR('',#1824,1.);
#1145=VECTOR('',#1827,1.);
#1146=VECTOR('',#1828,1.);
#1147=VECTOR('',#1829,1.);
#1148=VECTOR('',#1832,1.);
#1149=VECTOR('',#1833,1.);
#1150=VECTOR('',#1836,1.);
#1151=VECTOR('',#1837,1.);
#1152=VECTOR('',#1840,1.);
#1153=VECTOR('',#1845,1.);
#1154=VECTOR('',#1846,1.);
#1155=VECTOR('',#1847,1.);
#1156=VECTOR('',#1850,1.);
#1157=VECTOR('',#1851,1.);
#1158=VECTOR('',#1854,1.);
#1159=VECTOR('',#1855,1.);
#1160=VECTOR('',#1858,1.);
#1161=VECTOR('',#1859,1.);
#1162=VECTOR('',#1862,1.);
#1163=VECTOR('',#1867,1.);
#1164=VECTOR('',#1868,1.);
#1165=VECTOR('',#1871,1.);
#1166=VECTOR('',#1872,1.);
#1167=VECTOR('',#1875,1.);
#1168=VECTOR('',#1876,1.);
#1169=VECTOR('',#1879,1.);
#1170=VECTOR('',#1880,1.);
#1171=VECTOR('',#1883,1.);
#1172=VECTOR('',#1884,1.);
#1173=VECTOR('',#1887,1.);
#1174=VECTOR('',#1888,1.);
#1175=VECTOR('',#1891,1.);
#1176=VECTOR('',#1896,1.);
#1177=VECTOR('',#1897,1.);
#1178=VECTOR('',#1900,1.);
#1179=VECTOR('',#1905,1.);
#1180=VECTOR('',#1906,1.);
#1181=VECTOR('',#1907,1.);
#1182=VECTOR('',#1908,1.);
#1183=VECTOR('',#1911,1.);
#1184=VECTOR('',#1912,1.);
#1185=VECTOR('',#1913,1.);
#1186=VECTOR('',#1914,1.);
#1187=VECTOR('',#1919,1.);
#1188=VECTOR('',#1926,1.);
#1189=VECTOR('',#1931,1.);
#1190=VECTOR('',#1932,1.);
#1191=VECTOR('',#1933,1.);
#1192=VECTOR('',#1934,1.);
#1193=VECTOR('',#1937,1.);
#1194=VECTOR('',#1938,1.);
#1195=VECTOR('',#1939,1.);
#1196=VECTOR('',#1942,1.);
#1197=VECTOR('',#1943,1.);
#1198=VECTOR('',#1944,1.);
#1199=VECTOR('',#1949,1.);
#1200=VECTOR('',#1956,1.);
#1201=VECTOR('',#1963,1.);
#1202=VECTOR('',#1968,1.);
#1203=VECTOR('',#1969,1.);
#1204=VECTOR('',#1970,1.);
#1205=VECTOR('',#1973,1.);
#1206=VECTOR('',#1974,1.);
#1207=VECTOR('',#1977,1.);
#1208=VECTOR('',#1978,1.);
#1209=VECTOR('',#1979,1.);
#1210=VECTOR('',#1982,1.);
#1211=VECTOR('',#1987,1.);
#1212=VECTOR('',#1992,1.);
#1213=VECTOR('',#1997,1.);
#1214=VECTOR('',#1998,1.);
#1215=VECTOR('',#2001,1.);
#1216=VECTOR('',#2006,1.);
#1217=VECTOR('',#2009,1.);
#1218=VECTOR('',#2018,1.);
#1219=VECTOR('',#2019,1.);
#1220=VECTOR('',#2026,1.);
#1221=VECTOR('',#2027,1.);
#1222=VECTOR('',#2028,1.);
#1223=VECTOR('',#2031,1.);
#1224=VECTOR('',#2032,1.);
#1225=VECTOR('',#2035,1.);
#1226=VECTOR('',#2036,1.);
#1227=VECTOR('',#2039,1.);
#1228=VECTOR('',#2040,1.);
#1229=VECTOR('',#2043,1.);
#1230=VECTOR('',#2044,1.);
#1231=VECTOR('',#2047,1.);
#1232=VECTOR('',#2048,1.);
#1233=VECTOR('',#2051,1.);
#1234=VECTOR('',#2052,1.);
#1235=VECTOR('',#2055,1.);
#1236=VECTOR('',#2056,1.);
#1237=VECTOR('',#2059,1.);
#1238=VECTOR('',#2060,1.);
#1239=VECTOR('',#2063,1.);
#1240=VECTOR('',#2064,1.);
#1241=VECTOR('',#2067,1.);
#1242=VECTOR('',#2068,1.);
#1243=VECTOR('',#2071,1.);
#1244=VECTOR('',#2072,1.);
#1245=VECTOR('',#2075,1.);
#1246=VECTOR('',#2080,1.);
#1247=VECTOR('',#2081,1.);
#1248=VECTOR('',#2082,1.);
#1249=VECTOR('',#2085,1.);
#1250=VECTOR('',#2086,1.);
#1251=VECTOR('',#2089,1.);
#1252=VECTOR('',#2090,1.);
#1253=VECTOR('',#2093,1.);
#1254=VECTOR('',#2098,1.);
#1255=VECTOR('',#2099,1.);
#1256=VECTOR('',#2100,1.);
#1257=VECTOR('',#2103,1.);
#1258=VECTOR('',#2104,1.);
#1259=VECTOR('',#2107,1.);
#1260=VECTOR('',#2108,1.);
#1261=VECTOR('',#2111,1.);
#1262=VECTOR('',#2118,1.);
#1263=VECTOR('',#2121,1.);
#1264=VECTOR('',#2124,1.);
#1265=VECTOR('',#2125,1.);
#1266=VECTOR('',#2126,1.);
#1267=VECTOR('',#2131,1.);
#1268=VECTOR('',#2136,1.);
#1269=VECTOR('',#2137,1.);
#1270=VECTOR('',#2138,1.);
#1271=VECTOR('',#2141,1.);
#1272=VECTOR('',#2142,1.);
#1273=VECTOR('',#2145,1.);
#1274=VECTOR('',#2146,1.);
#1275=VECTOR('',#2149,1.);
#1276=VECTOR('',#2150,1.);
#1277=VECTOR('',#2153,1.);
#1278=VECTOR('',#2154,1.);
#1279=VECTOR('',#2157,1.);
#1280=VECTOR('',#2158,1.);
#1281=VECTOR('',#2161,1.);
#1282=VECTOR('',#2162,1.);
#1283=VECTOR('',#2165,1.);
#1284=EDGE_LOOP('',(#72,#73,#74,#75));
#1285=EDGE_LOOP('',(#76,#77,#78,#79,#80,#81,#82,#83,#84,#85,#86,#87,#88));
#1286=EDGE_LOOP('',(#89,#90,#91,#92,#93,#94,#95,#96,#97,#98,#99,#100,#101,
#102));
#1287=EDGE_LOOP('',(#103,#104,#105,#106));
#1288=EDGE_LOOP('',(#107,#108,#109,#110,#111,#112,#113,#114,#115,#116,#117,
#118));
#1289=EDGE_LOOP('',(#119,#120,#121,#122));
#1290=EDGE_LOOP('',(#123,#124,#125,#126,#127,#128,#129,#130));
#1291=EDGE_LOOP('',(#131,#132,#133,#134));
#1292=EDGE_LOOP('',(#135,#136,#137,#138));
#1293=EDGE_LOOP('',(#139,#140,#141,#142));
#1294=EDGE_LOOP('',(#143,#144,#145,#146));
#1295=EDGE_LOOP('',(#147,#148,#149,#150));
#1296=EDGE_LOOP('',(#151,#152,#153,#154));
#1297=EDGE_LOOP('',(#155,#156,#157,#158));
#1298=EDGE_LOOP('',(#159,#160,#161,#162));
#1299=EDGE_LOOP('',(#163,#164,#165,#166));
#1300=EDGE_LOOP('',(#167,#168,#169,#170));
#1301=EDGE_LOOP('',(#171,#172,#173,#174));
#1302=EDGE_LOOP('',(#175,#176,#177,#178));
#1303=EDGE_LOOP('',(#179,#180,#181,#182));
#1304=EDGE_LOOP('',(#183,#184,#185,#186));
#1305=EDGE_LOOP('',(#187,#188,#189,#190));
#1306=EDGE_LOOP('',(#191,#192,#193,#194));
#1307=EDGE_LOOP('',(#195,#196,#197,#198));
#1308=EDGE_LOOP('',(#199,#200,#201,#202));
#1309=EDGE_LOOP('',(#203,#204,#205,#206));
#1310=EDGE_LOOP('',(#207,#208,#209,#210,#211,#212,#213,#214,#215,#216,#217,
#218,#219,#220));
#1311=EDGE_LOOP('',(#221,#222,#223,#224));
#1312=EDGE_LOOP('',(#225,#226,#227,#228));
#1313=EDGE_LOOP('',(#229,#230,#231,#232));
#1314=EDGE_LOOP('',(#233,#234,#235,#236));
#1315=EDGE_LOOP('',(#237,#238,#239,#240));
#1316=EDGE_LOOP('',(#241,#242,#243,#244));
#1317=EDGE_LOOP('',(#245,#246,#247,#248));
#1318=EDGE_LOOP('',(#249,#250,#251,#252));
#1319=EDGE_LOOP('',(#253,#254,#255,#256));
#1320=EDGE_LOOP('',(#257,#258,#259,#260));
#1321=EDGE_LOOP('',(#261,#262,#263,#264));
#1322=EDGE_LOOP('',(#265,#266,#267,#268));
#1323=EDGE_LOOP('',(#269,#270,#271,#272));
#1324=EDGE_LOOP('',(#273,#274,#275,#276));
#1325=EDGE_LOOP('',(#277,#278,#279,#280));
#1326=EDGE_LOOP('',(#281,#282,#283,#284));
#1327=EDGE_LOOP('',(#285,#286,#287,#288));
#1328=EDGE_LOOP('',(#289,#290,#291,#292));
#1329=EDGE_LOOP('',(#293,#294,#295,#296));
#1330=EDGE_LOOP('',(#297,#298,#299,#300));
#1331=EDGE_LOOP('',(#301,#302,#303,#304));
#1332=EDGE_LOOP('',(#305,#306,#307,#308));
#1333=EDGE_LOOP('',(#309,#310,#311,#312));
#1334=EDGE_LOOP('',(#313,#314,#315,#316));
#1335=EDGE_LOOP('',(#317,#318,#319,#320));
#1336=EDGE_LOOP('',(#321,#322,#323,#324,#325,#326,#327,#328,#329,#330,#331,
#332));
#1337=EDGE_LOOP('',(#333,#334,#335,#336,#337,#338,#339));
#1338=EDGE_LOOP('',(#340,#341,#342,#343,#344,#345));
#1339=EDGE_LOOP('',(#346,#347,#348,#349,#350,#351,#352));
#1340=EDGE_LOOP('',(#353,#354,#355,#356));
#1341=EDGE_LOOP('',(#357,#358,#359,#360));
#1342=EDGE_LOOP('',(#361,#362,#363,#364));
#1343=EDGE_LOOP('',(#365,#366,#367,#368));
#1344=EDGE_LOOP('',(#369,#370,#371,#372));
#1345=EDGE_LOOP('',(#373,#374,#375,#376));
#1346=EDGE_LOOP('',(#377,#378,#379,#380));
#1347=EDGE_LOOP('',(#381,#382,#383,#384));
#1348=EDGE_LOOP('',(#385,#386,#387,#388));
#1349=EDGE_LOOP('',(#389,#390,#391,#392));
#1350=EDGE_LOOP('',(#393,#394,#395,#396));
#1351=EDGE_LOOP('',(#397,#398,#399,#400));
#1352=EDGE_LOOP('',(#401,#402,#403,#404));
#1353=EDGE_LOOP('',(#405,#406,#407,#408,#409,#410,#411,#412,#413,#414,#415,
#416,#417));
#1354=EDGE_LOOP('',(#418,#419,#420,#421));
#1355=EDGE_LOOP('',(#422,#423,#424,#425));
#1356=EDGE_LOOP('',(#426,#427,#428,#429));
#1357=EDGE_LOOP('',(#430,#431,#432,#433));
#1358=EDGE_LOOP('',(#434,#435,#436,#437));
#1359=EDGE_LOOP('',(#438,#439,#440,#441));
#1360=EDGE_LOOP('',(#442,#443,#444,#445));
#1361=EDGE_LOOP('',(#446,#447,#448,#449));
#1362=EDGE_LOOP('',(#450,#451,#452,#453));
#1363=EDGE_LOOP('',(#454,#455,#456,#457));
#1364=EDGE_LOOP('',(#458,#459,#460,#461));
#1365=EDGE_LOOP('',(#462,#463,#464,#465));
#1366=EDGE_LOOP('',(#466,#467,#468,#469));
#1367=EDGE_LOOP('',(#470,#471,#472,#473));
#1368=EDGE_LOOP('',(#474,#475,#476,#477));
#1369=EDGE_LOOP('',(#478,#479,#480,#481));
#1370=EDGE_LOOP('',(#482,#483,#484,#485));
#1371=EDGE_LOOP('',(#486,#487,#488,#489));
#1372=EDGE_LOOP('',(#490,#491,#492,#493));
#1373=EDGE_LOOP('',(#494,#495,#496,#497));
#1374=EDGE_LOOP('',(#498,#499,#500,#501));
#1375=EDGE_LOOP('',(#502,#503,#504,#505));
#1376=EDGE_LOOP('',(#506,#507,#508,#509,#510,#511,#512,#513));
#1377=EDGE_LOOP('',(#514,#515,#516,#517));
#1378=EDGE_LOOP('',(#518,#519,#520,#521,#522,#523));
#1379=EDGE_LOOP('',(#524,#525,#526,#527));
#1380=FACE_BOUND('',#1284,.T.);
#1381=FACE_BOUND('',#1285,.T.);
#1382=FACE_BOUND('',#1286,.T.);
#1383=FACE_BOUND('',#1287,.T.);
#1384=FACE_BOUND('',#1288,.T.);
#1385=FACE_BOUND('',#1289,.T.);
#1386=FACE_BOUND('',#1290,.T.);
#1387=FACE_BOUND('',#1291,.T.);
#1388=FACE_BOUND('',#1292,.T.);
#1389=FACE_BOUND('',#1293,.T.);
#1390=FACE_BOUND('',#1294,.T.);
#1391=FACE_BOUND('',#1295,.T.);
#1392=FACE_BOUND('',#1296,.T.);
#1393=FACE_BOUND('',#1297,.T.);
#1394=FACE_BOUND('',#1298,.T.);
#1395=FACE_BOUND('',#1299,.T.);
#1396=FACE_BOUND('',#1300,.T.);
#1397=FACE_BOUND('',#1301,.T.);
#1398=FACE_BOUND('',#1302,.T.);
#1399=FACE_BOUND('',#1303,.T.);
#1400=FACE_BOUND('',#1304,.T.);
#1401=FACE_BOUND('',#1305,.T.);
#1402=FACE_BOUND('',#1306,.T.);
#1403=FACE_BOUND('',#1307,.T.);
#1404=FACE_BOUND('',#1308,.T.);
#1405=FACE_BOUND('',#1309,.T.);
#1406=FACE_BOUND('',#1310,.T.);
#1407=FACE_BOUND('',#1311,.T.);
#1408=FACE_BOUND('',#1312,.T.);
#1409=FACE_BOUND('',#1313,.T.);
#1410=FACE_BOUND('',#1314,.T.);
#1411=FACE_BOUND('',#1315,.T.);
#1412=FACE_BOUND('',#1316,.T.);
#1413=FACE_BOUND('',#1317,.T.);
#1414=FACE_BOUND('',#1318,.T.);
#1415=FACE_BOUND('',#1319,.T.);
#1416=FACE_BOUND('',#1320,.T.);
#1417=FACE_BOUND('',#1321,.T.);
#1418=FACE_BOUND('',#1322,.T.);
#1419=FACE_BOUND('',#1323,.T.);
#1420=FACE_BOUND('',#1324,.T.);
#1421=FACE_BOUND('',#1325,.T.);
#1422=FACE_BOUND('',#1326,.T.);
#1423=FACE_BOUND('',#1327,.T.);
#1424=FACE_BOUND('',#1328,.T.);
#1425=FACE_BOUND('',#1329,.T.);
#1426=FACE_BOUND('',#1330,.T.);
#1427=FACE_BOUND('',#1331,.T.);
#1428=FACE_BOUND('',#1332,.T.);
#1429=FACE_BOUND('',#1333,.T.);
#1430=FACE_BOUND('',#1334,.T.);
#1431=FACE_BOUND('',#1335,.T.);
#1432=FACE_BOUND('',#1336,.T.);
#1433=FACE_BOUND('',#1337,.T.);
#1434=FACE_BOUND('',#1338,.T.);
#1435=FACE_BOUND('',#1339,.T.);
#1436=FACE_BOUND('',#1340,.T.);
#1437=FACE_BOUND('',#1341,.T.);
#1438=FACE_BOUND('',#1342,.T.);
#1439=FACE_BOUND('',#1343,.T.);
#1440=FACE_BOUND('',#1344,.T.);
#1441=FACE_BOUND('',#1345,.T.);
#1442=FACE_BOUND('',#1346,.T.);
#1443=FACE_BOUND('',#1347,.T.);
#1444=FACE_BOUND('',#1348,.T.);
#1445=FACE_BOUND('',#1349,.T.);
#1446=FACE_BOUND('',#1350,.T.);
#1447=FACE_BOUND('',#1351,.T.);
#1448=FACE_BOUND('',#1352,.T.);
#1449=FACE_BOUND('',#1353,.T.);
#1450=FACE_BOUND('',#1354,.T.);
#1451=FACE_BOUND('',#1355,.T.);
#1452=FACE_BOUND('',#1356,.T.);
#1453=FACE_BOUND('',#1357,.T.);
#1454=FACE_BOUND('',#1358,.T.);
#1455=FACE_BOUND('',#1359,.T.);
#1456=FACE_BOUND('',#1360,.T.);
#1457=FACE_BOUND('',#1361,.T.);
#1458=FACE_BOUND('',#1362,.T.);
#1459=FACE_BOUND('',#1363,.T.);
#1460=FACE_BOUND('',#1364,.T.);
#1461=FACE_BOUND('',#1365,.T.);
#1462=FACE_BOUND('',#1366,.T.);
#1463=FACE_BOUND('',#1367,.T.);
#1464=FACE_BOUND('',#1368,.T.);
#1465=FACE_BOUND('',#1369,.T.);
#1466=FACE_BOUND('',#1370,.T.);
#1467=FACE_BOUND('',#1371,.T.);
#1468=FACE_BOUND('',#1372,.T.);
#1469=FACE_BOUND('',#1373,.T.);
#1470=FACE_BOUND('',#1374,.T.);
#1471=FACE_BOUND('',#1375,.T.);
#1472=FACE_BOUND('',#1376,.T.);
#1473=FACE_BOUND('',#1377,.T.);
#1474=FACE_BOUND('',#1378,.T.);
#1475=FACE_BOUND('',#1379,.T.);
#1476=PLANE('',#1643);
#1477=PLANE('',#1651);
#1478=PLANE('',#1652);
#1479=PLANE('',#1653);
#1480=PLANE('',#1654);
#1481=PLANE('',#1655);
#1482=PLANE('',#1656);
#1483=PLANE('',#1657);
#1484=PLANE('',#1658);
#1485=PLANE('',#1659);
#1486=PLANE('',#1662);
#1487=PLANE('',#1663);
#1488=PLANE('',#1664);
#1489=PLANE('',#1665);
#1490=PLANE('',#1666);
#1491=PLANE('',#1667);
#1492=PLANE('',#1670);
#1493=PLANE('',#1671);
#1494=PLANE('',#1672);
#1495=PLANE('',#1673);
#1496=PLANE('',#1674);
#1497=PLANE('',#1681);
#1498=PLANE('',#1682);
#1499=PLANE('',#1683);
#1500=PLANE('',#1693);
#1501=PLANE('',#1694);
#1502=PLANE('',#1695);
#1503=PLANE('',#1702);
#1504=PLANE('',#1710);
#1505=PLANE('',#1711);
#1506=PLANE('',#1712);
#1507=PLANE('',#1713);
#1508=PLANE('',#1714);
#1509=PLANE('',#1715);
#1510=PLANE('',#1716);
#1511=PLANE('',#1717);
#1512=PLANE('',#1718);
#1513=PLANE('',#1719);
#1514=PLANE('',#1720);
#1515=PLANE('',#1721);
#1516=PLANE('',#1722);
#1517=PLANE('',#1723);
#1518=PLANE('',#1724);
#1519=PLANE('',#1725);
#1520=PLANE('',#1726);
#1521=PLANE('',#1727);
#1522=PLANE('',#1728);
#1523=PLANE('',#1729);
#1524=PLANE('',#1730);
#1525=PLANE('',#1731);
#1526=PLANE('',#1732);
#1527=PLANE('',#1733);
#1528=PLANE('',#1734);
#1529=PLANE('',#1735);
#1530=PLANE('',#1736);
#1531=PLANE('',#1740);
#1532=PLANE('',#1744);
#1533=PLANE('',#1745);
#1534=PLANE('',#1746);
#1535=PLANE('',#1747);
#1536=PLANE('',#1748);
#1537=PLANE('',#1749);
#1538=PLANE('',#1750);
#1539=PLANE('',#1751);
#1540=PLANE('',#1755);
#1541=PLANE('',#1756);
#1542=PLANE('',#1757);
#1543=ADVANCED_FACE('',(#1380,#1381,#1382,#1383,#1384,#1385,#1386),#1476,
 .F.);
#1544=ADVANCED_FACE('',(#1387),#1477,.F.);
#1545=ADVANCED_FACE('',(#1388),#1478,.T.);
#1546=ADVANCED_FACE('',(#1389),#1479,.T.);
#1547=ADVANCED_FACE('',(#1390),#1480,.F.);
#1548=ADVANCED_FACE('',(#1391),#1481,.T.);
#1549=ADVANCED_FACE('',(#1392),#1482,.T.);
#1550=ADVANCED_FACE('',(#1393),#1483,.T.);
#1551=ADVANCED_FACE('',(#1394),#1484,.T.);
#1552=ADVANCED_FACE('',(#1395),#1485,.T.);
#1553=ADVANCED_FACE('',(#1396),#16,.F.);
#1554=ADVANCED_FACE('',(#1397),#1486,.T.);
#1555=ADVANCED_FACE('',(#1398),#1487,.T.);
#1556=ADVANCED_FACE('',(#1399),#1488,.T.);
#1557=ADVANCED_FACE('',(#1400),#1489,.T.);
#1558=ADVANCED_FACE('',(#1401),#1490,.T.);
#1559=ADVANCED_FACE('',(#1402),#1491,.T.);
#1560=ADVANCED_FACE('',(#1403),#17,.F.);
#1561=ADVANCED_FACE('',(#1404),#1492,.T.);
#1562=ADVANCED_FACE('',(#1405),#1493,.T.);
#1563=ADVANCED_FACE('',(#1406),#1494,.T.);
#1564=ADVANCED_FACE('',(#1407),#1495,.T.);
#1565=ADVANCED_FACE('',(#1408),#1496,.T.);
#1566=ADVANCED_FACE('',(#1409),#12,.T.);
#1567=ADVANCED_FACE('',(#1410),#18,.T.);
#1568=ADVANCED_FACE('',(#1411),#19,.T.);
#1569=ADVANCED_FACE('',(#1412),#1497,.T.);
#1570=ADVANCED_FACE('',(#1413),#1498,.T.);
#1571=ADVANCED_FACE('',(#1414),#1499,.T.);
#1572=ADVANCED_FACE('',(#1415),#20,.T.);
#1573=ADVANCED_FACE('',(#1416),#21,.T.);
#1574=ADVANCED_FACE('',(#1417),#22,.T.);
#1575=ADVANCED_FACE('',(#1418),#1500,.T.);
#1576=ADVANCED_FACE('',(#1419),#1501,.T.);
#1577=ADVANCED_FACE('',(#1420),#1502,.T.);
#1578=ADVANCED_FACE('',(#1421),#13,.T.);
#1579=ADVANCED_FACE('',(#1422),#23,.F.);
#1580=ADVANCED_FACE('',(#1423),#24,.F.);
#1581=ADVANCED_FACE('',(#1424),#25,.F.);
#1582=ADVANCED_FACE('',(#1425),#1503,.T.);
#1583=ADVANCED_FACE('',(#1426),#26,.F.);
#1584=ADVANCED_FACE('',(#1427),#27,.F.);
#1585=ADVANCED_FACE('',(#1428),#14,.T.);
#1586=ADVANCED_FACE('',(#1429),#28,.T.);
#1587=ADVANCED_FACE('',(#1430),#15,.T.);
#1588=ADVANCED_FACE('',(#1431),#1504,.T.);
#1589=ADVANCED_FACE('',(#1432,#1433,#1434),#1505,.T.);
#1590=ADVANCED_FACE('',(#1435),#1506,.F.);
#1591=ADVANCED_FACE('',(#1436),#1507,.T.);
#1592=ADVANCED_FACE('',(#1437),#1508,.T.);
#1593=ADVANCED_FACE('',(#1438),#1509,.T.);
#1594=ADVANCED_FACE('',(#1439),#1510,.T.);
#1595=ADVANCED_FACE('',(#1440),#1511,.T.);
#1596=ADVANCED_FACE('',(#1441),#1512,.T.);
#1597=ADVANCED_FACE('',(#1442),#1513,.T.);
#1598=ADVANCED_FACE('',(#1443),#1514,.T.);
#1599=ADVANCED_FACE('',(#1444),#1515,.T.);
#1600=ADVANCED_FACE('',(#1445),#1516,.T.);
#1601=ADVANCED_FACE('',(#1446),#1517,.T.);
#1602=ADVANCED_FACE('',(#1447),#1518,.T.);
#1603=ADVANCED_FACE('',(#1448),#1519,.T.);
#1604=ADVANCED_FACE('',(#1449),#1520,.T.);
#1605=ADVANCED_FACE('',(#1450),#1521,.T.);
#1606=ADVANCED_FACE('',(#1451),#1522,.F.);
#1607=ADVANCED_FACE('',(#1452),#1523,.F.);
#1608=ADVANCED_FACE('',(#1453),#1524,.T.);
#1609=ADVANCED_FACE('',(#1454),#1525,.T.);
#1610=ADVANCED_FACE('',(#1455),#1526,.T.);
#1611=ADVANCED_FACE('',(#1456),#1527,.F.);
#1612=ADVANCED_FACE('',(#1457),#1528,.F.);
#1613=ADVANCED_FACE('',(#1458),#1529,.T.);
#1614=ADVANCED_FACE('',(#1459),#1530,.T.);
#1615=ADVANCED_FACE('',(#1460),#29,.F.);
#1616=ADVANCED_FACE('',(#1461),#1531,.T.);
#1617=ADVANCED_FACE('',(#1462),#30,.F.);
#1618=ADVANCED_FACE('',(#1463),#1532,.T.);
#1619=ADVANCED_FACE('',(#1464),#1533,.T.);
#1620=ADVANCED_FACE('',(#1465),#1534,.T.);
#1621=ADVANCED_FACE('',(#1466),#1535,.T.);
#1622=ADVANCED_FACE('',(#1467),#1536,.T.);
#1623=ADVANCED_FACE('',(#1468),#1537,.T.);
#1624=ADVANCED_FACE('',(#1469),#1538,.T.);
#1625=ADVANCED_FACE('',(#1470),#1539,.T.);
#1626=ADVANCED_FACE('',(#1471),#31,.F.);
#1627=ADVANCED_FACE('',(#1472,#1473),#1540,.T.);
#1628=ADVANCED_FACE('',(#1474),#1541,.F.);
#1629=ADVANCED_FACE('',(#1475),#1542,.F.);
#1630=CLOSED_SHELL('',(#1543,#1544,#1545,#1546,#1547,#1548,#1549,#1550,
#1551,#1552,#1553,#1554,#1555,#1556,#1557,#1558,#1559,#1560,#1561,#1562,
#1563,#1564,#1565,#1566,#1567,#1568,#1569,#1570,#1571,#1572,#1573,#1574,
#1575,#1576,#1577,#1578,#1579,#1580,#1581,#1582,#1583,#1584,#1585,#1586,
#1587,#1588,#1589,#1590,#1591,#1592,#1593,#1594,#1595,#1596,#1597,#1598,
#1599,#1600,#1601,#1602,#1603,#1604,#1605,#1606,#1607,#1608,#1609,#1610,
#1611,#1612,#1613,#1614,#1615,#1616,#1617,#1618,#1619,#1620,#1621,#1622,
#1623,#1624,#1625,#1626,#1627,#1628,#1629));
#1631=STYLED_ITEM('',(#1632),#1639);
#1632=PRESENTATION_STYLE_ASSIGNMENT((#1633));
#1633=SURFACE_STYLE_USAGE(.BOTH.,#1634);
#1634=SURFACE_SIDE_STYLE('',(#1635));
#1635=SURFACE_STYLE_FILL_AREA(#1636);
#1636=FILL_AREA_STYLE('',(#1637));
#1637=FILL_AREA_STYLE_COLOUR('',#1638);
#1638=COLOUR_RGB('',0.647058823529412,0.647058823529412,0.647058823529412);
#1639=MANIFOLD_SOLID_BREP('Part 2',#1630);
#1640=SHAPE_DEFINITION_REPRESENTATION(#2696,#1641);
#1641=SHAPE_REPRESENTATION('Part 2',(#1642),#2691);
#1642=AXIS2_PLACEMENT_3D('',#2178,#1758,#1759);
#1643=AXIS2_PLACEMENT_3D('',#2179,#1760,#1761);
#1644=AXIS2_PLACEMENT_3D('',#2221,#1782,#1783);
#1645=AXIS2_PLACEMENT_3D('',#2235,#1790,#1791);
#1646=AXIS2_PLACEMENT_3D('',#2261,#1800,#1801);
#1647=AXIS2_PLACEMENT_3D('',#2263,#1802,#1803);
#1648=AXIS2_PLACEMENT_3D('',#2267,#1805,#1806);
#1649=AXIS2_PLACEMENT_3D('',#2269,#1807,#1808);
#1650=AXIS2_PLACEMENT_3D('',#2271,#1809,#1810);
#1651=AXIS2_PLACEMENT_3D('',#2304,#1825,#1826);
#1652=AXIS2_PLACEMENT_3D('',#2310,#1830,#1831);
#1653=AXIS2_PLACEMENT_3D('',#2314,#1834,#1835);
#1654=AXIS2_PLACEMENT_3D('',#2318,#1838,#1839);
#1655=AXIS2_PLACEMENT_3D('',#2320,#1841,#1842);
#1656=AXIS2_PLACEMENT_3D('',#2321,#1843,#1844);
#1657=AXIS2_PLACEMENT_3D('',#2327,#1848,#1849);
#1658=AXIS2_PLACEMENT_3D('',#2331,#1852,#1853);
#1659=AXIS2_PLACEMENT_3D('',#2335,#1856,#1857);
#1660=AXIS2_PLACEMENT_3D('',#2339,#1860,#1861);
#1661=AXIS2_PLACEMENT_3D('',#2342,#1863,#1864);
#1662=AXIS2_PLACEMENT_3D('',#2343,#1865,#1866);
#1663=AXIS2_PLACEMENT_3D('',#2347,#1869,#1870);
#1664=AXIS2_PLACEMENT_3D('',#2351,#1873,#1874);
#1665=AXIS2_PLACEMENT_3D('',#2355,#1877,#1878);
#1666=AXIS2_PLACEMENT_3D('',#2359,#1881,#1882);
#1667=AXIS2_PLACEMENT_3D('',#2363,#1885,#1886);
#1668=AXIS2_PLACEMENT_3D('',#2367,#1889,#1890);
#1669=AXIS2_PLACEMENT_3D('',#2370,#1892,#1893);
#1670=AXIS2_PLACEMENT_3D('',#2371,#1894,#1895);
#1671=AXIS2_PLACEMENT_3D('',#2375,#1898,#1899);
#1672=AXIS2_PLACEMENT_3D('',#2377,#1901,#1902);
#1673=AXIS2_PLACEMENT_3D('',#2378,#1903,#1904);
#1674=AXIS2_PLACEMENT_3D('',#2387,#1909,#1910);
#1675=AXIS2_PLACEMENT_3D('',#2410,#1915,#1916);
#1676=AXIS2_PLACEMENT_3D('',#2411,#1917,#1918);
#1677=AXIS2_PLACEMENT_3D('',#2415,#1920,#1921);
#1678=AXIS2_PLACEMENT_3D('',#2416,#1922,#1923);
#1679=AXIS2_PLACEMENT_3D('',#2417,#1924,#1925);
#1680=AXIS2_PLACEMENT_3D('',#2421,#1927,#1928);
#1681=AXIS2_PLACEMENT_3D('',#2422,#1929,#1930);
#1682=AXIS2_PLACEMENT_3D('',#2431,#1935,#1936);
#1683=AXIS2_PLACEMENT_3D('',#2437,#1940,#1941);
#1684=AXIS2_PLACEMENT_3D('',#2443,#1945,#1946);
#1685=AXIS2_PLACEMENT_3D('',#2444,#1947,#1948);
#1686=AXIS2_PLACEMENT_3D('',#2448,#1950,#1951);
#1687=AXIS2_PLACEMENT_3D('',#2449,#1952,#1953);
#1688=AXIS2_PLACEMENT_3D('',#2450,#1954,#1955);
#1689=AXIS2_PLACEMENT_3D('',#2454,#1957,#1958);
#1690=AXIS2_PLACEMENT_3D('',#2455,#1959,#1960);
#1691=AXIS2_PLACEMENT_3D('',#2456,#1961,#1962);
#1692=AXIS2_PLACEMENT_3D('',#2460,#1964,#1965);
#1693=AXIS2_PLACEMENT_3D('',#2461,#1966,#1967);
#1694=AXIS2_PLACEMENT_3D('',#2467,#1971,#1972);
#1695=AXIS2_PLACEMENT_3D('',#2471,#1975,#1976);
#1696=AXIS2_PLACEMENT_3D('',#2488,#1980,#1981);
#1697=AXIS2_PLACEMENT_3D('',#2491,#1983,#1984);
#1698=AXIS2_PLACEMENT_3D('',#2492,#1985,#1986);
#1699=AXIS2_PLACEMENT_3D('',#2495,#1988,#1989);
#1700=AXIS2_PLACEMENT_3D('',#2496,#1990,#1991);
#1701=AXIS2_PLACEMENT_3D('',#2499,#1993,#1994);
#1702=AXIS2_PLACEMENT_3D('',#2500,#1995,#1996);
#1703=AXIS2_PLACEMENT_3D('',#2504,#1999,#2000);
#1704=AXIS2_PLACEMENT_3D('',#2507,#2002,#2003);
#1705=AXIS2_PLACEMENT_3D('',#2508,#2004,#2005);
#1706=AXIS2_PLACEMENT_3D('',#2511,#2007,#2008);
#1707=AXIS2_PLACEMENT_3D('',#2525,#2010,#2011);
#1708=AXIS2_PLACEMENT_3D('',#2526,#2012,#2013);
#1709=AXIS2_PLACEMENT_3D('',#2527,#2014,#2015);
#1710=AXIS2_PLACEMENT_3D('',#2539,#2016,#2017);
#1711=AXIS2_PLACEMENT_3D('',#2542,#2020,#2021);
#1712=AXIS2_PLACEMENT_3D('',#2543,#2022,#2023);
#1713=AXIS2_PLACEMENT_3D('',#2544,#2024,#2025);
#1714=AXIS2_PLACEMENT_3D('',#2550,#2029,#2030);
#1715=AXIS2_PLACEMENT_3D('',#2554,#2033,#2034);
#1716=AXIS2_PLACEMENT_3D('',#2558,#2037,#2038);
#1717=AXIS2_PLACEMENT_3D('',#2562,#2041,#2042);
#1718=AXIS2_PLACEMENT_3D('',#2566,#2045,#2046);
#1719=AXIS2_PLACEMENT_3D('',#2570,#2049,#2050);
#1720=AXIS2_PLACEMENT_3D('',#2574,#2053,#2054);
#1721=AXIS2_PLACEMENT_3D('',#2578,#2057,#2058);
#1722=AXIS2_PLACEMENT_3D('',#2582,#2061,#2062);
#1723=AXIS2_PLACEMENT_3D('',#2586,#2065,#2066);
#1724=AXIS2_PLACEMENT_3D('',#2590,#2069,#2070);
#1725=AXIS2_PLACEMENT_3D('',#2594,#2073,#2074);
#1726=AXIS2_PLACEMENT_3D('',#2596,#2076,#2077);
#1727=AXIS2_PLACEMENT_3D('',#2597,#2078,#2079);
#1728=AXIS2_PLACEMENT_3D('',#2603,#2083,#2084);
#1729=AXIS2_PLACEMENT_3D('',#2607,#2087,#2088);
#1730=AXIS2_PLACEMENT_3D('',#2611,#2091,#2092);
#1731=AXIS2_PLACEMENT_3D('',#2613,#2094,#2095);
#1732=AXIS2_PLACEMENT_3D('',#2614,#2096,#2097);
#1733=AXIS2_PLACEMENT_3D('',#2620,#2101,#2102);
#1734=AXIS2_PLACEMENT_3D('',#2624,#2105,#2106);
#1735=AXIS2_PLACEMENT_3D('',#2628,#2109,#2110);
#1736=AXIS2_PLACEMENT_3D('',#2630,#2112,#2113);
#1737=AXIS2_PLACEMENT_3D('',#2631,#2114,#2115);
#1738=AXIS2_PLACEMENT_3D('',#2632,#2116,#2117);
#1739=AXIS2_PLACEMENT_3D('',#2637,#2119,#2120);
#1740=AXIS2_PLACEMENT_3D('',#2640,#2122,#2123);
#1741=AXIS2_PLACEMENT_3D('',#2646,#2127,#2128);
#1742=AXIS2_PLACEMENT_3D('',#2647,#2129,#2130);
#1743=AXIS2_PLACEMENT_3D('',#2651,#2132,#2133);
#1744=AXIS2_PLACEMENT_3D('',#2652,#2134,#2135);
#1745=AXIS2_PLACEMENT_3D('',#2658,#2139,#2140);
#1746=AXIS2_PLACEMENT_3D('',#2662,#2143,#2144);
#1747=AXIS2_PLACEMENT_3D('',#2666,#2147,#2148);
#1748=AXIS2_PLACEMENT_3D('',#2670,#2151,#2152);
#1749=AXIS2_PLACEMENT_3D('',#2674,#2155,#2156);
#1750=AXIS2_PLACEMENT_3D('',#2678,#2159,#2160);
#1751=AXIS2_PLACEMENT_3D('',#2682,#2163,#2164);
#1752=AXIS2_PLACEMENT_3D('',#2684,#2166,#2167);
#1753=AXIS2_PLACEMENT_3D('',#2685,#2168,#2169);
#1754=AXIS2_PLACEMENT_3D('',#2686,#2170,#2171);
#1755=AXIS2_PLACEMENT_3D('',#2687,#2172,#2173);
#1756=AXIS2_PLACEMENT_3D('',#2688,#2174,#2175);
#1757=AXIS2_PLACEMENT_3D('',#2689,#2176,#2177);
#1758=DIRECTION('',(0.,0.,1.));
#1759=DIRECTION('',(1.,0.,0.));
#1760=DIRECTION('',(-0.642787609686539,0.766044443118978,0.));
#1761=DIRECTION('',(-0.766044443118978,-0.642787609686539,0.));
#1762=DIRECTION('',(0.,0.,1.));
#1763=DIRECTION('',(0.766044443118978,0.642787609686539,0.));
#1764=DIRECTION('',(0.,0.,1.));
#1765=DIRECTION('',(0.766044443118978,0.642787609686539,0.));
#1766=DIRECTION('',(-0.766044443118978,-0.642787609686539,0.));
#1767=DIRECTION('',(-0.404513225740017,-0.33942689852478,0.849210474946733));
#1768=DIRECTION('',(-0.622017338671261,-0.521934519464929,-0.583676954987291));
#1769=DIRECTION('',(0.,0.,-1.));
#1770=DIRECTION('',(-0.766044443118978,-0.642787609686539,0.));
#1771=DIRECTION('',(0.,0.,1.));
#1772=DIRECTION('',(0.766044443118978,0.642787609686539,0.));
#1773=DIRECTION('',(0.,0.,-1.));
#1774=DIRECTION('',(0.442722488579505,0.371488276880949,0.81608409998357));
#1775=DIRECTION('',(0.477508622800674,0.400677309276016,0.781948341632831));
#1776=DIRECTION('',(0.766044443118978,0.642787609686539,0.));
#1777=DIRECTION('',(-0.474250494135752,-0.397943414714952,-0.785320003245173));
#1778=DIRECTION('',(0.408583657566252,0.342842396368907,-0.845883257915541));
#1779=DIRECTION('',(-0.766044443118978,-0.642787609686539,0.));
#1780=DIRECTION('',(-0.38196654531222,-0.320507987293544,0.866819582348766));
#1781=DIRECTION('',(-0.766044443118978,-0.642787609686539,0.));
#1782=DIRECTION('',(0.642787609686539,-0.766044443118978,0.));
#1783=DIRECTION('',(0.766044443118978,0.642787609686539,0.));
#1784=DIRECTION('',(0.,0.,-1.));
#1785=DIRECTION('',(-0.766044443118978,-0.642787609686539,0.));
#1786=DIRECTION('',(0.,0.,1.));
#1787=DIRECTION('',(0.766044443118978,0.642787609686539,0.));
#1788=DIRECTION('',(0.384228214537425,0.322405753106258,-0.865114564388653));
#1789=DIRECTION('',(0.766044443118978,0.642787609686539,0.));
#1790=DIRECTION('',(0.642787609686539,-0.766044443118978,0.));
#1791=DIRECTION('',(0.766044443118978,0.642787609686539,0.));
#1792=DIRECTION('',(0.,0.,1.));
#1793=DIRECTION('',(0.766044443118978,0.642787609686539,0.));
#1794=DIRECTION('',(0.,0.,-1.));
#1795=DIRECTION('',(-0.766044443118978,-0.642787609686539,0.));
#1796=DIRECTION('',(-2.68360382055211E-17,-2.25181097605122E-17,-1.));
#1797=DIRECTION('',(-0.766044443118978,-0.642787609686539,0.));
#1798=DIRECTION('',(0.,0.,-1.));
#1799=DIRECTION('',(0.766044443118978,0.642787609686539,0.));
#1800=DIRECTION('',(0.642787609686539,-0.766044443118978,0.));
#1801=DIRECTION('',(0.766044443118978,0.642787609686539,0.));
#1802=DIRECTION('',(0.642787609686539,-0.766044443118978,0.));
#1803=DIRECTION('',(0.766044443118978,0.642787609686539,0.));
#1804=DIRECTION('',(0.,0.,-1.));
#1805=DIRECTION('',(0.642787609686539,-0.766044443118978,0.));
#1806=DIRECTION('',(0.766044443118978,0.642787609686539,0.));
#1807=DIRECTION('',(0.642787609686539,-0.766044443118978,0.));
#1808=DIRECTION('',(0.766044443118978,0.642787609686539,0.));
#1809=DIRECTION('',(0.642787609686539,-0.766044443118978,0.));
#1810=DIRECTION('',(0.766044443118978,0.642787609686539,0.));
#1811=DIRECTION('',(-0.766044443118978,-0.642787609686539,0.));
#1812=DIRECTION('',(0.,0.,1.));
#1813=DIRECTION('',(0.766044443118978,0.642787609686539,0.));
#1814=DIRECTION('',(0.,0.,-1.));
#1815=DIRECTION('',(0.766044443118978,0.642787609686539,0.));
#1816=DIRECTION('',(0.,0.,-1.));
#1817=DIRECTION('',(-0.222962323759424,-0.187087603632962,0.956705822471398));
#1818=DIRECTION('',(-0.766044443118978,-0.642787609686539,0.));
#1819=DIRECTION('',(-0.222962323759424,-0.187087603632962,-0.956705822471398));
#1820=DIRECTION('',(-0.766044443118978,-0.642787609686539,0.));
#1821=DIRECTION('',(0.254073207292122,0.213192734530847,0.943395814745621));
#1822=DIRECTION('',(0.766044443118978,0.642787609686539,0.));
#1823=DIRECTION('',(0.254913821737191,0.213898093801668,-0.943009304808469));
#1824=DIRECTION('',(-0.766044443118978,-0.642787609686539,0.));
#1825=DIRECTION('',(0.,0.,-1.));
#1826=DIRECTION('',(-1.,0.,0.));
#1827=DIRECTION('',(-0.766044443118978,-0.642787609686539,0.));
#1828=DIRECTION('',(-0.64278760968654,0.766044443118978,0.));
#1829=DIRECTION('',(-0.64278760968654,0.766044443118978,0.));
#1830=DIRECTION('',(0.766044443118978,0.64278760968654,0.));
#1831=DIRECTION('',(-0.64278760968654,0.766044443118978,0.));
#1832=DIRECTION('',(0.,0.,-1.));
#1833=DIRECTION('',(-0.64278760968654,0.766044443118978,0.));
#1834=DIRECTION('',(0.,0.,-1.));
#1835=DIRECTION('',(-1.,0.,0.));
#1836=DIRECTION('',(-0.766044443118978,-0.642787609686539,0.));
#1837=DIRECTION('',(-0.64278760968654,0.766044443118978,0.));
#1838=DIRECTION('',(0.766044443118978,0.64278760968654,-3.50319598902868E-17));
#1839=DIRECTION('',(-0.64278760968654,0.766044443118978,0.));
#1840=DIRECTION('',(-2.68360382055211E-17,-2.25181097605122E-17,-1.));
#1841=DIRECTION('',(-0.642787609686539,0.766044443118978,0.));
#1842=DIRECTION('',(-0.766044443118978,-0.642787609686539,0.));
#1843=DIRECTION('',(0.,0.,1.));
#1844=DIRECTION('',(1.,0.,0.));
#1845=DIRECTION('',(0.642787609686539,-0.766044443118978,0.));
#1846=DIRECTION('',(-0.766044443118978,-0.642787609686539,0.));
#1847=DIRECTION('',(0.642787609686539,-0.766044443118978,0.));
#1848=DIRECTION('',(-0.766044443118978,-0.642787609686539,0.));
#1849=DIRECTION('',(0.642787609686539,-0.766044443118978,0.));
#1850=DIRECTION('',(0.642787609686539,-0.766044443118978,0.));
#1851=DIRECTION('',(0.,0.,-1.));
#1852=DIRECTION('',(0.,0.,-1.));
#1853=DIRECTION('',(-1.,0.,0.));
#1854=DIRECTION('',(0.642787609686539,-0.766044443118978,0.));
#1855=DIRECTION('',(0.766044443118978,0.642787609686539,0.));
#1856=DIRECTION('',(0.766044443118978,0.642787609686539,0.));
#1857=DIRECTION('',(-0.642787609686539,0.766044443118978,0.));
#1858=DIRECTION('',(0.642787609686539,-0.766044443118978,0.));
#1859=DIRECTION('',(0.,0.,1.));
#1860=DIRECTION('',(0.642787609686539,-0.766044443118978,0.));
#1861=DIRECTION('',(-0.765590058233845,-0.642406335497011,-0.0344378112951311));
#1862=DIRECTION('',(0.642787609686539,-0.766044443118978,0.));
#1863=DIRECTION('',(0.642787609686539,-0.766044443118978,0.));
#1864=DIRECTION('',(0.766044443118978,0.642787609686539,0.));
#1865=DIRECTION('',(0.,0.,-1.));
#1866=DIRECTION('',(-1.,0.,0.));
#1867=DIRECTION('',(0.642787609686539,-0.766044443118978,0.));
#1868=DIRECTION('',(0.766044443118978,0.642787609686539,0.));
#1869=DIRECTION('',(-0.662716204711223,-0.556084922948394,-0.501574312024281));
#1870=DIRECTION('',(0.642787609686539,-0.766044443118978,0.));
#1871=DIRECTION('',(0.642787609686539,-0.766044443118978,0.));
#1872=DIRECTION('',(0.384228214537425,0.322405753106258,-0.865114564388653));
#1873=DIRECTION('',(0.,0.,-1.));
#1874=DIRECTION('',(-1.,0.,0.));
#1875=DIRECTION('',(0.642787609686539,-0.766044443118978,0.));
#1876=DIRECTION('',(0.766044443118978,0.642787609686539,0.));
#1877=DIRECTION('',(0.766044443118978,0.642787609686539,0.));
#1878=DIRECTION('',(-0.642787609686539,0.766044443118978,0.));
#1879=DIRECTION('',(0.642787609686539,-0.766044443118978,0.));
#1880=DIRECTION('',(0.,0.,1.));
#1881=DIRECTION('',(0.,0.,1.));
#1882=DIRECTION('',(1.,0.,0.));
#1883=DIRECTION('',(0.642787609686539,-0.766044443118978,0.));
#1884=DIRECTION('',(-0.766044443118978,-0.642787609686539,0.));
#1885=DIRECTION('',(-0.766044443118978,-0.642787609686539,0.));
#1886=DIRECTION('',(0.642787609686539,-0.766044443118978,0.));
#1887=DIRECTION('',(0.642787609686539,-0.766044443118978,0.));
#1888=DIRECTION('',(0.,0.,-1.));
#1889=DIRECTION('',(0.642787609686539,-0.766044443118978,0.));
#1890=DIRECTION('',(0.765355813615221,0.642209780923919,0.0423919314379005));
#1891=DIRECTION('',(0.642787609686539,-0.766044443118978,0.));
#1892=DIRECTION('',(0.642787609686539,-0.766044443118978,0.));
#1893=DIRECTION('',(0.766044443118978,0.642787609686539,0.));
#1894=DIRECTION('',(0.,0.,1.));
#1895=DIRECTION('',(1.,0.,0.));
#1896=DIRECTION('',(0.642787609686539,-0.766044443118978,0.));
#1897=DIRECTION('',(-0.766044443118978,-0.642787609686539,0.));
#1898=DIRECTION('',(0.664022324244986,0.557180887367448,0.49862191253164));
#1899=DIRECTION('',(-0.642787609686539,0.766044443118978,0.));
#1900=DIRECTION('',(-0.38196654531222,-0.320507987293544,0.866819582348766));
#1901=DIRECTION('',(0.642787609686539,-0.766044443118978,0.));
#1902=DIRECTION('',(0.766044443118978,0.642787609686539,0.));
#1903=DIRECTION('',(-0.766044443118978,-0.642787609686539,0.));
#1904=DIRECTION('',(0.642787609686539,-0.766044443118978,0.));
#1905=DIRECTION('',(0.,0.,-1.));
#1906=DIRECTION('',(0.642787609686539,-0.766044443118978,0.));
#1907=DIRECTION('',(0.,0.,-1.));
#1908=DIRECTION('',(0.642787609686539,-0.766044443118978,0.));
#1909=DIRECTION('',(0.,0.,1.));
#1910=DIRECTION('',(1.,0.,0.));
#1911=DIRECTION('',(-0.766044443118978,-0.642787609686539,0.));
#1912=DIRECTION('',(0.642787609686539,-0.766044443118978,0.));
#1913=DIRECTION('',(-0.766044443118978,-0.642787609686539,0.));
#1914=DIRECTION('',(0.642787609686539,-0.766044443118978,0.));
#1915=DIRECTION('',(0.642787609686539,-0.766044443118978,0.));
#1916=DIRECTION('',(0.702913521590732,0.589814476716307,-0.397531714735798));
#1917=DIRECTION('',(0.642787609686539,-0.766044443118978,0.));
#1918=DIRECTION('',(0.766044443118978,0.642787609686539,0.));
#1919=DIRECTION('',(0.642787609686539,-0.766044443118978,0.));
#1920=DIRECTION('',(0.642787609686539,-0.766044443118978,0.));
#1921=DIRECTION('',(0.766044443118978,0.642787609686539,0.));
#1922=DIRECTION('',(0.642787609686539,-0.766044443118978,0.));
#1923=DIRECTION('',(0.212903752655009,0.178647460329077,-0.960602455245345));
#1924=DIRECTION('',(0.642787609686539,-0.766044443118978,0.));
#1925=DIRECTION('',(0.766044443118978,0.642787609686539,0.));
#1926=DIRECTION('',(0.642787609686539,-0.766044443118978,0.));
#1927=DIRECTION('',(0.642787609686539,-0.766044443118978,0.));
#1928=DIRECTION('',(0.766044443118978,0.642787609686539,0.));
#1929=DIRECTION('',(0.,0.,-1.));
#1930=DIRECTION('',(-1.,0.,0.));
#1931=DIRECTION('',(0.766044443118978,0.64278760968654,0.));
#1932=DIRECTION('',(0.642787609686539,-0.766044443118978,0.));
#1933=DIRECTION('',(0.766044443118978,0.64278760968654,0.));
#1934=DIRECTION('',(0.642787609686539,-0.766044443118978,0.));
#1935=DIRECTION('',(-0.766044443118978,-0.642787609686539,0.));
#1936=DIRECTION('',(0.642787609686539,-0.766044443118978,0.));
#1937=DIRECTION('',(0.,0.,-1.));
#1938=DIRECTION('',(0.642787609686539,-0.766044443118978,0.));
#1939=DIRECTION('',(0.,0.,-1.));
#1940=DIRECTION('',(0.,0.,1.));
#1941=DIRECTION('',(1.,0.,0.));
#1942=DIRECTION('',(-0.766044443118978,-0.642787609686539,0.));
#1943=DIRECTION('',(0.642787609686539,-0.766044443118978,0.));
#1944=DIRECTION('',(-0.766044443118978,-0.642787609686539,0.));
#1945=DIRECTION('',(0.642787609686539,-0.766044443118978,0.));
#1946=DIRECTION('',(0.160225257066969,0.13444495411018,0.977881598820704));
#1947=DIRECTION('',(0.642787609686539,-0.766044443118978,0.));
#1948=DIRECTION('',(0.766044443118978,0.642787609686539,0.));
#1949=DIRECTION('',(0.642787609686539,-0.766044443118978,0.));
#1950=DIRECTION('',(0.642787609686539,-0.766044443118978,0.));
#1951=DIRECTION('',(0.766044443118978,0.642787609686539,0.));
#1952=DIRECTION('',(0.642787609686539,-0.766044443118978,0.));
#1953=DIRECTION('',(0.676016822745496,0.567245466635382,0.470355010547025));
#1954=DIRECTION('',(0.642787609686539,-0.766044443118978,0.));
#1955=DIRECTION('',(0.766044443118978,0.642787609686539,0.));
#1956=DIRECTION('',(0.642787609686539,-0.766044443118978,0.));
#1957=DIRECTION('',(0.642787609686539,-0.766044443118978,0.));
#1958=DIRECTION('',(0.766044443118978,0.642787609686539,0.));
#1959=DIRECTION('',(0.642787609686539,-0.766044443118978,0.));
#1960=DIRECTION('',(0.693160746313063,0.581630926577857,-0.425715450763654));
#1961=DIRECTION('',(0.642787609686539,-0.766044443118978,0.));
#1962=DIRECTION('',(0.766044443118978,0.642787609686539,0.));
#1963=DIRECTION('',(0.642787609686539,-0.766044443118978,0.));
#1964=DIRECTION('',(0.642787609686539,-0.766044443118978,0.));
#1965=DIRECTION('',(0.766044443118978,0.642787609686539,0.));
#1966=DIRECTION('',(0.,0.,-1.));
#1967=DIRECTION('',(-1.,0.,0.));
#1968=DIRECTION('',(0.642787609686539,-0.766044443118978,0.));
#1969=DIRECTION('',(0.766044443118978,0.642787609686539,0.));
#1970=DIRECTION('',(0.642787609686539,-0.766044443118978,0.));
#1971=DIRECTION('',(0.766044443118978,0.642787609686539,0.));
#1972=DIRECTION('',(-0.642787609686539,0.766044443118978,0.));
#1973=DIRECTION('',(0.642787609686539,-0.766044443118978,0.));
#1974=DIRECTION('',(0.,0.,1.));
#1975=DIRECTION('',(0.,0.,1.));
#1976=DIRECTION('',(1.,0.,0.));
#1977=DIRECTION('',(0.642787609686539,-0.766044443118978,0.));
#1978=DIRECTION('',(-0.766044443118978,-0.642787609686539,0.));
#1979=DIRECTION('',(0.642787609686539,-0.766044443118978,0.));
#1980=DIRECTION('',(0.642787609686539,-0.766044443118978,0.));
#1981=DIRECTION('',(0.692247975715606,0.580865021106183,-0.428238913893822));
#1982=DIRECTION('',(0.642787609686539,-0.766044443118978,0.));
#1983=DIRECTION('',(0.642787609686539,-0.766044443118978,0.));
#1984=DIRECTION('',(0.766044443118978,0.642787609686539,0.));
#1985=DIRECTION('',(0.642787609686539,-0.766044443118978,0.));
#1986=DIRECTION('',(0.735682284395694,0.617310733500085,0.278745465849977));
#1987=DIRECTION('',(0.642787609686539,-0.766044443118978,0.));
#1988=DIRECTION('',(0.642787609686539,-0.766044443118978,0.));
#1989=DIRECTION('',(0.766044443118978,0.642787609686539,0.));
#1990=DIRECTION('',(0.642787609686539,-0.766044443118978,0.));
#1991=DIRECTION('',(0.396957185096338,0.333086627607509,0.855265041790817));
#1992=DIRECTION('',(0.642787609686539,-0.766044443118978,0.));
#1993=DIRECTION('',(0.642787609686539,-0.766044443118978,0.));
#1994=DIRECTION('',(0.766044443118978,0.642787609686539,0.));
#1995=DIRECTION('',(-0.766044443118978,-0.642787609686539,0.));
#1996=DIRECTION('',(0.642787609686539,-0.766044443118978,0.));
#1997=DIRECTION('',(0.642787609686539,-0.766044443118978,0.));
#1998=DIRECTION('',(0.,0.,-1.));
#1999=DIRECTION('',(0.642787609686539,-0.766044443118978,0.));
#2000=DIRECTION('',(0.402160935971225,0.337453093047364,-0.851112208566835));
#2001=DIRECTION('',(0.642787609686539,-0.766044443118978,0.));
#2002=DIRECTION('',(0.642787609686539,-0.766044443118978,0.));
#2003=DIRECTION('',(0.766044443118978,0.642787609686539,0.));
#2004=DIRECTION('',(0.642787609686539,-0.766044443118978,0.));
#2005=DIRECTION('',(0.73377502786755,0.61571035525076,-0.287184552013089));
#2006=DIRECTION('',(0.642787609686539,-0.766044443118978,0.));
#2007=DIRECTION('',(0.642787609686539,-0.766044443118978,0.));
#2008=DIRECTION('',(0.766044443118978,0.642787609686539,0.));
#2009=DIRECTION('',(0.642787609686539,-0.766044443118978,0.));
#2010=DIRECTION('',(0.642787609686539,-0.766044443118978,0.));
#2011=DIRECTION('',(0.181626190671061,0.152402469604222,-0.971486188332523));
#2012=DIRECTION('',(0.642787609686539,-0.766044443118978,0.));
#2013=DIRECTION('',(0.766044443118978,0.642787609686539,0.));
#2014=DIRECTION('',(0.642787609686539,-0.766044443118978,0.));
#2015=DIRECTION('',(0.766044443118978,0.642787609686539,0.));
#2016=DIRECTION('',(0.,0.,-1.));
#2017=DIRECTION('',(-1.,0.,0.));
#2018=DIRECTION('',(0.766044443118978,0.642787609686539,0.));
#2019=DIRECTION('',(0.766044443118978,0.642787609686539,0.));
#2020=DIRECTION('',(0.642787609686539,-0.766044443118978,0.));
#2021=DIRECTION('',(0.766044443118978,0.642787609686539,0.));
#2022=DIRECTION('',(-0.642787609686539,0.766044443118978,0.));
#2023=DIRECTION('',(-0.766044443118978,-0.642787609686539,0.));
#2024=DIRECTION('',(0.,0.,1.));
#2025=DIRECTION('',(1.,0.,0.));
#2026=DIRECTION('',(0.642787609686539,-0.766044443118978,0.));
#2027=DIRECTION('',(-0.766044443118978,-0.642787609686539,0.));
#2028=DIRECTION('',(0.642787609686539,-0.766044443118978,0.));
#2029=DIRECTION('',(-0.647984169253577,-0.543723277429393,-0.53336808488903));
#2030=DIRECTION('',(0.642787609686539,-0.766044443118978,0.));
#2031=DIRECTION('',(0.642787609686539,-0.766044443118978,0.));
#2032=DIRECTION('',(0.408583657566252,0.342842396368907,-0.845883257915541));
#2033=DIRECTION('',(-0.601590024556143,-0.50479396772499,0.619090052014246));
#2034=DIRECTION('',(0.717170375335102,0.,0.696897878273215));
#2035=DIRECTION('',(0.642787609686539,-0.766044443118978,0.));
#2036=DIRECTION('',(-0.474250494135752,-0.397943414714952,-0.785320003245173));
#2037=DIRECTION('',(0.,0.,-1.));
#2038=DIRECTION('',(-1.,0.,0.));
#2039=DIRECTION('',(0.642787609686539,-0.766044443118978,0.));
#2040=DIRECTION('',(0.766044443118978,0.642787609686539,0.));
#2041=DIRECTION('',(0.599007181913931,0.502626705416521,-0.623343236923017));
#2042=DIRECTION('',(-0.721041844174435,0.,-0.692891520333111));
#2043=DIRECTION('',(0.642787609686539,-0.766044443118978,0.));
#2044=DIRECTION('',(0.477508622800674,0.400677309276016,0.781948341632831));
#2045=DIRECTION('',(0.625156689910166,0.52456874793163,-0.577933163743012));
#2046=DIRECTION('',(-0.678828780321197,0.,-0.734296593351512));
#2047=DIRECTION('',(0.642787609686539,-0.766044443118978,0.));
#2048=DIRECTION('',(0.442722488579505,0.371488276880949,0.81608409998357));
#2049=DIRECTION('',(-0.766044443118978,-0.642787609686539,0.));
#2050=DIRECTION('',(0.642787609686539,-0.766044443118978,0.));
#2051=DIRECTION('',(0.642787609686539,-0.766044443118978,0.));
#2052=DIRECTION('',(0.,0.,-1.));
#2053=DIRECTION('',(0.,0.,-1.));
#2054=DIRECTION('',(-1.,0.,0.));
#2055=DIRECTION('',(0.642787609686539,-0.766044443118978,0.));
#2056=DIRECTION('',(0.766044443118978,0.642787609686539,0.));
#2057=DIRECTION('',(0.766044443118978,0.642787609686539,0.));
#2058=DIRECTION('',(-0.642787609686539,0.766044443118978,0.));
#2059=DIRECTION('',(0.642787609686539,-0.766044443118978,0.));
#2060=DIRECTION('',(0.,0.,1.));
#2061=DIRECTION('',(0.,0.,1.));
#2062=DIRECTION('',(1.,0.,0.));
#2063=DIRECTION('',(0.642787609686539,-0.766044443118978,0.));
#2064=DIRECTION('',(-0.766044443118978,-0.642787609686539,0.));
#2065=DIRECTION('',(-0.766044443118978,-0.642787609686539,0.));
#2066=DIRECTION('',(0.642787609686539,-0.766044443118978,0.));
#2067=DIRECTION('',(0.642787609686539,-0.766044443118978,0.));
#2068=DIRECTION('',(0.,0.,-1.));
#2069=DIRECTION('',(-0.44712248794462,-0.375180314725399,0.811985967992529));
#2070=DIRECTION('',(0.875974268090765,0.,0.48235783568099));
#2071=DIRECTION('',(0.642787609686539,-0.766044443118978,0.));
#2072=DIRECTION('',(-0.622017338671261,-0.521934519464929,-0.583676954987291));
#2073=DIRECTION('',(0.650532965371372,0.545861971311781,0.528054513512332));
#2074=DIRECTION('',(-0.642787609686539,0.766044443118978,0.));
#2075=DIRECTION('',(-0.404513225740017,-0.33942689852478,0.849210474946733));
#2076=DIRECTION('',(0.642787609686539,-0.766044443118978,0.));
#2077=DIRECTION('',(0.766044443118978,0.642787609686539,0.));
#2078=DIRECTION('',(0.,0.,-1.));
#2079=DIRECTION('',(-1.,0.,0.));
#2080=DIRECTION('',(0.642787609686539,-0.766044443118978,0.));
#2081=DIRECTION('',(0.766044443118978,0.642787609686539,0.));
#2082=DIRECTION('',(0.642787609686539,-0.766044443118978,0.));
#2083=DIRECTION('',(-0.766044443118978,-0.642787609686539,0.));
#2084=DIRECTION('',(0.642787609686539,-0.766044443118978,0.));
#2085=DIRECTION('',(0.642787609686539,-0.766044443118978,0.));
#2086=DIRECTION('',(0.,0.,-1.));
#2087=DIRECTION('',(0.,0.,-1.));
#2088=DIRECTION('',(-1.,0.,0.));
#2089=DIRECTION('',(0.642787609686539,-0.766044443118978,0.));
#2090=DIRECTION('',(0.766044443118978,0.642787609686539,0.));
#2091=DIRECTION('',(-0.766044443118978,-0.642787609686539,0.));
#2092=DIRECTION('',(0.642787609686539,-0.766044443118978,0.));
#2093=DIRECTION('',(0.,0.,-1.));
#2094=DIRECTION('',(0.642787609686539,-0.766044443118978,0.));
#2095=DIRECTION('',(0.766044443118978,0.642787609686539,0.));
#2096=DIRECTION('',(0.766044443118978,0.642787609686539,0.));
#2097=DIRECTION('',(-0.642787609686539,0.766044443118978,0.));
#2098=DIRECTION('',(0.642787609686539,-0.766044443118978,0.));
#2099=DIRECTION('',(0.,0.,1.));
#2100=DIRECTION('',(0.642787609686539,-0.766044443118978,0.));
#2101=DIRECTION('',(0.,0.,-1.));
#2102=DIRECTION('',(-1.,0.,0.));
#2103=DIRECTION('',(0.642787609686539,-0.766044443118978,0.));
#2104=DIRECTION('',(0.766044443118978,0.642787609686539,0.));
#2105=DIRECTION('',(0.766044443118978,0.642787609686539,0.));
#2106=DIRECTION('',(-0.642787609686539,0.766044443118978,0.));
#2107=DIRECTION('',(0.642787609686539,-0.766044443118978,0.));
#2108=DIRECTION('',(0.,0.,1.));
#2109=DIRECTION('',(0.,0.,-1.));
#2110=DIRECTION('',(-1.,0.,0.));
#2111=DIRECTION('',(0.766044443118978,0.642787609686539,0.));
#2112=DIRECTION('',(0.642787609686539,-0.766044443118978,0.));
#2113=DIRECTION('',(0.766044443118978,0.642787609686539,0.));
#2114=DIRECTION('',(-0.642787609686536,0.766044443118981,-7.37027077774561E-14));
#2115=DIRECTION('',(-0.766044443118981,-0.642787609686536,0.));
#2116=DIRECTION('',(-0.642787609686539,0.766044443118978,0.));
#2117=DIRECTION('',(-0.766044443118978,-0.642787609686539,0.));
#2118=DIRECTION('',(-0.642787609686536,0.766044443118981,-7.37027077774561E-14));
#2119=DIRECTION('',(-0.642787609686536,0.766044443118981,-7.37027077774561E-14));
#2120=DIRECTION('',(-0.766044443118981,-0.642787609686536,0.));
#2121=DIRECTION('',(0.642787609686539,-0.766044443118978,0.));
#2122=DIRECTION('',(0.,0.,-1.));
#2123=DIRECTION('',(-1.,0.,0.));
#2124=DIRECTION('',(0.766044443118978,0.642787609686539,0.));
#2125=DIRECTION('',(0.642787609686539,-0.766044443118978,0.));
#2126=DIRECTION('',(0.766044443118978,0.642787609686539,0.));
#2127=DIRECTION('',(0.642787609686539,-0.766044443118978,0.));
#2128=DIRECTION('',(0.734679972767976,0.616469694182942,-0.283214501337125));
#2129=DIRECTION('',(0.642787609686539,-0.766044443118978,0.));
#2130=DIRECTION('',(0.766044443118978,0.642787609686539,0.));
#2131=DIRECTION('',(0.642787609686539,-0.766044443118978,0.));
#2132=DIRECTION('',(0.642787609686539,-0.766044443118978,0.));
#2133=DIRECTION('',(0.766044443118978,0.642787609686539,0.));
#2134=DIRECTION('',(0.732879179003786,0.614958648799584,0.291056642682016));
#2135=DIRECTION('',(-0.642787609686539,0.766044443118978,0.));
#2136=DIRECTION('',(0.642787609686539,-0.766044443118978,0.));
#2137=DIRECTION('',(-0.222962323759424,-0.187087603632962,0.956705822471398));
#2138=DIRECTION('',(0.642787609686539,-0.766044443118978,0.));
#2139=DIRECTION('',(0.,0.,1.));
#2140=DIRECTION('',(1.,0.,0.));
#2141=DIRECTION('',(0.642787609686539,-0.766044443118978,0.));
#2142=DIRECTION('',(-0.766044443118978,-0.642787609686539,0.));
#2143=DIRECTION('',(-0.722387037758018,-0.606154696950001,-0.332766361047279));
#2144=DIRECTION('',(0.642787609686539,-0.766044443118978,0.));
#2145=DIRECTION('',(0.642787609686539,-0.766044443118978,0.));
#2146=DIRECTION('',(0.254913821737191,0.213898093801668,-0.943009304808469));
#2147=DIRECTION('',(0.,0.,-1.));
#2148=DIRECTION('',(-1.,0.,0.));
#2149=DIRECTION('',(0.642787609686539,-0.766044443118978,0.));
#2150=DIRECTION('',(0.766044443118978,0.642787609686539,0.));
#2151=DIRECTION('',(0.722683121547584,0.606403140748623,-0.331669016823166));
#2152=DIRECTION('',(-0.642787609686539,0.766044443118978,0.));
#2153=DIRECTION('',(0.642787609686539,-0.766044443118978,0.));
#2154=DIRECTION('',(0.254073207292122,0.213192734530847,0.943395814745621));
#2155=DIRECTION('',(0.,0.,1.));
#2156=DIRECTION('',(1.,0.,0.));
#2157=DIRECTION('',(0.642787609686539,-0.766044443118978,0.));
#2158=DIRECTION('',(-0.766044443118978,-0.642787609686539,0.));
#2159=DIRECTION('',(-0.732879179003786,-0.614958648799585,0.291056642682015));
#2160=DIRECTION('',(0.642787609686539,-0.766044443118978,0.));
#2161=DIRECTION('',(0.642787609686539,-0.766044443118978,0.));
#2162=DIRECTION('',(-0.222962323759424,-0.187087603632962,-0.956705822471398));
#2163=DIRECTION('',(0.,0.,1.));
#2164=DIRECTION('',(1.,0.,0.));
#2165=DIRECTION('',(-0.766044443118978,-0.642787609686539,0.));
#2166=DIRECTION('',(0.642787609686539,-0.766044443118978,0.));
#2167=DIRECTION('',(-0.739916252199995,-0.620863454323091,-0.258944995735219));
#2168=DIRECTION('',(0.642787609686539,-0.766044443118978,0.));
#2169=DIRECTION('',(0.766044443118978,0.642787609686539,0.));
#2170=DIRECTION('',(0.642787609686539,-0.766044443118978,0.));
#2171=DIRECTION('',(0.766044443118978,0.642787609686539,0.));
#2172=DIRECTION('',(0.642787609686539,-0.766044443118978,0.));
#2173=DIRECTION('',(0.766044443118978,0.642787609686539,0.));
#2174=DIRECTION('',(-0.642787609686539,0.766044443118978,0.));
#2175=DIRECTION('',(-0.766044443118978,-0.642787609686539,0.));
#2176=DIRECTION('',(-0.642787609686539,0.766044443118978,0.));
#2177=DIRECTION('',(-0.766044443118978,-0.642787609686539,0.));
#2178=CARTESIAN_POINT('',(0.,0.,0.));
#2179=CARTESIAN_POINT('',(0.00132794745826272,-0.00220997938697377,0.00439332267815402));
#2180=CARTESIAN_POINT('',(-0.000116164047286686,-0.00342173281865914,0.00740754626453771));
#2181=CARTESIAN_POINT('',(-0.000116164047286688,-0.00342173281865914,0.00733754626453771));
#2182=CARTESIAN_POINT('',(-0.000116164047286688,-0.00342173281865914,0.00747754626453771));
#2183=CARTESIAN_POINT('',(0.00127015086708395,-0.00225847648531518,0.00747754626453771));
#2184=CARTESIAN_POINT('',(0.00265646578145458,-0.00109522015197122,0.00747754626453771));
#2185=CARTESIAN_POINT('',(0.00265646578145458,-0.00109522015197122,0.00740754626453771));
#2186=CARTESIAN_POINT('',(0.00265646578145458,-0.00109522015197122,0.00733754626453771));
#2187=CARTESIAN_POINT('',(0.00127015086708394,-0.00225847648531518,0.00733754626453771));
#2188=CARTESIAN_POINT('',(0.00251249312838014,-0.00121602755206559,0.00629176632958379));
#2189=CARTESIAN_POINT('',(0.00259455008090961,-0.00114717359346258,0.00629176632958379));
#2190=CARTESIAN_POINT('',(0.00243043617585067,-0.00128488151066861,0.00629176632958379));
#2191=CARTESIAN_POINT('',(0.00234114329205269,-0.00135980713653025,0.00647922238153543));
#2192=CARTESIAN_POINT('',(0.00225185040825471,-0.00143473276239188,0.00666667843348707));
#2193=CARTESIAN_POINT('',(0.00222134014135966,-0.00146033391609064,0.00663804878191627));
#2194=CARTESIAN_POINT('',(0.00219082987446461,-0.0014859350697894,0.00660941913034547));
#2195=CARTESIAN_POINT('',(0.00219082987446461,-0.0014859350697894,0.00645059272996463));
#2196=CARTESIAN_POINT('',(0.00219082987446461,-0.0014859350697894,0.00629176632958379));
#2197=CARTESIAN_POINT('',(0.00211854515900911,-0.00154658914786787,0.00629176632958379));
#2198=CARTESIAN_POINT('',(0.0020462604435536,-0.00160724322594634,0.00629176632958379));
#2199=CARTESIAN_POINT('',(0.0020462604435536,-0.00160724322594634,0.00673669448613809));
#2200=CARTESIAN_POINT('',(0.0020462604435536,-0.00160724322594634,0.0071816226426924));
#2201=CARTESIAN_POINT('',(0.00211854515900911,-0.00154658914786787,0.0071816226426924));
#2202=CARTESIAN_POINT('',(0.00219082987446461,-0.0014859350697894,0.0071816226426924));
#2203=CARTESIAN_POINT('',(0.00219082987446461,-0.0014859350697894,0.00697800154937766));
#2204=CARTESIAN_POINT('',(0.00219082987446461,-0.0014859350697894,0.00677438045606292));
#2205=CARTESIAN_POINT('',(0.00221925141893164,-0.00146208656230963,0.00682677077084213));
#2206=CARTESIAN_POINT('',(0.00224767296339867,-0.00143823805482986,0.00687916108562134));
#2207=CARTESIAN_POINT('',(0.00234002433360911,-0.00136074605414756,0.00703039186415687));
#2208=CARTESIAN_POINT('',(0.00243237570381955,-0.00128325405346526,0.0071816226426924));
#2209=CARTESIAN_POINT('',(0.00251256772560971,-0.00121596495755777,0.0071816226426924));
#2210=CARTESIAN_POINT('',(0.00259275974739988,-0.00114867586165029,0.0071816226426924));
#2211=CARTESIAN_POINT('',(0.00247385176346172,-0.00124845150711683,0.00698472075331774));
#2212=CARTESIAN_POINT('',(0.00235494377952356,-0.00134822715258338,0.00678781886394309));
#2213=CARTESIAN_POINT('',(0.00247474693021659,-0.00124770037302298,0.00653979259676344));
#2214=CARTESIAN_POINT('',(0.001782857625934,-0.00182826443306201,0.00629176632958379));
#2215=CARTESIAN_POINT('',(0.00187468681553743,-0.00175121059393446,0.00629176632958379));
#2216=CARTESIAN_POINT('',(0.00169102843633056,-0.00190531827218955,0.00629176632958379));
#2217=CARTESIAN_POINT('',(0.00154272914394093,-0.00202975615373755,0.00662831080519151));
#2218=CARTESIAN_POINT('',(0.00139442985155131,-0.00215419403528553,0.00696485528079923));
#2219=CARTESIAN_POINT('',(0.00139234112912329,-0.00215594668150451,0.00696485528079923));
#2220=CARTESIAN_POINT('',(0.00139025240669526,-0.0021576993277235,0.00696485528079923));
#2221=CARTESIAN_POINT('',(-0.00226327119100173,-0.00522336963104854,0.00660942864916798));
#2222=CARTESIAN_POINT('',(0.00139930890531627,-0.00215010002307085,0.00671050222169573));
#2223=CARTESIAN_POINT('',(0.00139920407424393,-0.00215018798678499,0.00650113282916614));
#2224=CARTESIAN_POINT('',(0.00139920407424393,-0.00215018798678499,0.00629176632958379));
#2225=CARTESIAN_POINT('',(0.00133460287343437,-0.0022043948305579,0.00629176632958379));
#2226=CARTESIAN_POINT('',(0.0012700016726248,-0.00225860167433083,0.00629176632958379));
#2227=CARTESIAN_POINT('',(0.0012700016726248,-0.00225860167433083,0.00673669448613809));
#2228=CARTESIAN_POINT('',(0.0012700016726248,-0.00225860167433083,0.0071816226426924));
#2229=CARTESIAN_POINT('',(0.00136115948716209,-0.00218211118577366,0.0071816226426924));
#2230=CARTESIAN_POINT('',(0.00145231730169937,-0.00210562069721649,0.0071816226426924));
#2231=CARTESIAN_POINT('',(0.00160031820517071,-0.00198143319369979,0.0068483890791711));
#2232=CARTESIAN_POINT('',(0.00174831910864204,-0.00185724569018309,0.00651515551564979));
#2233=CARTESIAN_POINT('',(0.00174996024769263,-0.00185586861101103,0.00651515551564979));
#2234=CARTESIAN_POINT('',(0.0017517206554824,-0.00185439145348392,0.00651515551564979));
#2235=CARTESIAN_POINT('',(0.00620012989257507,0.00187826709668614,0.00686356195464684));
#2236=CARTESIAN_POINT('',(0.00174450596201534,-0.00186044530011119,0.00676035584043608));
#2237=CARTESIAN_POINT('',(0.00174458924716344,-0.00186037541557413,0.00697099020613583));
#2238=CARTESIAN_POINT('',(0.00174458924716344,-0.00186037541557413,0.0071816226426924));
#2239=CARTESIAN_POINT('',(0.00180963803135043,-0.0018057930047543,0.0071816226426924));
#2240=CARTESIAN_POINT('',(0.00187468681553743,-0.00175121059393446,0.0071816226426924));
#2241=CARTESIAN_POINT('',(0.00187468681553743,-0.00175121059393446,0.00673669448613809));
#2242=CARTESIAN_POINT('',(0.00132794745826272,-0.00220997938697377,0.00818664535630804));
#2243=CARTESIAN_POINT('',(0.00381197679263134,-0.000125631288671512,0.00818664535630804));
#2244=CARTESIAN_POINT('',(-0.00115608187610589,-0.00429432748527602,0.00818664535630804));
#2245=CARTESIAN_POINT('',(-0.00115608187610589,-0.00429432748527602,0.00439332267815402));
#2246=CARTESIAN_POINT('',(-0.00115608187610589,-0.00429432748527602,0.0006));
#2247=CARTESIAN_POINT('',(0.00132794745826272,-0.00220997938697377,0.0006));
#2248=CARTESIAN_POINT('',(0.00381197679263134,-0.000125631288671512,0.0006));
#2249=CARTESIAN_POINT('',(0.00381197679263134,-0.000125631288671513,0.00439332267815402));
#2250=CARTESIAN_POINT('',(7.57000271731318E-5,-0.00326073974454374,0.0071816226426924));
#2251=CARTESIAN_POINT('',(-3.03772332786028E-5,-0.00334974913466509,0.0071816226426924));
#2252=CARTESIAN_POINT('',(0.000181777287624867,-0.00317173035442239,0.0071816226426924));
#2253=CARTESIAN_POINT('',(0.000181777287624867,-0.00317173035442239,0.0071816226426924));
#2254=CARTESIAN_POINT('',(0.000326794301913314,-0.00305004663121852,0.0071816226426924));
#2255=CARTESIAN_POINT('',(0.000392290669477747,-0.00299508865335175,0.00712777163140447));
#2256=CARTESIAN_POINT('',(0.000392290669477746,-0.00299508865335175,0.00712777163140447));
#2257=CARTESIAN_POINT('',(0.000392290669477747,-0.00299508865335175,0.00712777163140447));
#2258=CARTESIAN_POINT('',(0.000457787037042179,-0.00294013067548499,0.00707392062011655));
#2259=CARTESIAN_POINT('',(0.000457787037042179,-0.00294013067548499,0.00695648062081594));
#2260=CARTESIAN_POINT('',(0.000457787037042179,-0.00294013067548499,0.00695648062081594));
#2261=CARTESIAN_POINT('',(0.000291146559175012,-0.00307995863900254,0.00694622784761901));
#2262=CARTESIAN_POINT('',(0.000429253595664994,-0.00296407307562081,0.00682540887438045));
#2263=CARTESIAN_POINT('',(0.000335844137751786,-0.00304245291730424,0.00691138257584175));
#2264=CARTESIAN_POINT('',(0.000352903332263599,-0.0030281385534812,0.00676412300918407));
#2265=CARTESIAN_POINT('',(0.0003529033322636,-0.0030281385534812,0.00676103942794999));
#2266=CARTESIAN_POINT('',(0.000352903451991813,-0.0030281384530173,0.00675725612633485));
#2267=CARTESIAN_POINT('',(0.000329919715570429,-0.00304742409777156,0.00656130459121316));
#2268=CARTESIAN_POINT('',(0.000446602878691713,-0.00294951529863189,0.0066876172007834));
#2269=CARTESIAN_POINT('',(0.000297568608373596,-0.0030745698998886,0.00656262392538173));
#2270=CARTESIAN_POINT('',(0.000474596605339764,-0.00292602577292624,0.0065492084552301));
#2271=CARTESIAN_POINT('',(0.000301715209989866,-0.00307109048800175,0.006538313865937));
#2272=CARTESIAN_POINT('',(0.000407657698769629,-0.00298219418474065,0.00635993216665711));
#2273=CARTESIAN_POINT('',(0.000407657698769629,-0.00298219418474065,0.00635993216665711));
#2274=CARTESIAN_POINT('',(0.000340221803236319,-0.00303877961981076,0.00629176632958379));
#2275=CARTESIAN_POINT('',(0.000224596097399336,-0.00313580110693319,0.00629176632958379));
#2276=CARTESIAN_POINT('',(0.000224596097399336,-0.00313580110693318,0.00629176632958379));
#2277=CARTESIAN_POINT('',(9.71094320603668E-5,-0.00324277512079914,0.00629176632958379));
#2278=CARTESIAN_POINT('',(-3.03772332786028E-5,-0.00334974913466509,0.00629176632958379));
#2279=CARTESIAN_POINT('',(-3.03772332786028E-5,-0.00334974913466509,0.00673669448613809));
#2280=CARTESIAN_POINT('',(0.00127015086708394,-0.00225847648531518,0.00614343795020157));
#2281=CARTESIAN_POINT('',(-0.000116164047286687,-0.00342173281865914,0.00614343795020157));
#2282=CARTESIAN_POINT('',(0.00265646578145458,-0.00109522015197122,0.00614343795020157));
#2283=CARTESIAN_POINT('',(0.00265646578145458,-0.00109522015197122,0.00607343795020157));
#2284=CARTESIAN_POINT('',(0.00265646578145458,-0.00109522015197122,0.00600343795020157));
#2285=CARTESIAN_POINT('',(0.00127015086708395,-0.00225847648531518,0.00600343795020157));
#2286=CARTESIAN_POINT('',(-0.000116164047286687,-0.00342173281865914,0.00600343795020157));
#2287=CARTESIAN_POINT('',(-0.000116164047286686,-0.00342173281865914,0.00607343795020157));
#2288=CARTESIAN_POINT('',(0.00100376416028145,-0.00248200147274369,0.00639771551634918));
#2289=CARTESIAN_POINT('',(0.00102845584326987,-0.00246128269065496,0.00629176632958379));
#2290=CARTESIAN_POINT('',(0.000979072477293039,-0.00250272025483241,0.00650366470311458));
#2291=CARTESIAN_POINT('',(0.000854793492825676,-0.00260700270486206,0.00650366470311458));
#2292=CARTESIAN_POINT('',(0.000730514508358312,-0.00271128515489171,0.00650366470311458));
#2293=CARTESIAN_POINT('',(0.0007058228253699,-0.00273200393698043,0.00639771551634918));
#2294=CARTESIAN_POINT('',(0.000681131142381486,-0.00275272271906916,0.00629176632958379));
#2295=CARTESIAN_POINT('',(0.00060325163470806,-0.0028180713852342,0.00629176632958379));
#2296=CARTESIAN_POINT('',(0.000525372127034635,-0.00288342005139923,0.00629176632958379));
#2297=CARTESIAN_POINT('',(0.000645697458334669,-0.00278245511028409,0.0067385447017158));
#2298=CARTESIAN_POINT('',(0.000766022789634703,-0.00268149016916895,0.00718532307384781));
#2299=CARTESIAN_POINT('',(0.000854345909448243,-0.00260737827190898,0.00718532307384781));
#2300=CARTESIAN_POINT('',(0.000942669029261783,-0.00253326637464902,0.00718532307384781));
#2301=CARTESIAN_POINT('',(0.00106344194393925,-0.00243192586648695,0.0067385447017158));
#2302=CARTESIAN_POINT('',(0.00118421485861672,-0.00233058535832488,0.00629176632958379));
#2303=CARTESIAN_POINT('',(0.00110633535094329,-0.00239593402448992,0.00629176632958379));
#2304=CARTESIAN_POINT('',(0.00132794745826272,-0.00220997938697377,0.00818664535630804));
#2305=CARTESIAN_POINT('',(0.00122253029027413,-0.00208434809830225,0.00818664535630804));
#2306=CARTESIAN_POINT('',(0.00370655962464275,6.12719751019376E-19,0.00818664535630804));
#2307=CARTESIAN_POINT('',(-0.00126149904409449,-0.0041686961966045,0.00818664535630804));
#2308=CARTESIAN_POINT('',(-0.00115608187610589,-0.00429432748527602,0.00818664535630804));
#2309=CARTESIAN_POINT('',(0.00381197679263134,-0.000125631288671512,0.00818664535630804));
#2310=CARTESIAN_POINT('',(0.00381197679263134,-0.000125631288671513,0.00439332267815402));
#2311=CARTESIAN_POINT('',(0.00370655962464275,-3.46944695195362E-19,0.00439332267815402));
#2312=CARTESIAN_POINT('',(0.00370655962464275,6.12719751019376E-19,0.0006));
#2313=CARTESIAN_POINT('',(0.00381197679263134,-0.000125631288671512,0.0006));
#2314=CARTESIAN_POINT('',(0.00132794745826272,-0.00220997938697377,0.0006));
#2315=CARTESIAN_POINT('',(0.00122253029027413,-0.00208434809830225,0.0006));
#2316=CARTESIAN_POINT('',(-0.00126149904409449,-0.0041686961966045,0.0006));
#2317=CARTESIAN_POINT('',(-0.00115608187610589,-0.00429432748527602,0.0006));
#2318=CARTESIAN_POINT('',(-0.00115608187610589,-0.00429432748527602,0.00439332267815402));
#2319=CARTESIAN_POINT('',(-0.00126149904409449,-0.0041686961966045,0.00439332267815402));
#2320=CARTESIAN_POINT('',(0.00122253029027413,-0.00208434809830225,0.00439332267815402));
#2321=CARTESIAN_POINT('',(0.00173143461715907,-0.00176698087761249,0.00629176632958379));
#2322=CARTESIAN_POINT('',(0.00182326380676251,-0.00168992703848493,0.00629176632958379));
#2323=CARTESIAN_POINT('',(0.00182326380676251,-0.00168992703848493,0.00629176632958379));
#2324=CARTESIAN_POINT('',(0.00173143461715907,-0.00176698087761249,0.00629176632958379));
#2325=CARTESIAN_POINT('',(0.00163960542755564,-0.00184403471674004,0.00629176632958379));
#2326=CARTESIAN_POINT('',(0.00163960542755564,-0.00184403471674004,0.00629176632958379));
#2327=CARTESIAN_POINT('',(0.00182326380676251,-0.00168992703848493,0.00673669448613809));
#2328=CARTESIAN_POINT('',(0.00182326380676251,-0.00168992703848493,0.0071816226426924));
#2329=CARTESIAN_POINT('',(0.00182326380676251,-0.00168992703848493,0.0071816226426924));
#2330=CARTESIAN_POINT('',(0.00182326380676251,-0.00168992703848493,0.00673669448613809));
#2331=CARTESIAN_POINT('',(0.00175821502257551,-0.00174450944930478,0.0071816226426924));
#2332=CARTESIAN_POINT('',(0.00169316623838851,-0.00179909186012462,0.0071816226426924));
#2333=CARTESIAN_POINT('',(0.00169316623838851,-0.00179909186012462,0.0071816226426924));
#2334=CARTESIAN_POINT('',(0.00175821502257551,-0.00174450944930478,0.0071816226426924));
#2335=CARTESIAN_POINT('',(0.00169316623838851,-0.00179909186012462,0.00697099020613583));
#2336=CARTESIAN_POINT('',(0.00169316623838851,-0.00179909186012462,0.00676035776957926));
#2337=CARTESIAN_POINT('',(0.00169308295324042,-0.00179916174466167,0.00676035584043608));
#2338=CARTESIAN_POINT('',(0.00169316623838851,-0.00179909186012462,0.00697099020613583));
#2339=CARTESIAN_POINT('',(0.0061487068838002,0.0019395506521356,0.00686356195464684));
#2340=CARTESIAN_POINT('',(0.00170029764670748,-0.0017931078980344,0.00651515551564979));
#2341=CARTESIAN_POINT('',(0.00170029764670748,-0.0017931078980344,0.00651515551564979));
#2342=CARTESIAN_POINT('',(0.00614870688380015,0.00193955065213566,0.00686356195464684));
#2343=CARTESIAN_POINT('',(0.00169853723891772,-0.00179458505556151,0.00651515551564979));
#2344=CARTESIAN_POINT('',(0.00169689609986713,-0.00179596213473357,0.00651515551564979));
#2345=CARTESIAN_POINT('',(0.00169689609986713,-0.00179596213473357,0.00651515551564979));
#2346=CARTESIAN_POINT('',(0.00169853723891772,-0.00179458505556151,0.00651515551564979));
#2347=CARTESIAN_POINT('',(0.00154889519639579,-0.00192014963825028,0.0068483890791711));
#2348=CARTESIAN_POINT('',(0.00140089429292445,-0.00204433714176698,0.0071816226426924));
#2349=CARTESIAN_POINT('',(0.00140089429292445,-0.00204433714176698,0.0071816226426924));
#2350=CARTESIAN_POINT('',(0.00154889519639579,-0.00192014963825028,0.0068483890791711));
#2351=CARTESIAN_POINT('',(0.00130973647838716,-0.00212082763032414,0.0071816226426924));
#2352=CARTESIAN_POINT('',(0.00121857866384988,-0.00219731811888131,0.0071816226426924));
#2353=CARTESIAN_POINT('',(0.00121857866384988,-0.00219731811888131,0.0071816226426924));
#2354=CARTESIAN_POINT('',(0.00130973647838716,-0.00212082763032414,0.0071816226426924));
#2355=CARTESIAN_POINT('',(0.00121857866384988,-0.00219731811888131,0.00673669448613809));
#2356=CARTESIAN_POINT('',(0.00121857866384988,-0.00219731811888131,0.00629176632958379));
#2357=CARTESIAN_POINT('',(0.00121857866384988,-0.00219731811888131,0.00629176632958379));
#2358=CARTESIAN_POINT('',(0.00121857866384988,-0.00219731811888131,0.00673669448613809));
#2359=CARTESIAN_POINT('',(0.00128317986465944,-0.00214311127510839,0.00629176632958379));
#2360=CARTESIAN_POINT('',(0.00134778106546901,-0.00208890443133548,0.00629176632958379));
#2361=CARTESIAN_POINT('',(0.00134778106546901,-0.00208890443133548,0.00629176632958379));
#2362=CARTESIAN_POINT('',(0.00128317986465944,-0.00214311127510839,0.00629176632958379));
#2363=CARTESIAN_POINT('',(0.00134778106546901,-0.00208890443133548,0.00650113282916614));
#2364=CARTESIAN_POINT('',(0.00134778106546901,-0.00208890443133548,0.00671049932874849));
#2365=CARTESIAN_POINT('',(0.00134788589654135,-0.00208881646762134,0.00671050222169573));
#2366=CARTESIAN_POINT('',(0.00134778106546901,-0.00208890443133548,0.00650113282916614));
#2367=CARTESIAN_POINT('',(-0.00231469419977655,-0.00516208607559914,0.00660942864916798));
#2368=CARTESIAN_POINT('',(0.00133867736232979,-0.00209654334528194,0.00696485528079923));
#2369=CARTESIAN_POINT('',(0.00133882939792034,-0.00209641577227398,0.00696485528079923));
#2370=CARTESIAN_POINT('',(-0.00231469419977666,-0.00516208607559902,0.00660942864916798));
#2371=CARTESIAN_POINT('',(0.00134091812034836,-0.002094663126055,0.00696485528079923));
#2372=CARTESIAN_POINT('',(0.00134300684277639,-0.00209291047983601,0.00696485528079923));
#2373=CARTESIAN_POINT('',(0.00134300684277639,-0.00209291047983601,0.00696485528079923));
#2374=CARTESIAN_POINT('',(0.00134091812034836,-0.002094663126055,0.00696485528079923));
#2375=CARTESIAN_POINT('',(0.00149130613516601,-0.00196847259828802,0.00662831080519151));
#2376=CARTESIAN_POINT('',(0.00149130613516601,-0.00196847259828802,0.00662831080519151));
#2377=CARTESIAN_POINT('',(0.0012765244494878,-0.00214869583152425,0.00439332267815402));
#2378=CARTESIAN_POINT('',(6.27691888574879E-5,-0.00316715742305862,0.00656355325997185));
#2379=CARTESIAN_POINT('',(0.000114192197632411,-0.00322844097850815,0.00656355325997185));
#2380=CARTESIAN_POINT('',(0.000114192197632412,-0.00322844097850814,0.00667953256276375));
#2381=CARTESIAN_POINT('',(0.000114192197632411,-0.00322844097850815,0.00644757395717996));
#2382=CARTESIAN_POINT('',(6.27691888574884E-5,-0.00316715742305862,0.00667953256276375));
#2383=CARTESIAN_POINT('',(6.27691888574884E-5,-0.00316715742305862,0.00667953256276375));
#2384=CARTESIAN_POINT('',(6.27691888574879E-5,-0.00316715742305862,0.00656355325997185));
#2385=CARTESIAN_POINT('',(6.27691888574878E-5,-0.00316715742305862,0.00644757395717996));
#2386=CARTESIAN_POINT('',(6.27691888574878E-5,-0.00316715742305862,0.00644757395717996));
#2387=CARTESIAN_POINT('',(0.000107527526600836,-0.00312960071836608,0.00667953256276375));
#2388=CARTESIAN_POINT('',(0.00015895053537576,-0.00319088427381559,0.00667953256276375));
#2389=CARTESIAN_POINT('',(0.000203708873119107,-0.00315332756912304,0.00667953256276375));
#2390=CARTESIAN_POINT('',(0.000152285864344184,-0.00309204401367352,0.00667953256276375));
#2391=CARTESIAN_POINT('',(0.000152285864344184,-0.00309204401367352,0.00667953256276375));
#2392=CARTESIAN_POINT('',(0.000107527526600836,-0.00312960071836608,0.00667953256276375));
#2393=CARTESIAN_POINT('',(0.000273431765169513,-0.00299039053297235,0.00656871438763598));
#2394=CARTESIAN_POINT('',(0.000324854773944437,-0.00305167408842187,0.00656871438763598));
#2395=CARTESIAN_POINT('',(0.000273431765169513,-0.00299039053297235,0.00664259317105449));
#2396=CARTESIAN_POINT('',(0.000324854773944437,-0.00305167408842187,0.00664259317105449));
#2397=CARTESIAN_POINT('',(0.000233049798227736,-0.00302427502653941,0.00667953256276375));
#2398=CARTESIAN_POINT('',(0.00028447280700266,-0.00308555858198893,0.00667953256276375));
#2399=CARTESIAN_POINT('',(0.000152285864344184,-0.00309204401367352,0.00667953256276375));
#2400=CARTESIAN_POINT('',(0.000203708873119108,-0.00315332756912304,0.00667953256276375));
#2401=CARTESIAN_POINT('',(0.000324854773944436,-0.00305167408842187,0.00656871438763598));
#2402=CARTESIAN_POINT('',(0.000324854773944436,-0.00305167408842187,0.00667953256276375));
#2403=CARTESIAN_POINT('',(0.000203708873119107,-0.00315332756912304,0.00667953256276375));
#2404=CARTESIAN_POINT('',(0.000324854773944436,-0.00305167408842187,0.00656871438763598));
#2405=CARTESIAN_POINT('',(0.000273431765169513,-0.00299039053297235,0.00656871438763598));
#2406=CARTESIAN_POINT('',(0.000273431765169513,-0.00299039053297235,0.00656871438763598));
#2407=CARTESIAN_POINT('',(0.000273431765169513,-0.00299039053297235,0.00656871438763598));
#2408=CARTESIAN_POINT('',(0.000273431765169513,-0.00299039053297235,0.00667953256276375));
#2409=CARTESIAN_POINT('',(0.000152285864344184,-0.00309204401367352,0.00667953256276375));
#2410=CARTESIAN_POINT('',(0.000188437441995669,-0.00306170923819969,0.00655915680027396));
#2411=CARTESIAN_POINT('',(0.000239860450770592,-0.0031229927936492,0.00655915680027396));
#2412=CARTESIAN_POINT('',(0.000296654587367722,-0.00307533685457752,0.00647701404360121));
#2413=CARTESIAN_POINT('',(0.000245010220702486,-0.00301423904045212,0.00647737216595772));
#2414=CARTESIAN_POINT('',(0.000245231578592798,-0.003014053299128,0.00647701404360121));
#2415=CARTESIAN_POINT('',(0.000188437441995668,-0.00306170923819969,0.00655915680027396));
#2416=CARTESIAN_POINT('',(0.000168854029596714,-0.00307814167232084,0.00663514158271099));
#2417=CARTESIAN_POINT('',(0.000220277038371638,-0.00313942522777036,0.00663514158271099));
#2418=CARTESIAN_POINT('',(0.00020835993271491,-0.00314942486673162,0.00644798278116084));
#2419=CARTESIAN_POINT('',(0.000156910892577663,-0.00308816315418863,0.00644757395717996));
#2420=CARTESIAN_POINT('',(0.000156937084636889,-0.00308814150279321,0.00644798278116084));
#2421=CARTESIAN_POINT('',(0.000168854029596714,-0.00307814167232084,0.00663514158271099));
#2422=CARTESIAN_POINT('',(0.000104692831877091,-0.00313197930966327,0.00682910788525607));
#2423=CARTESIAN_POINT('',(0.000156115840652014,-0.00319326286511279,0.00682910788525607));
#2424=CARTESIAN_POINT('',(0.000114192197632411,-0.00322844097850815,0.00682910788525607));
#2425=CARTESIAN_POINT('',(0.000198063040123301,-0.00315806498550751,0.00682949267189688));
#2426=CARTESIAN_POINT('',(6.27691888574879E-5,-0.00316715742305862,0.00682910788525607));
#2427=CARTESIAN_POINT('',(6.27691888574879E-5,-0.00316715742305862,0.00682910788525607));
#2428=CARTESIAN_POINT('',(0.000104692831877091,-0.00313197930966327,0.00682910788525607));
#2429=CARTESIAN_POINT('',(0.000146640192045281,-0.0030967816215691,0.00682949267189688));
#2430=CARTESIAN_POINT('',(0.000146616474896693,-0.00309680119626791,0.00682910788525607));
#2431=CARTESIAN_POINT('',(6.27691888574879E-5,-0.00316715742305862,0.00692804572877964));
#2432=CARTESIAN_POINT('',(0.000114192197632411,-0.00322844097850815,0.00692804572877964));
#2433=CARTESIAN_POINT('',(0.000114192197632411,-0.00322844097850815,0.0070269835723032));
#2434=CARTESIAN_POINT('',(6.27691888574879E-5,-0.00316715742305862,0.0070269835723032));
#2435=CARTESIAN_POINT('',(6.27691888574879E-5,-0.00316715742305862,0.0070269835723032));
#2436=CARTESIAN_POINT('',(6.27691888574879E-5,-0.00316715742305862,0.00692804572877964));
#2437=CARTESIAN_POINT('',(0.000100739178709762,-0.00313529681857778,0.0070269835723032));
#2438=CARTESIAN_POINT('',(0.000152162187484685,-0.00319658037402729,0.0070269835723032));
#2439=CARTESIAN_POINT('',(0.000190151358935049,-0.00316470367427457,0.00702662595984463));
#2440=CARTESIAN_POINT('',(0.000138709168562035,-0.00310343621409693,0.0070269835723032));
#2441=CARTESIAN_POINT('',(0.000138728350160125,-0.00310342011882505,0.00702662595984463));
#2442=CARTESIAN_POINT('',(0.000100739178709762,-0.00313529681857778,0.0070269835723032));
#2443=CARTESIAN_POINT('',(0.000152179732824005,-0.00309213306859296,0.00677584487253505));
#2444=CARTESIAN_POINT('',(0.000203602741598929,-0.00315341662404248,0.00677584487253505));
#2445=CARTESIAN_POINT('',(0.000280958931114088,-0.00308850707395103,0.00700519591472208));
#2446=CARTESIAN_POINT('',(0.000229419399721887,-0.00302732129258669,0.00700478098537075));
#2447=CARTESIAN_POINT('',(0.000229535922339165,-0.00302722351850151,0.00700519591472208));
#2448=CARTESIAN_POINT('',(0.000152179732824004,-0.00309213306859296,0.00677584487253505));
#2449=CARTESIAN_POINT('',(0.000197739255669126,-0.003053904089777,0.00693833336871479));
#2450=CARTESIAN_POINT('',(0.000249162264444052,-0.00311518764522652,0.00693833336871479));
#2451=CARTESIAN_POINT('',(0.000309031453684543,-0.00306495143061594,0.0069305642188564));
#2452=CARTESIAN_POINT('',(0.000257608444920297,-0.00300366787515747,0.00693056421884723));
#2453=CARTESIAN_POINT('',(0.000257608444909621,-0.00300366787516643,0.00693056421885641));
#2454=CARTESIAN_POINT('',(0.000197739255669129,-0.00305390408977701,0.00693833336871479));
#2455=CARTESIAN_POINT('',(0.000189667270049976,-0.00306067728993291,0.00692233509233419));
#2456=CARTESIAN_POINT('',(0.000241090278824897,-0.00312196084538242,0.00692233509233419));
#2457=CARTESIAN_POINT('',(0.000283353546114186,-0.00308649775338763,0.00685247431455824));
#2458=CARTESIAN_POINT('',(0.000231731913838627,-0.00302538086284424,0.00685286854846449));
#2459=CARTESIAN_POINT('',(0.000231936241634417,-0.00302520941146616,0.00685248219739432));
#2460=CARTESIAN_POINT('',(0.000189667270049975,-0.00306067728993291,0.00692233509233419));
#2461=CARTESIAN_POINT('',(2.42770183982086E-5,-0.00319945618909422,0.0071816226426924));
#2462=CARTESIAN_POINT('',(-8.18002420535259E-5,-0.00328846557921556,0.0071816226426924));
#2463=CARTESIAN_POINT('',(-8.18002420535259E-5,-0.00328846557921556,0.0071816226426924));
#2464=CARTESIAN_POINT('',(2.42770183982086E-5,-0.00319945618909422,0.0071816226426924));
#2465=CARTESIAN_POINT('',(0.000130354278849943,-0.00311044679897287,0.0071816226426924));
#2466=CARTESIAN_POINT('',(0.000130354278849943,-0.00311044679897287,0.0071816226426924));
#2467=CARTESIAN_POINT('',(-8.18002420535259E-5,-0.00328846557921556,0.00673669448613809));
#2468=CARTESIAN_POINT('',(-8.18002420535259E-5,-0.00328846557921556,0.00629176632958379));
#2469=CARTESIAN_POINT('',(-8.18002420535259E-5,-0.00328846557921556,0.00629176632958379));
#2470=CARTESIAN_POINT('',(-8.18002420535259E-5,-0.00328846557921556,0.00673669448613809));
#2471=CARTESIAN_POINT('',(4.56864232854436E-5,-0.00318149156534962,0.00629176632958379));
#2472=CARTESIAN_POINT('',(0.000173173088624413,-0.00307451755148367,0.00629176632958379));
#2473=CARTESIAN_POINT('',(0.000173173088624413,-0.00307451755148367,0.00629176632958379));
#2474=CARTESIAN_POINT('',(4.56864232854436E-5,-0.00318149156534962,0.00629176632958379));
#2475=CARTESIAN_POINT('',(0.000356234689994706,-0.00292091062929113,0.00635993216665711));
#2476=CARTESIAN_POINT('',(0.00040765769876963,-0.00298219418474065,0.00635993216665711));
#2477=CARTESIAN_POINT('',(0.000311277426305832,-0.0029586342526712,0.0063144882752749));
#2478=CARTESIAN_POINT('',(0.000362700435080756,-0.00301991780812072,0.0063144882752749));
#2479=CARTESIAN_POINT('',(0.000250256892515735,-0.00300983656006872,0.00629176632958379));
#2480=CARTESIAN_POINT('',(0.000301679901290659,-0.00307112011551823,0.00629176632958379));
#2481=CARTESIAN_POINT('',(0.000173173088624413,-0.00307451755148367,0.00629176632958379));
#2482=CARTESIAN_POINT('',(0.000224596097399337,-0.00313580110693318,0.00629176632958379));
#2483=CARTESIAN_POINT('',(0.000356234689994706,-0.00292091062929113,0.00635993216665711));
#2484=CARTESIAN_POINT('',(0.000356234689994706,-0.00292091062929113,0.00635993216665711));
#2485=CARTESIAN_POINT('',(0.000356234689994706,-0.00292091062929113,0.00635993216665711));
#2486=CARTESIAN_POINT('',(0.000288798794461396,-0.00297749606436124,0.00629176632958379));
#2487=CARTESIAN_POINT('',(0.000173173088624413,-0.00307451755148367,0.00629176632958379));
#2488=CARTESIAN_POINT('',(0.000250292201214943,-0.00300980693255223,0.006538313865937));
#2489=CARTESIAN_POINT('',(0.000423173596565545,-0.00286474221747613,0.0065492084552303));
#2490=CARTESIAN_POINT('',(0.000423173596564841,-0.00286474221747672,0.0065492084552301));
#2491=CARTESIAN_POINT('',(0.000250292201214943,-0.00300980693255223,0.006538313865937));
#2492=CARTESIAN_POINT('',(0.000246145599598663,-0.00301328634443907,0.00656262392538173));
#2493=CARTESIAN_POINT('',(0.000394950652142702,-0.00288842407973207,0.00668742032391081));
#2494=CARTESIAN_POINT('',(0.000395177795358095,-0.00288823348394381,0.00668762248099696));
#2495=CARTESIAN_POINT('',(0.000246145599598673,-0.00301328634443908,0.00656262392538173));
#2496=CARTESIAN_POINT('',(0.000278496706795507,-0.00298614054232205,0.00656130459121316));
#2497=CARTESIAN_POINT('',(0.000301480562945105,-0.00296685479710389,0.00675725626051981));
#2498=CARTESIAN_POINT('',(0.00030148044321689,-0.00296685489756778,0.00675725612633485));
#2499=CARTESIAN_POINT('',(0.000278496706795507,-0.00298614054232204,0.00656130459121316));
#2500=CARTESIAN_POINT('',(0.000301480323488677,-0.00296685499803169,0.00676103942794999));
#2501=CARTESIAN_POINT('',(0.000301480323488677,-0.00296685499803169,0.00676412300918407));
#2502=CARTESIAN_POINT('',(0.000301480323488676,-0.00296685499803168,0.00676412300918407));
#2503=CARTESIAN_POINT('',(0.000301480323488677,-0.00296685499803169,0.00676103942794999));
#2504=CARTESIAN_POINT('',(0.000284421128976874,-0.00298116936185474,0.00691138257584175));
#2505=CARTESIAN_POINT('',(0.000377718692111513,-0.00290288341103871,0.00682550483386791));
#2506=CARTESIAN_POINT('',(0.00037783058689007,-0.00290278952017129,0.00682540887438045));
#2507=CARTESIAN_POINT('',(0.000284421128976864,-0.00298116936185473,0.00691138257584175));
#2508=CARTESIAN_POINT('',(0.000239723550400093,-0.00301867508355302,0.00694622784761901));
#2509=CARTESIAN_POINT('',(0.000406364028267256,-0.00287884712003547,0.00695648062081594));
#2510=CARTESIAN_POINT('',(0.000406364028267256,-0.00287884712003547,0.00695648062081594));
#2511=CARTESIAN_POINT('',(0.000239723550400087,-0.00301867508355302,0.00694622784761901));
#2512=CARTESIAN_POINT('',(0.000340867660702823,-0.00293380509790224,0.00712777163140447));
#2513=CARTESIAN_POINT('',(0.000392290669477745,-0.00299508865335176,0.00712777163140447));
#2514=CARTESIAN_POINT('',(0.000384531905745778,-0.00289716644599106,0.00709187095721252));
#2515=CARTESIAN_POINT('',(0.0004359549145207,-0.00295845000144058,0.00709187095721252));
#2516=CARTESIAN_POINT('',(0.000406364028267256,-0.00287884712003547,0.00703477395368301));
#2517=CARTESIAN_POINT('',(0.000457787037042178,-0.00294013067548499,0.00703477395368301));
#2518=CARTESIAN_POINT('',(0.000406364028267256,-0.00287884712003547,0.00695648062081594));
#2519=CARTESIAN_POINT('',(0.000457787037042178,-0.00294013067548499,0.00695648062081594));
#2520=CARTESIAN_POINT('',(0.000340867660702823,-0.00293380509790224,0.00712777163140447));
#2521=CARTESIAN_POINT('',(0.000340867660702823,-0.00293380509790224,0.00712777163140447));
#2522=CARTESIAN_POINT('',(0.000340867660702823,-0.00293380509790224,0.00712777163140447));
#2523=CARTESIAN_POINT('',(0.000406364028267256,-0.00287884712003547,0.00707392062011655));
#2524=CARTESIAN_POINT('',(0.000406364028267256,-0.00287884712003547,0.00695648062081594));
#2525=CARTESIAN_POINT('',(0.000159389602144654,-0.0030860832699052,0.0070377525823534));
#2526=CARTESIAN_POINT('',(0.000210812610919561,-0.0031473668253547,0.0070377525823534));
#2527=CARTESIAN_POINT('',(0.000159389602144638,-0.00308608326990518,0.0070377525823534));
#2528=CARTESIAN_POINT('',(0.000130354278849943,-0.00311044679897287,0.0071816226426924));
#2529=CARTESIAN_POINT('',(0.000181777287624867,-0.00317173035442239,0.0071816226426924));
#2530=CARTESIAN_POINT('',(0.000227032288375575,-0.00302932431683696,0.0071816226426924));
#2531=CARTESIAN_POINT('',(0.000278455297150499,-0.00309060787228648,0.0071816226426924));
#2532=CARTESIAN_POINT('',(0.000297203415659868,-0.00297044374981342,0.00716367230559642));
#2533=CARTESIAN_POINT('',(0.000348626424434793,-0.00303172730526294,0.00716367230559642));
#2534=CARTESIAN_POINT('',(0.000340867660702823,-0.00293380509790224,0.00712777163140447));
#2535=CARTESIAN_POINT('',(0.000392290669477748,-0.00299508865335176,0.00712777163140447));
#2536=CARTESIAN_POINT('',(0.000130354278849943,-0.00311044679897287,0.0071816226426924));
#2537=CARTESIAN_POINT('',(0.000275371293138391,-0.002988763075769,0.0071816226426924));
#2538=CARTESIAN_POINT('',(0.000340867660702823,-0.00293380509790224,0.00712777163140447));
#2539=CARTESIAN_POINT('',(0.000109840040717576,-0.00312766028862362,0.00644757395717996));
#2540=CARTESIAN_POINT('',(0.000161263049492499,-0.00318894384407315,0.00644757395717996));
#2541=CARTESIAN_POINT('',(0.000109840040717576,-0.00312766028862362,0.00644757395717996));
#2542=CARTESIAN_POINT('',(0.0012765244494878,-0.00214869583152425,0.00439332267815402));
#2543=CARTESIAN_POINT('',(0.00132794745826272,-0.00220997938697377,0.00439332267815402));
#2544=CARTESIAN_POINT('',(0.00246107011960522,-0.00115474399661608,0.00629176632958379));
#2545=CARTESIAN_POINT('',(0.00254312707213469,-0.00108589003801307,0.00629176632958379));
#2546=CARTESIAN_POINT('',(0.00254312707213469,-0.00108589003801307,0.00629176632958379));
#2547=CARTESIAN_POINT('',(0.00246107011960522,-0.00115474399661608,0.00629176632958379));
#2548=CARTESIAN_POINT('',(0.00237901316707575,-0.00122359795521909,0.00629176632958379));
#2549=CARTESIAN_POINT('',(0.00237901316707575,-0.00122359795521909,0.00629176632958379));
#2550=CARTESIAN_POINT('',(0.00242332392144166,-0.00118641681757346,0.00653979259676344));
#2551=CARTESIAN_POINT('',(0.00230352077074863,-0.00128694359713386,0.00678781886394309));
#2552=CARTESIAN_POINT('',(0.00230352077074863,-0.00128694359713386,0.00678781886394309));
#2553=CARTESIAN_POINT('',(0.00242332392144166,-0.00118641681757346,0.00653979259676344));
#2554=CARTESIAN_POINT('',(0.00242242875468679,-0.00118716795166731,0.00698472075331774));
#2555=CARTESIAN_POINT('',(0.00254133673862495,-0.00108739230620077,0.0071816226426924));
#2556=CARTESIAN_POINT('',(0.00254133673862495,-0.00108739230620077,0.0071816226426924));
#2557=CARTESIAN_POINT('',(0.00242242875468679,-0.00118716795166731,0.00698472075331774));
#2558=CARTESIAN_POINT('',(0.00246114471683479,-0.00115468140210826,0.0071816226426924));
#2559=CARTESIAN_POINT('',(0.00238095269504462,-0.00122197049801574,0.0071816226426924));
#2560=CARTESIAN_POINT('',(0.00238095269504462,-0.00122197049801574,0.0071816226426924));
#2561=CARTESIAN_POINT('',(0.00246114471683479,-0.00115468140210826,0.0071816226426924));
#2562=CARTESIAN_POINT('',(0.00228860132483419,-0.00129946249869804,0.00703039186415687));
#2563=CARTESIAN_POINT('',(0.00219624995462375,-0.00137695449938034,0.00687916108562134));
#2564=CARTESIAN_POINT('',(0.00219624995462375,-0.00137695449938034,0.00687916108562134));
#2565=CARTESIAN_POINT('',(0.00228860132483419,-0.00129946249869804,0.00703039186415687));
#2566=CARTESIAN_POINT('',(0.00216782841015672,-0.00140080300686011,0.00682677077084213));
#2567=CARTESIAN_POINT('',(0.00213940686568969,-0.00142465151433988,0.00677438045606292));
#2568=CARTESIAN_POINT('',(0.00213940686568969,-0.00142465151433988,0.00677438045606292));
#2569=CARTESIAN_POINT('',(0.00216782841015672,-0.00140080300686011,0.00682677077084213));
#2570=CARTESIAN_POINT('',(0.00213940686568969,-0.00142465151433988,0.00697800154937766));
#2571=CARTESIAN_POINT('',(0.00213940686568969,-0.00142465151433988,0.0071816226426924));
#2572=CARTESIAN_POINT('',(0.00213940686568969,-0.00142465151433988,0.0071816226426924));
#2573=CARTESIAN_POINT('',(0.00213940686568969,-0.00142465151433988,0.00697800154937766));
#2574=CARTESIAN_POINT('',(0.00206712215023419,-0.00148530559241835,0.0071816226426924));
#2575=CARTESIAN_POINT('',(0.00199483743477868,-0.00154595967049682,0.0071816226426924));
#2576=CARTESIAN_POINT('',(0.00199483743477868,-0.00154595967049682,0.0071816226426924));
#2577=CARTESIAN_POINT('',(0.00206712215023419,-0.00148530559241835,0.0071816226426924));
#2578=CARTESIAN_POINT('',(0.00199483743477868,-0.00154595967049682,0.00673669448613809));
#2579=CARTESIAN_POINT('',(0.00199483743477868,-0.00154595967049682,0.00629176632958379));
#2580=CARTESIAN_POINT('',(0.00199483743477868,-0.00154595967049682,0.00629176632958379));
#2581=CARTESIAN_POINT('',(0.00199483743477868,-0.00154595967049682,0.00673669448613809));
#2582=CARTESIAN_POINT('',(0.00206712215023419,-0.00148530559241835,0.00629176632958379));
#2583=CARTESIAN_POINT('',(0.00213940686568969,-0.00142465151433988,0.00629176632958379));
#2584=CARTESIAN_POINT('',(0.00213940686568969,-0.00142465151433988,0.00629176632958379));
#2585=CARTESIAN_POINT('',(0.00206712215023419,-0.00148530559241835,0.00629176632958379));
#2586=CARTESIAN_POINT('',(0.00213940686568969,-0.00142465151433988,0.00645059272996463));
#2587=CARTESIAN_POINT('',(0.00213940686568969,-0.00142465151433988,0.00660941913034547));
#2588=CARTESIAN_POINT('',(0.00213940686568969,-0.00142465151433988,0.00660941913034547));
#2589=CARTESIAN_POINT('',(0.00213940686568969,-0.00142465151433988,0.00645059272996463));
#2590=CARTESIAN_POINT('',(0.00216991713258474,-0.00139905036064112,0.00663804878191627));
#2591=CARTESIAN_POINT('',(0.00220042739947979,-0.00137344920694237,0.00666667843348707));
#2592=CARTESIAN_POINT('',(0.00220042739947979,-0.00137344920694237,0.00666667843348707));
#2593=CARTESIAN_POINT('',(0.00216991713258474,-0.00139905036064112,0.00663804878191627));
#2594=CARTESIAN_POINT('',(0.00228972028327777,-0.00129852358108073,0.00647922238153543));
#2595=CARTESIAN_POINT('',(0.00228972028327777,-0.00129852358108073,0.00647922238153543));
#2596=CARTESIAN_POINT('',(0.0012765244494878,-0.00214869583152425,0.00439332267815402));
#2597=CARTESIAN_POINT('',(0.00121872785830902,-0.00219719292986567,0.00614343795020157));
#2598=CARTESIAN_POINT('',(-0.00016758705606161,-0.00336044926320962,0.00614343795020157));
#2599=CARTESIAN_POINT('',(-0.00016758705606161,-0.00336044926320962,0.00614343795020157));
#2600=CARTESIAN_POINT('',(0.00121872785830902,-0.00219719292986567,0.00614343795020157));
#2601=CARTESIAN_POINT('',(0.00260504277267965,-0.0010339365965217,0.00614343795020157));
#2602=CARTESIAN_POINT('',(0.00260504277267965,-0.0010339365965217,0.00614343795020157));
#2603=CARTESIAN_POINT('',(-0.00016758705606161,-0.00336044926320962,0.00607343795020157));
#2604=CARTESIAN_POINT('',(-0.00016758705606161,-0.00336044926320962,0.00600343795020157));
#2605=CARTESIAN_POINT('',(-0.00016758705606161,-0.00336044926320962,0.00600343795020157));
#2606=CARTESIAN_POINT('',(-0.00016758705606161,-0.00336044926320962,0.00607343795020157));
#2607=CARTESIAN_POINT('',(0.00121872785830902,-0.00219719292986567,0.00600343795020157));
#2608=CARTESIAN_POINT('',(0.00260504277267965,-0.0010339365965217,0.00600343795020157));
#2609=CARTESIAN_POINT('',(0.00260504277267965,-0.0010339365965217,0.00600343795020157));
#2610=CARTESIAN_POINT('',(0.00121872785830902,-0.00219719292986567,0.00600343795020157));
#2611=CARTESIAN_POINT('',(0.00260504277267965,-0.0010339365965217,0.00607343795020157));
#2612=CARTESIAN_POINT('',(0.00260504277267965,-0.0010339365965217,0.00607343795020157));
#2613=CARTESIAN_POINT('',(0.0012765244494878,-0.00214869583152425,0.00439332267815402));
#2614=CARTESIAN_POINT('',(-0.00016758705606161,-0.00336044926320962,0.00740754626453771));
#2615=CARTESIAN_POINT('',(-0.000167587056061611,-0.00336044926320962,0.00733754626453771));
#2616=CARTESIAN_POINT('',(-0.000167587056061611,-0.00336044926320962,0.00733754626453771));
#2617=CARTESIAN_POINT('',(-0.00016758705606161,-0.00336044926320962,0.00740754626453771));
#2618=CARTESIAN_POINT('',(-0.000167587056061611,-0.00336044926320962,0.00747754626453771));
#2619=CARTESIAN_POINT('',(-0.000167587056061611,-0.00336044926320962,0.00747754626453771));
#2620=CARTESIAN_POINT('',(0.00121872785830902,-0.00219719292986567,0.00733754626453771));
#2621=CARTESIAN_POINT('',(0.00260504277267966,-0.0010339365965217,0.00733754626453771));
#2622=CARTESIAN_POINT('',(0.00260504277267966,-0.0010339365965217,0.00733754626453771));
#2623=CARTESIAN_POINT('',(0.00121872785830902,-0.00219719292986567,0.00733754626453771));
#2624=CARTESIAN_POINT('',(0.00260504277267966,-0.0010339365965217,0.00740754626453771));
#2625=CARTESIAN_POINT('',(0.00260504277267966,-0.0010339365965217,0.00747754626453771));
#2626=CARTESIAN_POINT('',(0.00260504277267966,-0.0010339365965217,0.00747754626453771));
#2627=CARTESIAN_POINT('',(0.00260504277267966,-0.0010339365965217,0.00740754626453771));
#2628=CARTESIAN_POINT('',(0.00121872785830902,-0.00219719292986567,0.00747754626453771));
#2629=CARTESIAN_POINT('',(0.00121872785830902,-0.00219719292986567,0.00747754626453771));
#2630=CARTESIAN_POINT('',(0.0012765244494878,-0.00214869583152425,0.00439332267815402));
#2631=CARTESIAN_POINT('',(-3856.61387259923,4596.35723807545,0.051679653445083));
#2632=CARTESIAN_POINT('',(0.111836942991431,0.0905180780064256,0.0516796538872992));
#2633=CARTESIAN_POINT('',(0.000944475276495318,-0.0025317507533884,0.00666180944512469));
#2634=CARTESIAN_POINT('',(0.00086728700376814,-0.00259651940456586,0.00698743171607801));
#2635=CARTESIAN_POINT('',(0.000893052267678324,-0.00247046719784732,0.00666180944512469));
#2636=CARTESIAN_POINT('',(0.000893052268441237,-0.00247046719876218,0.00666180944512469));
#2637=CARTESIAN_POINT('',(0.111785519984096,0.0905793615602306,0.0516796538872992));
#2638=CARTESIAN_POINT('',(0.000815864161057611,-0.00253523603726458,0.00698743169585302));
#2639=CARTESIAN_POINT('',(0.000815902818618891,-0.00253520327209863,0.00698744738680067));
#2640=CARTESIAN_POINT('',(0.00080426565080562,-0.00254496801531869,0.00666180944512469));
#2641=CARTESIAN_POINT('',(0.000855688659580543,-0.00260625157076821,0.00666180944512469));
#2642=CARTESIAN_POINT('',(0.000766917956389569,-0.0026807390350751,0.00666180944512469));
#2643=CARTESIAN_POINT('',(0.000715311079535795,-0.00261960976326273,0.00666180944512469));
#2644=CARTESIAN_POINT('',(0.000715494947614646,-0.00261945547962559,0.00666180944512469));
#2645=CARTESIAN_POINT('',(0.00080426565080562,-0.00254496801531869,0.00666180944512469));
#2646=CARTESIAN_POINT('',(-0.00968638318545355,-0.0113476675846341,0.0109441295885686));
#2647=CARTESIAN_POINT('',(-0.0096349601766786,-0.0114089511400836,0.0109441295885686));
#2648=CARTESIAN_POINT('',(0.00085505636849692,-0.00260678212598327,0.0070461972957699));
#2649=CARTESIAN_POINT('',(0.000803633357042561,-0.00254549857278207,0.0070461972958439));
#2650=CARTESIAN_POINT('',(0.000803633359721998,-0.00254549857053375,0.0070461972957699));
#2651=CARTESIAN_POINT('',(-0.00968638318545352,-0.0113476675846341,0.0109441295885686));
#2652=CARTESIAN_POINT('',(0.000952341151506529,-0.00242071791729416,0.00639771551634918));
#2653=CARTESIAN_POINT('',(0.000977032834494943,-0.00239999913520544,0.00629176632958379));
#2654=CARTESIAN_POINT('',(0.000977032834494943,-0.00239999913520544,0.00629176632958379));
#2655=CARTESIAN_POINT('',(0.000952341151506529,-0.00242071791729416,0.00639771551634918));
#2656=CARTESIAN_POINT('',(0.000927649468518116,-0.00244143669938289,0.00650366470311458));
#2657=CARTESIAN_POINT('',(0.000927649468518116,-0.00244143669938289,0.00650366470311458));
#2658=CARTESIAN_POINT('',(0.00105491234216837,-0.0023346504690404,0.00629176632958379));
#2659=CARTESIAN_POINT('',(0.00113279184984179,-0.00226930180287536,0.00629176632958379));
#2660=CARTESIAN_POINT('',(0.00113279184984179,-0.00226930180287536,0.00629176632958379));
#2661=CARTESIAN_POINT('',(0.00105491234216837,-0.0023346504690404,0.00629176632958379));
#2662=CARTESIAN_POINT('',(0.00101201893516433,-0.00237064231103743,0.0067385447017158));
#2663=CARTESIAN_POINT('',(0.000891246020486859,-0.0024719828191995,0.00718532307384781));
#2664=CARTESIAN_POINT('',(0.000891246020486859,-0.0024719828191995,0.00718532307384781));
#2665=CARTESIAN_POINT('',(0.00101201893516433,-0.00237064231103743,0.0067385447017158));
#2666=CARTESIAN_POINT('',(0.000802922900673319,-0.00254609471645946,0.00718532307384781));
#2667=CARTESIAN_POINT('',(0.000714599780859779,-0.00262020661371944,0.00718532307384781));
#2668=CARTESIAN_POINT('',(0.000714599780859779,-0.00262020661371944,0.00718532307384781));
#2669=CARTESIAN_POINT('',(0.000802922900673319,-0.00254609471645946,0.00718532307384781));
#2670=CARTESIAN_POINT('',(0.000594274449559746,-0.00272117155483458,0.0067385447017158));
#2671=CARTESIAN_POINT('',(0.000473949118259712,-0.00282213649594972,0.00629176632958379));
#2672=CARTESIAN_POINT('',(0.000473949118259712,-0.00282213649594972,0.00629176632958379));
#2673=CARTESIAN_POINT('',(0.000594274449559746,-0.00272117155483458,0.0067385447017158));
#2674=CARTESIAN_POINT('',(0.000551828625933137,-0.00275678782978468,0.00629176632958379));
#2675=CARTESIAN_POINT('',(0.000629708133606563,-0.00269143916361964,0.00629176632958379));
#2676=CARTESIAN_POINT('',(0.000629708133606563,-0.00269143916361964,0.00629176632958379));
#2677=CARTESIAN_POINT('',(0.000551828625933137,-0.00275678782978468,0.00629176632958379));
#2678=CARTESIAN_POINT('',(0.000654399816594977,-0.00267072038153092,0.00639771551634918));
#2679=CARTESIAN_POINT('',(0.00067909149958339,-0.00265000159944219,0.00650366470311458));
#2680=CARTESIAN_POINT('',(0.00067909149958339,-0.00265000159944219,0.00650366470311458));
#2681=CARTESIAN_POINT('',(0.000654399816594977,-0.00267072038153092,0.00639771551634918));
#2682=CARTESIAN_POINT('',(0.000803370484050753,-0.00254571914941254,0.00650366470311458));
#2683=CARTESIAN_POINT('',(0.000803370484050753,-0.00254571914941254,0.00650366470311458));
#2684=CARTESIAN_POINT('',(0.00151623811079895,-0.00194755218672976,0.00726892879094292));
#2685=CARTESIAN_POINT('',(0.00156766111957394,-0.00200883574217936,0.00726892879094292));
#2686=CARTESIAN_POINT('',(0.00151623811079902,-0.00194755218672985,0.00726892879094292));
#2687=CARTESIAN_POINT('',(0.0012765244494878,-0.00214869583152425,0.00439332267815402));
#2688=CARTESIAN_POINT('',(0.00132794745826272,-0.00220997938697377,0.00439332267815402));
#2689=CARTESIAN_POINT('',(0.00132794745826272,-0.00220997938697377,0.00439332267815402));
#2690=MECHANICAL_DESIGN_GEOMETRIC_PRESENTATION_REPRESENTATION('',(#1631),
#2691);
#2691=(
GEOMETRIC_REPRESENTATION_CONTEXT(3)
GLOBAL_UNCERTAINTY_ASSIGNED_CONTEXT((#2692))
GLOBAL_UNIT_ASSIGNED_CONTEXT((#2695,#2694,#2693))
REPRESENTATION_CONTEXT('Part 2','TOP_LEVEL_ASSEMBLY_PART')
);
#2692=UNCERTAINTY_MEASURE_WITH_UNIT(LENGTH_MEASURE(2.E-5),#2695,
'DISTANCE_ACCURACY_VALUE','Maximum Tolerance applied to model');
#2693=(
NAMED_UNIT(*)
SI_UNIT($,.STERADIAN.)
SOLID_ANGLE_UNIT()
);
#2694=(
NAMED_UNIT(*)
PLANE_ANGLE_UNIT()
SI_UNIT($,.RADIAN.)
);
#2695=(
LENGTH_UNIT()
NAMED_UNIT(*)
SI_UNIT($,.METRE.)
);
#2696=PRODUCT_DEFINITION_SHAPE('','',#2697);
#2697=PRODUCT_DEFINITION('','',#2699,#2698);
#2698=PRODUCT_DEFINITION_CONTEXT('',#2705,'design');
#2699=PRODUCT_DEFINITION_FORMATION_WITH_SPECIFIED_SOURCE('','',#2701,
 .NOT_KNOWN.);
#2700=PRODUCT_RELATED_PRODUCT_CATEGORY('','',(#2701));
#2701=PRODUCT('Part 2','Part 2','Part 2',(#2703));
#2702=PRODUCT_CATEGORY('','');
#2703=PRODUCT_CONTEXT('',#2705,'mechanical');
#2704=APPLICATION_PROTOCOL_DEFINITION('international standard',
'ap242_managed_model_based_3d_engineering',2020,#2705);
#2705=APPLICATION_CONTEXT('managed model based 3d engineering');
ENDSEC;
END-ISO-10303-21;
