ISO-10303-21;
HEADER;
/* Generated by software containing ST-Developer
 * from STEP Tools, Inc. (www.steptools.com) 
 */
/* OPTION: using custom renumber hook */

FILE_DESCRIPTION(
/* description */ ('STEP AP242 Edition 2',
'CAx-IF Rec.Pracs.---Representation and Presentation of Product Manufa
cturing Information (PMI)---4.0---2014-10-13',
'CAx-IF Rec.Pracs.---3D Tessellated Geometry---0.4---2014-09-14','2;1',
'CAx-IF Rec.Pracs.---User Defined Attributes---1.5---2016-08-15'),
/* implementation_level */ '2;1');

FILE_NAME(
/* name */ 'fan - Part 1',
/* time_stamp */ '2026-09-07T14:06:56Z',
/* author */ (''),
/* organization */ (''),
/* preprocessor_version */ 'ST-DEVELOPER v20',
/* originating_system */ 'ONSHAPE BY PTC INC, 1.220',
/* authorisation */ '  ');

FILE_SCHEMA (('AP242_MANAGED_MODEL_BASED_3D_ENGINEERING_MIM_LF { 1 0 10303 442 3 1 4 }'));
ENDSEC;

DATA;
#10=SHAPE_REPRESENTATION_RELATIONSHIP('','',#1663,#11);
#11=ADVANCED_BREP_SHAPE_REPRESENTATION('',(#1661),#5476);
#12=SPHERICAL_SURFACE('',#1683,0.00969419247061014);
#13=LINE('',#2198,#71);
#14=LINE('',#2212,#72);
#15=LINE('',#2264,#73);
#16=LINE('',#2278,#74);
#17=LINE('',#2330,#75);
#18=LINE('',#2344,#76);
#19=LINE('',#2396,#77);
#20=LINE('',#2410,#78);
#21=LINE('',#2462,#79);
#22=LINE('',#2476,#80);
#23=LINE('',#2528,#81);
#24=LINE('',#2542,#82);
#25=LINE('',#2594,#83);
#26=LINE('',#2608,#84);
#27=LINE('',#2660,#85);
#28=LINE('',#2674,#86);
#29=LINE('',#2726,#87);
#30=LINE('',#2740,#88);
#31=LINE('',#2758,#89);
#32=LINE('',#2763,#90);
#33=LINE('',#2766,#91);
#34=LINE('',#2771,#92);
#35=LINE('',#2774,#93);
#36=LINE('',#2779,#94);
#37=LINE('',#2782,#95);
#38=LINE('',#2787,#96);
#39=LINE('',#2799,#97);
#40=LINE('',#2809,#98);
#41=LINE('',#2872,#99);
#42=LINE('',#2874,#100);
#43=LINE('',#2876,#101);
#44=LINE('',#2882,#102);
#45=LINE('',#2884,#103);
#46=LINE('',#2891,#104);
#47=LINE('',#3134,#105);
#48=LINE('',#3144,#106);
#49=LINE('',#3146,#107);
#50=LINE('',#3148,#108);
#51=LINE('',#3150,#109);
#52=LINE('',#3157,#110);
#53=LINE('',#3159,#111);
#54=LINE('',#3166,#112);
#55=LINE('',#3469,#113);
#56=LINE('',#3479,#114);
#57=LINE('',#3481,#115);
#58=LINE('',#3483,#116);
#59=LINE('',#3485,#117);
#60=LINE('',#3492,#118);
#61=LINE('',#3494,#119);
#62=LINE('',#3501,#120);
#63=LINE('',#3810,#121);
#64=LINE('',#3820,#122);
#65=LINE('',#3822,#123);
#66=LINE('',#3824,#124);
#67=LINE('',#3826,#125);
#68=LINE('',#3833,#126);
#69=LINE('',#3835,#127);
#70=LINE('',#3842,#128);
#71=VECTOR('',#1738,1.);
#72=VECTOR('',#1739,1.);
#73=VECTOR('',#1742,1.);
#74=VECTOR('',#1743,1.);
#75=VECTOR('',#1746,1.);
#76=VECTOR('',#1747,1.);
#77=VECTOR('',#1750,1.);
#78=VECTOR('',#1751,1.);
#79=VECTOR('',#1754,1.);
#80=VECTOR('',#1755,1.);
#81=VECTOR('',#1758,1.);
#82=VECTOR('',#1759,1.);
#83=VECTOR('',#1762,1.);
#84=VECTOR('',#1763,1.);
#85=VECTOR('',#1766,1.);
#86=VECTOR('',#1767,1.);
#87=VECTOR('',#1770,1.);
#88=VECTOR('',#1771,1.);
#89=VECTOR('',#1780,1.);
#90=VECTOR('',#1783,1.);
#91=VECTOR('',#1786,1.);
#92=VECTOR('',#1789,1.);
#93=VECTOR('',#1792,1.);
#94=VECTOR('',#1795,1.);
#95=VECTOR('',#1798,1.);
#96=VECTOR('',#1801,1.);
#97=VECTOR('',#1806,1.);
#98=VECTOR('',#1809,1.);
#99=VECTOR('',#1810,1.);
#100=VECTOR('',#1813,1.);
#101=VECTOR('',#1814,1.);
#102=VECTOR('',#1817,1.);
#103=VECTOR('',#1818,1.);
#104=VECTOR('',#1819,1.);
#105=VECTOR('',#1826,1.);
#106=VECTOR('',#1829,1.);
#107=VECTOR('',#1832,1.);
#108=VECTOR('',#1833,1.);
#109=VECTOR('',#1834,1.);
#110=VECTOR('',#1837,1.);
#111=VECTOR('',#1838,1.);
#112=VECTOR('',#1839,1.);
#113=VECTOR('',#1846,1.);
#114=VECTOR('',#1849,1.);
#115=VECTOR('',#1852,1.);
#116=VECTOR('',#1853,1.);
#117=VECTOR('',#1854,1.);
#118=VECTOR('',#1857,1.);
#119=VECTOR('',#1858,1.);
#120=VECTOR('',#1859,1.);
#121=VECTOR('',#1866,1.);
#122=VECTOR('',#1869,1.);
#123=VECTOR('',#1872,1.);
#124=VECTOR('',#1873,1.);
#125=VECTOR('',#1874,1.);
#126=VECTOR('',#1877,1.);
#127=VECTOR('',#1878,1.);
#128=VECTOR('',#1879,1.);
#129=B_SPLINE_CURVE_WITH_KNOTS('',3,(#2006,#2007,#2008,#2009,#2010,#2011,
#2012,#2013,#2014,#2015,#2016),.UNSPECIFIED.,.F.,.F.,(4,1,1,1,1,1,1,1,4),
(0.,0.14682270750338,0.27791638895702,0.398398244220383,0.499091665381534,
0.588810720319175,0.726187317440013,0.854182849570212,1.),.UNSPECIFIED.);
#130=B_SPLINE_CURVE_WITH_KNOTS('',3,(#2019,#2020,#2021,#2022),
 .UNSPECIFIED.,.F.,.F.,(4,4),(0.,1.),.PIECEWISE_BEZIER_KNOTS.);
#131=B_SPLINE_CURVE_WITH_KNOTS('',3,(#2023,#2024,#2025,#2026,#2027,#2028,
#2029,#2030,#2031,#2032,#2033),.UNSPECIFIED.,.F.,.F.,(4,1,1,1,1,1,1,1,4),
(0.,0.14682270750338,0.27791638895702,0.398398244220382,0.499091665381534,
0.588810720319175,0.726187317440013,0.854182849570212,1.),.UNSPECIFIED.);
#132=B_SPLINE_CURVE_WITH_KNOTS('',3,(#2036,#2037,#2038,#2039),
 .UNSPECIFIED.,.F.,.F.,(4,4),(0.,1.),.PIECEWISE_BEZIER_KNOTS.);
#133=B_SPLINE_CURVE_WITH_KNOTS('',3,(#2040,#2041,#2042,#2043,#2044,#2045,
#2046,#2047,#2048,#2049,#2050),.UNSPECIFIED.,.F.,.F.,(4,1,1,1,1,1,1,1,4),
(0.,0.14682270750338,0.27791638895702,0.398398244220383,0.499091665381534,
0.588810720319175,0.726187317440013,0.854182849570212,1.),.UNSPECIFIED.);
#134=B_SPLINE_CURVE_WITH_KNOTS('',3,(#2053,#2054,#2055,#2056),
 .UNSPECIFIED.,.F.,.F.,(4,4),(0.,1.),.PIECEWISE_BEZIER_KNOTS.);
#135=B_SPLINE_CURVE_WITH_KNOTS('',3,(#2057,#2058,#2059,#2060,#2061,#2062,
#2063,#2064,#2065,#2066,#2067),.UNSPECIFIED.,.F.,.F.,(4,1,1,1,1,1,1,1,4),
(0.,0.14682270750338,0.27791638895702,0.398398244220383,0.499091665381534,
0.588810720319175,0.726187317440013,0.854182849570212,1.),.UNSPECIFIED.);
#136=B_SPLINE_CURVE_WITH_KNOTS('',3,(#2070,#2071,#2072,#2073),
 .UNSPECIFIED.,.F.,.F.,(4,4),(0.,1.),.PIECEWISE_BEZIER_KNOTS.);
#137=B_SPLINE_CURVE_WITH_KNOTS('',3,(#2074,#2075,#2076,#2077,#2078,#2079,
#2080,#2081,#2082,#2083,#2084),.UNSPECIFIED.,.F.,.F.,(4,1,1,1,1,1,1,1,4),
(0.,0.14682270750338,0.27791638895702,0.398398244220383,0.499091665381534,
0.588810720319175,0.726187317440013,0.854182849570212,1.),.UNSPECIFIED.);
#138=B_SPLINE_CURVE_WITH_KNOTS('',3,(#2087,#2088,#2089,#2090),
 .UNSPECIFIED.,.F.,.F.,(4,4),(0.,1.),.PIECEWISE_BEZIER_KNOTS.);
#139=B_SPLINE_CURVE_WITH_KNOTS('',3,(#2091,#2092,#2093,#2094,#2095,#2096,
#2097,#2098,#2099,#2100,#2101),.UNSPECIFIED.,.F.,.F.,(4,1,1,1,1,1,1,1,4),
(0.,0.14682270750338,0.27791638895702,0.398398244220383,0.499091665381534,
0.588810720319175,0.726187317440012,0.854182849570212,1.),.UNSPECIFIED.);
#140=B_SPLINE_CURVE_WITH_KNOTS('',3,(#2104,#2105,#2106,#2107),
 .UNSPECIFIED.,.F.,.F.,(4,4),(0.,1.),.PIECEWISE_BEZIER_KNOTS.);
#141=B_SPLINE_CURVE_WITH_KNOTS('',3,(#2108,#2109,#2110,#2111,#2112,#2113,
#2114,#2115,#2116,#2117,#2118),.UNSPECIFIED.,.F.,.F.,(4,1,1,1,1,1,1,1,4),
(0.,0.14682270750338,0.27791638895702,0.398398244220383,0.499091665381534,
0.588810720319175,0.726187317440013,0.854182849570212,1.),.UNSPECIFIED.);
#142=B_SPLINE_CURVE_WITH_KNOTS('',3,(#2121,#2122,#2123,#2124),
 .UNSPECIFIED.,.F.,.F.,(4,4),(0.,1.),.PIECEWISE_BEZIER_KNOTS.);
#143=B_SPLINE_CURVE_WITH_KNOTS('',3,(#2125,#2126,#2127,#2128,#2129,#2130,
#2131,#2132,#2133,#2134,#2135),.UNSPECIFIED.,.F.,.F.,(4,1,1,1,1,1,1,1,4),
(0.,0.14682270750338,0.27791638895702,0.398398244220383,0.499091665381534,
0.588810720319174,0.726187317440013,0.854182849570212,1.),.UNSPECIFIED.);
#144=B_SPLINE_CURVE_WITH_KNOTS('',3,(#2138,#2139,#2140,#2141),
 .UNSPECIFIED.,.F.,.F.,(4,4),(0.,1.),.PIECEWISE_BEZIER_KNOTS.);
#145=B_SPLINE_CURVE_WITH_KNOTS('',3,(#2142,#2143,#2144,#2145,#2146,#2147,
#2148,#2149,#2150,#2151,#2152),.UNSPECIFIED.,.F.,.F.,(4,1,1,1,1,1,1,1,4),
(0.,0.14682270750338,0.27791638895702,0.398398244220383,0.499091665381534,
0.588810720319175,0.726187317440013,0.854182849570212,1.),.UNSPECIFIED.);
#146=B_SPLINE_CURVE_WITH_KNOTS('',3,(#2155,#2156,#2157,#2158),
 .UNSPECIFIED.,.F.,.F.,(4,4),(0.,1.),.PIECEWISE_BEZIER_KNOTS.);
#147=B_SPLINE_CURVE_WITH_KNOTS('',3,(#2200,#2201,#2202,#2203,#2204,#2205,
#2206,#2207,#2208,#2209,#2210),.UNSPECIFIED.,.F.,.F.,(4,1,1,1,1,1,1,1,4),
(0.,0.14682270750338,0.27791638895702,0.398398244220383,0.499091665381534,
0.588810720319175,0.726187317440013,0.854182849570212,1.),.UNSPECIFIED.);
#148=B_SPLINE_CURVE_WITH_KNOTS('',3,(#2221,#2222,#2223,#2224),
 .UNSPECIFIED.,.F.,.F.,(4,4),(0.,1.),.PIECEWISE_BEZIER_KNOTS.);
#149=B_SPLINE_CURVE_WITH_KNOTS('',3,(#2266,#2267,#2268,#2269,#2270,#2271,
#2272,#2273,#2274,#2275,#2276),.UNSPECIFIED.,.F.,.F.,(4,1,1,1,1,1,1,1,4),
(0.,0.14682270750338,0.27791638895702,0.398398244220383,0.499091665381534,
0.588810720319174,0.726187317440013,0.854182849570212,1.),.UNSPECIFIED.);
#150=B_SPLINE_CURVE_WITH_KNOTS('',3,(#2287,#2288,#2289,#2290),
 .UNSPECIFIED.,.F.,.F.,(4,4),(0.,1.),.PIECEWISE_BEZIER_KNOTS.);
#151=B_SPLINE_CURVE_WITH_KNOTS('',3,(#2332,#2333,#2334,#2335,#2336,#2337,
#2338,#2339,#2340,#2341,#2342),.UNSPECIFIED.,.F.,.F.,(4,1,1,1,1,1,1,1,4),
(0.,0.14682270750338,0.27791638895702,0.398398244220383,0.499091665381534,
0.588810720319175,0.726187317440013,0.854182849570212,1.),.UNSPECIFIED.);
#152=B_SPLINE_CURVE_WITH_KNOTS('',3,(#2353,#2354,#2355,#2356),
 .UNSPECIFIED.,.F.,.F.,(4,4),(0.,1.),.PIECEWISE_BEZIER_KNOTS.);
#153=B_SPLINE_CURVE_WITH_KNOTS('',3,(#2398,#2399,#2400,#2401,#2402,#2403,
#2404,#2405,#2406,#2407,#2408),.UNSPECIFIED.,.F.,.F.,(4,1,1,1,1,1,1,1,4),
(0.,0.14682270750338,0.27791638895702,0.398398244220383,0.499091665381534,
0.588810720319175,0.726187317440012,0.854182849570212,1.),.UNSPECIFIED.);
#154=B_SPLINE_CURVE_WITH_KNOTS('',3,(#2419,#2420,#2421,#2422),
 .UNSPECIFIED.,.F.,.F.,(4,4),(0.,1.),.PIECEWISE_BEZIER_KNOTS.);
#155=B_SPLINE_CURVE_WITH_KNOTS('',3,(#2464,#2465,#2466,#2467,#2468,#2469,
#2470,#2471,#2472,#2473,#2474),.UNSPECIFIED.,.F.,.F.,(4,1,1,1,1,1,1,1,4),
(0.,0.14682270750338,0.27791638895702,0.398398244220383,0.499091665381534,
0.588810720319175,0.726187317440013,0.854182849570212,1.),.UNSPECIFIED.);
#156=B_SPLINE_CURVE_WITH_KNOTS('',3,(#2485,#2486,#2487,#2488),
 .UNSPECIFIED.,.F.,.F.,(4,4),(0.,1.),.PIECEWISE_BEZIER_KNOTS.);
#157=B_SPLINE_CURVE_WITH_KNOTS('',3,(#2530,#2531,#2532,#2533,#2534,#2535,
#2536,#2537,#2538,#2539,#2540),.UNSPECIFIED.,.F.,.F.,(4,1,1,1,1,1,1,1,4),
(0.,0.14682270750338,0.27791638895702,0.398398244220383,0.499091665381534,
0.588810720319175,0.726187317440013,0.854182849570212,1.),.UNSPECIFIED.);
#158=B_SPLINE_CURVE_WITH_KNOTS('',3,(#2551,#2552,#2553,#2554),
 .UNSPECIFIED.,.F.,.F.,(4,4),(0.,1.),.PIECEWISE_BEZIER_KNOTS.);
#159=B_SPLINE_CURVE_WITH_KNOTS('',3,(#2596,#2597,#2598,#2599,#2600,#2601,
#2602,#2603,#2604,#2605,#2606),.UNSPECIFIED.,.F.,.F.,(4,1,1,1,1,1,1,1,4),
(0.,0.14682270750338,0.27791638895702,0.398398244220383,0.499091665381534,
0.588810720319175,0.726187317440013,0.854182849570212,1.),.UNSPECIFIED.);
#160=B_SPLINE_CURVE_WITH_KNOTS('',3,(#2617,#2618,#2619,#2620),
 .UNSPECIFIED.,.F.,.F.,(4,4),(0.,1.),.PIECEWISE_BEZIER_KNOTS.);
#161=B_SPLINE_CURVE_WITH_KNOTS('',3,(#2662,#2663,#2664,#2665,#2666,#2667,
#2668,#2669,#2670,#2671,#2672),.UNSPECIFIED.,.F.,.F.,(4,1,1,1,1,1,1,1,4),
(0.,0.14682270750338,0.27791638895702,0.398398244220382,0.499091665381534,
0.588810720319175,0.726187317440013,0.854182849570212,1.),.UNSPECIFIED.);
#162=B_SPLINE_CURVE_WITH_KNOTS('',3,(#2683,#2684,#2685,#2686),
 .UNSPECIFIED.,.F.,.F.,(4,4),(0.,1.),.PIECEWISE_BEZIER_KNOTS.);
#163=B_SPLINE_CURVE_WITH_KNOTS('',3,(#2728,#2729,#2730,#2731,#2732,#2733,
#2734,#2735,#2736,#2737,#2738),.UNSPECIFIED.,.F.,.F.,(4,1,1,1,1,1,1,1,4),
(0.,0.14682270750338,0.27791638895702,0.398398244220383,0.499091665381534,
0.588810720319175,0.726187317440013,0.854182849570212,1.),.UNSPECIFIED.);
#164=B_SPLINE_CURVE_WITH_KNOTS('',3,(#2749,#2750,#2751,#2752),
 .UNSPECIFIED.,.F.,.F.,(4,4),(0.,1.),.PIECEWISE_BEZIER_KNOTS.);
#165=B_SPLINE_CURVE_WITH_KNOTS('',2,(#2791,#2792,#2793),.UNSPECIFIED.,.F.,
 .F.,(3,3),(0.,1.),.PIECEWISE_BEZIER_KNOTS.);
#166=B_SPLINE_CURVE_WITH_KNOTS('',2,(#2795,#2796,#2797),.UNSPECIFIED.,.F.,
 .F.,(3,3),(0.,1.),.PIECEWISE_BEZIER_KNOTS.);
#167=B_SPLINE_CURVE_WITH_KNOTS('',2,(#2801,#2802,#2803),.UNSPECIFIED.,.F.,
 .F.,(3,3),(0.,1.),.PIECEWISE_BEZIER_KNOTS.);
#168=B_SPLINE_CURVE_WITH_KNOTS('',2,(#2805,#2806,#2807),.UNSPECIFIED.,.F.,
 .F.,(3,3),(0.,1.),.PIECEWISE_BEZIER_KNOTS.);
#169=B_SPLINE_CURVE_WITH_KNOTS('',3,(#2840,#2841,#2842,#2843,#2844,#2845,
#2846,#2847),.UNSPECIFIED.,.F.,.F.,(4,1,1,1,1,4),(0.,0.0914417350272047,
0.220681163803806,0.432719597796888,0.836147903415512,1.),.UNSPECIFIED.);
#170=B_SPLINE_CURVE_WITH_KNOTS('',3,(#2850,#2851,#2852,#2853),
 .UNSPECIFIED.,.F.,.F.,(4,4),(0.,1.),.UNSPECIFIED.);
#171=B_SPLINE_CURVE_WITH_KNOTS('',3,(#2855,#2856,#2857,#2858,#2859,#2860,
#2861,#2862,#2863,#2864,#2865,#2866,#2867,#2868,#2869,#2870),
 .UNSPECIFIED.,.F.,.F.,(4,1,1,1,1,1,1,1,1,1,1,1,1,4),(0.0613613616743697,
0.120026276569722,0.178691191465073,0.296021021255777,0.413350851046481,
0.472015765941833,0.530680680837185,0.589345595732537,0.648010510627889,
0.765340340418592,0.824005255313944,0.882670170209296,0.941335085104648,
1.),.UNSPECIFIED.);
#172=B_SPLINE_CURVE_WITH_KNOTS('',3,(#2877,#2878,#2879,#2880),
 .UNSPECIFIED.,.F.,.F.,(4,4),(1.31021786921181E-6,0.00093571329106148),
 .UNSPECIFIED.);
#173=B_SPLINE_CURVE_WITH_KNOTS('',3,(#2886,#2887,#2888,#2889),
 .UNSPECIFIED.,.F.,.F.,(4,4),(8.95682314750486E-9,0.000721267986647861),
 .UNSPECIFIED.);
#174=B_SPLINE_CURVE_WITH_KNOTS('',3,(#2924,#2925,#2926,#2927),
 .UNSPECIFIED.,.F.,.F.,(4,4),(0.,0.42261944194843),.UNSPECIFIED.);
#175=B_SPLINE_CURVE_WITH_KNOTS('',3,(#2930,#2931,#2932,#2933,#2934,#2935,
#2936,#2937,#2938,#2939,#2940,#2941,#2942,#2943),.UNSPECIFIED.,.F.,.F.,
(4,1,1,1,1,1,1,1,1,1,1,4),(0.,0.0625,0.125,0.1875,0.25,0.375,0.5,0.5625,
0.625,0.75,0.875,1.),.UNSPECIFIED.);
#176=B_SPLINE_CURVE_WITH_KNOTS('',3,(#2944,#2945,#2946,#2947,#2948,#2949,
#2950,#2951),.UNSPECIFIED.,.F.,.F.,(4,1,1,1,1,4),(0.,0.149124492672103,
0.552643703228785,0.763664708676509,0.892942674169542,1.),.UNSPECIFIED.);
#177=B_SPLINE_CURVE_WITH_KNOTS('',3,(#2953,#2954,#2955,#2956,#2957,#2958,
#2959,#2960,#2961,#2962,#2963,#2964,#2965,#2966,#2967,#2968,#2969,#2970,
#2971,#2972,#2973,#2974,#2975,#2976,#2977,#2978,#2979,#2980,#2981,#2982,
#2983,#2984,#2985,#2986,#2987,#2988,#2989,#2990,#2991,#2992,#2993,#2994,
#2995,#2996,#2997,#2998,#2999,#3000,#3001,#3002,#3003,#3004,#3005,#3006,
#3007,#3008,#3009,#3010,#3011,#3012,#3013,#3014,#3015,#3016,#3017,#3018,
#3019,#3020,#3021,#3022,#3023,#3024,#3025,#3026,#3027,#3028,#3029,#3030,
#3031,#3032,#3033,#3034,#3035,#3036,#3037,#3038,#3039),.UNSPECIFIED.,.F.,
 .F.,(4,1,1,1,1,1,1,1,1,1,1,1,1,1,1,1,1,1,1,1,1,1,1,1,1,1,1,1,1,1,1,1,1,
1,1,1,1,1,1,1,1,1,1,1,1,1,1,1,1,1,1,1,1,1,1,1,1,1,1,1,1,1,1,1,1,1,1,1,1,
1,1,1,1,1,1,1,1,1,1,1,1,1,1,1,4),(0.,0.0078125,0.01171875,0.015625,0.0234375,
0.03125,0.0390625,0.046875,0.0546875,0.05859375,0.0625,0.06640625,0.0703125,
0.078125,0.09375,0.109375,0.1171875,0.12109375,0.125,0.12890625,0.1328125,
0.140625,0.15625,0.171875,0.1875,0.21875,0.234375,0.2421875,0.25,0.2578125,
0.265625,0.28125,0.3125,0.34375,0.375,0.40625,0.4375,0.46875,0.484375,0.4921875,
0.5,0.5078125,0.515625,0.53125,0.5625,0.59375,0.625,0.65625,0.6875,0.703125,
0.71875,0.734375,0.7421875,0.74609375,0.75,0.75390625,0.7578125,0.765625,
0.78125,0.796875,0.8125,0.84375,0.859375,0.8671875,0.87109375,0.875,0.87890625,
0.8828125,0.890625,0.8984375,0.90625,0.9140625,0.921875,0.9296875,0.93359375,
0.935546875,0.9375,0.939453125,0.94140625,0.9453125,0.953125,0.9609375,
0.96875,0.984375,1.),.UNSPECIFIED.);
#178=B_SPLINE_CURVE_WITH_KNOTS('',3,(#3041,#3042,#3043,#3044,#3045,#3046,
#3047,#3048,#3049,#3050,#3051,#3052,#3053,#3054,#3055,#3056,#3057,#3058,
#3059,#3060,#3061,#3062,#3063,#3064,#3065,#3066,#3067,#3068,#3069,#3070,
#3071,#3072,#3073,#3074,#3075,#3076,#3077,#3078,#3079,#3080,#3081,#3082,
#3083,#3084,#3085,#3086,#3087,#3088,#3089,#3090,#3091,#3092,#3093,#3094,
#3095,#3096,#3097,#3098,#3099,#3100,#3101,#3102,#3103,#3104,#3105,#3106,
#3107,#3108,#3109,#3110,#3111,#3112,#3113,#3114,#3115,#3116,#3117,#3118,
#3119,#3120,#3121,#3122,#3123,#3124),.UNSPECIFIED.,.F.,.F.,(4,1,1,1,1,1,
1,1,1,1,1,1,1,1,1,1,1,1,1,1,1,1,1,1,1,1,1,1,1,1,1,1,1,1,1,1,1,1,1,1,1,1,
1,1,1,1,1,1,1,1,1,1,1,1,1,1,1,1,1,1,1,1,1,1,1,1,1,1,1,1,1,1,1,1,1,1,1,1,
1,1,1,4),(0.,0.0078125,0.01171875,0.015625,0.0234375,0.02734375,0.03125,
0.03515625,0.0390625,0.046875,0.0546875,0.0625,0.0703125,0.078125,0.09375,
0.109375,0.125,0.140625,0.15625,0.1875,0.21875,0.234375,0.2421875,0.25,
0.2578125,0.265625,0.28125,0.3125,0.34375,0.375,0.40625,0.4375,0.453125,
0.46875,0.484375,0.4921875,0.49609375,0.5,0.50390625,0.5078125,0.515625,
0.53125,0.546875,0.5625,0.59375,0.625,0.65625,0.6875,0.703125,0.71875,0.734375,
0.7421875,0.74609375,0.75,0.75390625,0.7578125,0.765625,0.78125,0.796875,
0.8125,0.84375,0.859375,0.8671875,0.875,0.8828125,0.890625,0.8984375,0.90625,
0.9140625,0.921875,0.9296875,0.93359375,0.935546875,0.9375,0.939453125,
0.94140625,0.9453125,0.953125,0.9609375,0.96875,0.984375,1.),
 .UNSPECIFIED.);
#179=B_SPLINE_CURVE_WITH_KNOTS('',2,(#3126,#3127,#3128),.UNSPECIFIED.,.F.,
 .F.,(3,3),(0.,1.),.PIECEWISE_BEZIER_KNOTS.);
#180=B_SPLINE_CURVE_WITH_KNOTS('',2,(#3130,#3131,#3132),.UNSPECIFIED.,.F.,
 .F.,(3,3),(0.,1.),.PIECEWISE_BEZIER_KNOTS.);
#181=B_SPLINE_CURVE_WITH_KNOTS('',2,(#3136,#3137,#3138),.UNSPECIFIED.,.F.,
 .F.,(3,3),(0.,1.),.PIECEWISE_BEZIER_KNOTS.);
#182=B_SPLINE_CURVE_WITH_KNOTS('',2,(#3140,#3141,#3142),.UNSPECIFIED.,.F.,
 .F.,(3,3),(0.,1.),.PIECEWISE_BEZIER_KNOTS.);
#183=B_SPLINE_CURVE_WITH_KNOTS('',3,(#3152,#3153,#3154,#3155),
 .UNSPECIFIED.,.F.,.F.,(4,4),(1.31021787062581E-6,0.000935713291061477),
 .UNSPECIFIED.);
#184=B_SPLINE_CURVE_WITH_KNOTS('',3,(#3161,#3162,#3163,#3164),
 .UNSPECIFIED.,.F.,.F.,(4,4),(8.95682360319984E-9,0.00072126798664787),
 .UNSPECIFIED.);
#185=B_SPLINE_CURVE_WITH_KNOTS('',3,(#3199,#3200,#3201,#3202),
 .UNSPECIFIED.,.F.,.F.,(4,4),(0.,0.422619441965592),.UNSPECIFIED.);
#186=B_SPLINE_CURVE_WITH_KNOTS('',3,(#3205,#3206,#3207,#3208,#3209,#3210,
#3211,#3212,#3213,#3214,#3215,#3216,#3217,#3218),.UNSPECIFIED.,.F.,.F.,
(4,1,1,1,1,1,1,1,1,1,1,4),(0.,0.0625,0.125,0.1875,0.25,0.375,0.5,0.5625,
0.625,0.75,0.875,1.),.UNSPECIFIED.);
#187=B_SPLINE_CURVE_WITH_KNOTS('',3,(#3219,#3220,#3221,#3222,#3223,#3224,
#3225,#3226),.UNSPECIFIED.,.F.,.F.,(4,1,1,1,1,4),(0.,0.149124492672103,
0.552643703228785,0.763664708676509,0.892942674169541,1.),.UNSPECIFIED.);
#188=B_SPLINE_CURVE_WITH_KNOTS('',3,(#3257,#3258,#3259,#3260,#3261,#3262,
#3263,#3264),.UNSPECIFIED.,.F.,.F.,(4,1,1,1,1,4),(0.,0.0914417350272047,
0.220681163803806,0.432719597796888,0.836147903415512,1.),.UNSPECIFIED.);
#189=B_SPLINE_CURVE_WITH_KNOTS('',3,(#3266,#3267,#3268,#3269),
 .UNSPECIFIED.,.F.,.F.,(4,4),(0.,1.),.UNSPECIFIED.);
#190=B_SPLINE_CURVE_WITH_KNOTS('',3,(#3271,#3272,#3273,#3274,#3275,#3276,
#3277,#3278,#3279,#3280,#3281,#3282,#3283,#3284,#3285,#3286),
 .UNSPECIFIED.,.F.,.F.,(4,1,1,1,1,1,1,1,1,1,1,1,1,4),(0.0613613616743726,
0.120026276569724,0.178691191465076,0.296021021255779,0.413350851046483,
0.472015765941835,0.530680680837186,0.589345595732538,0.64801051062789,
0.765340340418593,0.824005255313945,0.882670170209297,0.941335085104648,
1.),.UNSPECIFIED.);
#191=B_SPLINE_CURVE_WITH_KNOTS('',3,(#3288,#3289,#3290,#3291,#3292,#3293,
#3294,#3295,#3296,#3297,#3298,#3299,#3300,#3301,#3302,#3303,#3304,#3305,
#3306,#3307,#3308,#3309,#3310,#3311,#3312,#3313,#3314,#3315,#3316,#3317,
#3318,#3319,#3320,#3321,#3322,#3323,#3324,#3325,#3326,#3327,#3328,#3329,
#3330,#3331,#3332,#3333,#3334,#3335,#3336,#3337,#3338,#3339,#3340,#3341,
#3342,#3343,#3344,#3345,#3346,#3347,#3348,#3349,#3350,#3351,#3352,#3353,
#3354,#3355,#3356,#3357,#3358,#3359,#3360,#3361,#3362,#3363,#3364,#3365,
#3366,#3367,#3368,#3369,#3370,#3371,#3372,#3373,#3374),.UNSPECIFIED.,.F.,
 .F.,(4,1,1,1,1,1,1,1,1,1,1,1,1,1,1,1,1,1,1,1,1,1,1,1,1,1,1,1,1,1,1,1,1,
1,1,1,1,1,1,1,1,1,1,1,1,1,1,1,1,1,1,1,1,1,1,1,1,1,1,1,1,1,1,1,1,1,1,1,1,
1,1,1,1,1,1,1,1,1,1,1,1,1,1,1,4),(0.,0.0078125,0.01171875,0.015625,0.0234375,
0.03125,0.0390625,0.046875,0.0546875,0.05859375,0.0625,0.06640625,0.0703125,
0.078125,0.09375,0.109375,0.1171875,0.12109375,0.125,0.12890625,0.1328125,
0.140625,0.15625,0.171875,0.1875,0.21875,0.234375,0.2421875,0.25,0.2578125,
0.265625,0.28125,0.3125,0.34375,0.375,0.40625,0.4375,0.46875,0.484375,0.4921875,
0.5,0.5078125,0.515625,0.53125,0.5625,0.59375,0.625,0.65625,0.6875,0.703125,
0.71875,0.734375,0.7421875,0.74609375,0.75,0.75390625,0.7578125,0.765625,
0.78125,0.796875,0.8125,0.84375,0.859375,0.8671875,0.87109375,0.875,0.87890625,
0.8828125,0.890625,0.8984375,0.90625,0.9140625,0.921875,0.9296875,0.93359375,
0.935546875,0.9375,0.939453125,0.94140625,0.9453125,0.953125,0.9609375,
0.96875,0.984375,1.),.UNSPECIFIED.);
#192=B_SPLINE_CURVE_WITH_KNOTS('',3,(#3376,#3377,#3378,#3379,#3380,#3381,
#3382,#3383,#3384,#3385,#3386,#3387,#3388,#3389,#3390,#3391,#3392,#3393,
#3394,#3395,#3396,#3397,#3398,#3399,#3400,#3401,#3402,#3403,#3404,#3405,
#3406,#3407,#3408,#3409,#3410,#3411,#3412,#3413,#3414,#3415,#3416,#3417,
#3418,#3419,#3420,#3421,#3422,#3423,#3424,#3425,#3426,#3427,#3428,#3429,
#3430,#3431,#3432,#3433,#3434,#3435,#3436,#3437,#3438,#3439,#3440,#3441,
#3442,#3443,#3444,#3445,#3446,#3447,#3448,#3449,#3450,#3451,#3452,#3453,
#3454,#3455,#3456,#3457,#3458,#3459),.UNSPECIFIED.,.F.,.F.,(4,1,1,1,1,1,
1,1,1,1,1,1,1,1,1,1,1,1,1,1,1,1,1,1,1,1,1,1,1,1,1,1,1,1,1,1,1,1,1,1,1,1,
1,1,1,1,1,1,1,1,1,1,1,1,1,1,1,1,1,1,1,1,1,1,1,1,1,1,1,1,1,1,1,1,1,1,1,1,
1,1,1,4),(0.,0.0078125,0.01171875,0.015625,0.0234375,0.02734375,0.03125,
0.03515625,0.0390625,0.046875,0.0546875,0.0625,0.0703125,0.078125,0.09375,
0.109375,0.125,0.140625,0.15625,0.1875,0.21875,0.234375,0.2421875,0.25,
0.2578125,0.265625,0.28125,0.3125,0.34375,0.375,0.40625,0.4375,0.453125,
0.46875,0.484375,0.4921875,0.49609375,0.5,0.50390625,0.5078125,0.515625,
0.53125,0.546875,0.5625,0.59375,0.625,0.65625,0.6875,0.703125,0.71875,0.734375,
0.7421875,0.74609375,0.75,0.75390625,0.7578125,0.765625,0.78125,0.796875,
0.8125,0.84375,0.859375,0.8671875,0.875,0.8828125,0.890625,0.8984375,0.90625,
0.9140625,0.921875,0.9296875,0.93359375,0.935546875,0.9375,0.939453125,
0.94140625,0.9453125,0.953125,0.9609375,0.96875,0.984375,1.),
 .UNSPECIFIED.);
#193=B_SPLINE_CURVE_WITH_KNOTS('',2,(#3461,#3462,#3463),.UNSPECIFIED.,.F.,
 .F.,(3,3),(0.,1.),.PIECEWISE_BEZIER_KNOTS.);
#194=B_SPLINE_CURVE_WITH_KNOTS('',2,(#3465,#3466,#3467),.UNSPECIFIED.,.F.,
 .F.,(3,3),(0.,1.),.PIECEWISE_BEZIER_KNOTS.);
#195=B_SPLINE_CURVE_WITH_KNOTS('',2,(#3471,#3472,#3473),.UNSPECIFIED.,.F.,
 .F.,(3,3),(0.,1.),.PIECEWISE_BEZIER_KNOTS.);
#196=B_SPLINE_CURVE_WITH_KNOTS('',2,(#3475,#3476,#3477),.UNSPECIFIED.,.F.,
 .F.,(3,3),(0.,1.),.PIECEWISE_BEZIER_KNOTS.);
#197=B_SPLINE_CURVE_WITH_KNOTS('',3,(#3487,#3488,#3489,#3490),
 .UNSPECIFIED.,.F.,.F.,(4,4),(1.99891928724954E-7,0.000934093015956867),
 .UNSPECIFIED.);
#198=B_SPLINE_CURVE_WITH_KNOTS('',3,(#3496,#3497,#3498,#3499),
 .UNSPECIFIED.,.F.,.F.,(4,4),(7.70169649704647E-8,0.000721345039988591),
 .UNSPECIFIED.);
#199=B_SPLINE_CURVE_WITH_KNOTS('',3,(#3534,#3535,#3536,#3537),
 .UNSPECIFIED.,.F.,.F.,(4,4),(0.,0.423498505266428),.UNSPECIFIED.);
#200=B_SPLINE_CURVE_WITH_KNOTS('',3,(#3540,#3541,#3542,#3543,#3544,#3545,
#3546,#3547,#3548,#3549,#3550,#3551,#3552,#3553,#3554,#3555),
 .UNSPECIFIED.,.F.,.F.,(4,1,1,1,1,1,1,1,1,1,1,1,1,4),(0.,0.0625,0.125,0.1875,
0.25,0.375,0.4375,0.5,0.5625,0.625,0.75,0.875,0.9375,1.),.UNSPECIFIED.);
#201=B_SPLINE_CURVE_WITH_KNOTS('',3,(#3556,#3557,#3558,#3559,#3560,#3561,
#3562,#3563),.UNSPECIFIED.,.F.,.F.,(4,1,1,1,1,4),(0.,0.151469003935455,
0.557185890459668,0.7674642305821,0.896883509328645,1.),.UNSPECIFIED.);
#202=B_SPLINE_CURVE_WITH_KNOTS('',3,(#3594,#3595,#3596,#3597,#3598,#3599,
#3600,#3601),.UNSPECIFIED.,.F.,.F.,(4,1,1,1,1,4),(0.,0.0933328621660261,
0.222517475365022,0.432723949065591,0.836413844664301,1.),.UNSPECIFIED.);
#203=B_SPLINE_CURVE_WITH_KNOTS('',3,(#3603,#3604,#3605,#3606),
 .UNSPECIFIED.,.F.,.F.,(4,4),(0.,1.),.UNSPECIFIED.);
#204=B_SPLINE_CURVE_WITH_KNOTS('',3,(#3608,#3609,#3610,#3611,#3612,#3613,
#3614,#3615,#3616,#3617,#3618,#3619,#3620,#3621,#3622,#3623),
 .UNSPECIFIED.,.F.,.F.,(4,1,1,1,1,1,1,1,1,1,1,1,1,4),(0.0609392039814382,
0.119630503732598,0.178321803483758,0.295704402986079,0.413087002488399,
0.471778302239559,0.530469601990719,0.589160901741879,0.647852201493039,
0.76523480099536,0.82392610074652,0.88261740049768,0.94130870024884,1.),
 .UNSPECIFIED.);
#205=B_SPLINE_CURVE_WITH_KNOTS('',3,(#3625,#3626,#3627,#3628,#3629,#3630,
#3631,#3632,#3633,#3634,#3635,#3636,#3637,#3638,#3639,#3640,#3641,#3642,
#3643,#3644,#3645,#3646,#3647,#3648,#3649,#3650,#3651,#3652,#3653,#3654,
#3655,#3656,#3657,#3658,#3659,#3660,#3661,#3662,#3663,#3664,#3665,#3666,
#3667,#3668,#3669,#3670,#3671,#3672,#3673,#3674,#3675,#3676,#3677,#3678,
#3679,#3680,#3681,#3682,#3683,#3684,#3685,#3686,#3687,#3688,#3689,#3690,
#3691,#3692,#3693,#3694,#3695,#3696,#3697,#3698,#3699,#3700,#3701,#3702,
#3703,#3704,#3705,#3706,#3707,#3708,#3709),.UNSPECIFIED.,.F.,.F.,(4,1,1,
1,1,1,1,1,1,1,1,1,1,1,1,1,1,1,1,1,1,1,1,1,1,1,1,1,1,1,1,1,1,1,1,1,1,1,1,
1,1,1,1,1,1,1,1,1,1,1,1,1,1,1,1,1,1,1,1,1,1,1,1,1,1,1,1,1,1,1,1,1,1,1,1,
1,1,1,1,1,1,1,4),(0.,0.0078125,0.015625,0.017578125,0.01953125,0.0234375,
0.02734375,0.03125,0.03515625,0.0390625,0.046875,0.0625,0.0703125,0.078125,
0.09375,0.109375,0.125,0.1328125,0.140625,0.142578125,0.14453125,0.1484375,
0.15625,0.171875,0.1875,0.21875,0.25,0.265625,0.28125,0.28515625,0.2890625,
0.296875,0.3125,0.34375,0.375,0.40625,0.4375,0.46875,0.484375,0.4921875,
0.5,0.5078125,0.515625,0.53125,0.5625,0.59375,0.625,0.65625,0.6875,0.703125,
0.71875,0.734375,0.7421875,0.74609375,0.75,0.75390625,0.7578125,0.765625,
0.78125,0.796875,0.8125,0.84375,0.859375,0.8671875,0.875,0.8828125,0.890625,
0.8984375,0.90625,0.9140625,0.921875,0.9296875,0.93359375,0.935546875,0.9375,
0.939453125,0.94140625,0.9453125,0.953125,0.9609375,0.96875,0.984375,1.),
 .UNSPECIFIED.);
#206=B_SPLINE_CURVE_WITH_KNOTS('',3,(#3711,#3712,#3713,#3714,#3715,#3716,
#3717,#3718,#3719,#3720,#3721,#3722,#3723,#3724,#3725,#3726,#3727,#3728,
#3729,#3730,#3731,#3732,#3733,#3734,#3735,#3736,#3737,#3738,#3739,#3740,
#3741,#3742,#3743,#3744,#3745,#3746,#3747,#3748,#3749,#3750,#3751,#3752,
#3753,#3754,#3755,#3756,#3757,#3758,#3759,#3760,#3761,#3762,#3763,#3764,
#3765,#3766,#3767,#3768,#3769,#3770,#3771,#3772,#3773,#3774,#3775,#3776,
#3777,#3778,#3779,#3780,#3781,#3782,#3783,#3784,#3785,#3786,#3787,#3788,
#3789,#3790,#3791,#3792,#3793,#3794,#3795,#3796,#3797,#3798,#3799,#3800),
 .UNSPECIFIED.,.F.,.F.,(4,1,1,1,1,1,1,1,1,1,1,1,1,1,1,1,1,1,1,1,1,1,1,1,
1,1,1,1,1,1,1,1,1,1,1,1,1,1,1,1,1,1,1,1,1,1,1,1,1,1,1,1,1,1,1,1,1,1,1,1,
1,1,1,1,1,1,1,1,1,1,1,1,1,1,1,1,1,1,1,1,1,1,1,1,1,1,1,4),(0.,0.015625,0.0234375,
0.02734375,0.03125,0.03515625,0.0390625,0.046875,0.0546875,0.0625,0.0703125,
0.078125,0.09375,0.109375,0.1171875,0.12109375,0.125,0.12890625,0.1328125,
0.140625,0.15625,0.1875,0.203125,0.21875,0.234375,0.2421875,0.24609375,
0.25,0.25390625,0.2578125,0.265625,0.28125,0.296875,0.3125,0.34375,0.375,
0.40625,0.4375,0.453125,0.46875,0.484375,0.4921875,0.49609375,0.5,0.50390625,
0.5078125,0.515625,0.53125,0.546875,0.5625,0.59375,0.625,0.65625,0.6875,
0.703125,0.71875,0.734375,0.7421875,0.74609375,0.75,0.75390625,0.7578125,
0.765625,0.78125,0.796875,0.8125,0.84375,0.859375,0.8671875,0.875,0.8828125,
0.890625,0.8984375,0.90625,0.9140625,0.921875,0.9296875,0.93359375,0.935546875,
0.9375,0.939453125,0.94140625,0.9453125,0.953125,0.9609375,0.96875,0.984375,
1.),.UNSPECIFIED.);
#207=B_SPLINE_CURVE_WITH_KNOTS('',2,(#3802,#3803,#3804),.UNSPECIFIED.,.F.,
 .F.,(3,3),(0.,1.),.PIECEWISE_BEZIER_KNOTS.);
#208=B_SPLINE_CURVE_WITH_KNOTS('',2,(#3806,#3807,#3808),.UNSPECIFIED.,.F.,
 .F.,(3,3),(0.,1.),.PIECEWISE_BEZIER_KNOTS.);
#209=B_SPLINE_CURVE_WITH_KNOTS('',2,(#3812,#3813,#3814),.UNSPECIFIED.,.F.,
 .F.,(3,3),(0.,1.),.PIECEWISE_BEZIER_KNOTS.);
#210=B_SPLINE_CURVE_WITH_KNOTS('',2,(#3816,#3817,#3818),.UNSPECIFIED.,.F.,
 .F.,(3,3),(0.,1.),.PIECEWISE_BEZIER_KNOTS.);
#211=B_SPLINE_CURVE_WITH_KNOTS('',3,(#3828,#3829,#3830,#3831),
 .UNSPECIFIED.,.F.,.F.,(4,4),(2.00597661201365E-8,0.000933631262546333),
 .UNSPECIFIED.);
#212=B_SPLINE_CURVE_WITH_KNOTS('',3,(#3837,#3838,#3839,#3840),
 .UNSPECIFIED.,.F.,.F.,(4,4),(9.51886424695278E-9,0.000721268179914046),
 .UNSPECIFIED.);
#213=B_SPLINE_CURVE_WITH_KNOTS('',3,(#3875,#3876,#3877,#3878),
 .UNSPECIFIED.,.F.,.F.,(4,4),(0.,0.423763360220958),.UNSPECIFIED.);
#214=B_SPLINE_CURVE_WITH_KNOTS('',3,(#3881,#3882,#3883,#3884,#3885,#3886,
#3887,#3888,#3889,#3890,#3891,#3892,#3893,#3894),.UNSPECIFIED.,.F.,.F.,
(4,1,1,1,1,1,1,1,1,1,1,4),(0.,0.0625,0.125,0.1875,0.25,0.375,0.5,0.5625,
0.625,0.75,0.875,1.),.UNSPECIFIED.);
#215=B_SPLINE_CURVE_WITH_KNOTS('',3,(#3895,#3896,#3897,#3898,#3899,#3900,
#3901,#3902),.UNSPECIFIED.,.F.,.F.,(4,1,1,1,1,4),(0.,0.149130689228564,
0.552666667182248,0.763696441166591,0.892979778535148,1.),.UNSPECIFIED.);
#216=B_SPLINE_CURVE_WITH_KNOTS('',3,(#3933,#3934,#3935,#3936,#3937,#3938,
#3939,#3940),.UNSPECIFIED.,.F.,.F.,(4,1,1,1,1,4),(0.,0.0914941325760906,
0.220726107973477,0.432752313478152,0.836157352945137,1.),.UNSPECIFIED.);
#217=B_SPLINE_CURVE_WITH_KNOTS('',3,(#3942,#3943,#3944,#3945),
 .UNSPECIFIED.,.F.,.F.,(4,4),(0.,1.),.UNSPECIFIED.);
#218=B_SPLINE_CURVE_WITH_KNOTS('',3,(#3947,#3948,#3949,#3950,#3951,#3952,
#3953,#3954,#3955,#3956,#3957,#3958,#3959,#3960,#3961,#3962),
 .UNSPECIFIED.,.F.,.F.,(4,1,1,1,1,1,1,1,1,1,1,1,1,4),(0.0613410024667815,
0.120007189812608,0.178673377158434,0.296005751850086,0.413338126541738,
0.472004313887565,0.530670501233391,0.589336688579217,0.648002875925043,
0.765335250616695,0.824001437962522,0.882667625308348,0.941333812654174,
1.),.UNSPECIFIED.);
#219=B_SPLINE_CURVE_WITH_KNOTS('',3,(#3964,#3965,#3966,#3967,#3968,#3969,
#3970,#3971,#3972,#3973,#3974,#3975,#3976,#3977,#3978,#3979,#3980,#3981,
#3982,#3983,#3984,#3985,#3986,#3987,#3988,#3989,#3990,#3991,#3992,#3993,
#3994,#3995,#3996,#3997,#3998,#3999,#4000,#4001,#4002,#4003,#4004,#4005,
#4006,#4007,#4008,#4009,#4010,#4011,#4012,#4013,#4014,#4015,#4016,#4017,
#4018,#4019,#4020,#4021,#4022,#4023,#4024,#4025,#4026,#4027,#4028,#4029,
#4030,#4031,#4032,#4033,#4034,#4035,#4036,#4037,#4038,#4039,#4040,#4041,
#4042,#4043,#4044,#4045,#4046,#4047,#4048,#4049,#4050),.UNSPECIFIED.,.F.,
 .F.,(4,1,1,1,1,1,1,1,1,1,1,1,1,1,1,1,1,1,1,1,1,1,1,1,1,1,1,1,1,1,1,1,1,
1,1,1,1,1,1,1,1,1,1,1,1,1,1,1,1,1,1,1,1,1,1,1,1,1,1,1,1,1,1,1,1,1,1,1,1,
1,1,1,1,1,1,1,1,1,1,1,1,1,1,1,4),(0.,0.0078125,0.01171875,0.015625,0.0234375,
0.03125,0.0390625,0.046875,0.0546875,0.05859375,0.0625,0.06640625,0.0703125,
0.078125,0.09375,0.109375,0.1171875,0.12109375,0.125,0.12890625,0.1328125,
0.140625,0.15625,0.171875,0.1875,0.21875,0.234375,0.2421875,0.25,0.2578125,
0.265625,0.28125,0.3125,0.34375,0.375,0.40625,0.4375,0.46875,0.484375,0.4921875,
0.5,0.5078125,0.515625,0.53125,0.5625,0.59375,0.625,0.65625,0.6875,0.703125,
0.71875,0.734375,0.7421875,0.74609375,0.75,0.75390625,0.7578125,0.765625,
0.78125,0.796875,0.8125,0.84375,0.859375,0.8671875,0.87109375,0.875,0.87890625,
0.8828125,0.890625,0.8984375,0.90625,0.9140625,0.921875,0.9296875,0.93359375,
0.935546875,0.9375,0.939453125,0.94140625,0.9453125,0.953125,0.9609375,
0.96875,0.984375,1.),.UNSPECIFIED.);
#220=B_SPLINE_CURVE_WITH_KNOTS('',3,(#4052,#4053,#4054,#4055,#4056,#4057,
#4058,#4059,#4060,#4061,#4062,#4063,#4064,#4065,#4066,#4067,#4068,#4069,
#4070,#4071,#4072,#4073,#4074,#4075,#4076,#4077,#4078,#4079,#4080,#4081,
#4082,#4083,#4084,#4085,#4086,#4087,#4088,#4089,#4090,#4091,#4092,#4093,
#4094,#4095,#4096,#4097,#4098,#4099,#4100,#4101,#4102,#4103,#4104,#4105,
#4106,#4107,#4108,#4109,#4110,#4111,#4112,#4113,#4114,#4115,#4116,#4117,
#4118,#4119,#4120,#4121,#4122,#4123,#4124,#4125,#4126,#4127,#4128,#4129,
#4130,#4131,#4132,#4133,#4134),.UNSPECIFIED.,.F.,.F.,(4,1,1,1,1,1,1,1,1,
1,1,1,1,1,1,1,1,1,1,1,1,1,1,1,1,1,1,1,1,1,1,1,1,1,1,1,1,1,1,1,1,1,1,1,1,
1,1,1,1,1,1,1,1,1,1,1,1,1,1,1,1,1,1,1,1,1,1,1,1,1,1,1,1,1,1,1,1,1,1,1,4),
(0.,0.0078125,0.015625,0.0234375,0.02734375,0.03125,0.03515625,0.0390625,
0.046875,0.0546875,0.0625,0.0703125,0.078125,0.09375,0.109375,0.125,0.140625,
0.15625,0.1875,0.21875,0.234375,0.2421875,0.25,0.2578125,0.265625,0.28125,
0.3125,0.34375,0.375,0.40625,0.4375,0.453125,0.46875,0.484375,0.4921875,
0.49609375,0.5,0.50390625,0.5078125,0.515625,0.53125,0.546875,0.5625,0.59375,
0.625,0.65625,0.6875,0.703125,0.71875,0.734375,0.7421875,0.74609375,0.75,
0.75390625,0.7578125,0.765625,0.78125,0.796875,0.8125,0.84375,0.859375,
0.8671875,0.875,0.8828125,0.890625,0.8984375,0.90625,0.9140625,0.921875,
0.9296875,0.93359375,0.935546875,0.9375,0.939453125,0.94140625,0.9453125,
0.953125,0.9609375,0.96875,0.984375,1.),.UNSPECIFIED.);
#221=B_SPLINE_CURVE_WITH_KNOTS('',3,(#4357,#4358,#4359,#4360,#4361,#4362,
#4363,#4364),.UNSPECIFIED.,.F.,.F.,(4,1,1,1,1,4),(0.,0.25,0.5,0.625,0.75,
1.),.UNSPECIFIED.);
#222=B_SPLINE_CURVE_WITH_KNOTS('',3,(#4457,#4458,#4459,#4460,#4461,#4462,
#4463,#4464),.UNSPECIFIED.,.F.,.F.,(4,1,1,1,1,4),(0.,0.25,0.5,0.625,0.75,
1.),.UNSPECIFIED.);
#223=B_SPLINE_CURVE_WITH_KNOTS('',3,(#4681,#4682,#4683,#4684,#4685,#4686,
#4687,#4688),.UNSPECIFIED.,.F.,.F.,(4,1,1,1,1,4),(0.,0.25,0.5,0.625,0.75,
1.),.UNSPECIFIED.);
#224=B_SPLINE_CURVE_WITH_KNOTS('',3,(#4911,#4912,#4913,#4914,#4915,#4916,
#4917,#4918),.UNSPECIFIED.,.F.,.F.,(4,1,1,1,1,4),(0.,0.25,0.5,0.625,0.75,
1.),.UNSPECIFIED.);
#225=CYLINDRICAL_SURFACE('',#1668,0.0083126969969769);
#226=CYLINDRICAL_SURFACE('',#1685,0.000668709260682319);
#227=CYLINDRICAL_SURFACE('',#1694,0.000410690625519449);
#228=CYLINDRICAL_SURFACE('',#1695,0.000579354665802422);
#229=CYLINDRICAL_SURFACE('',#1700,0.000409608665862213);
#230=CYLINDRICAL_SURFACE('',#1701,0.000575914242794346);
#231=CYLINDRICAL_SURFACE('',#1706,0.000410376673400223);
#232=CYLINDRICAL_SURFACE('',#1707,0.000576403439883849);
#233=CYLINDRICAL_SURFACE('',#1712,0.000411458814047092);
#234=CYLINDRICAL_SURFACE('',#1713,0.000579840899360785);
#235=PLANE('',#1667);
#236=PLANE('',#1671);
#237=PLANE('',#1673);
#238=PLANE('',#1674);
#239=PLANE('',#1675);
#240=PLANE('',#1676);
#241=PLANE('',#1677);
#242=PLANE('',#1678);
#243=PLANE('',#1679);
#244=PLANE('',#1680);
#245=PLANE('',#1681);
#246=PLANE('',#1682);
#247=PLANE('',#1696);
#248=PLANE('',#1697);
#249=PLANE('',#1698);
#250=PLANE('',#1699);
#251=PLANE('',#1702);
#252=PLANE('',#1703);
#253=PLANE('',#1704);
#254=PLANE('',#1705);
#255=PLANE('',#1708);
#256=PLANE('',#1709);
#257=PLANE('',#1710);
#258=PLANE('',#1711);
#259=PLANE('',#1714);
#260=PLANE('',#1715);
#261=PLANE('',#1716);
#262=PLANE('',#1717);
#263=ORIENTED_EDGE('',*,*,#599,.F.);
#264=ORIENTED_EDGE('',*,*,#600,.T.);
#265=ORIENTED_EDGE('',*,*,#600,.F.);
#266=ORIENTED_EDGE('',*,*,#601,.F.);
#267=ORIENTED_EDGE('',*,*,#602,.T.);
#268=ORIENTED_EDGE('',*,*,#603,.F.);
#269=ORIENTED_EDGE('',*,*,#604,.F.);
#270=ORIENTED_EDGE('',*,*,#605,.F.);
#271=ORIENTED_EDGE('',*,*,#606,.F.);
#272=ORIENTED_EDGE('',*,*,#607,.F.);
#273=ORIENTED_EDGE('',*,*,#608,.F.);
#274=ORIENTED_EDGE('',*,*,#609,.F.);
#275=ORIENTED_EDGE('',*,*,#610,.F.);
#276=ORIENTED_EDGE('',*,*,#611,.F.);
#277=ORIENTED_EDGE('',*,*,#612,.F.);
#278=ORIENTED_EDGE('',*,*,#613,.F.);
#279=ORIENTED_EDGE('',*,*,#614,.F.);
#280=ORIENTED_EDGE('',*,*,#615,.F.);
#281=ORIENTED_EDGE('',*,*,#616,.F.);
#282=ORIENTED_EDGE('',*,*,#617,.F.);
#283=ORIENTED_EDGE('',*,*,#618,.F.);
#284=ORIENTED_EDGE('',*,*,#619,.F.);
#285=ORIENTED_EDGE('',*,*,#620,.F.);
#286=ORIENTED_EDGE('',*,*,#621,.F.);
#287=ORIENTED_EDGE('',*,*,#601,.T.);
#288=ORIENTED_EDGE('',*,*,#599,.T.);
#289=ORIENTED_EDGE('',*,*,#602,.F.);
#290=ORIENTED_EDGE('',*,*,#620,.T.);
#291=ORIENTED_EDGE('',*,*,#622,.F.);
#292=ORIENTED_EDGE('',*,*,#623,.F.);
#293=ORIENTED_EDGE('',*,*,#624,.T.);
#294=ORIENTED_EDGE('',*,*,#621,.T.);
#295=ORIENTED_EDGE('',*,*,#624,.F.);
#296=ORIENTED_EDGE('',*,*,#625,.F.);
#297=ORIENTED_EDGE('',*,*,#622,.T.);
#298=ORIENTED_EDGE('',*,*,#623,.T.);
#299=ORIENTED_EDGE('',*,*,#625,.T.);
#300=ORIENTED_EDGE('',*,*,#618,.T.);
#301=ORIENTED_EDGE('',*,*,#626,.F.);
#302=ORIENTED_EDGE('',*,*,#627,.F.);
#303=ORIENTED_EDGE('',*,*,#628,.T.);
#304=ORIENTED_EDGE('',*,*,#619,.T.);
#305=ORIENTED_EDGE('',*,*,#628,.F.);
#306=ORIENTED_EDGE('',*,*,#629,.F.);
#307=ORIENTED_EDGE('',*,*,#626,.T.);
#308=ORIENTED_EDGE('',*,*,#627,.T.);
#309=ORIENTED_EDGE('',*,*,#629,.T.);
#310=ORIENTED_EDGE('',*,*,#616,.T.);
#311=ORIENTED_EDGE('',*,*,#630,.F.);
#312=ORIENTED_EDGE('',*,*,#631,.F.);
#313=ORIENTED_EDGE('',*,*,#632,.T.);
#314=ORIENTED_EDGE('',*,*,#617,.T.);
#315=ORIENTED_EDGE('',*,*,#632,.F.);
#316=ORIENTED_EDGE('',*,*,#633,.F.);
#317=ORIENTED_EDGE('',*,*,#630,.T.);
#318=ORIENTED_EDGE('',*,*,#631,.T.);
#319=ORIENTED_EDGE('',*,*,#633,.T.);
#320=ORIENTED_EDGE('',*,*,#614,.T.);
#321=ORIENTED_EDGE('',*,*,#634,.F.);
#322=ORIENTED_EDGE('',*,*,#635,.F.);
#323=ORIENTED_EDGE('',*,*,#636,.T.);
#324=ORIENTED_EDGE('',*,*,#615,.T.);
#325=ORIENTED_EDGE('',*,*,#636,.F.);
#326=ORIENTED_EDGE('',*,*,#637,.F.);
#327=ORIENTED_EDGE('',*,*,#634,.T.);
#328=ORIENTED_EDGE('',*,*,#635,.T.);
#329=ORIENTED_EDGE('',*,*,#637,.T.);
#330=ORIENTED_EDGE('',*,*,#612,.T.);
#331=ORIENTED_EDGE('',*,*,#638,.F.);
#332=ORIENTED_EDGE('',*,*,#639,.F.);
#333=ORIENTED_EDGE('',*,*,#640,.T.);
#334=ORIENTED_EDGE('',*,*,#613,.T.);
#335=ORIENTED_EDGE('',*,*,#640,.F.);
#336=ORIENTED_EDGE('',*,*,#641,.F.);
#337=ORIENTED_EDGE('',*,*,#638,.T.);
#338=ORIENTED_EDGE('',*,*,#639,.T.);
#339=ORIENTED_EDGE('',*,*,#641,.T.);
#340=ORIENTED_EDGE('',*,*,#610,.T.);
#341=ORIENTED_EDGE('',*,*,#642,.F.);
#342=ORIENTED_EDGE('',*,*,#643,.F.);
#343=ORIENTED_EDGE('',*,*,#644,.T.);
#344=ORIENTED_EDGE('',*,*,#611,.T.);
#345=ORIENTED_EDGE('',*,*,#644,.F.);
#346=ORIENTED_EDGE('',*,*,#645,.F.);
#347=ORIENTED_EDGE('',*,*,#642,.T.);
#348=ORIENTED_EDGE('',*,*,#643,.T.);
#349=ORIENTED_EDGE('',*,*,#645,.T.);
#350=ORIENTED_EDGE('',*,*,#608,.T.);
#351=ORIENTED_EDGE('',*,*,#646,.F.);
#352=ORIENTED_EDGE('',*,*,#647,.F.);
#353=ORIENTED_EDGE('',*,*,#648,.T.);
#354=ORIENTED_EDGE('',*,*,#609,.T.);
#355=ORIENTED_EDGE('',*,*,#648,.F.);
#356=ORIENTED_EDGE('',*,*,#649,.F.);
#357=ORIENTED_EDGE('',*,*,#646,.T.);
#358=ORIENTED_EDGE('',*,*,#647,.T.);
#359=ORIENTED_EDGE('',*,*,#649,.T.);
#360=ORIENTED_EDGE('',*,*,#606,.T.);
#361=ORIENTED_EDGE('',*,*,#650,.F.);
#362=ORIENTED_EDGE('',*,*,#651,.F.);
#363=ORIENTED_EDGE('',*,*,#652,.T.);
#364=ORIENTED_EDGE('',*,*,#607,.T.);
#365=ORIENTED_EDGE('',*,*,#652,.F.);
#366=ORIENTED_EDGE('',*,*,#653,.F.);
#367=ORIENTED_EDGE('',*,*,#650,.T.);
#368=ORIENTED_EDGE('',*,*,#651,.T.);
#369=ORIENTED_EDGE('',*,*,#653,.T.);
#370=ORIENTED_EDGE('',*,*,#604,.T.);
#371=ORIENTED_EDGE('',*,*,#654,.F.);
#372=ORIENTED_EDGE('',*,*,#655,.F.);
#373=ORIENTED_EDGE('',*,*,#656,.T.);
#374=ORIENTED_EDGE('',*,*,#605,.T.);
#375=ORIENTED_EDGE('',*,*,#656,.F.);
#376=ORIENTED_EDGE('',*,*,#657,.F.);
#377=ORIENTED_EDGE('',*,*,#654,.T.);
#378=ORIENTED_EDGE('',*,*,#655,.T.);
#379=ORIENTED_EDGE('',*,*,#657,.T.);
#380=ORIENTED_EDGE('',*,*,#658,.F.);
#381=ORIENTED_EDGE('',*,*,#659,.F.);
#382=ORIENTED_EDGE('',*,*,#660,.T.);
#383=ORIENTED_EDGE('',*,*,#661,.F.);
#384=ORIENTED_EDGE('',*,*,#662,.F.);
#385=ORIENTED_EDGE('',*,*,#663,.F.);
#386=ORIENTED_EDGE('',*,*,#664,.T.);
#387=ORIENTED_EDGE('',*,*,#665,.F.);
#388=ORIENTED_EDGE('',*,*,#666,.F.);
#389=ORIENTED_EDGE('',*,*,#667,.F.);
#390=ORIENTED_EDGE('',*,*,#668,.T.);
#391=ORIENTED_EDGE('',*,*,#669,.F.);
#392=ORIENTED_EDGE('',*,*,#670,.F.);
#393=ORIENTED_EDGE('',*,*,#671,.F.);
#394=ORIENTED_EDGE('',*,*,#672,.T.);
#395=ORIENTED_EDGE('',*,*,#673,.F.);
#396=ORIENTED_EDGE('',*,*,#674,.F.);
#397=ORIENTED_EDGE('',*,*,#658,.T.);
#398=ORIENTED_EDGE('',*,*,#603,.T.);
#399=ORIENTED_EDGE('',*,*,#675,.T.);
#400=ORIENTED_EDGE('',*,*,#673,.T.);
#401=ORIENTED_EDGE('',*,*,#676,.F.);
#402=ORIENTED_EDGE('',*,*,#677,.T.);
#403=ORIENTED_EDGE('',*,*,#678,.F.);
#404=ORIENTED_EDGE('',*,*,#671,.T.);
#405=ORIENTED_EDGE('',*,*,#679,.T.);
#406=ORIENTED_EDGE('',*,*,#680,.F.);
#407=ORIENTED_EDGE('',*,*,#681,.T.);
#408=ORIENTED_EDGE('',*,*,#682,.T.);
#409=ORIENTED_EDGE('',*,*,#683,.T.);
#410=ORIENTED_EDGE('',*,*,#684,.F.);
#411=ORIENTED_EDGE('',*,*,#685,.F.);
#412=ORIENTED_EDGE('',*,*,#677,.F.);
#413=ORIENTED_EDGE('',*,*,#686,.T.);
#414=ORIENTED_EDGE('',*,*,#684,.T.);
#415=ORIENTED_EDGE('',*,*,#687,.T.);
#416=ORIENTED_EDGE('',*,*,#688,.T.);
#417=ORIENTED_EDGE('',*,*,#689,.F.);
#418=ORIENTED_EDGE('',*,*,#690,.T.);
#419=ORIENTED_EDGE('',*,*,#691,.F.);
#420=ORIENTED_EDGE('',*,*,#680,.T.);
#421=ORIENTED_EDGE('',*,*,#692,.T.);
#422=ORIENTED_EDGE('',*,*,#693,.T.);
#423=ORIENTED_EDGE('',*,*,#689,.T.);
#424=ORIENTED_EDGE('',*,*,#694,.F.);
#425=ORIENTED_EDGE('',*,*,#691,.T.);
#426=ORIENTED_EDGE('',*,*,#695,.T.);
#427=ORIENTED_EDGE('',*,*,#681,.F.);
#428=ORIENTED_EDGE('',*,*,#686,.F.);
#429=ORIENTED_EDGE('',*,*,#676,.T.);
#430=ORIENTED_EDGE('',*,*,#672,.F.);
#431=ORIENTED_EDGE('',*,*,#678,.T.);
#432=ORIENTED_EDGE('',*,*,#685,.T.);
#433=ORIENTED_EDGE('',*,*,#696,.T.);
#434=ORIENTED_EDGE('',*,*,#694,.T.);
#435=ORIENTED_EDGE('',*,*,#688,.F.);
#436=ORIENTED_EDGE('',*,*,#679,.F.);
#437=ORIENTED_EDGE('',*,*,#674,.T.);
#438=ORIENTED_EDGE('',*,*,#675,.F.);
#439=ORIENTED_EDGE('',*,*,#697,.T.);
#440=ORIENTED_EDGE('',*,*,#669,.T.);
#441=ORIENTED_EDGE('',*,*,#698,.F.);
#442=ORIENTED_EDGE('',*,*,#699,.T.);
#443=ORIENTED_EDGE('',*,*,#700,.F.);
#444=ORIENTED_EDGE('',*,*,#667,.T.);
#445=ORIENTED_EDGE('',*,*,#701,.T.);
#446=ORIENTED_EDGE('',*,*,#702,.F.);
#447=ORIENTED_EDGE('',*,*,#703,.F.);
#448=ORIENTED_EDGE('',*,*,#699,.F.);
#449=ORIENTED_EDGE('',*,*,#704,.T.);
#450=ORIENTED_EDGE('',*,*,#705,.T.);
#451=ORIENTED_EDGE('',*,*,#706,.T.);
#452=ORIENTED_EDGE('',*,*,#707,.T.);
#453=ORIENTED_EDGE('',*,*,#708,.F.);
#454=ORIENTED_EDGE('',*,*,#709,.T.);
#455=ORIENTED_EDGE('',*,*,#710,.F.);
#456=ORIENTED_EDGE('',*,*,#702,.T.);
#457=ORIENTED_EDGE('',*,*,#711,.T.);
#458=ORIENTED_EDGE('',*,*,#712,.T.);
#459=ORIENTED_EDGE('',*,*,#708,.T.);
#460=ORIENTED_EDGE('',*,*,#713,.F.);
#461=ORIENTED_EDGE('',*,*,#714,.T.);
#462=ORIENTED_EDGE('',*,*,#715,.T.);
#463=ORIENTED_EDGE('',*,*,#716,.T.);
#464=ORIENTED_EDGE('',*,*,#705,.F.);
#465=ORIENTED_EDGE('',*,*,#710,.T.);
#466=ORIENTED_EDGE('',*,*,#717,.T.);
#467=ORIENTED_EDGE('',*,*,#714,.F.);
#468=ORIENTED_EDGE('',*,*,#704,.F.);
#469=ORIENTED_EDGE('',*,*,#698,.T.);
#470=ORIENTED_EDGE('',*,*,#668,.F.);
#471=ORIENTED_EDGE('',*,*,#700,.T.);
#472=ORIENTED_EDGE('',*,*,#703,.T.);
#473=ORIENTED_EDGE('',*,*,#718,.T.);
#474=ORIENTED_EDGE('',*,*,#713,.T.);
#475=ORIENTED_EDGE('',*,*,#707,.F.);
#476=ORIENTED_EDGE('',*,*,#701,.F.);
#477=ORIENTED_EDGE('',*,*,#670,.T.);
#478=ORIENTED_EDGE('',*,*,#697,.F.);
#479=ORIENTED_EDGE('',*,*,#719,.T.);
#480=ORIENTED_EDGE('',*,*,#665,.T.);
#481=ORIENTED_EDGE('',*,*,#720,.F.);
#482=ORIENTED_EDGE('',*,*,#721,.T.);
#483=ORIENTED_EDGE('',*,*,#722,.F.);
#484=ORIENTED_EDGE('',*,*,#663,.T.);
#485=ORIENTED_EDGE('',*,*,#723,.T.);
#486=ORIENTED_EDGE('',*,*,#724,.F.);
#487=ORIENTED_EDGE('',*,*,#725,.F.);
#488=ORIENTED_EDGE('',*,*,#721,.F.);
#489=ORIENTED_EDGE('',*,*,#726,.T.);
#490=ORIENTED_EDGE('',*,*,#727,.T.);
#491=ORIENTED_EDGE('',*,*,#728,.T.);
#492=ORIENTED_EDGE('',*,*,#729,.T.);
#493=ORIENTED_EDGE('',*,*,#730,.F.);
#494=ORIENTED_EDGE('',*,*,#731,.T.);
#495=ORIENTED_EDGE('',*,*,#732,.F.);
#496=ORIENTED_EDGE('',*,*,#724,.T.);
#497=ORIENTED_EDGE('',*,*,#733,.T.);
#498=ORIENTED_EDGE('',*,*,#734,.T.);
#499=ORIENTED_EDGE('',*,*,#730,.T.);
#500=ORIENTED_EDGE('',*,*,#735,.F.);
#501=ORIENTED_EDGE('',*,*,#736,.T.);
#502=ORIENTED_EDGE('',*,*,#737,.T.);
#503=ORIENTED_EDGE('',*,*,#738,.T.);
#504=ORIENTED_EDGE('',*,*,#727,.F.);
#505=ORIENTED_EDGE('',*,*,#732,.T.);
#506=ORIENTED_EDGE('',*,*,#739,.T.);
#507=ORIENTED_EDGE('',*,*,#736,.F.);
#508=ORIENTED_EDGE('',*,*,#726,.F.);
#509=ORIENTED_EDGE('',*,*,#720,.T.);
#510=ORIENTED_EDGE('',*,*,#664,.F.);
#511=ORIENTED_EDGE('',*,*,#722,.T.);
#512=ORIENTED_EDGE('',*,*,#725,.T.);
#513=ORIENTED_EDGE('',*,*,#740,.T.);
#514=ORIENTED_EDGE('',*,*,#735,.T.);
#515=ORIENTED_EDGE('',*,*,#729,.F.);
#516=ORIENTED_EDGE('',*,*,#723,.F.);
#517=ORIENTED_EDGE('',*,*,#666,.T.);
#518=ORIENTED_EDGE('',*,*,#719,.F.);
#519=ORIENTED_EDGE('',*,*,#741,.T.);
#520=ORIENTED_EDGE('',*,*,#661,.T.);
#521=ORIENTED_EDGE('',*,*,#742,.F.);
#522=ORIENTED_EDGE('',*,*,#743,.T.);
#523=ORIENTED_EDGE('',*,*,#744,.F.);
#524=ORIENTED_EDGE('',*,*,#659,.T.);
#525=ORIENTED_EDGE('',*,*,#745,.T.);
#526=ORIENTED_EDGE('',*,*,#746,.F.);
#527=ORIENTED_EDGE('',*,*,#747,.F.);
#528=ORIENTED_EDGE('',*,*,#743,.F.);
#529=ORIENTED_EDGE('',*,*,#748,.T.);
#530=ORIENTED_EDGE('',*,*,#749,.T.);
#531=ORIENTED_EDGE('',*,*,#750,.T.);
#532=ORIENTED_EDGE('',*,*,#751,.T.);
#533=ORIENTED_EDGE('',*,*,#752,.F.);
#534=ORIENTED_EDGE('',*,*,#753,.T.);
#535=ORIENTED_EDGE('',*,*,#754,.F.);
#536=ORIENTED_EDGE('',*,*,#746,.T.);
#537=ORIENTED_EDGE('',*,*,#755,.T.);
#538=ORIENTED_EDGE('',*,*,#756,.T.);
#539=ORIENTED_EDGE('',*,*,#752,.T.);
#540=ORIENTED_EDGE('',*,*,#757,.F.);
#541=ORIENTED_EDGE('',*,*,#758,.T.);
#542=ORIENTED_EDGE('',*,*,#759,.T.);
#543=ORIENTED_EDGE('',*,*,#760,.T.);
#544=ORIENTED_EDGE('',*,*,#749,.F.);
#545=ORIENTED_EDGE('',*,*,#754,.T.);
#546=ORIENTED_EDGE('',*,*,#761,.T.);
#547=ORIENTED_EDGE('',*,*,#758,.F.);
#548=ORIENTED_EDGE('',*,*,#748,.F.);
#549=ORIENTED_EDGE('',*,*,#742,.T.);
#550=ORIENTED_EDGE('',*,*,#660,.F.);
#551=ORIENTED_EDGE('',*,*,#744,.T.);
#552=ORIENTED_EDGE('',*,*,#747,.T.);
#553=ORIENTED_EDGE('',*,*,#762,.T.);
#554=ORIENTED_EDGE('',*,*,#757,.T.);
#555=ORIENTED_EDGE('',*,*,#751,.F.);
#556=ORIENTED_EDGE('',*,*,#745,.F.);
#557=ORIENTED_EDGE('',*,*,#662,.T.);
#558=ORIENTED_EDGE('',*,*,#741,.F.);
#559=ORIENTED_EDGE('',*,*,#716,.F.);
#560=ORIENTED_EDGE('',*,*,#763,.T.);
#561=ORIENTED_EDGE('',*,*,#711,.F.);
#562=ORIENTED_EDGE('',*,*,#718,.F.);
#563=ORIENTED_EDGE('',*,*,#706,.F.);
#564=ORIENTED_EDGE('',*,*,#738,.F.);
#565=ORIENTED_EDGE('',*,*,#764,.T.);
#566=ORIENTED_EDGE('',*,*,#733,.F.);
#567=ORIENTED_EDGE('',*,*,#740,.F.);
#568=ORIENTED_EDGE('',*,*,#728,.F.);
#569=ORIENTED_EDGE('',*,*,#760,.F.);
#570=ORIENTED_EDGE('',*,*,#765,.T.);
#571=ORIENTED_EDGE('',*,*,#755,.F.);
#572=ORIENTED_EDGE('',*,*,#762,.F.);
#573=ORIENTED_EDGE('',*,*,#750,.F.);
#574=ORIENTED_EDGE('',*,*,#683,.F.);
#575=ORIENTED_EDGE('',*,*,#766,.T.);
#576=ORIENTED_EDGE('',*,*,#692,.F.);
#577=ORIENTED_EDGE('',*,*,#696,.F.);
#578=ORIENTED_EDGE('',*,*,#687,.F.);
#579=ORIENTED_EDGE('',*,*,#715,.F.);
#580=ORIENTED_EDGE('',*,*,#717,.F.);
#581=ORIENTED_EDGE('',*,*,#709,.F.);
#582=ORIENTED_EDGE('',*,*,#712,.F.);
#583=ORIENTED_EDGE('',*,*,#763,.F.);
#584=ORIENTED_EDGE('',*,*,#737,.F.);
#585=ORIENTED_EDGE('',*,*,#739,.F.);
#586=ORIENTED_EDGE('',*,*,#731,.F.);
#587=ORIENTED_EDGE('',*,*,#734,.F.);
#588=ORIENTED_EDGE('',*,*,#764,.F.);
#589=ORIENTED_EDGE('',*,*,#759,.F.);
#590=ORIENTED_EDGE('',*,*,#761,.F.);
#591=ORIENTED_EDGE('',*,*,#753,.F.);
#592=ORIENTED_EDGE('',*,*,#756,.F.);
#593=ORIENTED_EDGE('',*,*,#765,.F.);
#594=ORIENTED_EDGE('',*,*,#682,.F.);
#595=ORIENTED_EDGE('',*,*,#695,.F.);
#596=ORIENTED_EDGE('',*,*,#690,.F.);
#597=ORIENTED_EDGE('',*,*,#693,.F.);
#598=ORIENTED_EDGE('',*,*,#766,.F.);
#599=EDGE_CURVE('',#767,#767,#881,.T.);
#600=EDGE_CURVE('',#768,#768,#882,.T.);
#601=EDGE_CURVE('',#769,#769,#883,.T.);
#602=EDGE_CURVE('',#770,#770,#884,.T.);
#603=EDGE_CURVE('',#771,#771,#885,.T.);
#604=EDGE_CURVE('',#772,#773,#129,.T.);
#605=EDGE_CURVE('',#773,#772,#130,.T.);
#606=EDGE_CURVE('',#774,#775,#131,.T.);
#607=EDGE_CURVE('',#775,#774,#132,.T.);
#608=EDGE_CURVE('',#776,#777,#133,.T.);
#609=EDGE_CURVE('',#777,#776,#134,.T.);
#610=EDGE_CURVE('',#778,#779,#135,.T.);
#611=EDGE_CURVE('',#779,#778,#136,.T.);
#612=EDGE_CURVE('',#780,#781,#137,.T.);
#613=EDGE_CURVE('',#781,#780,#138,.T.);
#614=EDGE_CURVE('',#782,#783,#139,.T.);
#615=EDGE_CURVE('',#783,#782,#140,.T.);
#616=EDGE_CURVE('',#784,#785,#141,.T.);
#617=EDGE_CURVE('',#785,#784,#142,.T.);
#618=EDGE_CURVE('',#786,#787,#143,.T.);
#619=EDGE_CURVE('',#787,#786,#144,.T.);
#620=EDGE_CURVE('',#788,#789,#145,.T.);
#621=EDGE_CURVE('',#789,#788,#146,.T.);
#622=EDGE_CURVE('',#790,#789,#13,.T.);
#623=EDGE_CURVE('',#791,#790,#147,.T.);
#624=EDGE_CURVE('',#791,#788,#14,.T.);
#625=EDGE_CURVE('',#790,#791,#148,.T.);
#626=EDGE_CURVE('',#792,#787,#15,.T.);
#627=EDGE_CURVE('',#793,#792,#149,.T.);
#628=EDGE_CURVE('',#793,#786,#16,.T.);
#629=EDGE_CURVE('',#792,#793,#150,.T.);
#630=EDGE_CURVE('',#794,#785,#17,.T.);
#631=EDGE_CURVE('',#795,#794,#151,.T.);
#632=EDGE_CURVE('',#795,#784,#18,.T.);
#633=EDGE_CURVE('',#794,#795,#152,.T.);
#634=EDGE_CURVE('',#796,#783,#19,.T.);
#635=EDGE_CURVE('',#797,#796,#153,.T.);
#636=EDGE_CURVE('',#797,#782,#20,.T.);
#637=EDGE_CURVE('',#796,#797,#154,.T.);
#638=EDGE_CURVE('',#798,#781,#21,.T.);
#639=EDGE_CURVE('',#799,#798,#155,.T.);
#640=EDGE_CURVE('',#799,#780,#22,.T.);
#641=EDGE_CURVE('',#798,#799,#156,.T.);
#642=EDGE_CURVE('',#800,#779,#23,.T.);
#643=EDGE_CURVE('',#801,#800,#157,.T.);
#644=EDGE_CURVE('',#801,#778,#24,.T.);
#645=EDGE_CURVE('',#800,#801,#158,.T.);
#646=EDGE_CURVE('',#802,#777,#25,.T.);
#647=EDGE_CURVE('',#803,#802,#159,.T.);
#648=EDGE_CURVE('',#803,#776,#26,.T.);
#649=EDGE_CURVE('',#802,#803,#160,.T.);
#650=EDGE_CURVE('',#804,#775,#27,.T.);
#651=EDGE_CURVE('',#805,#804,#161,.T.);
#652=EDGE_CURVE('',#805,#774,#28,.T.);
#653=EDGE_CURVE('',#804,#805,#162,.T.);
#654=EDGE_CURVE('',#806,#773,#29,.T.);
#655=EDGE_CURVE('',#807,#806,#163,.T.);
#656=EDGE_CURVE('',#807,#772,#30,.T.);
#657=EDGE_CURVE('',#806,#807,#164,.T.);
#658=EDGE_CURVE('',#808,#808,#886,.T.);
#659=EDGE_CURVE('',#809,#810,#31,.T.);
#660=EDGE_CURVE('',#809,#811,#887,.T.);
#661=EDGE_CURVE('',#812,#811,#32,.F.);
#662=EDGE_CURVE('',#810,#812,#888,.T.);
#663=EDGE_CURVE('',#813,#814,#33,.T.);
#664=EDGE_CURVE('',#813,#815,#889,.T.);
#665=EDGE_CURVE('',#816,#815,#34,.F.);
#666=EDGE_CURVE('',#814,#816,#890,.T.);
#667=EDGE_CURVE('',#817,#818,#35,.T.);
#668=EDGE_CURVE('',#817,#819,#891,.T.);
#669=EDGE_CURVE('',#820,#819,#36,.F.);
#670=EDGE_CURVE('',#818,#820,#892,.T.);
#671=EDGE_CURVE('',#821,#822,#37,.T.);
#672=EDGE_CURVE('',#821,#823,#893,.T.);
#673=EDGE_CURVE('',#824,#823,#38,.F.);
#674=EDGE_CURVE('',#822,#824,#894,.T.);
#675=EDGE_CURVE('',#825,#824,#165,.T.);
#676=EDGE_CURVE('',#826,#823,#166,.T.);
#677=EDGE_CURVE('',#826,#825,#39,.T.);
#678=EDGE_CURVE('',#821,#827,#167,.T.);
#679=EDGE_CURVE('',#822,#828,#168,.T.);
#680=EDGE_CURVE('',#827,#828,#40,.T.);
#681=EDGE_CURVE('',#829,#830,#169,.T.);
#682=EDGE_CURVE('',#830,#831,#170,.T.);
#683=EDGE_CURVE('',#831,#832,#171,.T.);
#684=EDGE_CURVE('',#829,#832,#41,.T.);
#685=EDGE_CURVE('',#825,#833,#42,.T.);
#686=EDGE_CURVE('',#826,#829,#43,.T.);
#687=EDGE_CURVE('',#832,#833,#172,.T.);
#688=EDGE_CURVE('',#828,#834,#44,.T.);
#689=EDGE_CURVE('',#835,#834,#45,.T.);
#690=EDGE_CURVE('',#835,#836,#173,.T.);
#691=EDGE_CURVE('',#827,#836,#46,.T.);
#692=EDGE_CURVE('',#837,#838,#174,.T.);
#693=EDGE_CURVE('',#838,#835,#175,.T.);
#694=EDGE_CURVE('',#837,#834,#176,.T.);
#695=EDGE_CURVE('',#836,#830,#177,.T.);
#696=EDGE_CURVE('',#833,#837,#178,.T.);
#697=EDGE_CURVE('',#839,#820,#179,.T.);
#698=EDGE_CURVE('',#840,#819,#180,.T.);
#699=EDGE_CURVE('',#840,#839,#47,.T.);
#700=EDGE_CURVE('',#817,#841,#181,.T.);
#701=EDGE_CURVE('',#818,#842,#182,.T.);
#702=EDGE_CURVE('',#841,#842,#48,.T.);
#703=EDGE_CURVE('',#839,#843,#49,.T.);
#704=EDGE_CURVE('',#840,#844,#50,.T.);
#705=EDGE_CURVE('',#844,#845,#51,.T.);
#706=EDGE_CURVE('',#845,#843,#183,.T.);
#707=EDGE_CURVE('',#842,#846,#52,.T.);
#708=EDGE_CURVE('',#847,#846,#53,.T.);
#709=EDGE_CURVE('',#847,#848,#184,.T.);
#710=EDGE_CURVE('',#841,#848,#54,.T.);
#711=EDGE_CURVE('',#849,#850,#185,.T.);
#712=EDGE_CURVE('',#850,#847,#186,.T.);
#713=EDGE_CURVE('',#849,#846,#187,.T.);
#714=EDGE_CURVE('',#844,#851,#188,.T.);
#715=EDGE_CURVE('',#851,#852,#189,.T.);
#716=EDGE_CURVE('',#852,#845,#190,.T.);
#717=EDGE_CURVE('',#848,#851,#191,.T.);
#718=EDGE_CURVE('',#843,#849,#192,.T.);
#719=EDGE_CURVE('',#853,#816,#193,.T.);
#720=EDGE_CURVE('',#854,#815,#194,.T.);
#721=EDGE_CURVE('',#854,#853,#55,.T.);
#722=EDGE_CURVE('',#813,#855,#195,.T.);
#723=EDGE_CURVE('',#814,#856,#196,.T.);
#724=EDGE_CURVE('',#855,#856,#56,.T.);
#725=EDGE_CURVE('',#853,#857,#57,.T.);
#726=EDGE_CURVE('',#854,#858,#58,.T.);
#727=EDGE_CURVE('',#858,#859,#59,.T.);
#728=EDGE_CURVE('',#859,#857,#197,.T.);
#729=EDGE_CURVE('',#856,#860,#60,.T.);
#730=EDGE_CURVE('',#861,#860,#61,.T.);
#731=EDGE_CURVE('',#861,#862,#198,.T.);
#732=EDGE_CURVE('',#855,#862,#62,.T.);
#733=EDGE_CURVE('',#863,#864,#199,.T.);
#734=EDGE_CURVE('',#864,#861,#200,.T.);
#735=EDGE_CURVE('',#863,#860,#201,.T.);
#736=EDGE_CURVE('',#858,#865,#202,.T.);
#737=EDGE_CURVE('',#865,#866,#203,.T.);
#738=EDGE_CURVE('',#866,#859,#204,.T.);
#739=EDGE_CURVE('',#862,#865,#205,.T.);
#740=EDGE_CURVE('',#857,#863,#206,.T.);
#741=EDGE_CURVE('',#867,#812,#207,.T.);
#742=EDGE_CURVE('',#868,#811,#208,.T.);
#743=EDGE_CURVE('',#868,#867,#63,.T.);
#744=EDGE_CURVE('',#809,#869,#209,.T.);
#745=EDGE_CURVE('',#810,#870,#210,.T.);
#746=EDGE_CURVE('',#869,#870,#64,.T.);
#747=EDGE_CURVE('',#867,#871,#65,.T.);
#748=EDGE_CURVE('',#868,#872,#66,.T.);
#749=EDGE_CURVE('',#872,#873,#67,.T.);
#750=EDGE_CURVE('',#873,#871,#211,.T.);
#751=EDGE_CURVE('',#870,#874,#68,.T.);
#752=EDGE_CURVE('',#875,#874,#69,.T.);
#753=EDGE_CURVE('',#875,#876,#212,.T.);
#754=EDGE_CURVE('',#869,#876,#70,.T.);
#755=EDGE_CURVE('',#877,#878,#213,.T.);
#756=EDGE_CURVE('',#878,#875,#214,.T.);
#757=EDGE_CURVE('',#877,#874,#215,.T.);
#758=EDGE_CURVE('',#872,#879,#216,.T.);
#759=EDGE_CURVE('',#879,#880,#217,.T.);
#760=EDGE_CURVE('',#880,#873,#218,.T.);
#761=EDGE_CURVE('',#876,#879,#219,.T.);
#762=EDGE_CURVE('',#871,#877,#220,.T.);
#763=EDGE_CURVE('',#852,#850,#221,.T.);
#764=EDGE_CURVE('',#866,#864,#222,.T.);
#765=EDGE_CURVE('',#880,#878,#223,.T.);
#766=EDGE_CURVE('',#831,#838,#224,.T.);
#767=VERTEX_POINT('',#1994);
#768=VERTEX_POINT('',#1996);
#769=VERTEX_POINT('',#2000);
#770=VERTEX_POINT('',#2002);
#771=VERTEX_POINT('',#2005);
#772=VERTEX_POINT('',#2017);
#773=VERTEX_POINT('',#2018);
#774=VERTEX_POINT('',#2034);
#775=VERTEX_POINT('',#2035);
#776=VERTEX_POINT('',#2051);
#777=VERTEX_POINT('',#2052);
#778=VERTEX_POINT('',#2068);
#779=VERTEX_POINT('',#2069);
#780=VERTEX_POINT('',#2085);
#781=VERTEX_POINT('',#2086);
#782=VERTEX_POINT('',#2102);
#783=VERTEX_POINT('',#2103);
#784=VERTEX_POINT('',#2119);
#785=VERTEX_POINT('',#2120);
#786=VERTEX_POINT('',#2136);
#787=VERTEX_POINT('',#2137);
#788=VERTEX_POINT('',#2153);
#789=VERTEX_POINT('',#2154);
#790=VERTEX_POINT('',#2199);
#791=VERTEX_POINT('',#2211);
#792=VERTEX_POINT('',#2265);
#793=VERTEX_POINT('',#2277);
#794=VERTEX_POINT('',#2331);
#795=VERTEX_POINT('',#2343);
#796=VERTEX_POINT('',#2397);
#797=VERTEX_POINT('',#2409);
#798=VERTEX_POINT('',#2463);
#799=VERTEX_POINT('',#2475);
#800=VERTEX_POINT('',#2529);
#801=VERTEX_POINT('',#2541);
#802=VERTEX_POINT('',#2595);
#803=VERTEX_POINT('',#2607);
#804=VERTEX_POINT('',#2661);
#805=VERTEX_POINT('',#2673);
#806=VERTEX_POINT('',#2727);
#807=VERTEX_POINT('',#2739);
#808=VERTEX_POINT('',#2756);
#809=VERTEX_POINT('',#2759);
#810=VERTEX_POINT('',#2760);
#811=VERTEX_POINT('',#2762);
#812=VERTEX_POINT('',#2764);
#813=VERTEX_POINT('',#2767);
#814=VERTEX_POINT('',#2768);
#815=VERTEX_POINT('',#2770);
#816=VERTEX_POINT('',#2772);
#817=VERTEX_POINT('',#2775);
#818=VERTEX_POINT('',#2776);
#819=VERTEX_POINT('',#2778);
#820=VERTEX_POINT('',#2780);
#821=VERTEX_POINT('',#2783);
#822=VERTEX_POINT('',#2784);
#823=VERTEX_POINT('',#2786);
#824=VERTEX_POINT('',#2788);
#825=VERTEX_POINT('',#2794);
#826=VERTEX_POINT('',#2798);
#827=VERTEX_POINT('',#2804);
#828=VERTEX_POINT('',#2808);
#829=VERTEX_POINT('',#2848);
#830=VERTEX_POINT('',#2849);
#831=VERTEX_POINT('',#2854);
#832=VERTEX_POINT('',#2871);
#833=VERTEX_POINT('',#2875);
#834=VERTEX_POINT('',#2883);
#835=VERTEX_POINT('',#2885);
#836=VERTEX_POINT('',#2890);
#837=VERTEX_POINT('',#2928);
#838=VERTEX_POINT('',#2929);
#839=VERTEX_POINT('',#3129);
#840=VERTEX_POINT('',#3133);
#841=VERTEX_POINT('',#3139);
#842=VERTEX_POINT('',#3143);
#843=VERTEX_POINT('',#3147);
#844=VERTEX_POINT('',#3149);
#845=VERTEX_POINT('',#3151);
#846=VERTEX_POINT('',#3158);
#847=VERTEX_POINT('',#3160);
#848=VERTEX_POINT('',#3165);
#849=VERTEX_POINT('',#3203);
#850=VERTEX_POINT('',#3204);
#851=VERTEX_POINT('',#3265);
#852=VERTEX_POINT('',#3270);
#853=VERTEX_POINT('',#3464);
#854=VERTEX_POINT('',#3468);
#855=VERTEX_POINT('',#3474);
#856=VERTEX_POINT('',#3478);
#857=VERTEX_POINT('',#3482);
#858=VERTEX_POINT('',#3484);
#859=VERTEX_POINT('',#3486);
#860=VERTEX_POINT('',#3493);
#861=VERTEX_POINT('',#3495);
#862=VERTEX_POINT('',#3500);
#863=VERTEX_POINT('',#3538);
#864=VERTEX_POINT('',#3539);
#865=VERTEX_POINT('',#3602);
#866=VERTEX_POINT('',#3607);
#867=VERTEX_POINT('',#3805);
#868=VERTEX_POINT('',#3809);
#869=VERTEX_POINT('',#3815);
#870=VERTEX_POINT('',#3819);
#871=VERTEX_POINT('',#3823);
#872=VERTEX_POINT('',#3825);
#873=VERTEX_POINT('',#3827);
#874=VERTEX_POINT('',#3834);
#875=VERTEX_POINT('',#3836);
#876=VERTEX_POINT('',#3841);
#877=VERTEX_POINT('',#3879);
#878=VERTEX_POINT('',#3880);
#879=VERTEX_POINT('',#3941);
#880=VERTEX_POINT('',#3946);
#881=CIRCLE('',#1665,0.00195597278030046);
#882=CIRCLE('',#1666,0.00320006485763352);
#883=CIRCLE('',#1669,0.0083126969969769);
#884=CIRCLE('',#1670,0.0083126969969769);
#885=CIRCLE('',#1672,0.000668709260682319);
#886=CIRCLE('',#1684,0.000668709260682319);
#887=CIRCLE('',#1686,0.000668709260682319);
#888=CIRCLE('',#1687,0.000668709260682319);
#889=CIRCLE('',#1688,0.000668709260682319);
#890=CIRCLE('',#1689,0.000668709260682319);
#891=CIRCLE('',#1690,0.000668709260682319);
#892=CIRCLE('',#1691,0.000668709260682319);
#893=CIRCLE('',#1692,0.000668709260682319);
#894=CIRCLE('',#1693,0.000668709260682319);
#895=EDGE_LOOP('',(#263));
#896=EDGE_LOOP('',(#264));
#897=EDGE_LOOP('',(#265));
#898=EDGE_LOOP('',(#266));
#899=EDGE_LOOP('',(#267));
#900=EDGE_LOOP('',(#268));
#901=EDGE_LOOP('',(#269,#270));
#902=EDGE_LOOP('',(#271,#272));
#903=EDGE_LOOP('',(#273,#274));
#904=EDGE_LOOP('',(#275,#276));
#905=EDGE_LOOP('',(#277,#278));
#906=EDGE_LOOP('',(#279,#280));
#907=EDGE_LOOP('',(#281,#282));
#908=EDGE_LOOP('',(#283,#284));
#909=EDGE_LOOP('',(#285,#286));
#910=EDGE_LOOP('',(#287));
#911=EDGE_LOOP('',(#288));
#912=EDGE_LOOP('',(#289));
#913=EDGE_LOOP('',(#290,#291,#292,#293));
#914=EDGE_LOOP('',(#294,#295,#296,#297));
#915=EDGE_LOOP('',(#298,#299));
#916=EDGE_LOOP('',(#300,#301,#302,#303));
#917=EDGE_LOOP('',(#304,#305,#306,#307));
#918=EDGE_LOOP('',(#308,#309));
#919=EDGE_LOOP('',(#310,#311,#312,#313));
#920=EDGE_LOOP('',(#314,#315,#316,#317));
#921=EDGE_LOOP('',(#318,#319));
#922=EDGE_LOOP('',(#320,#321,#322,#323));
#923=EDGE_LOOP('',(#324,#325,#326,#327));
#924=EDGE_LOOP('',(#328,#329));
#925=EDGE_LOOP('',(#330,#331,#332,#333));
#926=EDGE_LOOP('',(#334,#335,#336,#337));
#927=EDGE_LOOP('',(#338,#339));
#928=EDGE_LOOP('',(#340,#341,#342,#343));
#929=EDGE_LOOP('',(#344,#345,#346,#347));
#930=EDGE_LOOP('',(#348,#349));
#931=EDGE_LOOP('',(#350,#351,#352,#353));
#932=EDGE_LOOP('',(#354,#355,#356,#357));
#933=EDGE_LOOP('',(#358,#359));
#934=EDGE_LOOP('',(#360,#361,#362,#363));
#935=EDGE_LOOP('',(#364,#365,#366,#367));
#936=EDGE_LOOP('',(#368,#369));
#937=EDGE_LOOP('',(#370,#371,#372,#373));
#938=EDGE_LOOP('',(#374,#375,#376,#377));
#939=EDGE_LOOP('',(#378,#379));
#940=EDGE_LOOP('',(#380));
#941=EDGE_LOOP('',(#381,#382,#383,#384));
#942=EDGE_LOOP('',(#385,#386,#387,#388));
#943=EDGE_LOOP('',(#389,#390,#391,#392));
#944=EDGE_LOOP('',(#393,#394,#395,#396));
#945=EDGE_LOOP('',(#397));
#946=EDGE_LOOP('',(#398));
#947=EDGE_LOOP('',(#399,#400,#401,#402));
#948=EDGE_LOOP('',(#403,#404,#405,#406));
#949=EDGE_LOOP('',(#407,#408,#409,#410));
#950=EDGE_LOOP('',(#411,#412,#413,#414,#415));
#951=EDGE_LOOP('',(#416,#417,#418,#419,#420));
#952=EDGE_LOOP('',(#421,#422,#423,#424));
#953=EDGE_LOOP('',(#425,#426,#427,#428,#429,#430,#431));
#954=EDGE_LOOP('',(#432,#433,#434,#435,#436,#437,#438));
#955=EDGE_LOOP('',(#439,#440,#441,#442));
#956=EDGE_LOOP('',(#443,#444,#445,#446));
#957=EDGE_LOOP('',(#447,#448,#449,#450,#451));
#958=EDGE_LOOP('',(#452,#453,#454,#455,#456));
#959=EDGE_LOOP('',(#457,#458,#459,#460));
#960=EDGE_LOOP('',(#461,#462,#463,#464));
#961=EDGE_LOOP('',(#465,#466,#467,#468,#469,#470,#471));
#962=EDGE_LOOP('',(#472,#473,#474,#475,#476,#477,#478));
#963=EDGE_LOOP('',(#479,#480,#481,#482));
#964=EDGE_LOOP('',(#483,#484,#485,#486));
#965=EDGE_LOOP('',(#487,#488,#489,#490,#491));
#966=EDGE_LOOP('',(#492,#493,#494,#495,#496));
#967=EDGE_LOOP('',(#497,#498,#499,#500));
#968=EDGE_LOOP('',(#501,#502,#503,#504));
#969=EDGE_LOOP('',(#505,#506,#507,#508,#509,#510,#511));
#970=EDGE_LOOP('',(#512,#513,#514,#515,#516,#517,#518));
#971=EDGE_LOOP('',(#519,#520,#521,#522));
#972=EDGE_LOOP('',(#523,#524,#525,#526));
#973=EDGE_LOOP('',(#527,#528,#529,#530,#531));
#974=EDGE_LOOP('',(#532,#533,#534,#535,#536));
#975=EDGE_LOOP('',(#537,#538,#539,#540));
#976=EDGE_LOOP('',(#541,#542,#543,#544));
#977=EDGE_LOOP('',(#545,#546,#547,#548,#549,#550,#551));
#978=EDGE_LOOP('',(#552,#553,#554,#555,#556,#557,#558));
#979=EDGE_LOOP('',(#559,#560,#561,#562,#563));
#980=EDGE_LOOP('',(#564,#565,#566,#567,#568));
#981=EDGE_LOOP('',(#569,#570,#571,#572,#573));
#982=EDGE_LOOP('',(#574,#575,#576,#577,#578));
#983=EDGE_LOOP('',(#579,#580,#581,#582,#583));
#984=EDGE_LOOP('',(#584,#585,#586,#587,#588));
#985=EDGE_LOOP('',(#589,#590,#591,#592,#593));
#986=EDGE_LOOP('',(#594,#595,#596,#597,#598));
#987=FACE_BOUND('',#895,.T.);
#988=FACE_BOUND('',#896,.T.);
#989=FACE_BOUND('',#897,.T.);
#990=FACE_BOUND('',#898,.T.);
#991=FACE_BOUND('',#899,.T.);
#992=FACE_BOUND('',#900,.T.);
#993=FACE_BOUND('',#901,.T.);
#994=FACE_BOUND('',#902,.T.);
#995=FACE_BOUND('',#903,.T.);
#996=FACE_BOUND('',#904,.T.);
#997=FACE_BOUND('',#905,.T.);
#998=FACE_BOUND('',#906,.T.);
#999=FACE_BOUND('',#907,.T.);
#1000=FACE_BOUND('',#908,.T.);
#1001=FACE_BOUND('',#909,.T.);
#1002=FACE_BOUND('',#910,.T.);
#1003=FACE_BOUND('',#911,.T.);
#1004=FACE_BOUND('',#912,.T.);
#1005=FACE_BOUND('',#913,.T.);
#1006=FACE_BOUND('',#914,.T.);
#1007=FACE_BOUND('',#915,.T.);
#1008=FACE_BOUND('',#916,.T.);
#1009=FACE_BOUND('',#917,.T.);
#1010=FACE_BOUND('',#918,.T.);
#1011=FACE_BOUND('',#919,.T.);
#1012=FACE_BOUND('',#920,.T.);
#1013=FACE_BOUND('',#921,.T.);
#1014=FACE_BOUND('',#922,.T.);
#1015=FACE_BOUND('',#923,.T.);
#1016=FACE_BOUND('',#924,.T.);
#1017=FACE_BOUND('',#925,.T.);
#1018=FACE_BOUND('',#926,.T.);
#1019=FACE_BOUND('',#927,.T.);
#1020=FACE_BOUND('',#928,.T.);
#1021=FACE_BOUND('',#929,.T.);
#1022=FACE_BOUND('',#930,.T.);
#1023=FACE_BOUND('',#931,.T.);
#1024=FACE_BOUND('',#932,.T.);
#1025=FACE_BOUND('',#933,.T.);
#1026=FACE_BOUND('',#934,.T.);
#1027=FACE_BOUND('',#935,.T.);
#1028=FACE_BOUND('',#936,.T.);
#1029=FACE_BOUND('',#937,.T.);
#1030=FACE_BOUND('',#938,.T.);
#1031=FACE_BOUND('',#939,.T.);
#1032=FACE_BOUND('',#940,.T.);
#1033=FACE_BOUND('',#941,.T.);
#1034=FACE_BOUND('',#942,.T.);
#1035=FACE_BOUND('',#943,.T.);
#1036=FACE_BOUND('',#944,.T.);
#1037=FACE_BOUND('',#945,.T.);
#1038=FACE_BOUND('',#946,.T.);
#1039=FACE_BOUND('',#947,.T.);
#1040=FACE_BOUND('',#948,.T.);
#1041=FACE_BOUND('',#949,.T.);
#1042=FACE_BOUND('',#950,.T.);
#1043=FACE_BOUND('',#951,.T.);
#1044=FACE_BOUND('',#952,.T.);
#1045=FACE_BOUND('',#953,.T.);
#1046=FACE_BOUND('',#954,.T.);
#1047=FACE_BOUND('',#955,.T.);
#1048=FACE_BOUND('',#956,.T.);
#1049=FACE_BOUND('',#957,.T.);
#1050=FACE_BOUND('',#958,.T.);
#1051=FACE_BOUND('',#959,.T.);
#1052=FACE_BOUND('',#960,.T.);
#1053=FACE_BOUND('',#961,.T.);
#1054=FACE_BOUND('',#962,.T.);
#1055=FACE_BOUND('',#963,.T.);
#1056=FACE_BOUND('',#964,.T.);
#1057=FACE_BOUND('',#965,.T.);
#1058=FACE_BOUND('',#966,.T.);
#1059=FACE_BOUND('',#967,.T.);
#1060=FACE_BOUND('',#968,.T.);
#1061=FACE_BOUND('',#969,.T.);
#1062=FACE_BOUND('',#970,.T.);
#1063=FACE_BOUND('',#971,.T.);
#1064=FACE_BOUND('',#972,.T.);
#1065=FACE_BOUND('',#973,.T.);
#1066=FACE_BOUND('',#974,.T.);
#1067=FACE_BOUND('',#975,.T.);
#1068=FACE_BOUND('',#976,.T.);
#1069=FACE_BOUND('',#977,.T.);
#1070=FACE_BOUND('',#978,.T.);
#1071=FACE_BOUND('',#979,.T.);
#1072=FACE_BOUND('',#980,.T.);
#1073=FACE_BOUND('',#981,.T.);
#1074=FACE_BOUND('',#982,.T.);
#1075=FACE_BOUND('',#983,.T.);
#1076=FACE_BOUND('',#984,.T.);
#1077=FACE_BOUND('',#985,.T.);
#1078=FACE_BOUND('',#986,.T.);
#1079=B_SPLINE_SURFACE_WITH_KNOTS('',3,3,((#1885,#1886,#1887,#1888,#1889,
#1890),(#1891,#1892,#1893,#1894,#1895,#1896),(#1897,#1898,#1899,#1900,#1901,
#1902),(#1903,#1904,#1905,#1906,#1907,#1908),(#1909,#1910,#1911,#1912,#1913,
#1914),(#1915,#1916,#1917,#1918,#1919,#1920),(#1921,#1922,#1923,#1924,#1925,
#1926),(#1927,#1928,#1929,#1930,#1931,#1932),(#1933,#1934,#1935,#1936,#1937,
#1938),(#1939,#1940,#1941,#1942,#1943,#1944),(#1945,#1946,#1947,#1948,#1949,
#1950),(#1951,#1952,#1953,#1954,#1955,#1956),(#1957,#1958,#1959,#1960,#1961,
#1962),(#1963,#1964,#1965,#1966,#1967,#1968),(#1969,#1970,#1971,#1972,#1973,
#1974),(#1975,#1976,#1977,#1978,#1979,#1980),(#1981,#1982,#1983,#1984,#1985,
#1986),(#1987,#1988,#1989,#1990,#1991,#1992)),.UNSPECIFIED.,.T.,.F.,.F.,
(4,2,2,2,2,2,2,2,4),(4,2,4),(0.,0.125,0.25,0.375,0.5,0.625,0.75,0.875,1.),
(-0.00601113893417626,0.119740253432596,1.),.UNSPECIFIED.);
#1080=B_SPLINE_SURFACE_WITH_KNOTS('',3,1,((#2160,#2161),(#2162,#2163),(#2164,
#2165),(#2166,#2167),(#2168,#2169),(#2170,#2171),(#2172,#2173),(#2174,#2175),
(#2176,#2177),(#2178,#2179),(#2180,#2181),(#2182,#2183),(#2184,#2185),(#2186,
#2187),(#2188,#2189),(#2190,#2191),(#2192,#2193),(#2194,#2195),(#2196,#2197)),
 .SURF_OF_LINEAR_EXTRUSION.,.F.,.F.,.F.,(4,1,1,1,1,1,1,1,1,1,1,1,1,1,1,
1,4),(2,2),(0.,0.0625,0.125,0.1875,0.25,0.3125,0.375,0.4375,0.5,0.5625,
0.625,0.6875,0.75,0.8125,0.875,0.9375,1.),(0.,1.),.UNSPECIFIED.);
#1081=B_SPLINE_SURFACE_WITH_KNOTS('',3,1,((#2213,#2214),(#2215,#2216),(#2217,
#2218),(#2219,#2220)),.SURF_OF_LINEAR_EXTRUSION.,.F.,.F.,.F.,(4,4),(2,2),
(0.,1.),(0.,1.),.PIECEWISE_BEZIER_KNOTS.);
#1082=B_SPLINE_SURFACE_WITH_KNOTS('',3,1,((#2226,#2227),(#2228,#2229),(#2230,
#2231),(#2232,#2233),(#2234,#2235),(#2236,#2237),(#2238,#2239),(#2240,#2241),
(#2242,#2243),(#2244,#2245),(#2246,#2247),(#2248,#2249),(#2250,#2251),(#2252,
#2253),(#2254,#2255),(#2256,#2257),(#2258,#2259),(#2260,#2261),(#2262,#2263)),
 .SURF_OF_LINEAR_EXTRUSION.,.F.,.F.,.F.,(4,1,1,1,1,1,1,1,1,1,1,1,1,1,1,
1,4),(2,2),(0.,0.0625,0.125,0.1875,0.25,0.3125,0.375,0.4375,0.5,0.5625,
0.625,0.6875,0.75,0.8125,0.875,0.9375,1.),(0.,1.),.UNSPECIFIED.);
#1083=B_SPLINE_SURFACE_WITH_KNOTS('',3,1,((#2279,#2280),(#2281,#2282),(#2283,
#2284),(#2285,#2286)),.SURF_OF_LINEAR_EXTRUSION.,.F.,.F.,.F.,(4,4),(2,2),
(0.,1.),(0.,1.),.PIECEWISE_BEZIER_KNOTS.);
#1084=B_SPLINE_SURFACE_WITH_KNOTS('',3,1,((#2292,#2293),(#2294,#2295),(#2296,
#2297),(#2298,#2299),(#2300,#2301),(#2302,#2303),(#2304,#2305),(#2306,#2307),
(#2308,#2309),(#2310,#2311),(#2312,#2313),(#2314,#2315),(#2316,#2317),(#2318,
#2319),(#2320,#2321),(#2322,#2323),(#2324,#2325),(#2326,#2327),(#2328,#2329)),
 .SURF_OF_LINEAR_EXTRUSION.,.F.,.F.,.F.,(4,1,1,1,1,1,1,1,1,1,1,1,1,1,1,
1,4),(2,2),(0.,0.0625,0.125,0.1875,0.25,0.3125,0.375,0.4375,0.5,0.5625,
0.625,0.6875,0.75,0.8125,0.875,0.9375,1.),(0.,1.),.UNSPECIFIED.);
#1085=B_SPLINE_SURFACE_WITH_KNOTS('',3,1,((#2345,#2346),(#2347,#2348),(#2349,
#2350),(#2351,#2352)),.SURF_OF_LINEAR_EXTRUSION.,.F.,.F.,.F.,(4,4),(2,2),
(0.,1.),(0.,1.),.PIECEWISE_BEZIER_KNOTS.);
#1086=B_SPLINE_SURFACE_WITH_KNOTS('',3,1,((#2358,#2359),(#2360,#2361),(#2362,
#2363),(#2364,#2365),(#2366,#2367),(#2368,#2369),(#2370,#2371),(#2372,#2373),
(#2374,#2375),(#2376,#2377),(#2378,#2379),(#2380,#2381),(#2382,#2383),(#2384,
#2385),(#2386,#2387),(#2388,#2389),(#2390,#2391),(#2392,#2393),(#2394,#2395)),
 .SURF_OF_LINEAR_EXTRUSION.,.F.,.F.,.F.,(4,1,1,1,1,1,1,1,1,1,1,1,1,1,1,
1,4),(2,2),(0.,0.0625,0.125,0.1875,0.25,0.3125,0.375,0.4375,0.5,0.5625,
0.625,0.6875,0.75,0.8125,0.875,0.9375,1.),(0.,1.),.UNSPECIFIED.);
#1087=B_SPLINE_SURFACE_WITH_KNOTS('',3,1,((#2411,#2412),(#2413,#2414),(#2415,
#2416),(#2417,#2418)),.SURF_OF_LINEAR_EXTRUSION.,.F.,.F.,.F.,(4,4),(2,2),
(0.,1.),(0.,1.),.PIECEWISE_BEZIER_KNOTS.);
#1088=B_SPLINE_SURFACE_WITH_KNOTS('',3,1,((#2424,#2425),(#2426,#2427),(#2428,
#2429),(#2430,#2431),(#2432,#2433),(#2434,#2435),(#2436,#2437),(#2438,#2439),
(#2440,#2441),(#2442,#2443),(#2444,#2445),(#2446,#2447),(#2448,#2449),(#2450,
#2451),(#2452,#2453),(#2454,#2455),(#2456,#2457),(#2458,#2459),(#2460,#2461)),
 .SURF_OF_LINEAR_EXTRUSION.,.F.,.F.,.F.,(4,1,1,1,1,1,1,1,1,1,1,1,1,1,1,
1,4),(2,2),(0.,0.0625,0.125,0.1875,0.25,0.3125,0.375,0.4375,0.5,0.5625,
0.625,0.6875,0.75,0.8125,0.875,0.9375,1.),(0.,1.),.UNSPECIFIED.);
#1089=B_SPLINE_SURFACE_WITH_KNOTS('',3,1,((#2477,#2478),(#2479,#2480),(#2481,
#2482),(#2483,#2484)),.SURF_OF_LINEAR_EXTRUSION.,.F.,.F.,.F.,(4,4),(2,2),
(0.,1.),(0.,1.),.PIECEWISE_BEZIER_KNOTS.);
#1090=B_SPLINE_SURFACE_WITH_KNOTS('',3,1,((#2490,#2491),(#2492,#2493),(#2494,
#2495),(#2496,#2497),(#2498,#2499),(#2500,#2501),(#2502,#2503),(#2504,#2505),
(#2506,#2507),(#2508,#2509),(#2510,#2511),(#2512,#2513),(#2514,#2515),(#2516,
#2517),(#2518,#2519),(#2520,#2521),(#2522,#2523),(#2524,#2525),(#2526,#2527)),
 .SURF_OF_LINEAR_EXTRUSION.,.F.,.F.,.F.,(4,1,1,1,1,1,1,1,1,1,1,1,1,1,1,
1,4),(2,2),(0.,0.0625,0.125,0.1875,0.25,0.3125,0.375,0.4375,0.5,0.5625,
0.625,0.6875,0.75,0.8125,0.875,0.9375,1.),(0.,1.),.UNSPECIFIED.);
#1091=B_SPLINE_SURFACE_WITH_KNOTS('',3,1,((#2543,#2544),(#2545,#2546),(#2547,
#2548),(#2549,#2550)),.SURF_OF_LINEAR_EXTRUSION.,.F.,.F.,.F.,(4,4),(2,2),
(0.,1.),(0.,1.),.PIECEWISE_BEZIER_KNOTS.);
#1092=B_SPLINE_SURFACE_WITH_KNOTS('',3,1,((#2556,#2557),(#2558,#2559),(#2560,
#2561),(#2562,#2563),(#2564,#2565),(#2566,#2567),(#2568,#2569),(#2570,#2571),
(#2572,#2573),(#2574,#2575),(#2576,#2577),(#2578,#2579),(#2580,#2581),(#2582,
#2583),(#2584,#2585),(#2586,#2587),(#2588,#2589),(#2590,#2591),(#2592,#2593)),
 .SURF_OF_LINEAR_EXTRUSION.,.F.,.F.,.F.,(4,1,1,1,1,1,1,1,1,1,1,1,1,1,1,
1,4),(2,2),(0.,0.0625,0.125,0.1875,0.25,0.3125,0.375,0.4375,0.5,0.5625,
0.625,0.6875,0.75,0.8125,0.875,0.9375,1.),(0.,1.),.UNSPECIFIED.);
#1093=B_SPLINE_SURFACE_WITH_KNOTS('',3,1,((#2609,#2610),(#2611,#2612),(#2613,
#2614),(#2615,#2616)),.SURF_OF_LINEAR_EXTRUSION.,.F.,.F.,.F.,(4,4),(2,2),
(0.,1.),(0.,1.),.PIECEWISE_BEZIER_KNOTS.);
#1094=B_SPLINE_SURFACE_WITH_KNOTS('',3,1,((#2622,#2623),(#2624,#2625),(#2626,
#2627),(#2628,#2629),(#2630,#2631),(#2632,#2633),(#2634,#2635),(#2636,#2637),
(#2638,#2639),(#2640,#2641),(#2642,#2643),(#2644,#2645),(#2646,#2647),(#2648,
#2649),(#2650,#2651),(#2652,#2653),(#2654,#2655),(#2656,#2657),(#2658,#2659)),
 .SURF_OF_LINEAR_EXTRUSION.,.F.,.F.,.F.,(4,1,1,1,1,1,1,1,1,1,1,1,1,1,1,
1,4),(2,2),(0.,0.0625,0.125,0.1875,0.25,0.3125,0.375,0.4375,0.5,0.5625,
0.625,0.6875,0.75,0.8125,0.875,0.9375,1.),(0.,1.),.UNSPECIFIED.);
#1095=B_SPLINE_SURFACE_WITH_KNOTS('',3,1,((#2675,#2676),(#2677,#2678),(#2679,
#2680),(#2681,#2682)),.SURF_OF_LINEAR_EXTRUSION.,.F.,.F.,.F.,(4,4),(2,2),
(0.,1.),(0.,1.),.PIECEWISE_BEZIER_KNOTS.);
#1096=B_SPLINE_SURFACE_WITH_KNOTS('',3,1,((#2688,#2689),(#2690,#2691),(#2692,
#2693),(#2694,#2695),(#2696,#2697),(#2698,#2699),(#2700,#2701),(#2702,#2703),
(#2704,#2705),(#2706,#2707),(#2708,#2709),(#2710,#2711),(#2712,#2713),(#2714,
#2715),(#2716,#2717),(#2718,#2719),(#2720,#2721),(#2722,#2723),(#2724,#2725)),
 .SURF_OF_LINEAR_EXTRUSION.,.F.,.F.,.F.,(4,1,1,1,1,1,1,1,1,1,1,1,1,1,1,
1,4),(2,2),(0.,0.0625,0.125,0.1875,0.25,0.3125,0.375,0.4375,0.5,0.5625,
0.625,0.6875,0.75,0.8125,0.875,0.9375,1.),(0.,1.),.UNSPECIFIED.);
#1097=B_SPLINE_SURFACE_WITH_KNOTS('',3,1,((#2741,#2742),(#2743,#2744),(#2745,
#2746),(#2747,#2748)),.SURF_OF_LINEAR_EXTRUSION.,.F.,.F.,.F.,(4,4),(2,2),
(0.,1.),(0.,1.),.PIECEWISE_BEZIER_KNOTS.);
#1098=B_SPLINE_SURFACE_WITH_KNOTS('',3,1,((#2810,#2811),(#2812,#2813),(#2814,
#2815),(#2816,#2817),(#2818,#2819),(#2820,#2821),(#2822,#2823),(#2824,#2825),
(#2826,#2827),(#2828,#2829),(#2830,#2831),(#2832,#2833),(#2834,#2835),(#2836,
#2837),(#2838,#2839)),.SURF_OF_LINEAR_EXTRUSION.,.F.,.F.,.F.,(4,1,1,1,1,
1,1,1,1,1,1,1,4),(2,2),(0.,0.0590203269084888,0.118040653816978,0.177060980725466,
0.236081307633955,0.354121961450933,0.413142288359422,0.472162615267911,
0.531182942176399,0.590203269084888,0.708243922901866,0.826284576718844,
0.944325230535821),(0.,1.),.UNSPECIFIED.);
#1099=B_SPLINE_SURFACE_WITH_KNOTS('',3,1,((#2892,#2893),(#2894,#2895),(#2896,
#2897),(#2898,#2899),(#2900,#2901),(#2902,#2903),(#2904,#2905),(#2906,#2907),
(#2908,#2909),(#2910,#2911),(#2912,#2913),(#2914,#2915),(#2916,#2917),(#2918,
#2919),(#2920,#2921),(#2922,#2923)),.SURF_OF_LINEAR_EXTRUSION.,.F.,.F.,
 .F.,(4,1,1,1,1,1,1,1,1,1,1,1,1,4),(2,2),(0.0586019704693568,0.117439347315022,
0.176276724160687,0.235114101006352,0.293951477852018,0.411626231543348,
0.470463608389013,0.529300985234678,0.588138362080344,0.646975738926009,
0.764650492617339,0.88232524630867,0.941162623154335,1.),(0.,1.),
 .UNSPECIFIED.);
#1100=B_SPLINE_SURFACE_WITH_KNOTS('',3,1,((#3167,#3168),(#3169,#3170),(#3171,
#3172),(#3173,#3174),(#3175,#3176),(#3177,#3178),(#3179,#3180),(#3181,#3182),
(#3183,#3184),(#3185,#3186),(#3187,#3188),(#3189,#3190),(#3191,#3192),(#3193,
#3194),(#3195,#3196),(#3197,#3198)),.SURF_OF_LINEAR_EXTRUSION.,.F.,.F.,
 .F.,(4,1,1,1,1,1,1,1,1,1,1,1,1,4),(2,2),(0.058601970468492,0.117439347314211,
0.176276724159931,0.23511410100565,0.293951477851369,0.411626231542808,
0.470463608388527,0.529300985234246,0.588138362079965,0.646975738925684,
0.764650492617123,0.882325246308562,0.941162623154281,1.),(0.,1.),
 .UNSPECIFIED.);
#1101=B_SPLINE_SURFACE_WITH_KNOTS('',3,1,((#3227,#3228),(#3229,#3230),(#3231,
#3232),(#3233,#3234),(#3235,#3236),(#3237,#3238),(#3239,#3240),(#3241,#3242),
(#3243,#3244),(#3245,#3246),(#3247,#3248),(#3249,#3250),(#3251,#3252),(#3253,
#3254),(#3255,#3256)),.SURF_OF_LINEAR_EXTRUSION.,.F.,.F.,.F.,(4,1,1,1,1,
1,1,1,1,1,1,1,4),(2,2),(0.,0.0590203269084884,0.118040653816977,0.177060980725465,
0.236081307633954,0.354121961450931,0.413142288359419,0.472162615267908,
0.531182942176396,0.590203269084884,0.708243922901861,0.826284576718838,
0.944325230535815),(0.,1.),.UNSPECIFIED.);
#1102=B_SPLINE_SURFACE_WITH_KNOTS('',3,1,((#3502,#3503),(#3504,#3505),(#3506,
#3507),(#3508,#3509),(#3510,#3511),(#3512,#3513),(#3514,#3515),(#3516,#3517),
(#3518,#3519),(#3520,#3521),(#3522,#3523),(#3524,#3525),(#3526,#3527),(#3528,
#3529),(#3530,#3531),(#3532,#3533)),.SURF_OF_LINEAR_EXTRUSION.,.F.,.F.,
 .F.,(4,1,1,1,1,1,1,1,1,1,1,1,1,4),(2,2),(0.0593613729140322,0.118151287106905,
0.176941201299778,0.235731115492651,0.294521029685524,0.41210085807127,
0.470890772264143,0.529680686457016,0.588470600649889,0.647260514842762,
0.764840343228508,0.882420171614254,0.941210085807127,1.),(0.,1.),
 .UNSPECIFIED.);
#1103=B_SPLINE_SURFACE_WITH_KNOTS('',3,1,((#3564,#3565),(#3566,#3567),(#3568,
#3569),(#3570,#3571),(#3572,#3573),(#3574,#3575),(#3576,#3577),(#3578,#3579),
(#3580,#3581),(#3582,#3583),(#3584,#3585),(#3586,#3587),(#3588,#3589),(#3590,
#3591),(#3592,#3593)),.SURF_OF_LINEAR_EXTRUSION.,.F.,.F.,.F.,(4,1,1,1,1,
1,1,1,1,1,1,1,4),(2,2),(0.,0.0590463879441428,0.118092775888286,0.177139163832428,
0.236185551776571,0.354278327664857,0.413324715608999,0.472371103553142,
0.531417491497285,0.590463879441428,0.708556655329713,0.826649431217999,
0.944742207106284),(0.,1.),.UNSPECIFIED.);
#1104=B_SPLINE_SURFACE_WITH_KNOTS('',3,1,((#3843,#3844),(#3845,#3846),(#3847,
#3848),(#3849,#3850),(#3851,#3852),(#3853,#3854),(#3855,#3856),(#3857,#3858),
(#3859,#3860),(#3861,#3862),(#3863,#3864),(#3865,#3866),(#3867,#3868),(#3869,
#3870),(#3871,#3872),(#3873,#3874)),.SURF_OF_LINEAR_EXTRUSION.,.F.,.F.,
 .F.,(4,1,1,1,1,1,1,1,1,1,1,1,1,4),(2,2),(0.0586040209326651,0.117441269624374,
0.176278518316082,0.23511576700779,0.293953015699499,0.411627513082916,
0.470464761774624,0.529302010466333,0.588139259158041,0.646976507849749,
0.764651005233166,0.882325502616583,0.941162751308292,1.),(0.,1.),
 .UNSPECIFIED.);
#1105=B_SPLINE_SURFACE_WITH_KNOTS('',3,1,((#3903,#3904),(#3905,#3906),(#3907,
#3908),(#3909,#3910),(#3911,#3912),(#3913,#3914),(#3915,#3916),(#3917,#3918),
(#3919,#3920),(#3921,#3922),(#3923,#3924),(#3925,#3926),(#3927,#3928),(#3929,
#3930),(#3931,#3932)),.SURF_OF_LINEAR_EXTRUSION.,.F.,.F.,.F.,(4,1,1,1,1,
1,1,1,1,1,1,1,4),(2,2),(0.,0.0590214958039694,0.118042991607939,0.177064487411908,
0.236085983215878,0.354128974823816,0.413150470627786,0.472171966431755,
0.531193462235724,0.590214958039694,0.708257949647633,0.826300941255571,
0.94434393286351),(0.,1.),.UNSPECIFIED.);
#1106=B_SPLINE_SURFACE_WITH_KNOTS('',1,3,((#4135,#4136,#4137,#4138,#4139,
#4140,#4141,#4142,#4143,#4144,#4145,#4146,#4147,#4148,#4149,#4150,#4151,
#4152,#4153,#4154,#4155,#4156,#4157,#4158,#4159,#4160,#4161,#4162,#4163,
#4164,#4165,#4166,#4167,#4168,#4169,#4170,#4171,#4172,#4173,#4174,#4175,
#4176,#4177,#4178,#4179,#4180,#4181,#4182,#4183,#4184,#4185,#4186,#4187,
#4188,#4189,#4190,#4191,#4192,#4193,#4194,#4195,#4196,#4197,#4198,#4199,
#4200,#4201,#4202,#4203,#4204,#4205,#4206,#4207,#4208),(#4209,#4210,#4211,
#4212,#4213,#4214,#4215,#4216,#4217,#4218,#4219,#4220,#4221,#4222,#4223,
#4224,#4225,#4226,#4227,#4228,#4229,#4230,#4231,#4232,#4233,#4234,#4235,
#4236,#4237,#4238,#4239,#4240,#4241,#4242,#4243,#4244,#4245,#4246,#4247,
#4248,#4249,#4250,#4251,#4252,#4253,#4254,#4255,#4256,#4257,#4258,#4259,
#4260,#4261,#4262,#4263,#4264,#4265,#4266,#4267,#4268,#4269,#4270,#4271,
#4272,#4273,#4274,#4275,#4276,#4277,#4278,#4279,#4280,#4281,#4282),(#4283,
#4284,#4285,#4286,#4287,#4288,#4289,#4290,#4291,#4292,#4293,#4294,#4295,
#4296,#4297,#4298,#4299,#4300,#4301,#4302,#4303,#4304,#4305,#4306,#4307,
#4308,#4309,#4310,#4311,#4312,#4313,#4314,#4315,#4316,#4317,#4318,#4319,
#4320,#4321,#4322,#4323,#4324,#4325,#4326,#4327,#4328,#4329,#4330,#4331,
#4332,#4333,#4334,#4335,#4336,#4337,#4338,#4339,#4340,#4341,#4342,#4343,
#4344,#4345,#4346,#4347,#4348,#4349,#4350,#4351,#4352,#4353,#4354,#4355,
#4356)),.RULED_SURF.,.F.,.F.,.F.,(2,1,2),(4,2,2,2,2,2,2,2,2,2,2,2,2,2,2,
2,2,2,2,2,2,2,2,2,2,2,2,2,2,2,2,2,2,2,2,2,4),(-0.00600179355879604,0.,1.),
(0.00179878686177018,0.00187193061339736,0.00191316209644526,0.00195439357949317,
0.00197500932101712,0.0019853171917791,0.00199562506254107,0.00200593293330305,
0.00200850990099354,0.00200979838483879,0.00201108686868403,0.00201237535252929,
0.00201366383637453,0.00201624080406502,0.00202139473944601,0.002026548674827,
0.00203685654558898,0.00205747228711293,0.00207808802863688,0.00211931951168478,
0.0022017824777806,0.00236670840997221,0.00269656027435545,0.00335626400312193,
0.00401596773188841,0.00533537518942136,0.00665478264695431,0.00797419010448726,
0.00863389383325374,0.00929359756202021,0.00962344942640345,0.00995330129078669,
0.0102831531551699,0.0106130050195532,0.0109428568839364,0.0112727087483196,
0.0115098083213437),.UNSPECIFIED.);
#1107=B_SPLINE_SURFACE_WITH_KNOTS('',1,3,((#4365,#4366,#4367,#4368,#4369,
#4370,#4371,#4372,#4373,#4374,#4375,#4376,#4377,#4378,#4379,#4380,#4381,
#4382,#4383,#4384,#4385,#4386,#4387,#4388,#4389,#4390,#4391,#4392,#4393,
#4394,#4395,#4396,#4397,#4398,#4399,#4400,#4401,#4402,#4403,#4404,#4405,
#4406,#4407,#4408,#4409,#4410),(#4411,#4412,#4413,#4414,#4415,#4416,#4417,
#4418,#4419,#4420,#4421,#4422,#4423,#4424,#4425,#4426,#4427,#4428,#4429,
#4430,#4431,#4432,#4433,#4434,#4435,#4436,#4437,#4438,#4439,#4440,#4441,
#4442,#4443,#4444,#4445,#4446,#4447,#4448,#4449,#4450,#4451,#4452,#4453,
#4454,#4455,#4456)),.RULED_SURF.,.F.,.F.,.F.,(2,2),(4,2,2,2,2,2,2,2,2,2,
2,2,2,2,2,2,2,2,2,2,2,2,4),(0.,1.),(0.00233790881026954,0.00241044520566456,
0.00249171625351578,0.00253235177744139,0.002572987301367,0.00265425834921823,
0.00273552939706945,0.0028980714927719,0.00322315568417679,0.00387332406698657,
0.00452349244979636,0.00582382921541593,0.0071241659810355,0.00842450274665508,
0.00907467112946486,0.00972483951227465,0.0100499237036795,0.0103750078950844,
0.0107000920864893,0.0110251762778942,0.0113502604692991,0.011675344660704,
0.0119090685403081),.UNSPECIFIED.);
#1108=B_SPLINE_SURFACE_WITH_KNOTS('',1,3,((#4465,#4466,#4467,#4468,#4469,
#4470,#4471,#4472,#4473,#4474,#4475,#4476,#4477,#4478,#4479,#4480,#4481,
#4482,#4483,#4484,#4485,#4486,#4487,#4488,#4489,#4490,#4491,#4492,#4493,
#4494,#4495,#4496,#4497,#4498,#4499,#4500,#4501,#4502,#4503,#4504,#4505,
#4506,#4507,#4508,#4509,#4510,#4511,#4512,#4513,#4514,#4515,#4516,#4517,
#4518,#4519,#4520,#4521,#4522,#4523,#4524,#4525,#4526,#4527,#4528,#4529,
#4530,#4531,#4532,#4533,#4534,#4535,#4536),(#4537,#4538,#4539,#4540,#4541,
#4542,#4543,#4544,#4545,#4546,#4547,#4548,#4549,#4550,#4551,#4552,#4553,
#4554,#4555,#4556,#4557,#4558,#4559,#4560,#4561,#4562,#4563,#4564,#4565,
#4566,#4567,#4568,#4569,#4570,#4571,#4572,#4573,#4574,#4575,#4576,#4577,
#4578,#4579,#4580,#4581,#4582,#4583,#4584,#4585,#4586,#4587,#4588,#4589,
#4590,#4591,#4592,#4593,#4594,#4595,#4596,#4597,#4598,#4599,#4600,#4601,
#4602,#4603,#4604,#4605,#4606,#4607,#4608),(#4609,#4610,#4611,#4612,#4613,
#4614,#4615,#4616,#4617,#4618,#4619,#4620,#4621,#4622,#4623,#4624,#4625,
#4626,#4627,#4628,#4629,#4630,#4631,#4632,#4633,#4634,#4635,#4636,#4637,
#4638,#4639,#4640,#4641,#4642,#4643,#4644,#4645,#4646,#4647,#4648,#4649,
#4650,#4651,#4652,#4653,#4654,#4655,#4656,#4657,#4658,#4659,#4660,#4661,
#4662,#4663,#4664,#4665,#4666,#4667,#4668,#4669,#4670,#4671,#4672,#4673,
#4674,#4675,#4676,#4677,#4678,#4679,#4680)),.RULED_SURF.,.F.,.F.,.F.,(2,
1,2),(4,2,2,2,2,2,2,2,2,2,2,2,2,2,2,2,2,2,2,2,2,2,2,2,2,2,2,2,2,2,2,2,2,
2,2,4),(-0.0060000101158797,0.,1.),(0.00180522695294212,0.00187770731322873,
0.00191894685164538,0.00196018639006203,0.00198080615927036,0.00200142592847868,
0.00200658087078076,0.00201173581308284,0.00201431328423388,0.00201689075538493,
0.00201817949096044,0.00201946822653596,0.00202075696211148,0.00202204569768701,
0.00203235558229116,0.00204266546689533,0.00206328523610366,0.00208390500531198,
0.00212514454372863,0.00220762362056193,0.00237258177422853,0.00270249808156174,
0.00336233069622814,0.00402216331089454,0.00534182854022736,0.00666149376956017,
0.00798115899889298,0.00864099161355938,0.00930082422822579,0.00963074053555899,
0.00996065684289219,0.0102905731502254,0.0106204894575586,0.0109504057648918,
0.011280322072225,0.0115174635163956),.UNSPECIFIED.);
#1109=B_SPLINE_SURFACE_WITH_KNOTS('',1,3,((#4689,#4690,#4691,#4692,#4693,
#4694,#4695,#4696,#4697,#4698,#4699,#4700,#4701,#4702,#4703,#4704,#4705,
#4706,#4707,#4708,#4709,#4710,#4711,#4712,#4713,#4714,#4715,#4716,#4717,
#4718,#4719,#4720,#4721,#4722,#4723,#4724,#4725,#4726,#4727,#4728,#4729,
#4730,#4731,#4732,#4733,#4734,#4735,#4736,#4737,#4738,#4739,#4740,#4741,
#4742,#4743,#4744,#4745,#4746,#4747,#4748,#4749,#4750,#4751,#4752,#4753,
#4754,#4755,#4756,#4757,#4758,#4759,#4760,#4761,#4762),(#4763,#4764,#4765,
#4766,#4767,#4768,#4769,#4770,#4771,#4772,#4773,#4774,#4775,#4776,#4777,
#4778,#4779,#4780,#4781,#4782,#4783,#4784,#4785,#4786,#4787,#4788,#4789,
#4790,#4791,#4792,#4793,#4794,#4795,#4796,#4797,#4798,#4799,#4800,#4801,
#4802,#4803,#4804,#4805,#4806,#4807,#4808,#4809,#4810,#4811,#4812,#4813,
#4814,#4815,#4816,#4817,#4818,#4819,#4820,#4821,#4822,#4823,#4824,#4825,
#4826,#4827,#4828,#4829,#4830,#4831,#4832,#4833,#4834,#4835,#4836),(#4837,
#4838,#4839,#4840,#4841,#4842,#4843,#4844,#4845,#4846,#4847,#4848,#4849,
#4850,#4851,#4852,#4853,#4854,#4855,#4856,#4857,#4858,#4859,#4860,#4861,
#4862,#4863,#4864,#4865,#4866,#4867,#4868,#4869,#4870,#4871,#4872,#4873,
#4874,#4875,#4876,#4877,#4878,#4879,#4880,#4881,#4882,#4883,#4884,#4885,
#4886,#4887,#4888,#4889,#4890,#4891,#4892,#4893,#4894,#4895,#4896,#4897,
#4898,#4899,#4900,#4901,#4902,#4903,#4904,#4905,#4906,#4907,#4908,#4909,
#4910)),.RULED_SURF.,.F.,.F.,.F.,(2,1,2),(4,2,2,2,2,2,2,2,2,2,2,2,2,2,2,
2,2,2,2,2,2,2,2,2,2,2,2,2,2,2,2,2,2,2,2,2,4),(-0.00600179355880553,0.,1.),
(0.00179878686176966,0.00187193061339684,0.00191316209644474,0.00195439357949264,
0.00197500932101659,0.00198531719177857,0.00199562506254055,0.00200593293330252,
0.00200850990099302,0.00200979838483826,0.00201108686868351,0.00201237535252876,
0.002013663836374,0.0020162408040645,0.00202139473944549,0.00202654867482648,
0.00203685654558846,0.0020574722871124,0.00207808802863636,0.00211931951168426,
0.00220178247778007,0.00236670840997169,0.00269656027435493,0.0033562640031214,
0.00401596773188788,0.00533537518942083,0.00665478264695378,0.00797419010448673,
0.00863389383325321,0.00929359756201969,0.00962344942640293,0.00995330129078616,
0.0102831531551694,0.0106130050195526,0.0109428568839359,0.0112727087483191,
0.0115098083213431),.UNSPECIFIED.);
#1110=B_SPLINE_SURFACE_WITH_KNOTS('',1,3,((#4919,#4920,#4921,#4922,#4923,
#4924,#4925,#4926,#4927,#4928,#4929,#4930,#4931,#4932,#4933,#4934,#4935,
#4936,#4937,#4938,#4939,#4940,#4941,#4942,#4943,#4944,#4945,#4946,#4947,
#4948,#4949,#4950,#4951,#4952,#4953,#4954,#4955,#4956,#4957,#4958,#4959,
#4960,#4961,#4962,#4963,#4964,#4965,#4966,#4967,#4968,#4969,#4970,#4971,
#4972,#4973,#4974,#4975,#4976,#4977,#4978,#4979,#4980,#4981,#4982,#4983,
#4984,#4985,#4986,#4987,#4988,#4989,#4990),(#4991,#4992,#4993,#4994,#4995,
#4996,#4997,#4998,#4999,#5000,#5001,#5002,#5003,#5004,#5005,#5006,#5007,
#5008,#5009,#5010,#5011,#5012,#5013,#5014,#5015,#5016,#5017,#5018,#5019,
#5020,#5021,#5022,#5023,#5024,#5025,#5026,#5027,#5028,#5029,#5030,#5031,
#5032,#5033,#5034,#5035,#5036,#5037,#5038,#5039,#5040,#5041,#5042,#5043,
#5044,#5045,#5046,#5047,#5048,#5049,#5050,#5051,#5052,#5053,#5054,#5055,
#5056,#5057,#5058,#5059,#5060,#5061,#5062)),.RULED_SURF.,.F.,.F.,.F.,(2,
2),(4,2,2,2,2,2,2,2,2,2,2,2,2,2,2,2,2,2,2,2,2,2,2,2,2,2,2,2,2,2,2,2,2,2,
2,4),(0.,1.),(0.00160884372379142,0.00184632971323677,0.00217717505492312,
0.00250802039660947,0.00283886573829582,0.00316971107998217,0.00350055642166853,
0.00383140176335488,0.00449309244672758,0.00515478313010028,0.00647816449684569,
0.00780154586359109,0.0091249272303365,0.0097866179137092,0.0101174632553955,
0.0104483085970819,0.0106137312679251,0.0107791539387682,0.0108618652741898,
0.0109445766096114,0.0109652544434668,0.0109859322773222,0.0109962711942499,
0.0110066101111776,0.0110091948404095,0.0110104872050255,0.0110117795696415,
0.0110169490281053,0.0110221184865692,0.011027287945033,0.0110479657788884,
0.0110686436127438,0.0111099992804546,0.0111927106158762,0.0112754219512978,
0.0113481158044),.UNSPECIFIED.);
#1111=B_SPLINE_SURFACE_WITH_KNOTS('',1,3,((#5063,#5064,#5065,#5066,#5067,
#5068,#5069,#5070,#5071,#5072,#5073,#5074,#5075,#5076,#5077,#5078,#5079,
#5080,#5081,#5082,#5083,#5084,#5085,#5086,#5087,#5088,#5089,#5090,#5091,
#5092,#5093,#5094,#5095,#5096,#5097,#5098,#5099,#5100,#5101,#5102,#5103,
#5104,#5105,#5106,#5107,#5108,#5109,#5110,#5111,#5112,#5113,#5114,#5115,
#5116,#5117,#5118,#5119,#5120,#5121,#5122,#5123,#5124),(#5125,#5126,#5127,
#5128,#5129,#5130,#5131,#5132,#5133,#5134,#5135,#5136,#5137,#5138,#5139,
#5140,#5141,#5142,#5143,#5144,#5145,#5146,#5147,#5148,#5149,#5150,#5151,
#5152,#5153,#5154,#5155,#5156,#5157,#5158,#5159,#5160,#5161,#5162,#5163,
#5164,#5165,#5166,#5167,#5168,#5169,#5170,#5171,#5172,#5173,#5174,#5175,
#5176,#5177,#5178,#5179,#5180,#5181,#5182,#5183,#5184,#5185,#5186)),
 .RULED_SURF.,.F.,.F.,.F.,(2,2),(4,2,2,2,2,2,2,2,2,2,2,2,2,2,2,2,2,2,2,
2,2,2,2,2,2,2,2,2,2,2,4),(0.,1.),(0.00424920686142055,0.00448806750752218,
0.00482075912109012,0.00515345073465805,0.00548614234822599,0.00581883396179393,
0.0064842171889298,0.00714960041606567,0.00781498364320154,0.00914575009747328,
0.010476516551745,0.0118072830060168,0.0124726662331526,0.0128053578467206,
0.0131380494602885,0.0133043952670725,0.0134707410738564,0.0135539139772484,
0.0136370868806404,0.0136786733323364,0.0137202597840324,0.0137410530098804,
0.0137514496228044,0.0137618462357284,0.0137722428486524,0.0137826394615764,
0.0138034326874244,0.0138450191391204,0.0138866055908164,0.0139697784942083,
0.0140430174717933),.UNSPECIFIED.);
#1112=B_SPLINE_SURFACE_WITH_KNOTS('',1,3,((#5187,#5188,#5189,#5190,#5191,
#5192,#5193,#5194,#5195,#5196,#5197,#5198,#5199,#5200,#5201,#5202,#5203,
#5204,#5205,#5206,#5207,#5208,#5209,#5210,#5211,#5212,#5213,#5214,#5215,
#5216,#5217,#5218,#5219,#5220,#5221,#5222,#5223,#5224,#5225,#5226,#5227,
#5228,#5229,#5230,#5231,#5232,#5233,#5234,#5235,#5236,#5237,#5238,#5239,
#5240,#5241,#5242,#5243,#5244,#5245,#5246,#5247,#5248,#5249,#5250,#5251,
#5252,#5253,#5254,#5255,#5256,#5257,#5258),(#5259,#5260,#5261,#5262,#5263,
#5264,#5265,#5266,#5267,#5268,#5269,#5270,#5271,#5272,#5273,#5274,#5275,
#5276,#5277,#5278,#5279,#5280,#5281,#5282,#5283,#5284,#5285,#5286,#5287,
#5288,#5289,#5290,#5291,#5292,#5293,#5294,#5295,#5296,#5297,#5298,#5299,
#5300,#5301,#5302,#5303,#5304,#5305,#5306,#5307,#5308,#5309,#5310,#5311,
#5312,#5313,#5314,#5315,#5316,#5317,#5318,#5319,#5320,#5321,#5322,#5323,
#5324,#5325,#5326,#5327,#5328,#5329,#5330)),.RULED_SURF.,.F.,.F.,.F.,(2,
2),(4,2,2,2,2,2,2,2,2,2,2,2,2,2,2,2,2,2,2,2,2,2,2,2,2,2,2,2,2,2,2,2,2,2,
2,4),(0.,1.),(0.00168496729153645,0.0019244999215808,0.00225823254037755,
0.00259196515917431,0.00292569777797106,0.00325943039676782,0.00392689563436132,
0.00459436087195483,0.00526182610954833,0.00659675658473534,0.00793168705992235,
0.00926661753510936,0.00993408277270287,0.0102678153914996,0.0106015480102964,
0.0107684143196947,0.0109352806290931,0.0110187137837923,0.0111021469384915,
0.0111230052271663,0.0111438635158411,0.0111542926601785,0.0111647218045159,
0.0111673290906002,0.0111686327336424,0.0111699363766846,0.0111712400197268,
0.0111725436627689,0.0111751509488533,0.011180365521022,0.0111855800931907,
0.0112272966705403,0.0112690132478899,0.0113524464025891,0.0114358795572883,
0.0115092082400394),.UNSPECIFIED.);
#1113=B_SPLINE_SURFACE_WITH_KNOTS('',1,3,((#5331,#5332,#5333,#5334,#5335,
#5336,#5337,#5338,#5339,#5340,#5341,#5342,#5343,#5344,#5345,#5346,#5347,
#5348,#5349,#5350,#5351,#5352,#5353,#5354,#5355,#5356,#5357,#5358,#5359,
#5360,#5361,#5362,#5363,#5364,#5365,#5366,#5367,#5368,#5369,#5370,#5371,
#5372,#5373,#5374,#5375,#5376,#5377,#5378,#5379,#5380,#5381,#5382,#5383,
#5384,#5385,#5386,#5387,#5388,#5389,#5390,#5391,#5392,#5393,#5394,#5395,
#5396,#5397,#5398,#5399,#5400,#5401,#5402),(#5403,#5404,#5405,#5406,#5407,
#5408,#5409,#5410,#5411,#5412,#5413,#5414,#5415,#5416,#5417,#5418,#5419,
#5420,#5421,#5422,#5423,#5424,#5425,#5426,#5427,#5428,#5429,#5430,#5431,
#5432,#5433,#5434,#5435,#5436,#5437,#5438,#5439,#5440,#5441,#5442,#5443,
#5444,#5445,#5446,#5447,#5448,#5449,#5450,#5451,#5452,#5453,#5454,#5455,
#5456,#5457,#5458,#5459,#5460,#5461,#5462,#5463,#5464,#5465,#5466,#5467,
#5468,#5469,#5470,#5471,#5472,#5473,#5474)),.RULED_SURF.,.F.,.F.,.F.,(2,
2),(4,2,2,2,2,2,2,2,2,2,2,2,2,2,2,2,2,2,2,2,2,2,2,2,2,2,2,2,2,2,2,2,2,2,
2,4),(0.,1.),(0.00160884372379154,0.0018463297132369,0.00217717505492328,
0.00250802039660966,0.00283886573829603,0.00316971107998241,0.00350055642166879,
0.00383140176335517,0.00449309244672792,0.00515478313010067,0.00647816449684618,
0.00780154586359169,0.0091249272303372,0.00978661791370995,0.0101174632553963,
0.0104483085970827,0.0106137312679259,0.0107791539387691,0.0108618652741907,
0.0109445766096123,0.0109652544434677,0.0109859322773231,0.0109962711942508,
0.0110066101111785,0.0110091948404104,0.0110104872050263,0.0110117795696423,
0.0110169490281062,0.01102211848657,0.0110272879450339,0.0110479657788893,
0.0110686436127447,0.0111099992804555,0.011192710615877,0.0112754219512986,
0.0113481158044009),.UNSPECIFIED.);
#1114=OVER_RIDING_STYLED_ITEM('',(#1257),#1180,#1255);
#1115=OVER_RIDING_STYLED_ITEM('',(#1258),#1181,#1255);
#1116=OVER_RIDING_STYLED_ITEM('',(#1259),#1182,#1255);
#1117=OVER_RIDING_STYLED_ITEM('',(#1260),#1183,#1255);
#1118=OVER_RIDING_STYLED_ITEM('',(#1261),#1184,#1255);
#1119=OVER_RIDING_STYLED_ITEM('',(#1262),#1185,#1255);
#1120=OVER_RIDING_STYLED_ITEM('',(#1263),#1186,#1255);
#1121=OVER_RIDING_STYLED_ITEM('',(#1264),#1187,#1255);
#1122=OVER_RIDING_STYLED_ITEM('',(#1265),#1188,#1255);
#1123=OVER_RIDING_STYLED_ITEM('',(#1266),#1189,#1255);
#1124=OVER_RIDING_STYLED_ITEM('',(#1267),#1190,#1255);
#1125=OVER_RIDING_STYLED_ITEM('',(#1268),#1191,#1255);
#1126=OVER_RIDING_STYLED_ITEM('',(#1269),#1192,#1255);
#1127=OVER_RIDING_STYLED_ITEM('',(#1270),#1193,#1255);
#1128=OVER_RIDING_STYLED_ITEM('',(#1271),#1194,#1255);
#1129=OVER_RIDING_STYLED_ITEM('',(#1272),#1195,#1255);
#1130=OVER_RIDING_STYLED_ITEM('',(#1273),#1196,#1255);
#1131=OVER_RIDING_STYLED_ITEM('',(#1274),#1197,#1255);
#1132=OVER_RIDING_STYLED_ITEM('',(#1275),#1198,#1255);
#1133=OVER_RIDING_STYLED_ITEM('',(#1276),#1199,#1255);
#1134=OVER_RIDING_STYLED_ITEM('',(#1277),#1200,#1255);
#1135=OVER_RIDING_STYLED_ITEM('',(#1278),#1201,#1255);
#1136=OVER_RIDING_STYLED_ITEM('',(#1279),#1202,#1255);
#1137=OVER_RIDING_STYLED_ITEM('',(#1280),#1203,#1255);
#1138=OVER_RIDING_STYLED_ITEM('',(#1281),#1204,#1255);
#1139=OVER_RIDING_STYLED_ITEM('',(#1282),#1205,#1255);
#1140=OVER_RIDING_STYLED_ITEM('',(#1283),#1206,#1255);
#1141=OVER_RIDING_STYLED_ITEM('',(#1284),#1207,#1255);
#1142=OVER_RIDING_STYLED_ITEM('',(#1285),#1208,#1255);
#1143=OVER_RIDING_STYLED_ITEM('',(#1286),#1209,#1255);
#1144=OVER_RIDING_STYLED_ITEM('',(#1287),#1210,#1255);
#1145=OVER_RIDING_STYLED_ITEM('',(#1288),#1211,#1255);
#1146=OVER_RIDING_STYLED_ITEM('',(#1289),#1212,#1255);
#1147=OVER_RIDING_STYLED_ITEM('',(#1290),#1213,#1255);
#1148=OVER_RIDING_STYLED_ITEM('',(#1291),#1216,#1255);
#1149=OVER_RIDING_STYLED_ITEM('',(#1292),#1217,#1255);
#1150=OVER_RIDING_STYLED_ITEM('',(#1293),#1218,#1255);
#1151=OVER_RIDING_STYLED_ITEM('',(#1294),#1219,#1255);
#1152=OVER_RIDING_STYLED_ITEM('',(#1295),#1220,#1255);
#1153=OVER_RIDING_STYLED_ITEM('',(#1296),#1221,#1255);
#1154=OVER_RIDING_STYLED_ITEM('',(#1297),#1224,#1255);
#1155=OVER_RIDING_STYLED_ITEM('',(#1298),#1225,#1255);
#1156=OVER_RIDING_STYLED_ITEM('',(#1299),#1226,#1255);
#1157=OVER_RIDING_STYLED_ITEM('',(#1300),#1227,#1255);
#1158=OVER_RIDING_STYLED_ITEM('',(#1301),#1228,#1255);
#1159=OVER_RIDING_STYLED_ITEM('',(#1302),#1229,#1255);
#1160=OVER_RIDING_STYLED_ITEM('',(#1303),#1232,#1255);
#1161=OVER_RIDING_STYLED_ITEM('',(#1304),#1233,#1255);
#1162=OVER_RIDING_STYLED_ITEM('',(#1305),#1234,#1255);
#1163=OVER_RIDING_STYLED_ITEM('',(#1306),#1235,#1255);
#1164=OVER_RIDING_STYLED_ITEM('',(#1307),#1236,#1255);
#1165=OVER_RIDING_STYLED_ITEM('',(#1308),#1237,#1255);
#1166=OVER_RIDING_STYLED_ITEM('',(#1309),#1240,#1255);
#1167=OVER_RIDING_STYLED_ITEM('',(#1310),#1241,#1255);
#1168=OVER_RIDING_STYLED_ITEM('',(#1311),#1242,#1255);
#1169=OVER_RIDING_STYLED_ITEM('',(#1312),#1243,#1255);
#1170=OVER_RIDING_STYLED_ITEM('',(#1313),#1244,#1255);
#1171=OVER_RIDING_STYLED_ITEM('',(#1314),#1245,#1255);
#1172=OVER_RIDING_STYLED_ITEM('',(#1315),#1246,#1255);
#1173=OVER_RIDING_STYLED_ITEM('',(#1316),#1247,#1255);
#1174=OVER_RIDING_STYLED_ITEM('',(#1317),#1248,#1255);
#1175=OVER_RIDING_STYLED_ITEM('',(#1318),#1249,#1255);
#1176=OVER_RIDING_STYLED_ITEM('',(#1319),#1250,#1255);
#1177=OVER_RIDING_STYLED_ITEM('',(#1320),#1251,#1255);
#1178=OVER_RIDING_STYLED_ITEM('',(#1321),#1252,#1255);
#1179=OVER_RIDING_STYLED_ITEM('',(#1322),#1253,#1255);
#1180=ADVANCED_FACE('Face appearance 13',(#987,#988),#1079,.T.);
#1181=ADVANCED_FACE('Face appearance 13',(#989),#235,.F.);
#1182=ADVANCED_FACE('Face appearance 13',(#990,#991),#225,.T.);
#1183=ADVANCED_FACE('Face appearance 12',(#992,#993,#994,#995,#996,#997,
#998,#999,#1000,#1001,#1002),#236,.T.);
#1184=ADVANCED_FACE('Face appearance 13',(#1003,#1004),#237,.F.);
#1185=ADVANCED_FACE('Face appearance 15',(#1005),#1080,.F.);
#1186=ADVANCED_FACE('Face appearance 15',(#1006),#1081,.F.);
#1187=ADVANCED_FACE('Face appearance 19',(#1007),#238,.T.);
#1188=ADVANCED_FACE('Face appearance 18',(#1008),#1082,.F.);
#1189=ADVANCED_FACE('Face appearance 18',(#1009),#1083,.F.);
#1190=ADVANCED_FACE('Face appearance 19',(#1010),#239,.T.);
#1191=ADVANCED_FACE('Face appearance 14',(#1011),#1084,.F.);
#1192=ADVANCED_FACE('Face appearance 14',(#1012),#1085,.F.);
#1193=ADVANCED_FACE('Face appearance 12',(#1013),#240,.T.);
#1194=ADVANCED_FACE('Face appearance 17',(#1014),#1086,.F.);
#1195=ADVANCED_FACE('Face appearance 17',(#1015),#1087,.F.);
#1196=ADVANCED_FACE('Face appearance 12',(#1016),#241,.T.);
#1197=ADVANCED_FACE('Face appearance 17',(#1017),#1088,.F.);
#1198=ADVANCED_FACE('Face appearance 17',(#1018),#1089,.F.);
#1199=ADVANCED_FACE('Face appearance 12',(#1019),#242,.T.);
#1200=ADVANCED_FACE('Face appearance 16',(#1020),#1090,.F.);
#1201=ADVANCED_FACE('Face appearance 16',(#1021),#1091,.F.);
#1202=ADVANCED_FACE('Face appearance 12',(#1022),#243,.T.);
#1203=ADVANCED_FACE('Face appearance 17',(#1023),#1092,.F.);
#1204=ADVANCED_FACE('Face appearance 17',(#1024),#1093,.F.);
#1205=ADVANCED_FACE('Face appearance 12',(#1025),#244,.T.);
#1206=ADVANCED_FACE('Face appearance 14',(#1026),#1094,.F.);
#1207=ADVANCED_FACE('Face appearance 14',(#1027),#1095,.F.);
#1208=ADVANCED_FACE('Face appearance 12',(#1028),#245,.T.);
#1209=ADVANCED_FACE('Face appearance 14',(#1029),#1096,.F.);
#1210=ADVANCED_FACE('Face appearance 14',(#1030),#1097,.F.);
#1211=ADVANCED_FACE('Face appearance 12',(#1031),#246,.T.);
#1212=ADVANCED_FACE('Face appearance 11',(#1032),#12,.T.);
#1213=ADVANCED_FACE('Face appearance 11',(#1033,#1034,#1035,#1036,#1037,
#1038),#226,.T.);
#1214=ADVANCED_FACE('',(#1039),#227,.T.);
#1215=ADVANCED_FACE('',(#1040),#228,.T.);
#1216=ADVANCED_FACE('Face appearance 9',(#1041),#1098,.T.);
#1217=ADVANCED_FACE('Face appearance 7',(#1042),#247,.T.);
#1218=ADVANCED_FACE('Face appearance 6',(#1043),#248,.F.);
#1219=ADVANCED_FACE('Face appearance 10',(#1044),#1099,.T.);
#1220=ADVANCED_FACE('Face appearance 1',(#1045),#249,.T.);
#1221=ADVANCED_FACE('Face appearance 2',(#1046),#250,.F.);
#1222=ADVANCED_FACE('',(#1047),#229,.T.);
#1223=ADVANCED_FACE('',(#1048),#230,.T.);
#1224=ADVANCED_FACE('Face appearance 7',(#1049),#251,.T.);
#1225=ADVANCED_FACE('Face appearance 6',(#1050),#252,.F.);
#1226=ADVANCED_FACE('Face appearance 10',(#1051),#1100,.T.);
#1227=ADVANCED_FACE('Face appearance 9',(#1052),#1101,.T.);
#1228=ADVANCED_FACE('Face appearance 1',(#1053),#253,.T.);
#1229=ADVANCED_FACE('Face appearance 2',(#1054),#254,.F.);
#1230=ADVANCED_FACE('',(#1055),#231,.T.);
#1231=ADVANCED_FACE('',(#1056),#232,.T.);
#1232=ADVANCED_FACE('Face appearance 8',(#1057),#255,.T.);
#1233=ADVANCED_FACE('Face appearance 7',(#1058),#256,.F.);
#1234=ADVANCED_FACE('Face appearance 5',(#1059),#1102,.T.);
#1235=ADVANCED_FACE('Face appearance 4',(#1060),#1103,.T.);
#1236=ADVANCED_FACE('Face appearance 1',(#1061),#257,.T.);
#1237=ADVANCED_FACE('Face appearance 2',(#1062),#258,.F.);
#1238=ADVANCED_FACE('',(#1063),#233,.T.);
#1239=ADVANCED_FACE('',(#1064),#234,.T.);
#1240=ADVANCED_FACE('Face appearance 6',(#1065),#259,.T.);
#1241=ADVANCED_FACE('Face appearance 7',(#1066),#260,.F.);
#1242=ADVANCED_FACE('Face appearance 3',(#1067),#1104,.T.);
#1243=ADVANCED_FACE('Face appearance 4',(#1068),#1105,.T.);
#1244=ADVANCED_FACE('Face appearance 1',(#1069),#261,.T.);
#1245=ADVANCED_FACE('Face appearance 2',(#1070),#262,.F.);
#1246=ADVANCED_FACE('Face appearance 8',(#1071),#1106,.T.);
#1247=ADVANCED_FACE('Face appearance 4',(#1072),#1107,.T.);
#1248=ADVANCED_FACE('Face appearance 3',(#1073),#1108,.T.);
#1249=ADVANCED_FACE('Face appearance 9',(#1074),#1109,.T.);
#1250=ADVANCED_FACE('Face appearance 10',(#1075),#1110,.T.);
#1251=ADVANCED_FACE('Face appearance 5',(#1076),#1111,.T.);
#1252=ADVANCED_FACE('Face appearance 3',(#1077),#1112,.T.);
#1253=ADVANCED_FACE('Face appearance 10',(#1078),#1113,.T.);
#1254=CLOSED_SHELL('',(#1180,#1181,#1182,#1183,#1184,#1185,#1186,#1187,
#1188,#1189,#1190,#1191,#1192,#1193,#1194,#1195,#1196,#1197,#1198,#1199,
#1200,#1201,#1202,#1203,#1204,#1205,#1206,#1207,#1208,#1209,#1210,#1211,
#1212,#1213,#1214,#1215,#1216,#1217,#1218,#1219,#1220,#1221,#1222,#1223,
#1224,#1225,#1226,#1227,#1228,#1229,#1230,#1231,#1232,#1233,#1234,#1235,
#1236,#1237,#1238,#1239,#1240,#1241,#1242,#1243,#1244,#1245,#1246,#1247,
#1248,#1249,#1250,#1251,#1252,#1253));
#1255=STYLED_ITEM('',(#1256),#1661);
#1256=PRESENTATION_STYLE_ASSIGNMENT((#1323));
#1257=PRESENTATION_STYLE_ASSIGNMENT((#1324));
#1258=PRESENTATION_STYLE_ASSIGNMENT((#1325));
#1259=PRESENTATION_STYLE_ASSIGNMENT((#1326));
#1260=PRESENTATION_STYLE_ASSIGNMENT((#1327));
#1261=PRESENTATION_STYLE_ASSIGNMENT((#1328));
#1262=PRESENTATION_STYLE_ASSIGNMENT((#1329));
#1263=PRESENTATION_STYLE_ASSIGNMENT((#1330));
#1264=PRESENTATION_STYLE_ASSIGNMENT((#1331));
#1265=PRESENTATION_STYLE_ASSIGNMENT((#1332));
#1266=PRESENTATION_STYLE_ASSIGNMENT((#1333));
#1267=PRESENTATION_STYLE_ASSIGNMENT((#1334));
#1268=PRESENTATION_STYLE_ASSIGNMENT((#1335));
#1269=PRESENTATION_STYLE_ASSIGNMENT((#1336));
#1270=PRESENTATION_STYLE_ASSIGNMENT((#1337));
#1271=PRESENTATION_STYLE_ASSIGNMENT((#1338));
#1272=PRESENTATION_STYLE_ASSIGNMENT((#1339));
#1273=PRESENTATION_STYLE_ASSIGNMENT((#1340));
#1274=PRESENTATION_STYLE_ASSIGNMENT((#1341));
#1275=PRESENTATION_STYLE_ASSIGNMENT((#1342));
#1276=PRESENTATION_STYLE_ASSIGNMENT((#1343));
#1277=PRESENTATION_STYLE_ASSIGNMENT((#1344));
#1278=PRESENTATION_STYLE_ASSIGNMENT((#1345));
#1279=PRESENTATION_STYLE_ASSIGNMENT((#1346));
#1280=PRESENTATION_STYLE_ASSIGNMENT((#1347));
#1281=PRESENTATION_STYLE_ASSIGNMENT((#1348));
#1282=PRESENTATION_STYLE_ASSIGNMENT((#1349));
#1283=PRESENTATION_STYLE_ASSIGNMENT((#1350));
#1284=PRESENTATION_STYLE_ASSIGNMENT((#1351));
#1285=PRESENTATION_STYLE_ASSIGNMENT((#1352));
#1286=PRESENTATION_STYLE_ASSIGNMENT((#1353));
#1287=PRESENTATION_STYLE_ASSIGNMENT((#1354));
#1288=PRESENTATION_STYLE_ASSIGNMENT((#1355));
#1289=PRESENTATION_STYLE_ASSIGNMENT((#1356));
#1290=PRESENTATION_STYLE_ASSIGNMENT((#1357));
#1291=PRESENTATION_STYLE_ASSIGNMENT((#1358));
#1292=PRESENTATION_STYLE_ASSIGNMENT((#1359));
#1293=PRESENTATION_STYLE_ASSIGNMENT((#1360));
#1294=PRESENTATION_STYLE_ASSIGNMENT((#1361));
#1295=PRESENTATION_STYLE_ASSIGNMENT((#1362));
#1296=PRESENTATION_STYLE_ASSIGNMENT((#1363));
#1297=PRESENTATION_STYLE_ASSIGNMENT((#1364));
#1298=PRESENTATION_STYLE_ASSIGNMENT((#1365));
#1299=PRESENTATION_STYLE_ASSIGNMENT((#1366));
#1300=PRESENTATION_STYLE_ASSIGNMENT((#1367));
#1301=PRESENTATION_STYLE_ASSIGNMENT((#1368));
#1302=PRESENTATION_STYLE_ASSIGNMENT((#1369));
#1303=PRESENTATION_STYLE_ASSIGNMENT((#1370));
#1304=PRESENTATION_STYLE_ASSIGNMENT((#1371));
#1305=PRESENTATION_STYLE_ASSIGNMENT((#1372));
#1306=PRESENTATION_STYLE_ASSIGNMENT((#1373));
#1307=PRESENTATION_STYLE_ASSIGNMENT((#1374));
#1308=PRESENTATION_STYLE_ASSIGNMENT((#1375));
#1309=PRESENTATION_STYLE_ASSIGNMENT((#1376));
#1310=PRESENTATION_STYLE_ASSIGNMENT((#1377));
#1311=PRESENTATION_STYLE_ASSIGNMENT((#1378));
#1312=PRESENTATION_STYLE_ASSIGNMENT((#1379));
#1313=PRESENTATION_STYLE_ASSIGNMENT((#1380));
#1314=PRESENTATION_STYLE_ASSIGNMENT((#1381));
#1315=PRESENTATION_STYLE_ASSIGNMENT((#1382));
#1316=PRESENTATION_STYLE_ASSIGNMENT((#1383));
#1317=PRESENTATION_STYLE_ASSIGNMENT((#1384));
#1318=PRESENTATION_STYLE_ASSIGNMENT((#1385));
#1319=PRESENTATION_STYLE_ASSIGNMENT((#1386));
#1320=PRESENTATION_STYLE_ASSIGNMENT((#1387));
#1321=PRESENTATION_STYLE_ASSIGNMENT((#1388));
#1322=PRESENTATION_STYLE_ASSIGNMENT((#1389));
#1323=SURFACE_STYLE_USAGE(.BOTH.,#1390);
#1324=SURFACE_STYLE_USAGE(.BOTH.,#1391);
#1325=SURFACE_STYLE_USAGE(.BOTH.,#1392);
#1326=SURFACE_STYLE_USAGE(.BOTH.,#1393);
#1327=SURFACE_STYLE_USAGE(.BOTH.,#1394);
#1328=SURFACE_STYLE_USAGE(.BOTH.,#1395);
#1329=SURFACE_STYLE_USAGE(.BOTH.,#1396);
#1330=SURFACE_STYLE_USAGE(.BOTH.,#1397);
#1331=SURFACE_STYLE_USAGE(.BOTH.,#1398);
#1332=SURFACE_STYLE_USAGE(.BOTH.,#1399);
#1333=SURFACE_STYLE_USAGE(.BOTH.,#1400);
#1334=SURFACE_STYLE_USAGE(.BOTH.,#1401);
#1335=SURFACE_STYLE_USAGE(.BOTH.,#1402);
#1336=SURFACE_STYLE_USAGE(.BOTH.,#1403);
#1337=SURFACE_STYLE_USAGE(.BOTH.,#1404);
#1338=SURFACE_STYLE_USAGE(.BOTH.,#1405);
#1339=SURFACE_STYLE_USAGE(.BOTH.,#1406);
#1340=SURFACE_STYLE_USAGE(.BOTH.,#1407);
#1341=SURFACE_STYLE_USAGE(.BOTH.,#1408);
#1342=SURFACE_STYLE_USAGE(.BOTH.,#1409);
#1343=SURFACE_STYLE_USAGE(.BOTH.,#1410);
#1344=SURFACE_STYLE_USAGE(.BOTH.,#1411);
#1345=SURFACE_STYLE_USAGE(.BOTH.,#1412);
#1346=SURFACE_STYLE_USAGE(.BOTH.,#1413);
#1347=SURFACE_STYLE_USAGE(.BOTH.,#1414);
#1348=SURFACE_STYLE_USAGE(.BOTH.,#1415);
#1349=SURFACE_STYLE_USAGE(.BOTH.,#1416);
#1350=SURFACE_STYLE_USAGE(.BOTH.,#1417);
#1351=SURFACE_STYLE_USAGE(.BOTH.,#1418);
#1352=SURFACE_STYLE_USAGE(.BOTH.,#1419);
#1353=SURFACE_STYLE_USAGE(.BOTH.,#1420);
#1354=SURFACE_STYLE_USAGE(.BOTH.,#1421);
#1355=SURFACE_STYLE_USAGE(.BOTH.,#1422);
#1356=SURFACE_STYLE_USAGE(.BOTH.,#1423);
#1357=SURFACE_STYLE_USAGE(.BOTH.,#1424);
#1358=SURFACE_STYLE_USAGE(.BOTH.,#1425);
#1359=SURFACE_STYLE_USAGE(.BOTH.,#1426);
#1360=SURFACE_STYLE_USAGE(.BOTH.,#1427);
#1361=SURFACE_STYLE_USAGE(.BOTH.,#1428);
#1362=SURFACE_STYLE_USAGE(.BOTH.,#1429);
#1363=SURFACE_STYLE_USAGE(.BOTH.,#1430);
#1364=SURFACE_STYLE_USAGE(.BOTH.,#1431);
#1365=SURFACE_STYLE_USAGE(.BOTH.,#1432);
#1366=SURFACE_STYLE_USAGE(.BOTH.,#1433);
#1367=SURFACE_STYLE_USAGE(.BOTH.,#1434);
#1368=SURFACE_STYLE_USAGE(.BOTH.,#1435);
#1369=SURFACE_STYLE_USAGE(.BOTH.,#1436);
#1370=SURFACE_STYLE_USAGE(.BOTH.,#1437);
#1371=SURFACE_STYLE_USAGE(.BOTH.,#1438);
#1372=SURFACE_STYLE_USAGE(.BOTH.,#1439);
#1373=SURFACE_STYLE_USAGE(.BOTH.,#1440);
#1374=SURFACE_STYLE_USAGE(.BOTH.,#1441);
#1375=SURFACE_STYLE_USAGE(.BOTH.,#1442);
#1376=SURFACE_STYLE_USAGE(.BOTH.,#1443);
#1377=SURFACE_STYLE_USAGE(.BOTH.,#1444);
#1378=SURFACE_STYLE_USAGE(.BOTH.,#1445);
#1379=SURFACE_STYLE_USAGE(.BOTH.,#1446);
#1380=SURFACE_STYLE_USAGE(.BOTH.,#1447);
#1381=SURFACE_STYLE_USAGE(.BOTH.,#1448);
#1382=SURFACE_STYLE_USAGE(.BOTH.,#1449);
#1383=SURFACE_STYLE_USAGE(.BOTH.,#1450);
#1384=SURFACE_STYLE_USAGE(.BOTH.,#1451);
#1385=SURFACE_STYLE_USAGE(.BOTH.,#1452);
#1386=SURFACE_STYLE_USAGE(.BOTH.,#1453);
#1387=SURFACE_STYLE_USAGE(.BOTH.,#1454);
#1388=SURFACE_STYLE_USAGE(.BOTH.,#1455);
#1389=SURFACE_STYLE_USAGE(.BOTH.,#1456);
#1390=SURFACE_SIDE_STYLE('',(#1457));
#1391=SURFACE_SIDE_STYLE('',(#1458));
#1392=SURFACE_SIDE_STYLE('',(#1459));
#1393=SURFACE_SIDE_STYLE('',(#1460));
#1394=SURFACE_SIDE_STYLE('',(#1461));
#1395=SURFACE_SIDE_STYLE('',(#1462));
#1396=SURFACE_SIDE_STYLE('',(#1463));
#1397=SURFACE_SIDE_STYLE('',(#1464));
#1398=SURFACE_SIDE_STYLE('',(#1465));
#1399=SURFACE_SIDE_STYLE('',(#1466));
#1400=SURFACE_SIDE_STYLE('',(#1467));
#1401=SURFACE_SIDE_STYLE('',(#1468));
#1402=SURFACE_SIDE_STYLE('',(#1469));
#1403=SURFACE_SIDE_STYLE('',(#1470));
#1404=SURFACE_SIDE_STYLE('',(#1471));
#1405=SURFACE_SIDE_STYLE('',(#1472));
#1406=SURFACE_SIDE_STYLE('',(#1473));
#1407=SURFACE_SIDE_STYLE('',(#1474));
#1408=SURFACE_SIDE_STYLE('',(#1475));
#1409=SURFACE_SIDE_STYLE('',(#1476));
#1410=SURFACE_SIDE_STYLE('',(#1477));
#1411=SURFACE_SIDE_STYLE('',(#1478));
#1412=SURFACE_SIDE_STYLE('',(#1479));
#1413=SURFACE_SIDE_STYLE('',(#1480));
#1414=SURFACE_SIDE_STYLE('',(#1481));
#1415=SURFACE_SIDE_STYLE('',(#1482));
#1416=SURFACE_SIDE_STYLE('',(#1483));
#1417=SURFACE_SIDE_STYLE('',(#1484));
#1418=SURFACE_SIDE_STYLE('',(#1485));
#1419=SURFACE_SIDE_STYLE('',(#1486));
#1420=SURFACE_SIDE_STYLE('',(#1487));
#1421=SURFACE_SIDE_STYLE('',(#1488));
#1422=SURFACE_SIDE_STYLE('',(#1489));
#1423=SURFACE_SIDE_STYLE('',(#1490));
#1424=SURFACE_SIDE_STYLE('',(#1491));
#1425=SURFACE_SIDE_STYLE('',(#1492));
#1426=SURFACE_SIDE_STYLE('',(#1493));
#1427=SURFACE_SIDE_STYLE('',(#1494));
#1428=SURFACE_SIDE_STYLE('',(#1495));
#1429=SURFACE_SIDE_STYLE('',(#1496));
#1430=SURFACE_SIDE_STYLE('',(#1497));
#1431=SURFACE_SIDE_STYLE('',(#1498));
#1432=SURFACE_SIDE_STYLE('',(#1499));
#1433=SURFACE_SIDE_STYLE('',(#1500));
#1434=SURFACE_SIDE_STYLE('',(#1501));
#1435=SURFACE_SIDE_STYLE('',(#1502));
#1436=SURFACE_SIDE_STYLE('',(#1503));
#1437=SURFACE_SIDE_STYLE('',(#1504));
#1438=SURFACE_SIDE_STYLE('',(#1505));
#1439=SURFACE_SIDE_STYLE('',(#1506));
#1440=SURFACE_SIDE_STYLE('',(#1507));
#1441=SURFACE_SIDE_STYLE('',(#1508));
#1442=SURFACE_SIDE_STYLE('',(#1509));
#1443=SURFACE_SIDE_STYLE('',(#1510));
#1444=SURFACE_SIDE_STYLE('',(#1511));
#1445=SURFACE_SIDE_STYLE('',(#1512));
#1446=SURFACE_SIDE_STYLE('',(#1513));
#1447=SURFACE_SIDE_STYLE('',(#1514));
#1448=SURFACE_SIDE_STYLE('',(#1515));
#1449=SURFACE_SIDE_STYLE('',(#1516));
#1450=SURFACE_SIDE_STYLE('',(#1517));
#1451=SURFACE_SIDE_STYLE('',(#1518));
#1452=SURFACE_SIDE_STYLE('',(#1519));
#1453=SURFACE_SIDE_STYLE('',(#1520));
#1454=SURFACE_SIDE_STYLE('',(#1521));
#1455=SURFACE_SIDE_STYLE('',(#1522));
#1456=SURFACE_SIDE_STYLE('',(#1523));
#1457=SURFACE_STYLE_FILL_AREA(#1524);
#1458=SURFACE_STYLE_FILL_AREA(#1525);
#1459=SURFACE_STYLE_FILL_AREA(#1526);
#1460=SURFACE_STYLE_FILL_AREA(#1527);
#1461=SURFACE_STYLE_FILL_AREA(#1528);
#1462=SURFACE_STYLE_FILL_AREA(#1529);
#1463=SURFACE_STYLE_FILL_AREA(#1530);
#1464=SURFACE_STYLE_FILL_AREA(#1531);
#1465=SURFACE_STYLE_FILL_AREA(#1532);
#1466=SURFACE_STYLE_FILL_AREA(#1533);
#1467=SURFACE_STYLE_FILL_AREA(#1534);
#1468=SURFACE_STYLE_FILL_AREA(#1535);
#1469=SURFACE_STYLE_FILL_AREA(#1536);
#1470=SURFACE_STYLE_FILL_AREA(#1537);
#1471=SURFACE_STYLE_FILL_AREA(#1538);
#1472=SURFACE_STYLE_FILL_AREA(#1539);
#1473=SURFACE_STYLE_FILL_AREA(#1540);
#1474=SURFACE_STYLE_FILL_AREA(#1541);
#1475=SURFACE_STYLE_FILL_AREA(#1542);
#1476=SURFACE_STYLE_FILL_AREA(#1543);
#1477=SURFACE_STYLE_FILL_AREA(#1544);
#1478=SURFACE_STYLE_FILL_AREA(#1545);
#1479=SURFACE_STYLE_FILL_AREA(#1546);
#1480=SURFACE_STYLE_FILL_AREA(#1547);
#1481=SURFACE_STYLE_FILL_AREA(#1548);
#1482=SURFACE_STYLE_FILL_AREA(#1549);
#1483=SURFACE_STYLE_FILL_AREA(#1550);
#1484=SURFACE_STYLE_FILL_AREA(#1551);
#1485=SURFACE_STYLE_FILL_AREA(#1552);
#1486=SURFACE_STYLE_FILL_AREA(#1553);
#1487=SURFACE_STYLE_FILL_AREA(#1554);
#1488=SURFACE_STYLE_FILL_AREA(#1555);
#1489=SURFACE_STYLE_FILL_AREA(#1556);
#1490=SURFACE_STYLE_FILL_AREA(#1557);
#1491=SURFACE_STYLE_FILL_AREA(#1558);
#1492=SURFACE_STYLE_FILL_AREA(#1559);
#1493=SURFACE_STYLE_FILL_AREA(#1560);
#1494=SURFACE_STYLE_FILL_AREA(#1561);
#1495=SURFACE_STYLE_FILL_AREA(#1562);
#1496=SURFACE_STYLE_FILL_AREA(#1563);
#1497=SURFACE_STYLE_FILL_AREA(#1564);
#1498=SURFACE_STYLE_FILL_AREA(#1565);
#1499=SURFACE_STYLE_FILL_AREA(#1566);
#1500=SURFACE_STYLE_FILL_AREA(#1567);
#1501=SURFACE_STYLE_FILL_AREA(#1568);
#1502=SURFACE_STYLE_FILL_AREA(#1569);
#1503=SURFACE_STYLE_FILL_AREA(#1570);
#1504=SURFACE_STYLE_FILL_AREA(#1571);
#1505=SURFACE_STYLE_FILL_AREA(#1572);
#1506=SURFACE_STYLE_FILL_AREA(#1573);
#1507=SURFACE_STYLE_FILL_AREA(#1574);
#1508=SURFACE_STYLE_FILL_AREA(#1575);
#1509=SURFACE_STYLE_FILL_AREA(#1576);
#1510=SURFACE_STYLE_FILL_AREA(#1577);
#1511=SURFACE_STYLE_FILL_AREA(#1578);
#1512=SURFACE_STYLE_FILL_AREA(#1579);
#1513=SURFACE_STYLE_FILL_AREA(#1580);
#1514=SURFACE_STYLE_FILL_AREA(#1581);
#1515=SURFACE_STYLE_FILL_AREA(#1582);
#1516=SURFACE_STYLE_FILL_AREA(#1583);
#1517=SURFACE_STYLE_FILL_AREA(#1584);
#1518=SURFACE_STYLE_FILL_AREA(#1585);
#1519=SURFACE_STYLE_FILL_AREA(#1586);
#1520=SURFACE_STYLE_FILL_AREA(#1587);
#1521=SURFACE_STYLE_FILL_AREA(#1588);
#1522=SURFACE_STYLE_FILL_AREA(#1589);
#1523=SURFACE_STYLE_FILL_AREA(#1590);
#1524=FILL_AREA_STYLE('',(#1591));
#1525=FILL_AREA_STYLE('',(#1592));
#1526=FILL_AREA_STYLE('',(#1593));
#1527=FILL_AREA_STYLE('',(#1594));
#1528=FILL_AREA_STYLE('',(#1595));
#1529=FILL_AREA_STYLE('',(#1596));
#1530=FILL_AREA_STYLE('',(#1597));
#1531=FILL_AREA_STYLE('',(#1598));
#1532=FILL_AREA_STYLE('',(#1599));
#1533=FILL_AREA_STYLE('',(#1600));
#1534=FILL_AREA_STYLE('',(#1601));
#1535=FILL_AREA_STYLE('',(#1602));
#1536=FILL_AREA_STYLE('',(#1603));
#1537=FILL_AREA_STYLE('',(#1604));
#1538=FILL_AREA_STYLE('',(#1605));
#1539=FILL_AREA_STYLE('',(#1606));
#1540=FILL_AREA_STYLE('',(#1607));
#1541=FILL_AREA_STYLE('',(#1608));
#1542=FILL_AREA_STYLE('',(#1609));
#1543=FILL_AREA_STYLE('',(#1610));
#1544=FILL_AREA_STYLE('',(#1611));
#1545=FILL_AREA_STYLE('',(#1612));
#1546=FILL_AREA_STYLE('',(#1613));
#1547=FILL_AREA_STYLE('',(#1614));
#1548=FILL_AREA_STYLE('',(#1615));
#1549=FILL_AREA_STYLE('',(#1616));
#1550=FILL_AREA_STYLE('',(#1617));
#1551=FILL_AREA_STYLE('',(#1618));
#1552=FILL_AREA_STYLE('',(#1619));
#1553=FILL_AREA_STYLE('',(#1620));
#1554=FILL_AREA_STYLE('',(#1621));
#1555=FILL_AREA_STYLE('',(#1622));
#1556=FILL_AREA_STYLE('',(#1623));
#1557=FILL_AREA_STYLE('',(#1624));
#1558=FILL_AREA_STYLE('',(#1625));
#1559=FILL_AREA_STYLE('',(#1626));
#1560=FILL_AREA_STYLE('',(#1627));
#1561=FILL_AREA_STYLE('',(#1628));
#1562=FILL_AREA_STYLE('',(#1629));
#1563=FILL_AREA_STYLE('',(#1630));
#1564=FILL_AREA_STYLE('',(#1631));
#1565=FILL_AREA_STYLE('',(#1632));
#1566=FILL_AREA_STYLE('',(#1633));
#1567=FILL_AREA_STYLE('',(#1634));
#1568=FILL_AREA_STYLE('',(#1635));
#1569=FILL_AREA_STYLE('',(#1636));
#1570=FILL_AREA_STYLE('',(#1637));
#1571=FILL_AREA_STYLE('',(#1638));
#1572=FILL_AREA_STYLE('',(#1639));
#1573=FILL_AREA_STYLE('',(#1640));
#1574=FILL_AREA_STYLE('',(#1641));
#1575=FILL_AREA_STYLE('',(#1642));
#1576=FILL_AREA_STYLE('',(#1643));
#1577=FILL_AREA_STYLE('',(#1644));
#1578=FILL_AREA_STYLE('',(#1645));
#1579=FILL_AREA_STYLE('',(#1646));
#1580=FILL_AREA_STYLE('',(#1647));
#1581=FILL_AREA_STYLE('',(#1648));
#1582=FILL_AREA_STYLE('',(#1649));
#1583=FILL_AREA_STYLE('',(#1650));
#1584=FILL_AREA_STYLE('',(#1651));
#1585=FILL_AREA_STYLE('',(#1652));
#1586=FILL_AREA_STYLE('',(#1653));
#1587=FILL_AREA_STYLE('',(#1654));
#1588=FILL_AREA_STYLE('',(#1655));
#1589=FILL_AREA_STYLE('',(#1656));
#1590=FILL_AREA_STYLE('',(#1657));
#1591=FILL_AREA_STYLE_COLOUR('',#1658);
#1592=FILL_AREA_STYLE_COLOUR('',#1659);
#1593=FILL_AREA_STYLE_COLOUR('',#1659);
#1594=FILL_AREA_STYLE_COLOUR('',#1659);
#1595=FILL_AREA_STYLE_COLOUR('',#1659);
#1596=FILL_AREA_STYLE_COLOUR('',#1659);
#1597=FILL_AREA_STYLE_COLOUR('',#1659);
#1598=FILL_AREA_STYLE_COLOUR('',#1659);
#1599=FILL_AREA_STYLE_COLOUR('',#1659);
#1600=FILL_AREA_STYLE_COLOUR('',#1659);
#1601=FILL_AREA_STYLE_COLOUR('',#1659);
#1602=FILL_AREA_STYLE_COLOUR('',#1659);
#1603=FILL_AREA_STYLE_COLOUR('',#1659);
#1604=FILL_AREA_STYLE_COLOUR('',#1659);
#1605=FILL_AREA_STYLE_COLOUR('',#1659);
#1606=FILL_AREA_STYLE_COLOUR('',#1659);
#1607=FILL_AREA_STYLE_COLOUR('',#1659);
#1608=FILL_AREA_STYLE_COLOUR('',#1659);
#1609=FILL_AREA_STYLE_COLOUR('',#1659);
#1610=FILL_AREA_STYLE_COLOUR('',#1659);
#1611=FILL_AREA_STYLE_COLOUR('',#1659);
#1612=FILL_AREA_STYLE_COLOUR('',#1659);
#1613=FILL_AREA_STYLE_COLOUR('',#1659);
#1614=FILL_AREA_STYLE_COLOUR('',#1659);
#1615=FILL_AREA_STYLE_COLOUR('',#1659);
#1616=FILL_AREA_STYLE_COLOUR('',#1659);
#1617=FILL_AREA_STYLE_COLOUR('',#1659);
#1618=FILL_AREA_STYLE_COLOUR('',#1659);
#1619=FILL_AREA_STYLE_COLOUR('',#1659);
#1620=FILL_AREA_STYLE_COLOUR('',#1659);
#1621=FILL_AREA_STYLE_COLOUR('',#1659);
#1622=FILL_AREA_STYLE_COLOUR('',#1659);
#1623=FILL_AREA_STYLE_COLOUR('',#1659);
#1624=FILL_AREA_STYLE_COLOUR('',#1660);
#1625=FILL_AREA_STYLE_COLOUR('',#1660);
#1626=FILL_AREA_STYLE_COLOUR('',#1660);
#1627=FILL_AREA_STYLE_COLOUR('',#1660);
#1628=FILL_AREA_STYLE_COLOUR('',#1660);
#1629=FILL_AREA_STYLE_COLOUR('',#1660);
#1630=FILL_AREA_STYLE_COLOUR('',#1660);
#1631=FILL_AREA_STYLE_COLOUR('',#1660);
#1632=FILL_AREA_STYLE_COLOUR('',#1660);
#1633=FILL_AREA_STYLE_COLOUR('',#1660);
#1634=FILL_AREA_STYLE_COLOUR('',#1660);
#1635=FILL_AREA_STYLE_COLOUR('',#1660);
#1636=FILL_AREA_STYLE_COLOUR('',#1660);
#1637=FILL_AREA_STYLE_COLOUR('',#1660);
#1638=FILL_AREA_STYLE_COLOUR('',#1660);
#1639=FILL_AREA_STYLE_COLOUR('',#1660);
#1640=FILL_AREA_STYLE_COLOUR('',#1660);
#1641=FILL_AREA_STYLE_COLOUR('',#1660);
#1642=FILL_AREA_STYLE_COLOUR('',#1660);
#1643=FILL_AREA_STYLE_COLOUR('',#1660);
#1644=FILL_AREA_STYLE_COLOUR('',#1660);
#1645=FILL_AREA_STYLE_COLOUR('',#1660);
#1646=FILL_AREA_STYLE_COLOUR('',#1660);
#1647=FILL_AREA_STYLE_COLOUR('',#1660);
#1648=FILL_AREA_STYLE_COLOUR('',#1660);
#1649=FILL_AREA_STYLE_COLOUR('',#1660);
#1650=FILL_AREA_STYLE_COLOUR('',#1660);
#1651=FILL_AREA_STYLE_COLOUR('',#1660);
#1652=FILL_AREA_STYLE_COLOUR('',#1660);
#1653=FILL_AREA_STYLE_COLOUR('',#1660);
#1654=FILL_AREA_STYLE_COLOUR('',#1660);
#1655=FILL_AREA_STYLE_COLOUR('',#1660);
#1656=FILL_AREA_STYLE_COLOUR('',#1660);
#1657=FILL_AREA_STYLE_COLOUR('',#1660);
#1658=COLOUR_RGB('',0.615686274509804,0.811764705882353,0.929411764705882);
#1659=COLOUR_RGB('',0.364705882352941,0.352941176470589,0.352941176470589);
#1660=COLOUR_RGB('',0.756862745098039,0.462745098039216,0.109803921568627);
#1661=MANIFOLD_SOLID_BREP('Part 1',#1254);
#1662=SHAPE_DEFINITION_REPRESENTATION(#5481,#1663);
#1663=SHAPE_REPRESENTATION('Part 1',(#1664),#5476);
#1664=AXIS2_PLACEMENT_3D('',#1884,#1718,#1719);
#1665=AXIS2_PLACEMENT_3D('',#1993,#1720,#1721);
#1666=AXIS2_PLACEMENT_3D('',#1995,#1722,#1723);
#1667=AXIS2_PLACEMENT_3D('',#1997,#1724,#1725);
#1668=AXIS2_PLACEMENT_3D('',#1998,#1726,#1727);
#1669=AXIS2_PLACEMENT_3D('',#1999,#1728,#1729);
#1670=AXIS2_PLACEMENT_3D('',#2001,#1730,#1731);
#1671=AXIS2_PLACEMENT_3D('',#2003,#1732,#1733);
#1672=AXIS2_PLACEMENT_3D('',#2004,#1734,#1735);
#1673=AXIS2_PLACEMENT_3D('',#2159,#1736,#1737);
#1674=AXIS2_PLACEMENT_3D('',#2225,#1740,#1741);
#1675=AXIS2_PLACEMENT_3D('',#2291,#1744,#1745);
#1676=AXIS2_PLACEMENT_3D('',#2357,#1748,#1749);
#1677=AXIS2_PLACEMENT_3D('',#2423,#1752,#1753);
#1678=AXIS2_PLACEMENT_3D('',#2489,#1756,#1757);
#1679=AXIS2_PLACEMENT_3D('',#2555,#1760,#1761);
#1680=AXIS2_PLACEMENT_3D('',#2621,#1764,#1765);
#1681=AXIS2_PLACEMENT_3D('',#2687,#1768,#1769);
#1682=AXIS2_PLACEMENT_3D('',#2753,#1772,#1773);
#1683=AXIS2_PLACEMENT_3D('',#2754,#1774,#1775);
#1684=AXIS2_PLACEMENT_3D('',#2755,#1776,#1777);
#1685=AXIS2_PLACEMENT_3D('',#2757,#1778,#1779);
#1686=AXIS2_PLACEMENT_3D('',#2761,#1781,#1782);
#1687=AXIS2_PLACEMENT_3D('',#2765,#1784,#1785);
#1688=AXIS2_PLACEMENT_3D('',#2769,#1787,#1788);
#1689=AXIS2_PLACEMENT_3D('',#2773,#1790,#1791);
#1690=AXIS2_PLACEMENT_3D('',#2777,#1793,#1794);
#1691=AXIS2_PLACEMENT_3D('',#2781,#1796,#1797);
#1692=AXIS2_PLACEMENT_3D('',#2785,#1799,#1800);
#1693=AXIS2_PLACEMENT_3D('',#2789,#1802,#1803);
#1694=AXIS2_PLACEMENT_3D('',#2790,#1804,#1805);
#1695=AXIS2_PLACEMENT_3D('',#2800,#1807,#1808);
#1696=AXIS2_PLACEMENT_3D('',#2873,#1811,#1812);
#1697=AXIS2_PLACEMENT_3D('',#2881,#1815,#1816);
#1698=AXIS2_PLACEMENT_3D('',#2952,#1820,#1821);
#1699=AXIS2_PLACEMENT_3D('',#3040,#1822,#1823);
#1700=AXIS2_PLACEMENT_3D('',#3125,#1824,#1825);
#1701=AXIS2_PLACEMENT_3D('',#3135,#1827,#1828);
#1702=AXIS2_PLACEMENT_3D('',#3145,#1830,#1831);
#1703=AXIS2_PLACEMENT_3D('',#3156,#1835,#1836);
#1704=AXIS2_PLACEMENT_3D('',#3287,#1840,#1841);
#1705=AXIS2_PLACEMENT_3D('',#3375,#1842,#1843);
#1706=AXIS2_PLACEMENT_3D('',#3460,#1844,#1845);
#1707=AXIS2_PLACEMENT_3D('',#3470,#1847,#1848);
#1708=AXIS2_PLACEMENT_3D('',#3480,#1850,#1851);
#1709=AXIS2_PLACEMENT_3D('',#3491,#1855,#1856);
#1710=AXIS2_PLACEMENT_3D('',#3624,#1860,#1861);
#1711=AXIS2_PLACEMENT_3D('',#3710,#1862,#1863);
#1712=AXIS2_PLACEMENT_3D('',#3801,#1864,#1865);
#1713=AXIS2_PLACEMENT_3D('',#3811,#1867,#1868);
#1714=AXIS2_PLACEMENT_3D('',#3821,#1870,#1871);
#1715=AXIS2_PLACEMENT_3D('',#3832,#1875,#1876);
#1716=AXIS2_PLACEMENT_3D('',#3963,#1880,#1881);
#1717=AXIS2_PLACEMENT_3D('',#4051,#1882,#1883);
#1718=DIRECTION('',(0.,0.,1.));
#1719=DIRECTION('',(1.,0.,0.));
#1720=DIRECTION('',(0.,0.,1.));
#1721=DIRECTION('',(1.,0.,0.));
#1722=DIRECTION('',(0.,0.,1.));
#1723=DIRECTION('',(1.,0.,0.));
#1724=DIRECTION('',(0.,0.,1.));
#1725=DIRECTION('',(1.,0.,0.));
#1726=DIRECTION('',(0.,0.,-1.));
#1727=DIRECTION('',(-1.,0.,0.));
#1728=DIRECTION('',(0.,0.,1.));
#1729=DIRECTION('',(1.,0.,0.));
#1730=DIRECTION('',(0.,0.,1.));
#1731=DIRECTION('',(1.,0.,0.));
#1732=DIRECTION('',(0.,0.,1.));
#1733=DIRECTION('',(1.,0.,0.));
#1734=DIRECTION('',(0.,0.,1.));
#1735=DIRECTION('',(1.,0.,0.));
#1736=DIRECTION('',(0.,0.,1.));
#1737=DIRECTION('',(1.,0.,0.));
#1738=DIRECTION('',(0.,0.,1.));
#1739=DIRECTION('',(0.,0.,1.));
#1740=DIRECTION('',(0.,0.,1.));
#1741=DIRECTION('',(1.,0.,0.));
#1742=DIRECTION('',(0.,0.,1.));
#1743=DIRECTION('',(0.,0.,1.));
#1744=DIRECTION('',(0.,0.,1.));
#1745=DIRECTION('',(1.,0.,0.));
#1746=DIRECTION('',(0.,0.,1.));
#1747=DIRECTION('',(0.,0.,1.));
#1748=DIRECTION('',(0.,0.,1.));
#1749=DIRECTION('',(1.,0.,0.));
#1750=DIRECTION('',(0.,0.,1.));
#1751=DIRECTION('',(0.,0.,1.));
#1752=DIRECTION('',(0.,0.,1.));
#1753=DIRECTION('',(1.,0.,0.));
#1754=DIRECTION('',(0.,0.,1.));
#1755=DIRECTION('',(0.,0.,1.));
#1756=DIRECTION('',(0.,0.,1.));
#1757=DIRECTION('',(1.,0.,0.));
#1758=DIRECTION('',(0.,0.,1.));
#1759=DIRECTION('',(0.,0.,1.));
#1760=DIRECTION('',(0.,0.,1.));
#1761=DIRECTION('',(1.,0.,0.));
#1762=DIRECTION('',(0.,0.,1.));
#1763=DIRECTION('',(0.,0.,1.));
#1764=DIRECTION('',(0.,0.,1.));
#1765=DIRECTION('',(1.,0.,0.));
#1766=DIRECTION('',(0.,0.,1.));
#1767=DIRECTION('',(0.,0.,1.));
#1768=DIRECTION('',(0.,0.,1.));
#1769=DIRECTION('',(1.,0.,0.));
#1770=DIRECTION('',(0.,0.,1.));
#1771=DIRECTION('',(0.,0.,1.));
#1772=DIRECTION('',(0.,0.,1.));
#1773=DIRECTION('',(1.,0.,0.));
#1774=DIRECTION('',(0.,-1.,0.));
#1775=DIRECTION('',(-1.,0.,-1.22464679914735E-16));
#1776=DIRECTION('',(0.,0.,-1.));
#1777=DIRECTION('',(-1.,0.,0.));
#1778=DIRECTION('',(0.,0.,-1.));
#1779=DIRECTION('',(-1.,0.,0.));
#1780=DIRECTION('',(0.,0.,-1.));
#1781=DIRECTION('',(0.,0.,1.));
#1782=DIRECTION('',(1.,0.,0.));
#1783=DIRECTION('',(0.,0.,-1.));
#1784=DIRECTION('',(0.,0.,1.));
#1785=DIRECTION('',(1.,0.,0.));
#1786=DIRECTION('',(0.,0.,-1.));
#1787=DIRECTION('',(0.,0.,1.));
#1788=DIRECTION('',(1.,0.,0.));
#1789=DIRECTION('',(0.,0.,-1.));
#1790=DIRECTION('',(0.,0.,1.));
#1791=DIRECTION('',(1.,0.,0.));
#1792=DIRECTION('',(0.,0.,-1.));
#1793=DIRECTION('',(0.,0.,1.));
#1794=DIRECTION('',(1.,0.,0.));
#1795=DIRECTION('',(0.,0.,-1.));
#1796=DIRECTION('',(0.,0.,1.));
#1797=DIRECTION('',(1.,0.,0.));
#1798=DIRECTION('',(0.,0.,-1.));
#1799=DIRECTION('',(0.,0.,1.));
#1800=DIRECTION('',(1.,0.,0.));
#1801=DIRECTION('',(0.,0.,-1.));
#1802=DIRECTION('',(0.,0.,1.));
#1803=DIRECTION('',(1.,0.,0.));
#1804=DIRECTION('',(0.,0.,1.));
#1805=DIRECTION('',(1.,0.,0.));
#1806=DIRECTION('',(0.,0.,-1.));
#1807=DIRECTION('',(0.,0.,1.));
#1808=DIRECTION('',(1.,0.,0.));
#1809=DIRECTION('',(0.,0.,-1.));
#1810=DIRECTION('',(0.,0.,-1.));
#1811=DIRECTION('',(-1.,0.,0.));
#1812=DIRECTION('',(0.,0.,1.));
#1813=DIRECTION('',(0.,1.,0.));
#1814=DIRECTION('',(0.,1.,0.));
#1815=DIRECTION('',(-1.,0.,0.));
#1816=DIRECTION('',(0.,0.,1.));
#1817=DIRECTION('',(0.,1.,0.));
#1818=DIRECTION('',(0.,0.,-1.));
#1819=DIRECTION('',(0.,1.,0.));
#1820=DIRECTION('',(0.,0.,1.));
#1821=DIRECTION('',(1.,0.,0.));
#1822=DIRECTION('',(0.,0.,1.));
#1823=DIRECTION('',(1.,0.,0.));
#1824=DIRECTION('',(0.,0.,1.));
#1825=DIRECTION('',(1.,0.,0.));
#1826=DIRECTION('',(0.,0.,-1.));
#1827=DIRECTION('',(0.,0.,1.));
#1828=DIRECTION('',(1.,0.,0.));
#1829=DIRECTION('',(0.,0.,-1.));
#1830=DIRECTION('',(-6.56759912619037E-17,-1.,0.));
#1831=DIRECTION('',(1.,-6.56759912619037E-17,0.));
#1832=DIRECTION('',(-1.,6.56759912619037E-17,0.));
#1833=DIRECTION('',(-1.,6.56759912619037E-17,0.));
#1834=DIRECTION('',(0.,0.,-1.));
#1835=DIRECTION('',(-6.56759912619037E-17,-1.,0.));
#1836=DIRECTION('',(1.,-6.56759912619037E-17,0.));
#1837=DIRECTION('',(-1.,6.56759912619037E-17,0.));
#1838=DIRECTION('',(0.,0.,-1.));
#1839=DIRECTION('',(-1.,6.56759912619037E-17,0.));
#1840=DIRECTION('',(0.,0.,1.));
#1841=DIRECTION('',(1.,0.,0.));
#1842=DIRECTION('',(0.,0.,1.));
#1843=DIRECTION('',(1.,0.,0.));
#1844=DIRECTION('',(0.,0.,1.));
#1845=DIRECTION('',(1.,0.,0.));
#1846=DIRECTION('',(0.,0.,-1.));
#1847=DIRECTION('',(0.,0.,1.));
#1848=DIRECTION('',(1.,0.,0.));
#1849=DIRECTION('',(0.,0.,-1.));
#1850=DIRECTION('',(1.,-1.31351982523807E-16,0.));
#1851=DIRECTION('',(1.31351982523807E-16,1.,0.));
#1852=DIRECTION('',(-1.31351982523807E-16,-1.,0.));
#1853=DIRECTION('',(-1.31351982523807E-16,-1.,0.));
#1854=DIRECTION('',(0.,0.,-1.));
#1855=DIRECTION('',(1.,-1.20405983980157E-16,0.));
#1856=DIRECTION('',(1.20405983980157E-16,1.,0.));
#1857=DIRECTION('',(-1.20405983980157E-16,-1.,0.));
#1858=DIRECTION('',(0.,0.,-1.));
#1859=DIRECTION('',(-1.20405983980157E-16,-1.,0.));
#1860=DIRECTION('',(0.,0.,1.));
#1861=DIRECTION('',(1.,0.,0.));
#1862=DIRECTION('',(0.,0.,1.));
#1863=DIRECTION('',(1.,0.,0.));
#1864=DIRECTION('',(0.,0.,1.));
#1865=DIRECTION('',(1.,0.,0.));
#1866=DIRECTION('',(0.,0.,-1.));
#1867=DIRECTION('',(0.,0.,1.));
#1868=DIRECTION('',(1.,0.,0.));
#1869=DIRECTION('',(0.,0.,-1.));
#1870=DIRECTION('',(-6.56759912619037E-17,1.,0.));
#1871=DIRECTION('',(-1.,-6.56759912619037E-17,0.));
#1872=DIRECTION('',(1.,6.56759912619037E-17,0.));
#1873=DIRECTION('',(1.,6.56759912619037E-17,0.));
#1874=DIRECTION('',(0.,0.,-1.));
#1875=DIRECTION('',(-6.56759912619037E-17,1.,0.));
#1876=DIRECTION('',(-1.,-6.56759912619037E-17,0.));
#1877=DIRECTION('',(1.,6.56759912619037E-17,0.));
#1878=DIRECTION('',(0.,0.,-1.));
#1879=DIRECTION('',(1.,6.56759912619037E-17,0.));
#1880=DIRECTION('',(0.,0.,1.));
#1881=DIRECTION('',(1.,0.,0.));
#1882=DIRECTION('',(0.,0.,1.));
#1883=DIRECTION('',(1.,0.,0.));
#1884=CARTESIAN_POINT('',(0.,0.,0.));
#1885=CARTESIAN_POINT('',(0.00321502167828104,2.43945488809238E-19,0.));
#1886=CARTESIAN_POINT('',(0.00311072413764297,2.43945488809238E-19,0.));
#1887=CARTESIAN_POINT('',(0.00301177543723166,2.43414071864006E-19,0.00013025198071053));
#1888=CARTESIAN_POINT('',(0.00227730402371431,2.34791727947425E-19,0.00232275451884698));
#1889=CARTESIAN_POINT('',(0.00195597278030046,2.03287907341032E-19,0.010597190044604));
#1890=CARTESIAN_POINT('',(0.00195597278030046,2.03287907341032E-19,0.015));
#1891=CARTESIAN_POINT('',(0.00321502167828104,0.000841514225807908,0.));
#1892=CARTESIAN_POINT('',(0.00311072413764297,0.000815439840648391,0.));
#1893=CARTESIAN_POINT('',(0.00301177543723166,0.000790510796083914,0.00013025198071053));
#1894=CARTESIAN_POINT('',(0.00227730402371431,0.000603779823146991,0.00232275451884698));
#1895=CARTESIAN_POINT('',(0.00195597278030046,0.000512072476434461,0.010597190044604));
#1896=CARTESIAN_POINT('',(0.00195597278030046,0.000512072476434461,0.015));
#1897=CARTESIAN_POINT('',(0.00286827117734351,0.00167786957318568,0.));
#1898=CARTESIAN_POINT('',(0.0027770108292852,0.00162572080286665,0.));
#1899=CARTESIAN_POINT('',(0.00269015059030539,0.00157588892831717,0.00013025198071053));
#1900=CARTESIAN_POINT('',(0.002042943002371,0.00120285231912465,0.00232275451884698));
#1901=CARTESIAN_POINT('',(0.00174517153731256,0.00102099169622096,0.010597190044604));
#1902=CARTESIAN_POINT('',(0.00174517153731256,0.00102099169622096,0.015));
#1903=CARTESIAN_POINT('',(0.00167786957318569,0.00286827117734352,0.));
#1904=CARTESIAN_POINT('',(0.00162572080286665,0.00277701082928521,0.));
#1905=CARTESIAN_POINT('',(0.00157588892831718,0.0026901505903054,0.00013025198071053));
#1906=CARTESIAN_POINT('',(0.00120285231912466,0.00204294300237101,0.00232275451884698));
#1907=CARTESIAN_POINT('',(0.00102099169622097,0.00174517153731256,0.010597190044604));
#1908=CARTESIAN_POINT('',(0.00102099169622097,0.00174517153731256,0.015));
#1909=CARTESIAN_POINT('',(0.000841514225807908,0.00321502167828104,0.));
#1910=CARTESIAN_POINT('',(0.000815439840648391,0.00311072413764297,0.));
#1911=CARTESIAN_POINT('',(0.000790510796083914,0.00301177543723166,0.00013025198071053));
#1912=CARTESIAN_POINT('',(0.000603779823146991,0.00227730402371431,0.00232275451884698));
#1913=CARTESIAN_POINT('',(0.000512072476434461,0.00195597278030046,0.010597190044604));
#1914=CARTESIAN_POINT('',(0.000512072476434461,0.00195597278030046,0.015));
#1915=CARTESIAN_POINT('',(-0.000841514225807907,0.00321502167828104,0.));
#1916=CARTESIAN_POINT('',(-0.00081543984064839,0.00311072413764297,0.));
#1917=CARTESIAN_POINT('',(-0.000790510796083913,0.00301177543723166,0.00013025198071053));
#1918=CARTESIAN_POINT('',(-0.000603779823146991,0.00227730402371431,0.00232275451884698));
#1919=CARTESIAN_POINT('',(-0.000512072476434461,0.00195597278030046,0.010597190044604));
#1920=CARTESIAN_POINT('',(-0.000512072476434461,0.00195597278030046,0.015));
#1921=CARTESIAN_POINT('',(-0.00167786957318569,0.00286827117734352,0.));
#1922=CARTESIAN_POINT('',(-0.00162572080286665,0.00277701082928521,0.));
#1923=CARTESIAN_POINT('',(-0.00157588892831717,0.0026901505903054,0.00013025198071053));
#1924=CARTESIAN_POINT('',(-0.00120285231912465,0.002042943002371,0.00232275451884698));
#1925=CARTESIAN_POINT('',(-0.00102099169622096,0.00174517153731256,0.010597190044604));
#1926=CARTESIAN_POINT('',(-0.00102099169622096,0.00174517153731256,0.015));
#1927=CARTESIAN_POINT('',(-0.0028682711773435,0.00167786957318568,0.));
#1928=CARTESIAN_POINT('',(-0.0027770108292852,0.00162572080286665,0.));
#1929=CARTESIAN_POINT('',(-0.00269015059030539,0.00157588892831717,0.00013025198071053));
#1930=CARTESIAN_POINT('',(-0.00204294300237101,0.00120285231912466,0.00232275451884698));
#1931=CARTESIAN_POINT('',(-0.00174517153731256,0.00102099169622097,0.010597190044604));
#1932=CARTESIAN_POINT('',(-0.00174517153731256,0.00102099169622097,0.015));
#1933=CARTESIAN_POINT('',(-0.00321502167828104,0.000841514225807909,0.));
#1934=CARTESIAN_POINT('',(-0.00311072413764297,0.000815439840648392,0.));
#1935=CARTESIAN_POINT('',(-0.00301177543723166,0.000790510796083915,0.00013025198071053));
#1936=CARTESIAN_POINT('',(-0.00227730402371431,0.00060377982314699,0.00232275451884698));
#1937=CARTESIAN_POINT('',(-0.00195597278030046,0.000512072476434462,0.010597190044604));
#1938=CARTESIAN_POINT('',(-0.00195597278030046,0.000512072476434462,0.015));
#1939=CARTESIAN_POINT('',(-0.00321502167828104,-0.000841514225807908,0.));
#1940=CARTESIAN_POINT('',(-0.00311072413764297,-0.000815439840648391,0.));
#1941=CARTESIAN_POINT('',(-0.00301177543723166,-0.000790510796083914,0.00013025198071053));
#1942=CARTESIAN_POINT('',(-0.00227730402371431,-0.000603779823146989,0.00232275451884698));
#1943=CARTESIAN_POINT('',(-0.00195597278030046,-0.000512072476434461,0.010597190044604));
#1944=CARTESIAN_POINT('',(-0.00195597278030046,-0.000512072476434461,0.015));
#1945=CARTESIAN_POINT('',(-0.00286827117734352,-0.00167786957318567,0.));
#1946=CARTESIAN_POINT('',(-0.00277701082928521,-0.00162572080286664,0.));
#1947=CARTESIAN_POINT('',(-0.0026901505903054,-0.00157588892831716,0.00013025198071053));
#1948=CARTESIAN_POINT('',(-0.002042943002371,-0.00120285231912465,0.00232275451884698));
#1949=CARTESIAN_POINT('',(-0.00174517153731256,-0.00102099169622096,0.010597190044604));
#1950=CARTESIAN_POINT('',(-0.00174517153731256,-0.00102099169622096,0.015));
#1951=CARTESIAN_POINT('',(-0.00167786957318568,-0.00286827117734351,0.));
#1952=CARTESIAN_POINT('',(-0.00162572080286665,-0.0027770108292852,0.));
#1953=CARTESIAN_POINT('',(-0.00157588892831717,-0.0026901505903054,0.00013025198071053));
#1954=CARTESIAN_POINT('',(-0.00120285231912466,-0.00204294300237101,0.00232275451884698));
#1955=CARTESIAN_POINT('',(-0.00102099169622097,-0.00174517153731256,0.010597190044604));
#1956=CARTESIAN_POINT('',(-0.00102099169622097,-0.00174517153731256,0.015));
#1957=CARTESIAN_POINT('',(-0.000841514225807909,-0.00321502167828104,0.));
#1958=CARTESIAN_POINT('',(-0.000815439840648392,-0.00311072413764297,0.));
#1959=CARTESIAN_POINT('',(-0.000790510796083915,-0.00301177543723166,0.00013025198071053));
#1960=CARTESIAN_POINT('',(-0.000603779823146992,-0.00227730402371431,0.00232275451884698));
#1961=CARTESIAN_POINT('',(-0.000512072476434462,-0.00195597278030046,0.010597190044604));
#1962=CARTESIAN_POINT('',(-0.000512072476434462,-0.00195597278030046,0.015));
#1963=CARTESIAN_POINT('',(0.000841514225807908,-0.00321502167828104,0.));
#1964=CARTESIAN_POINT('',(0.000815439840648391,-0.00311072413764297,0.));
#1965=CARTESIAN_POINT('',(0.000790510796083914,-0.00301177543723166,0.00013025198071053));
#1966=CARTESIAN_POINT('',(0.00060377982314699,-0.00227730402371431,0.00232275451884698));
#1967=CARTESIAN_POINT('',(0.000512072476434461,-0.00195597278030046,0.010597190044604));
#1968=CARTESIAN_POINT('',(0.000512072476434461,-0.00195597278030046,0.015));
#1969=CARTESIAN_POINT('',(0.00167786957318569,-0.00286827117734351,0.));
#1970=CARTESIAN_POINT('',(0.00162572080286665,-0.0027770108292852,0.));
#1971=CARTESIAN_POINT('',(0.00157588892831717,-0.00269015059030539,0.00013025198071053));
#1972=CARTESIAN_POINT('',(0.00120285231912465,-0.002042943002371,0.00232275451884698));
#1973=CARTESIAN_POINT('',(0.00102099169622096,-0.00174517153731256,0.010597190044604));
#1974=CARTESIAN_POINT('',(0.00102099169622096,-0.00174517153731256,0.015));
#1975=CARTESIAN_POINT('',(0.0028682711773435,-0.00167786957318569,0.));
#1976=CARTESIAN_POINT('',(0.0027770108292852,-0.00162572080286665,0.));
#1977=CARTESIAN_POINT('',(0.00269015059030539,-0.00157588892831718,0.00013025198071053));
#1978=CARTESIAN_POINT('',(0.00204294300237101,-0.00120285231912466,0.00232275451884698));
#1979=CARTESIAN_POINT('',(0.00174517153731256,-0.00102099169622097,0.010597190044604));
#1980=CARTESIAN_POINT('',(0.00174517153731256,-0.00102099169622097,0.015));
#1981=CARTESIAN_POINT('',(0.00321502167828104,-0.000841514225807907,0.));
#1982=CARTESIAN_POINT('',(0.00311072413764297,-0.00081543984064839,0.));
#1983=CARTESIAN_POINT('',(0.00301177543723166,-0.000790510796083913,0.00013025198071053));
#1984=CARTESIAN_POINT('',(0.00227730402371431,-0.000603779823146991,0.00232275451884698));
#1985=CARTESIAN_POINT('',(0.00195597278030046,-0.000512072476434461,0.010597190044604));
#1986=CARTESIAN_POINT('',(0.00195597278030046,-0.000512072476434461,0.015));
#1987=CARTESIAN_POINT('',(0.00321502167828104,2.43945488809238E-19,0.));
#1988=CARTESIAN_POINT('',(0.00311072413764297,2.43945488809238E-19,0.));
#1989=CARTESIAN_POINT('',(0.00301177543723166,2.43414071864006E-19,0.00013025198071053));
#1990=CARTESIAN_POINT('',(0.00227730402371431,2.34791727947425E-19,0.00232275451884698));
#1991=CARTESIAN_POINT('',(0.00195597278030046,2.03287907341032E-19,0.010597190044604));
#1992=CARTESIAN_POINT('',(0.00195597278030046,2.03287907341032E-19,0.015));
#1993=CARTESIAN_POINT('',(0.,1.19768790230715E-19,0.015));
#1994=CARTESIAN_POINT('',(0.00195597278030046,1.19768790230715E-19,0.015));
#1995=CARTESIAN_POINT('',(0.,1.95947459248242E-19,0.));
#1996=CARTESIAN_POINT('',(0.00320006485763352,1.95947459248242E-19,0.));
#1997=CARTESIAN_POINT('',(0.,0.,0.));
#1998=CARTESIAN_POINT('',(0.,6.28774678712194E-19,0.02085));
#1999=CARTESIAN_POINT('',(0.,6.28774678712194E-19,0.02085));
#2000=CARTESIAN_POINT('',(0.0083126969969769,6.28774678712194E-19,0.02085));
#2001=CARTESIAN_POINT('',(0.,6.28774678712194E-19,0.015));
#2002=CARTESIAN_POINT('',(0.0083126969969769,6.28774678712194E-19,0.015));
#2003=CARTESIAN_POINT('',(0.,0.,0.02085));
#2004=CARTESIAN_POINT('',(0.,4.09466327827398E-20,0.02085));
#2005=CARTESIAN_POINT('',(0.000668709260682319,4.09466327827398E-20,0.02085));
#2006=CARTESIAN_POINT('',(0.00508305166903436,0.000385430620836506,0.02085));
#2007=CARTESIAN_POINT('',(0.00618486582165688,0.000717194344718804,0.02085));
#2008=CARTESIAN_POINT('',(0.00627987711188996,0.000653688938514681,0.02085));
#2009=CARTESIAN_POINT('',(0.00743213296451098,0.00182053175152012,0.02085));
#2010=CARTESIAN_POINT('',(0.00678694759297707,0.00302164034423789,0.02085));
#2011=CARTESIAN_POINT('',(0.0059526515826418,0.0026336674715968,0.02085));
#2012=CARTESIAN_POINT('',(0.0056270418976169,0.00222879739398585,0.02085));
#2013=CARTESIAN_POINT('',(0.00442985331398221,0.00150742265039209,0.02085));
#2014=CARTESIAN_POINT('',(0.00351860962096668,0.00116705434248249,0.02085));
#2015=CARTESIAN_POINT('',(0.0023105114765743,0.000838191184298235,0.02085));
#2016=CARTESIAN_POINT('',(0.00200890536908835,0.000772997509194945,0.02085));
#2017=CARTESIAN_POINT('',(0.00508305166903436,0.000385430620836506,0.02085));
#2018=CARTESIAN_POINT('',(0.00200890536908835,0.000772997509194945,0.02085));
#2019=CARTESIAN_POINT('',(0.00200890536908835,0.000772997509194945,0.02085));
#2020=CARTESIAN_POINT('',(0.00282987207341627,0.000612178263845752,0.02085));
#2021=CARTESIAN_POINT('',(0.00325562501151521,0.000389586798636812,0.02085));
#2022=CARTESIAN_POINT('',(0.00508305166903436,0.000385430620836506,0.02085));
#2023=CARTESIAN_POINT('',(0.00396581922318545,0.00326947723358695,0.02085));
#2024=CARTESIAN_POINT('',(0.00459660422109677,0.00423185547617847,0.02085));
#2025=CARTESIAN_POINT('',(0.0047102075802695,0.00424427959278994,0.02085));
#2026=CARTESIAN_POINT('',(0.00484285467056947,0.00587878883093967,0.02085));
#2027=CARTESIAN_POINT('',(0.00357655628063726,0.00638417423120056,0.02085));
#2028=CARTESIAN_POINT('',(0.00318683261343177,0.00555069462977852,0.02085));
#2029=CARTESIAN_POINT('',(0.00319764659301387,0.00503124828551157,0.02085));
#2030=CARTESIAN_POINT('',(0.0027442376782779,0.00370910518375664,0.02085));
#2031=CARTESIAN_POINT('',(0.00226496904197041,0.00286263177759328,0.02085));
#2032=CARTESIAN_POINT('',(0.0015509013350795,0.00183415746421896,0.02085));
#2033=CARTESIAN_POINT('',(0.00136176333901547,0.00159034754278183,0.02085));
#2034=CARTESIAN_POINT('',(0.00396581922318545,0.00326947723358695,0.02085));
#2035=CARTESIAN_POINT('',(0.00136176333901547,0.00159034754278183,0.02085));
#2036=CARTESIAN_POINT('',(0.00136176333901547,0.00159034754278183,0.02085));
#2037=CARTESIAN_POINT('',(0.00209403293916118,0.00199486007904267,0.02085));
#2038=CARTESIAN_POINT('',(0.00256325764739172,0.00209801383743129,0.02085));
#2039=CARTESIAN_POINT('',(0.00396581922318545,0.00326947723358695,0.02085));
#2040=CARTESIAN_POINT('',(0.000873203243256385,-0.00499856219269387,0.02085));
#2041=CARTESIAN_POINT('',(0.0012997339368488,-0.00606726849604718,0.02085));
#2042=CARTESIAN_POINT('',(0.00124475096745777,-0.00616745310048244,0.02085));
#2043=CARTESIAN_POINT('',(0.00250757930595076,-0.00721362721967143,0.02085));
#2044=CARTESIAN_POINT('',(0.00364788570758267,-0.00646621346174409,0.02085));
#2045=CARTESIAN_POINT('',(0.00318867550040203,-0.00566890626348997,0.02085));
#2046=CARTESIAN_POINT('',(0.00275696732172583,-0.00537982237395132,0.02085));
#2047=CARTESIAN_POINT('',(0.00193399576660473,-0.0042500614058958,0.02085));
#2048=CARTESIAN_POINT('',(0.00151550254197784,-0.0033719503229278,0.02085));
#2049=CARTESIAN_POINT('',(0.0010825981163104,-0.00219711166952353,0.02085));
#2050=CARTESIAN_POINT('',(0.000991365818508219,-0.00190233526751002,0.02085));
#2051=CARTESIAN_POINT('',(0.000873203243256385,-0.00499856219269387,0.02085));
#2052=CARTESIAN_POINT('',(0.000991365818508219,-0.00190233526751002,0.02085));
#2053=CARTESIAN_POINT('',(0.000991365818508219,-0.00190233526751002,0.02085));
#2054=CARTESIAN_POINT('',(0.000902710501827034,-0.00273419426644787,0.02085));
#2055=CARTESIAN_POINT('',(0.000718072877892424,-0.00317772721055859,0.02085));
#2056=CARTESIAN_POINT('',(0.000873203243256385,-0.00499856219269387,0.02085));
#2057=CARTESIAN_POINT('',(0.00363473257592512,-0.00313813011589481,0.02085));
#2058=CARTESIAN_POINT('',(0.00464842521376069,-0.00368263799591263,0.02085));
#2059=CARTESIAN_POINT('',(0.00467070323800484,-0.00379472622689466,0.02085));
#2060=CARTESIAN_POINT('',(0.00631055363070998,-0.00378441168828995,0.02085));
#2061=CARTESIAN_POINT('',(0.00670365071022816,-0.0024788847061038,0.02085));
#2062=CARTESIAN_POINT('',(0.00583937609464227,-0.00216328658883978,0.02085));
#2063=CARTESIAN_POINT('',(0.00532284890096292,-0.00221933214991688,0.02085));
#2064=CARTESIAN_POINT('',(0.00396621976214386,-0.00188288095704152,0.02085));
#2065=CARTESIAN_POINT('',(0.00308119642887524,-0.00147921110102064,0.02085));
#2066=CARTESIAN_POINT('',(0.00199440066940198,-0.00085749808001641,0.02085));
#2067=CARTESIAN_POINT('',(0.00173503405579539,-0.000690329245921833,0.02085));
#2068=CARTESIAN_POINT('',(0.00363473257592512,-0.00313813011589481,0.02085));
#2069=CARTESIAN_POINT('',(0.00173503405579539,-0.000690329245921833,0.02085));
#2070=CARTESIAN_POINT('',(0.00173503405579539,-0.000690329245921833,0.02085));
#2071=CARTESIAN_POINT('',(0.00220182880062232,-0.00138455674861219,0.02085));
#2072=CARTESIAN_POINT('',(0.00234548565577868,-0.00184300547273554,0.02085));
#2073=CARTESIAN_POINT('',(0.00363473257592512,-0.00313813011589481,0.02085));
#2074=CARTESIAN_POINT('',(-0.00473335207660486,-0.00169944827880773,0.02085));
#2075=CARTESIAN_POINT('',(-0.00565524882890924,-0.00238804683638259,0.02085));
#2076=CARTESIAN_POINT('',(-0.0057662503653645,-0.00236086704989563,0.02085));
#2077=CARTESIAN_POINT('',(-0.00644993294118721,-0.00385143534275519,0.02085));
#2078=CARTESIAN_POINT('',(-0.00543285367548676,-0.00475944183085097,0.02085));
#2079=CARTESIAN_POINT('',(-0.00478156640853075,-0.00410952054433412,0.02085));
#2080=CARTESIAN_POINT('',(-0.0046140671122292,-0.00361770204888566,0.02085));
#2081=CARTESIAN_POINT('',(-0.00373580252769401,-0.00253036891454669,0.02085));
#2082=CARTESIAN_POINT('',(-0.00299592637108436,-0.00189886362876487,0.02085));
#2083=CARTESIAN_POINT('',(-0.00197316328411041,-0.00117663944527422,0.02085));
#2084=CARTESIAN_POINT('',(-0.00171204380062466,-0.0010122220657475,0.02085));
#2085=CARTESIAN_POINT('',(-0.00473335207660486,-0.00169944827880773,0.02085));
#2086=CARTESIAN_POINT('',(-0.00171204380062466,-0.0010122220657475,0.02085));
#2087=CARTESIAN_POINT('',(-0.00171204380062466,-0.0010122220657475,0.02085));
#2088=CARTESIAN_POINT('',(-0.00253850357593639,-0.00114188855749235,0.02085));
#2089=CARTESIAN_POINT('',(-0.00301471123497971,-0.0010783370810955,0.02085));
#2090=CARTESIAN_POINT('',(-0.00473335207660486,-0.00169944827880773,0.02085));
#2091=CARTESIAN_POINT('',(-0.00276317860737515,-0.00386285294411971,0.02085));
#2092=CARTESIAN_POINT('',(-0.00321726533574968,-0.00492014516414104,0.02085));
#2093=CARTESIAN_POINT('',(-0.00332698537942251,-0.00495210754680153,0.02085));
#2094=CARTESIAN_POINT('',(-0.00317378771177998,-0.00658481884240486,0.02085));
#2095=CARTESIAN_POINT('',(-0.00183896798597308,-0.00686263589504668,0.02085));
#2096=CARTESIAN_POINT('',(-0.00159989731088626,-0.00597414391698482,0.02085));
#2097=CARTESIAN_POINT('',(-0.00170074791289734,-0.00546446695772463,0.02085));
#2098=CARTESIAN_POINT('',(-0.00148381503861515,-0.00408367654874293,0.02085));
#2099=CARTESIAN_POINT('',(-0.00115881613422773,-0.0031668388503269,0.02085));
#2100=CARTESIAN_POINT('',(-0.000634189410600607,-0.00202999281670954,0.02085));
#2101=CARTESIAN_POINT('',(-0.000490261994242239,-0.00175704344747287,0.02085));
#2102=CARTESIAN_POINT('',(-0.00276317860737515,-0.00386285294411971,0.02085));
#2103=CARTESIAN_POINT('',(-0.000490261994242239,-0.00175704344747287,0.02085));
#2104=CARTESIAN_POINT('',(-0.000490261994242239,-0.00175704344747287,0.02085));
#2105=CARTESIAN_POINT('',(-0.00114116390899575,-0.00228256781099937,0.02085));
#2106=CARTESIAN_POINT('',(-0.00158534757740241,-0.00246563444751336,0.02085));
#2107=CARTESIAN_POINT('',(-0.00276317860737515,-0.00386285294411971,0.02085));
#2108=CARTESIAN_POINT('',(-0.00261882257002216,0.00479970300039505,0.02085));
#2109=CARTESIAN_POINT('',(-0.00338514939837558,0.00565807633848826,0.02085));
#2110=CARTESIAN_POINT('',(-0.00336774746053791,0.00577102435506402,0.02085));
#2111=CARTESIAN_POINT('',(-0.00491223055372773,0.00632219372559603,0.02085));
#2112=CARTESIAN_POINT('',(-0.00572813750416629,0.00522984677367652,0.02085));
#2113=CARTESIAN_POINT('',(-0.00502392593886759,0.00463768222385417,0.02085));
#2114=CARTESIAN_POINT('',(-0.0045193804356995,0.00451368511921231,0.02085));
#2115=CARTESIAN_POINT('',(-0.00335963913001741,0.00373352992351405,0.02085));
#2116=CARTESIAN_POINT('',(-0.00266605245653405,0.00305150853128642,0.02085));
#2117=CARTESIAN_POINT('',(-0.00185743687760693,0.00209558335178146,0.02085));
#2118=CARTESIAN_POINT('',(-0.00167088709331919,0.00184978742559778,0.02085));
#2119=CARTESIAN_POINT('',(-0.00261882257002216,0.00479970300039505,0.02085));
#2120=CARTESIAN_POINT('',(-0.00167088709331919,0.00184978742559778,0.02085));
#2121=CARTESIAN_POINT('',(-0.00167088709331919,0.00184978742559778,0.02085));
#2122=CARTESIAN_POINT('',(-0.00187209088048392,0.00266180109255192,0.02085));
#2123=CARTESIAN_POINT('',(-0.00185028546886752,0.00314173551380963,0.02085));
#2124=CARTESIAN_POINT('',(-0.00261882257002216,0.00479970300039505,0.02085));
#2125=CARTESIAN_POINT('',(-0.00457750606046032,0.00210697004819618,0.02085));
#2126=CARTESIAN_POINT('',(-0.00571629821514505,0.002271936783728,0.02085));
#2127=CARTESIAN_POINT('',(-0.00577556914295856,0.00236964573421376,0.02085));
#2128=CARTESIAN_POINT('',(-0.00731299667620454,0.00179909137205444,0.02085));
#2129=CARTESIAN_POINT('',(-0.00723587057551743,0.000437850181179504,0.02085));
#2130=CARTESIAN_POINT('',(-0.00631577718361883,0.000436884287148006,0.02085));
#2131=CARTESIAN_POINT('',(-0.00584956910211546,0.000666212592133778,0.02085));
#2132=CARTESIAN_POINT('',(-0.00445968162601472,0.000814046381432865,0.02085));
#2133=CARTESIAN_POINT('',(-0.00348996850850633,0.000737416603787427,0.02085));
#2134=CARTESIAN_POINT('',(-0.0022560761764766,0.000524903507124006,0.02085));
#2135=CARTESIAN_POINT('',(-0.00195517617499564,0.000456524793659569,0.02085));
#2136=CARTESIAN_POINT('',(-0.00457750606046032,0.00210697004819618,0.02085));
#2137=CARTESIAN_POINT('',(-0.00195517617499564,0.000456524793659569,0.02085));
#2138=CARTESIAN_POINT('',(-0.00195517617499564,0.000456524793659569,0.02085));
#2139=CARTESIAN_POINT('',(-0.00263125954210192,0.000949232049554956,0.02085));
#2140=CARTESIAN_POINT('',(-0.00292305152714981,0.00133089939443208,0.02085));
#2141=CARTESIAN_POINT('',(-0.00457750606046032,0.00210697004819618,0.02085));
#2142=CARTESIAN_POINT('',(0.00118669406134973,0.00497620124189145,0.02085));
#2143=CARTESIAN_POINT('',(0.00125178077257128,0.00612503774698079,0.02085));
#2144=CARTESIAN_POINT('',(0.00134395210926438,0.00619259902717227,0.02085));
#2145=CARTESIAN_POINT('',(0.000641573240127383,0.00767444909528027,0.02085));
#2146=CARTESIAN_POINT('',(-0.000707766034455698,0.00747897649564187,0.02085));
#2147=CARTESIAN_POINT('',(-0.000628536830000661,0.00656230015367151,0.02085));
#2148=CARTESIAN_POINT('',(-0.000359448476833082,0.00611785341342442,0.02085));
#2149=CARTESIAN_POINT('',(-9.10405644192901E-5,0.00474613944249831,0.02085));
#2150=CARTESIAN_POINT('',(-8.28626756170344E-5,0.00377343765097916,0.02085));
#2151=CARTESIAN_POINT('',(-0.000187026293119501,0.00252571891501177,0.02085));
#2152=CARTESIAN_POINT('',(-0.000228919641813263,0.00222000433132052,0.02085));
#2153=CARTESIAN_POINT('',(0.00118669406134973,0.00497620124189145,0.02085));
#2154=CARTESIAN_POINT('',(-0.000228919641813263,0.00222000433132052,0.02085));
#2155=CARTESIAN_POINT('',(-0.000228919641813263,0.00222000433132052,0.02085));
#2156=CARTESIAN_POINT('',(0.000202988166201568,0.00293645726394454,0.02085));
#2157=CARTESIAN_POINT('',(0.000557771804418257,0.00326040339332019,0.02085));
#2158=CARTESIAN_POINT('',(0.00118669406134973,0.00497620124189145,0.02085));
#2159=CARTESIAN_POINT('',(0.,0.,0.015));
#2160=CARTESIAN_POINT('',(0.00118669406134973,0.00497620124189145,0.02025));
#2161=CARTESIAN_POINT('',(0.00118669406134973,0.00497620124189145,0.02085));
#2162=CARTESIAN_POINT('',(0.00121440039860858,0.00546524195493259,0.02025));
#2163=CARTESIAN_POINT('',(0.00121440039860858,0.00546524195493259,0.02085));
#2164=CARTESIAN_POINT('',(0.00126354586366574,0.00604371130348598,0.02025));
#2165=CARTESIAN_POINT('',(0.00126354586366574,0.00604371130348598,0.02085));
#2166=CARTESIAN_POINT('',(0.00125378925977918,0.00631831385989955,0.02025));
#2167=CARTESIAN_POINT('',(0.00125378925977918,0.00631831385989955,0.02085));
#2168=CARTESIAN_POINT('',(0.00108413930919129,0.00674255135606779,0.02025));
#2169=CARTESIAN_POINT('',(0.00108413930919129,0.00674255135606779,0.02085));
#2170=CARTESIAN_POINT('',(0.000735827892189271,0.00731234496345854,0.02025));
#2171=CARTESIAN_POINT('',(0.000735827892189271,0.00731234496345854,0.02085));
#2172=CARTESIAN_POINT('',(0.000175008506621539,0.00758086212277389,0.02025));
#2173=CARTESIAN_POINT('',(0.000175008506621539,0.00758086212277389,0.02085));
#2174=CARTESIAN_POINT('',(-0.000436102910152905,0.00747157338733481,0.02025));
#2175=CARTESIAN_POINT('',(-0.000436102910152905,0.00747157338733481,0.02085));
#2176=CARTESIAN_POINT('',(-0.000682282719401033,0.00707052828345747,0.02025));
#2177=CARTESIAN_POINT('',(-0.000682282719401033,0.00707052828345747,0.02085));
#2178=CARTESIAN_POINT('',(-0.000603989900088258,0.00657395939014217,0.02025));
#2179=CARTESIAN_POINT('',(-0.000603989900088258,0.00657395939014217,0.02085));
#2180=CARTESIAN_POINT('',(-0.000466237098264339,0.00628779929916469,0.02025));
#2181=CARTESIAN_POINT('',(-0.000466237098264339,0.00628779929916469,0.02085));
#2182=CARTESIAN_POINT('',(-0.000312533464890749,0.0058337828631416,0.02025));
#2183=CARTESIAN_POINT('',(-0.000312533464890749,0.0058337828631416,0.02085));
#2184=CARTESIAN_POINT('',(-0.000182772623950849,0.00518454442137195,0.02025));
#2185=CARTESIAN_POINT('',(-0.000182772623950849,0.00518454442137195,0.02085));
#2186=CARTESIAN_POINT('',(-0.000103605222123762,0.00458648320887374,0.02025));
#2187=CARTESIAN_POINT('',(-0.000103605222123762,0.00458648320887374,0.02085));
#2188=CARTESIAN_POINT('',(-8.73473380625862E-5,0.00409329826995107,0.02025));
#2189=CARTESIAN_POINT('',(-8.73473380625862E-5,0.00409329826995107,0.02085));
#2190=CARTESIAN_POINT('',(-0.000114713556896742,0.00348670909028758,0.02025));
#2191=CARTESIAN_POINT('',(-0.000114713556896742,0.00348670909028758,0.02085));
#2192=CARTESIAN_POINT('',(-0.000170099000811868,0.00274338133771424,0.02025));
#2193=CARTESIAN_POINT('',(-0.000170099000811868,0.00274338133771424,0.02085));
#2194=CARTESIAN_POINT('',(-0.000210963356934271,0.00235103940795167,0.02025));
#2195=CARTESIAN_POINT('',(-0.000210963356934271,0.00235103940795167,0.02085));
#2196=CARTESIAN_POINT('',(-0.000228919641813263,0.00222000433132052,0.02025));
#2197=CARTESIAN_POINT('',(-0.000228919641813263,0.00222000433132052,0.02085));
#2198=CARTESIAN_POINT('',(-0.000228919641813263,0.00222000433132052,0.02025));
#2199=CARTESIAN_POINT('',(-0.000228919641813263,0.00222000433132052,0.02025));
#2200=CARTESIAN_POINT('',(0.00118669406134973,0.00497620124189145,0.02025));
#2201=CARTESIAN_POINT('',(0.00125178077257128,0.00612503774698079,0.02025));
#2202=CARTESIAN_POINT('',(0.00134395210926438,0.00619259902717227,0.02025));
#2203=CARTESIAN_POINT('',(0.000641573240127383,0.00767444909528027,0.02025));
#2204=CARTESIAN_POINT('',(-0.000707766034455698,0.00747897649564187,0.02025));
#2205=CARTESIAN_POINT('',(-0.000628536830000661,0.00656230015367151,0.02025));
#2206=CARTESIAN_POINT('',(-0.000359448476833082,0.00611785341342442,0.02025));
#2207=CARTESIAN_POINT('',(-9.10405644192901E-5,0.00474613944249831,0.02025));
#2208=CARTESIAN_POINT('',(-8.28626756170344E-5,0.00377343765097916,0.02025));
#2209=CARTESIAN_POINT('',(-0.000187026293119501,0.00252571891501177,0.02025));
#2210=CARTESIAN_POINT('',(-0.000228919641813263,0.00222000433132052,0.02025));
#2211=CARTESIAN_POINT('',(0.00118669406134973,0.00497620124189145,0.02025));
#2212=CARTESIAN_POINT('',(0.00118669406134973,0.00497620124189145,0.02025));
#2213=CARTESIAN_POINT('',(-0.000228919641813263,0.00222000433132052,0.02025));
#2214=CARTESIAN_POINT('',(-0.000228919641813263,0.00222000433132052,0.02085));
#2215=CARTESIAN_POINT('',(0.000202988166201568,0.00293645726394454,0.02025));
#2216=CARTESIAN_POINT('',(0.000202988166201568,0.00293645726394454,0.02085));
#2217=CARTESIAN_POINT('',(0.000557771804418257,0.00326040339332019,0.02025));
#2218=CARTESIAN_POINT('',(0.000557771804418257,0.00326040339332019,0.02085));
#2219=CARTESIAN_POINT('',(0.00118669406134973,0.00497620124189145,0.02025));
#2220=CARTESIAN_POINT('',(0.00118669406134973,0.00497620124189145,0.02085));
#2221=CARTESIAN_POINT('',(-0.000228919641813263,0.00222000433132052,0.02025));
#2222=CARTESIAN_POINT('',(0.000202988166201568,0.00293645726394454,0.02025));
#2223=CARTESIAN_POINT('',(0.000557771804418257,0.00326040339332019,0.02025));
#2224=CARTESIAN_POINT('',(0.00118669406134973,0.00497620124189145,0.02025));
#2225=CARTESIAN_POINT('',(0.,0.,0.02025));
#2226=CARTESIAN_POINT('',(-0.00457750606046032,0.00210697004819618,0.02025));
#2227=CARTESIAN_POINT('',(-0.00457750606046032,0.00210697004819618,0.02085));
#2228=CARTESIAN_POINT('',(-0.0050622710595403,0.00217719366105593,0.02025));
#2229=CARTESIAN_POINT('',(-0.0050622710595403,0.00217719366105593,0.02085));
#2230=CARTESIAN_POINT('',(-0.00563425584806802,0.00227656903851105,0.02025));
#2231=CARTESIAN_POINT('',(-0.00563425584806802,0.00227656903851105,0.02085));
#2232=CARTESIAN_POINT('',(-0.00590866380290809,0.00229078275121251,0.02025));
#2233=CARTESIAN_POINT('',(-0.00590866380290809,0.00229078275121251,0.02085));
#2234=CARTESIAN_POINT('',(-0.0063460729147732,0.00215875310398528,0.02025));
#2235=CARTESIAN_POINT('',(-0.0063460729147732,0.00215875310398528,0.02085));
#2236=CARTESIAN_POINT('',(-0.00694405562571874,0.00186142790214805,0.02025));
#2237=CARTESIAN_POINT('',(-0.00694405562571874,0.00186142790214805,0.02085));
#2238=CARTESIAN_POINT('',(-0.00726042962627179,0.00132614541611903,0.02025));
#2239=CARTESIAN_POINT('',(-0.00726042962627179,0.00132614541611903,0.02085));
#2240=CARTESIAN_POINT('',(-0.00720481863689679,0.000707834321873844,0.02025));
#2241=CARTESIAN_POINT('',(-0.00720481863689679,0.000707834321873844,0.02085));
#2242=CARTESIAN_POINT('',(-0.00682675561484301,0.000427637917219878,0.02025));
#2243=CARTESIAN_POINT('',(-0.00682675561484301,0.000427637917219878,0.02085));
#2244=CARTESIAN_POINT('',(-0.00632525264726601,0.000462353977995643,0.02025));
#2245=CARTESIAN_POINT('',(-0.00632525264726601,0.000462353977995643,0.02085));
#2246=CARTESIAN_POINT('',(-0.00602817553407027,0.000574642093546035,0.02025));
#2247=CARTESIAN_POINT('',(-0.00602817553407027,0.000574642093546035,0.02085));
#2248=CARTESIAN_POINT('',(-0.00556249061332786,0.000688190698489006,0.02025));
#2249=CARTESIAN_POINT('',(-0.00556249061332786,0.000688190698489006,0.02085));
#2250=CARTESIAN_POINT('',(-0.00490441331736791,0.000760872901640494,0.02025));
#2251=CARTESIAN_POINT('',(-0.00490441331736791,0.000760872901640494,0.02085));
#2252=CARTESIAN_POINT('',(-0.00430172801463523,0.00078761457841849,0.02025));
#2253=CARTESIAN_POINT('',(-0.00430172801463523,0.00078761457841849,0.02085));
#2254=CARTESIAN_POINT('',(-0.00380900282534091,0.00076082669665866,0.02025));
#2255=CARTESIAN_POINT('',(-0.00380900282534091,0.00076082669665866,0.02085));
#2256=CARTESIAN_POINT('',(-0.00320710702376901,0.000680696884052991,0.02025));
#2257=CARTESIAN_POINT('',(-0.00320710702376901,0.000680696884052991,0.02085));
#2258=CARTESIAN_POINT('',(-0.00247143501721282,0.000560736916092807,0.02025));
#2259=CARTESIAN_POINT('',(-0.00247143501721282,0.000560736916092807,0.02085));
#2260=CARTESIAN_POINT('',(-0.00208414763025402,0.00048583320888323,0.02025));
#2261=CARTESIAN_POINT('',(-0.00208414763025402,0.00048583320888323,0.02085));
#2262=CARTESIAN_POINT('',(-0.00195517617499564,0.000456524793659569,0.02025));
#2263=CARTESIAN_POINT('',(-0.00195517617499564,0.000456524793659569,0.02085));
#2264=CARTESIAN_POINT('',(-0.00195517617499564,0.000456524793659569,0.02025));
#2265=CARTESIAN_POINT('',(-0.00195517617499564,0.000456524793659569,0.02025));
#2266=CARTESIAN_POINT('',(-0.00457750606046032,0.00210697004819618,0.02025));
#2267=CARTESIAN_POINT('',(-0.00571629821514505,0.002271936783728,0.02025));
#2268=CARTESIAN_POINT('',(-0.00577556914295856,0.00236964573421376,0.02025));
#2269=CARTESIAN_POINT('',(-0.00731299667620454,0.00179909137205444,0.02025));
#2270=CARTESIAN_POINT('',(-0.00723587057551743,0.000437850181179504,0.02025));
#2271=CARTESIAN_POINT('',(-0.00631577718361883,0.000436884287148006,0.02025));
#2272=CARTESIAN_POINT('',(-0.00584956910211546,0.000666212592133778,0.02025));
#2273=CARTESIAN_POINT('',(-0.00445968162601472,0.000814046381432865,0.02025));
#2274=CARTESIAN_POINT('',(-0.00348996850850633,0.000737416603787427,0.02025));
#2275=CARTESIAN_POINT('',(-0.0022560761764766,0.000524903507124006,0.02025));
#2276=CARTESIAN_POINT('',(-0.00195517617499564,0.000456524793659569,0.02025));
#2277=CARTESIAN_POINT('',(-0.00457750606046032,0.00210697004819618,0.02025));
#2278=CARTESIAN_POINT('',(-0.00457750606046032,0.00210697004819618,0.02025));
#2279=CARTESIAN_POINT('',(-0.00195517617499564,0.000456524793659569,0.02025));
#2280=CARTESIAN_POINT('',(-0.00195517617499564,0.000456524793659569,0.02085));
#2281=CARTESIAN_POINT('',(-0.00263125954210192,0.000949232049554956,0.02025));
#2282=CARTESIAN_POINT('',(-0.00263125954210192,0.000949232049554956,0.02085));
#2283=CARTESIAN_POINT('',(-0.00292305152714981,0.00133089939443208,0.02025));
#2284=CARTESIAN_POINT('',(-0.00292305152714981,0.00133089939443208,0.02085));
#2285=CARTESIAN_POINT('',(-0.00457750606046032,0.00210697004819618,0.02025));
#2286=CARTESIAN_POINT('',(-0.00457750606046032,0.00210697004819618,0.02085));
#2287=CARTESIAN_POINT('',(-0.00195517617499564,0.000456524793659569,0.02025));
#2288=CARTESIAN_POINT('',(-0.00263125954210192,0.000949232049554956,0.02025));
#2289=CARTESIAN_POINT('',(-0.00292305152714981,0.00133089939443208,0.02025));
#2290=CARTESIAN_POINT('',(-0.00457750606046032,0.00210697004819618,0.02025));
#2291=CARTESIAN_POINT('',(0.,0.,0.02025));
#2292=CARTESIAN_POINT('',(-0.00261882257002216,0.00479970300039505,0.02025));
#2293=CARTESIAN_POINT('',(-0.00261882257002216,0.00479970300039505,0.02085));
#2294=CARTESIAN_POINT('',(-0.00294503523553227,0.00516509834382032,0.02025));
#2295=CARTESIAN_POINT('',(-0.00294503523553227,0.00516509834382032,0.02085));
#2296=CARTESIAN_POINT('',(-0.00331932374299645,0.00560888903449746,0.02025));
#2297=CARTESIAN_POINT('',(-0.00331932374299645,0.00560888903449746,0.02085));
#2298=CARTESIAN_POINT('',(-0.00352039603353718,0.00579616340349913,0.02025));
#2299=CARTESIAN_POINT('',(-0.00352039603353718,0.00579616340349913,0.02085));
#2300=CARTESIAN_POINT('',(-0.00394033787440001,0.00597618398338463,0.02025));
#2301=CARTESIAN_POINT('',(-0.00394033787440001,0.00597618398338463,0.02085));
#2302=CARTESIAN_POINT('',(-0.00458953616298957,0.00613279554212055,0.02025));
#2303=CARTESIAN_POINT('',(-0.00458953616298957,0.00613279554212055,0.02085));
#2304=CARTESIAN_POINT('',(-0.00517596565776223,0.00592610665578157,0.02025));
#2305=CARTESIAN_POINT('',(-0.00517596565776223,0.00592610665578157,0.02085));
#2306=CARTESIAN_POINT('',(-0.00553080787868768,0.00541670682298357,0.02025));
#2307=CARTESIAN_POINT('',(-0.00553080787868768,0.00541670682298357,0.02085));
#2308=CARTESIAN_POINT('',(-0.0054213015786849,0.00495904969795967,0.02025));
#2309=CARTESIAN_POINT('',(-0.0054213015786849,0.00495904969795967,0.02085));
#2310=CARTESIAN_POINT('',(-0.00501481296344108,0.0046632838496244,0.02025));
#2311=CARTESIAN_POINT('',(-0.00501481296344108,0.0046632838496244,0.02085));
#2312=CARTESIAN_POINT('',(-0.00471506128230881,0.00455834404908641,0.02025));
#2313=CARTESIAN_POINT('',(-0.00471506128230881,0.00455834404908641,0.02085));
#2314=CARTESIAN_POINT('',(-0.00428533830017525,0.0043459908298558,0.02025));
#2315=CARTESIAN_POINT('',(-0.00428533830017525,0.0043459908298558,0.02085));
#2316=CARTESIAN_POINT('',(-0.00373450262483188,0.00397866469563458,0.02025));
#2317=CARTESIAN_POINT('',(-0.00373450262483188,0.00397866469563458,0.02085));
#2318=CARTESIAN_POINT('',(-0.00325562967922889,0.00361175136339329,0.02025));
#2319=CARTESIAN_POINT('',(-0.00325562967922889,0.00361175136339329,0.02085));
#2320=CARTESIAN_POINT('',(-0.0028953992044702,0.0032745130087694,0.02025));
#2321=CARTESIAN_POINT('',(-0.0028953992044702,0.0032745130087694,0.02085));
#2322=CARTESIAN_POINT('',(-0.00248582672104883,0.0028262388475219,0.02025));
#2323=CARTESIAN_POINT('',(-0.00248582672104883,0.0028262388475219,0.02085));
#2324=CARTESIAN_POINT('',(-0.00199937804953147,0.00226146333006171,0.02025));
#2325=CARTESIAN_POINT('',(-0.00199937804953147,0.00226146333006171,0.02085));
#2326=CARTESIAN_POINT('',(-0.00175084587377552,0.00195514022765982,0.02025));
#2327=CARTESIAN_POINT('',(-0.00175084587377552,0.00195514022765982,0.02085));
#2328=CARTESIAN_POINT('',(-0.00167088709331919,0.00184978742559778,0.02025));
#2329=CARTESIAN_POINT('',(-0.00167088709331919,0.00184978742559778,0.02085));
#2330=CARTESIAN_POINT('',(-0.00167088709331919,0.00184978742559778,0.02025));
#2331=CARTESIAN_POINT('',(-0.00167088709331919,0.00184978742559778,0.02025));
#2332=CARTESIAN_POINT('',(-0.00261882257002216,0.00479970300039505,0.02025));
#2333=CARTESIAN_POINT('',(-0.00338514939837558,0.00565807633848826,0.02025));
#2334=CARTESIAN_POINT('',(-0.00336774746053791,0.00577102435506402,0.02025));
#2335=CARTESIAN_POINT('',(-0.00491223055372773,0.00632219372559603,0.02025));
#2336=CARTESIAN_POINT('',(-0.00572813750416629,0.00522984677367652,0.02025));
#2337=CARTESIAN_POINT('',(-0.00502392593886759,0.00463768222385417,0.02025));
#2338=CARTESIAN_POINT('',(-0.0045193804356995,0.00451368511921231,0.02025));
#2339=CARTESIAN_POINT('',(-0.00335963913001741,0.00373352992351405,0.02025));
#2340=CARTESIAN_POINT('',(-0.00266605245653405,0.00305150853128642,0.02025));
#2341=CARTESIAN_POINT('',(-0.00185743687760693,0.00209558335178146,0.02025));
#2342=CARTESIAN_POINT('',(-0.00167088709331919,0.00184978742559778,0.02025));
#2343=CARTESIAN_POINT('',(-0.00261882257002216,0.00479970300039505,0.02025));
#2344=CARTESIAN_POINT('',(-0.00261882257002216,0.00479970300039505,0.02025));
#2345=CARTESIAN_POINT('',(-0.00167088709331919,0.00184978742559778,0.02025));
#2346=CARTESIAN_POINT('',(-0.00167088709331919,0.00184978742559778,0.02085));
#2347=CARTESIAN_POINT('',(-0.00187209088048392,0.00266180109255192,0.02025));
#2348=CARTESIAN_POINT('',(-0.00187209088048392,0.00266180109255192,0.02085));
#2349=CARTESIAN_POINT('',(-0.00185028546886752,0.00314173551380963,0.02025));
#2350=CARTESIAN_POINT('',(-0.00185028546886752,0.00314173551380963,0.02085));
#2351=CARTESIAN_POINT('',(-0.00261882257002216,0.00479970300039505,0.02025));
#2352=CARTESIAN_POINT('',(-0.00261882257002216,0.00479970300039505,0.02085));
#2353=CARTESIAN_POINT('',(-0.00167088709331919,0.00184978742559778,0.02025));
#2354=CARTESIAN_POINT('',(-0.00187209088048392,0.00266180109255192,0.02025));
#2355=CARTESIAN_POINT('',(-0.00185028546886752,0.00314173551380963,0.02025));
#2356=CARTESIAN_POINT('',(-0.00261882257002216,0.00479970300039505,0.02025));
#2357=CARTESIAN_POINT('',(0.,0.,0.02025));
#2358=CARTESIAN_POINT('',(-0.00276317860737515,-0.00386285294411971,0.02025));
#2359=CARTESIAN_POINT('',(-0.00276317860737515,-0.00386285294411971,0.02085));
#2360=CARTESIAN_POINT('',(-0.00295647582281272,-0.00431292476798804,0.02025));
#2361=CARTESIAN_POINT('',(-0.00295647582281272,-0.00431292476798804,0.02085));
#2362=CARTESIAN_POINT('',(-0.00320050562317375,-0.00483969940717183,0.02025));
#2363=CARTESIAN_POINT('',(-0.00320050562317375,-0.00483969940717183,0.02085));
#2364=CARTESIAN_POINT('',(-0.00328525702019979,-0.00510107835814226,0.02025));
#2365=CARTESIAN_POINT('',(-0.00328525702019979,-0.00510107835814226,0.02085));
#2366=CARTESIAN_POINT('',(-0.00327093598275925,-0.00555775490316751,0.02025));
#2367=CARTESIAN_POINT('',(-0.00327093598275925,-0.00555775490316751,0.02085));
#2368=CARTESIAN_POINT('',(-0.00313851120573279,-0.00621231527216857,0.02025));
#2369=CARTESIAN_POINT('',(-0.00313851120573279,-0.00621231527216857,0.02085));
#2370=CARTESIAN_POINT('',(-0.00270335164483555,-0.0066564503919633,0.02025));
#2371=CARTESIAN_POINT('',(-0.00270335164483555,-0.0066564503919633,0.02085));
#2372=CARTESIAN_POINT('',(-0.00209171580705583,-0.00676276498808932,0.02025));
#2373=CARTESIAN_POINT('',(-0.00209171580705583,-0.00676276498808932,0.02085));
#2374=CARTESIAN_POINT('',(-0.00172321695301069,-0.00647010431701638,0.02025));
#2375=CARTESIAN_POINT('',(-0.00172321695301069,-0.00647010431701638,0.02085));
#2376=CARTESIAN_POINT('',(-0.00162695157351666,-0.00597670447097345,0.02025));
#2377=CARTESIAN_POINT('',(-0.00162695157351666,-0.00597670447097345,0.02085));
#2378=CARTESIAN_POINT('',(-0.00165852434955298,-0.00566068771209516,0.02025));
#2379=CARTESIAN_POINT('',(-0.00165852434955298,-0.00566068771209516,0.02085));
#2380=CARTESIAN_POINT('',(-0.0016476757531013,-0.00518148207873263,0.02025));
#2381=CARTESIAN_POINT('',(-0.0016476757531013,-0.00518148207873263,0.02085));
#2382=CARTESIAN_POINT('',(-0.00154755843289291,-0.00452701668445483,0.02025));
#2383=CARTESIAN_POINT('',(-0.00154755843289291,-0.00452701668445483,0.02085));
#2384=CARTESIAN_POINT('',(-0.00141740247458045,-0.00393794613017237,0.02025));
#2385=CARTESIAN_POINT('',(-0.00141740247458045,-0.00393794613017237,0.02085));
#2386=CARTESIAN_POINT('',(-0.00126400070476594,-0.00346894335854721,0.02025));
#2387=CARTESIAN_POINT('',(-0.00126400070476594,-0.00346894335854721,0.02085));
#2388=CARTESIAN_POINT('',(-0.00103081915270036,-0.00290829578065679,0.02025));
#2389=CARTESIAN_POINT('',(-0.00103081915270036,-0.00290829578065679,0.02085));
#2390=CARTESIAN_POINT('',(-0.000724540795281283,-0.00222873911420425,0.02025));
#2391=CARTESIAN_POINT('',(-0.000724540795281283,-0.00222873911420425,0.02085));
#2392=CARTESIAN_POINT('',(-0.000551952018329833,-0.00187403473091937,0.02025));
#2393=CARTESIAN_POINT('',(-0.000551952018329833,-0.00187403473091937,0.02085));
#2394=CARTESIAN_POINT('',(-0.000490261994242239,-0.00175704344747287,0.02025));
#2395=CARTESIAN_POINT('',(-0.000490261994242239,-0.00175704344747287,0.02085));
#2396=CARTESIAN_POINT('',(-0.000490261994242239,-0.00175704344747287,0.02025));
#2397=CARTESIAN_POINT('',(-0.000490261994242239,-0.00175704344747287,0.02025));
#2398=CARTESIAN_POINT('',(-0.00276317860737515,-0.00386285294411971,0.02025));
#2399=CARTESIAN_POINT('',(-0.00321726533574968,-0.00492014516414104,0.02025));
#2400=CARTESIAN_POINT('',(-0.00332698537942251,-0.00495210754680153,0.02025));
#2401=CARTESIAN_POINT('',(-0.00317378771177998,-0.00658481884240486,0.02025));
#2402=CARTESIAN_POINT('',(-0.00183896798597308,-0.00686263589504668,0.02025));
#2403=CARTESIAN_POINT('',(-0.00159989731088626,-0.00597414391698482,0.02025));
#2404=CARTESIAN_POINT('',(-0.00170074791289734,-0.00546446695772463,0.02025));
#2405=CARTESIAN_POINT('',(-0.00148381503861515,-0.00408367654874293,0.02025));
#2406=CARTESIAN_POINT('',(-0.00115881613422773,-0.0031668388503269,0.02025));
#2407=CARTESIAN_POINT('',(-0.000634189410600607,-0.00202999281670954,0.02025));
#2408=CARTESIAN_POINT('',(-0.000490261994242239,-0.00175704344747287,0.02025));
#2409=CARTESIAN_POINT('',(-0.00276317860737515,-0.00386285294411971,0.02025));
#2410=CARTESIAN_POINT('',(-0.00276317860737515,-0.00386285294411971,0.02025));
#2411=CARTESIAN_POINT('',(-0.000490261994242239,-0.00175704344747287,0.02025));
#2412=CARTESIAN_POINT('',(-0.000490261994242239,-0.00175704344747287,0.02085));
#2413=CARTESIAN_POINT('',(-0.00114116390899575,-0.00228256781099937,0.02025));
#2414=CARTESIAN_POINT('',(-0.00114116390899575,-0.00228256781099937,0.02085));
#2415=CARTESIAN_POINT('',(-0.00158534757740241,-0.00246563444751336,0.02025));
#2416=CARTESIAN_POINT('',(-0.00158534757740241,-0.00246563444751336,0.02085));
#2417=CARTESIAN_POINT('',(-0.00276317860737515,-0.00386285294411971,0.02025));
#2418=CARTESIAN_POINT('',(-0.00276317860737515,-0.00386285294411971,0.02085));
#2419=CARTESIAN_POINT('',(-0.000490261994242239,-0.00175704344747287,0.02025));
#2420=CARTESIAN_POINT('',(-0.00114116390899575,-0.00228256781099937,0.02025));
#2421=CARTESIAN_POINT('',(-0.00158534757740241,-0.00246563444751336,0.02025));
#2422=CARTESIAN_POINT('',(-0.00276317860737515,-0.00386285294411971,0.02025));
#2423=CARTESIAN_POINT('',(0.,0.,0.02025));
#2424=CARTESIAN_POINT('',(-0.00473335207660486,-0.00169944827880773,0.02025));
#2425=CARTESIAN_POINT('',(-0.00473335207660486,-0.00169944827880773,0.02085));
#2426=CARTESIAN_POINT('',(-0.00512578828758876,-0.00199257330408652,0.02025));
#2427=CARTESIAN_POINT('',(-0.00512578828758876,-0.00199257330408652,0.02085));
#2428=CARTESIAN_POINT('',(-0.00560051161357376,-0.00232675862350855,0.02025));
#2429=CARTESIAN_POINT('',(-0.00560051161357376,-0.00232675862350855,0.02085));
#2430=CARTESIAN_POINT('',(-0.00580459795188975,-0.00251074373655045,0.02025));
#2431=CARTESIAN_POINT('',(-0.00580459795188975,-0.00251074373655045,0.02085));
#2432=CARTESIAN_POINT('',(-0.00602053384217031,-0.00291339774457509,0.02025));
#2433=CARTESIAN_POINT('',(-0.00602053384217031,-0.00291339774457509,0.02085));
#2434=CARTESIAN_POINT('',(-0.00623313080567545,-0.00354647604095376,0.02025));
#2435=CARTESIAN_POINT('',(-0.00623313080567545,-0.00354647604095376,0.02085));
#2436=CARTESIAN_POINT('',(-0.00607833913113611,-0.00414868811785745,0.02025));
#2437=CARTESIAN_POINT('',(-0.00607833913113611,-0.00414868811785745,0.02085));
#2438=CARTESIAN_POINT('',(-0.0056018042558169,-0.00454657717778553,0.02025));
#2439=CARTESIAN_POINT('',(-0.0056018042558169,-0.00454657717778553,0.02085));
#2440=CARTESIAN_POINT('',(-0.00513634455141189,-0.00447737502897034,0.02025));
#2441=CARTESIAN_POINT('',(-0.00513634455141189,-0.00447737502897034,0.02085));
#2442=CARTESIAN_POINT('',(-0.00480627636424365,-0.00409821091782084,0.02025));
#2443=CARTESIAN_POINT('',(-0.00480627636424365,-0.00409821091782084,0.02085));
#2444=CARTESIAN_POINT('',(-0.00467561081091995,-0.00380874598859246,0.02025));
#2445=CARTESIAN_POINT('',(-0.00467561081091995,-0.00380874598859246,0.02085));
#2446=CARTESIAN_POINT('',(-0.00442661283411612,-0.00339916603468974,0.02025));
#2447=CARTESIAN_POINT('',(-0.00442661283411612,-0.00339916603468974,0.02085));
#2448=CARTESIAN_POINT('',(-0.00401267599431794,-0.00288244103745156,0.02025));
#2449=CARTESIAN_POINT('',(-0.00401267599431794,-0.00288244103745156,0.02085));
#2450=CARTESIAN_POINT('',(-0.00360542235082421,-0.00243736895197779,0.02025));
#2451=CARTESIAN_POINT('',(-0.00360542235082421,-0.00243736895197779,0.02085));
#2452=CARTESIAN_POINT('',(-0.00323807113536677,-0.00210790152221236,0.02025));
#2453=CARTESIAN_POINT('',(-0.00323807113536677,-0.00210790152221236,0.02085));
#2454=CARTESIAN_POINT('',(-0.00275580619863889,-0.00173895725322183,0.02025));
#2455=CARTESIAN_POINT('',(-0.00275580619863889,-0.00173895725322183,0.02085));
#2456=CARTESIAN_POINT('',(-0.00215078302725833,-0.0013035830954724,0.02025));
#2457=CARTESIAN_POINT('',(-0.00215078302725833,-0.0013035830954724,0.02085));
#2458=CARTESIAN_POINT('',(-0.00182396457036784,-0.00108269447718972,0.02025));
#2459=CARTESIAN_POINT('',(-0.00182396457036784,-0.00108269447718972,0.02085));
#2460=CARTESIAN_POINT('',(-0.00171204380062466,-0.0010122220657475,0.02025));
#2461=CARTESIAN_POINT('',(-0.00171204380062466,-0.0010122220657475,0.02085));
#2462=CARTESIAN_POINT('',(-0.00171204380062466,-0.0010122220657475,0.02025));
#2463=CARTESIAN_POINT('',(-0.00171204380062466,-0.0010122220657475,0.02025));
#2464=CARTESIAN_POINT('',(-0.00473335207660486,-0.00169944827880773,0.02025));
#2465=CARTESIAN_POINT('',(-0.00565524882890924,-0.00238804683638259,0.02025));
#2466=CARTESIAN_POINT('',(-0.0057662503653645,-0.00236086704989563,0.02025));
#2467=CARTESIAN_POINT('',(-0.00644993294118721,-0.00385143534275519,0.02025));
#2468=CARTESIAN_POINT('',(-0.00543285367548676,-0.00475944183085097,0.02025));
#2469=CARTESIAN_POINT('',(-0.00478156640853075,-0.00410952054433412,0.02025));
#2470=CARTESIAN_POINT('',(-0.0046140671122292,-0.00361770204888566,0.02025));
#2471=CARTESIAN_POINT('',(-0.00373580252769401,-0.00253036891454669,0.02025));
#2472=CARTESIAN_POINT('',(-0.00299592637108436,-0.00189886362876487,0.02025));
#2473=CARTESIAN_POINT('',(-0.00197316328411041,-0.00117663944527422,0.02025));
#2474=CARTESIAN_POINT('',(-0.00171204380062466,-0.0010122220657475,0.02025));
#2475=CARTESIAN_POINT('',(-0.00473335207660486,-0.00169944827880773,0.02025));
#2476=CARTESIAN_POINT('',(-0.00473335207660486,-0.00169944827880773,0.02025));
#2477=CARTESIAN_POINT('',(-0.00171204380062466,-0.0010122220657475,0.02025));
#2478=CARTESIAN_POINT('',(-0.00171204380062466,-0.0010122220657475,0.02085));
#2479=CARTESIAN_POINT('',(-0.00253850357593639,-0.00114188855749235,0.02025));
#2480=CARTESIAN_POINT('',(-0.00253850357593639,-0.00114188855749235,0.02085));
#2481=CARTESIAN_POINT('',(-0.00301471123497971,-0.0010783370810955,0.02025));
#2482=CARTESIAN_POINT('',(-0.00301471123497971,-0.0010783370810955,0.02085));
#2483=CARTESIAN_POINT('',(-0.00473335207660486,-0.00169944827880773,0.02025));
#2484=CARTESIAN_POINT('',(-0.00473335207660486,-0.00169944827880773,0.02085));
#2485=CARTESIAN_POINT('',(-0.00171204380062466,-0.0010122220657475,0.02025));
#2486=CARTESIAN_POINT('',(-0.00253850357593639,-0.00114188855749235,0.02025));
#2487=CARTESIAN_POINT('',(-0.00301471123497971,-0.0010783370810955,0.02025));
#2488=CARTESIAN_POINT('',(-0.00473335207660486,-0.00169944827880773,0.02025));
#2489=CARTESIAN_POINT('',(0.,0.,0.02025));
#2490=CARTESIAN_POINT('',(0.00363473257592512,-0.00313813011589481,0.02025));
#2491=CARTESIAN_POINT('',(0.00363473257592512,-0.00313813011589481,0.02085));
#2492=CARTESIAN_POINT('',(0.00406624477824073,-0.00336991812116866,0.02025));
#2493=CARTESIAN_POINT('',(0.00406624477824073,-0.00336991812116866,0.02085));
#2494=CARTESIAN_POINT('',(0.00456974628238178,-0.0036589307494034,0.02025));
#2495=CARTESIAN_POINT('',(0.00456974628238178,-0.0036589307494034,0.02085));
#2496=CARTESIAN_POINT('',(0.0048227440365746,-0.00376614031838704,0.02025));
#2497=CARTESIAN_POINT('',(0.0048227440365746,-0.00376614031838704,0.02085));
#2498=CARTESIAN_POINT('',(0.00527893095012666,-0.0037916757602947,0.02025));
#2499=CARTESIAN_POINT('',(0.00527893095012666,-0.0037916757602947,0.02085));
#2500=CARTESIAN_POINT('',(0.00594254209910643,-0.00371680359465844,0.02025));
#2501=CARTESIAN_POINT('',(0.00594254209910643,-0.00371680359465844,0.02085));
#2502=CARTESIAN_POINT('',(0.00642291380542602,-0.0033220088735147,0.02025));
#2503=CARTESIAN_POINT('',(0.00642291380542602,-0.0033220088735147,0.02085));
#2504=CARTESIAN_POINT('',(0.00658213141814931,-0.00272196642234592,0.02025));
#2505=CARTESIAN_POINT('',(0.00658213141814931,-0.00272196642234592,0.02085));
#2506=CARTESIAN_POINT('',(0.00632270120061245,-0.00232936275953288,0.02025));
#2507=CARTESIAN_POINT('',(0.00632270120061245,-0.00232936275953288,0.02085));
#2508=CARTESIAN_POINT('',(0.00583956897059588,-0.00219046106881769,0.02025));
#2509=CARTESIAN_POINT('',(0.00583956897059588,-0.00219046106881769,0.02085));
#2510=CARTESIAN_POINT('',(0.00552200300214714,-0.00219437102556836,0.02025));
#2511=CARTESIAN_POINT('',(0.00552200300214714,-0.00219437102556836,0.02085));
#2512=CARTESIAN_POINT('',(0.0050455664083772,-0.00214179818839688,0.02025));
#2513=CARTESIAN_POINT('',(0.0050455664083772,-0.00214179818839688,0.02085));
#2514=CARTESIAN_POINT('',(0.0044023172519178,-0.00198502142727721,0.02025));
#2515=CARTESIAN_POINT('',(0.0044023172519178,-0.00198502142727721,0.02085));
#2516=CARTESIAN_POINT('',(0.0038268321281594,-0.00180401986999203,0.02025));
#2517=CARTESIAN_POINT('',(0.0038268321281594,-0.00180401986999203,0.02085));
#2518=CARTESIAN_POINT('',(0.00337298389886308,-0.00161032555531322,0.02025));
#2519=CARTESIAN_POINT('',(0.00337298389886308,-0.00161032555531322,0.02085));
#2520=CARTESIAN_POINT('',(0.00283479286563599,-0.00132916767338197,0.02025));
#2521=CARTESIAN_POINT('',(0.00283479286563599,-0.00132916767338197,0.02085));
#2522=CARTESIAN_POINT('',(0.00218451603519146,-0.000964827531577047,0.02025));
#2523=CARTESIAN_POINT('',(0.00218451603519146,-0.000964827531577047,0.02085));
#2524=CARTESIAN_POINT('',(0.00184620351221827,-0.000761980983046828,0.02025));
#2525=CARTESIAN_POINT('',(0.00184620351221827,-0.000761980983046828,0.02085));
#2526=CARTESIAN_POINT('',(0.00173503405579539,-0.000690329245921833,0.02025));
#2527=CARTESIAN_POINT('',(0.00173503405579539,-0.000690329245921833,0.02085));
#2528=CARTESIAN_POINT('',(0.00173503405579539,-0.000690329245921833,0.02025));
#2529=CARTESIAN_POINT('',(0.00173503405579539,-0.000690329245921833,0.02025));
#2530=CARTESIAN_POINT('',(0.00363473257592512,-0.00313813011589481,0.02025));
#2531=CARTESIAN_POINT('',(0.00464842521376069,-0.00368263799591263,0.02025));
#2532=CARTESIAN_POINT('',(0.00467070323800484,-0.00379472622689466,0.02025));
#2533=CARTESIAN_POINT('',(0.00631055363070998,-0.00378441168828995,0.02025));
#2534=CARTESIAN_POINT('',(0.00670365071022816,-0.0024788847061038,0.02025));
#2535=CARTESIAN_POINT('',(0.00583937609464227,-0.00216328658883978,0.02025));
#2536=CARTESIAN_POINT('',(0.00532284890096292,-0.00221933214991688,0.02025));
#2537=CARTESIAN_POINT('',(0.00396621976214386,-0.00188288095704152,0.02025));
#2538=CARTESIAN_POINT('',(0.00308119642887524,-0.00147921110102064,0.02025));
#2539=CARTESIAN_POINT('',(0.00199440066940198,-0.00085749808001641,0.02025));
#2540=CARTESIAN_POINT('',(0.00173503405579539,-0.000690329245921833,0.02025));
#2541=CARTESIAN_POINT('',(0.00363473257592512,-0.00313813011589481,0.02025));
#2542=CARTESIAN_POINT('',(0.00363473257592512,-0.00313813011589481,0.02025));
#2543=CARTESIAN_POINT('',(0.00173503405579539,-0.000690329245921833,0.02025));
#2544=CARTESIAN_POINT('',(0.00173503405579539,-0.000690329245921833,0.02085));
#2545=CARTESIAN_POINT('',(0.00220182880062232,-0.00138455674861219,0.02025));
#2546=CARTESIAN_POINT('',(0.00220182880062232,-0.00138455674861219,0.02085));
#2547=CARTESIAN_POINT('',(0.00234548565577868,-0.00184300547273554,0.02025));
#2548=CARTESIAN_POINT('',(0.00234548565577868,-0.00184300547273554,0.02085));
#2549=CARTESIAN_POINT('',(0.00363473257592512,-0.00313813011589481,0.02025));
#2550=CARTESIAN_POINT('',(0.00363473257592512,-0.00313813011589481,0.02085));
#2551=CARTESIAN_POINT('',(0.00173503405579539,-0.000690329245921833,0.02025));
#2552=CARTESIAN_POINT('',(0.00220182880062232,-0.00138455674861219,0.02025));
#2553=CARTESIAN_POINT('',(0.00234548565577868,-0.00184300547273554,0.02025));
#2554=CARTESIAN_POINT('',(0.00363473257592512,-0.00313813011589481,0.02025));
#2555=CARTESIAN_POINT('',(0.,0.,0.02025));
#2556=CARTESIAN_POINT('',(0.000873203243256385,-0.00499856219269387,0.02025));
#2557=CARTESIAN_POINT('',(0.000873203243256385,-0.00499856219269387,0.02085));
#2558=CARTESIAN_POINT('',(0.0010547703101143,-0.00545349280319255,0.02025));
#2559=CARTESIAN_POINT('',(0.0010547703101143,-0.00545349280319255,0.02085));
#2560=CARTESIAN_POINT('',(0.00125470110299137,-0.00599853384936339,0.02025));
#2561=CARTESIAN_POINT('',(0.00125470110299137,-0.00599853384936339,0.02085));
#2562=CARTESIAN_POINT('',(0.00137959564412984,-0.00624328496560616,0.02025));
#2563=CARTESIAN_POINT('',(0.00137959564412984,-0.00624328496560616,0.02085));
#2564=CARTESIAN_POINT('',(0.00171264122861388,-0.00655607754471452,0.02025));
#2565=CARTESIAN_POINT('',(0.00171264122861388,-0.00655607754471452,0.02085));
#2566=CARTESIAN_POINT('',(0.00226912376206302,-0.00692528316249862,0.02025));
#2567=CARTESIAN_POINT('',(0.00226912376206302,-0.00692528316249862,0.02085));
#2568=CARTESIAN_POINT('',(0.00289087899344157,-0.00693162984105996,0.02025));
#2569=CARTESIAN_POINT('',(0.00289087899344157,-0.00693162984105996,0.02085));
#2570=CARTESIAN_POINT('',(0.00339854661381214,-0.00657431376440902,0.02025));
#2571=CARTESIAN_POINT('',(0.00339854661381214,-0.00657431376440902,0.02085));
#2572=CARTESIAN_POINT('',(0.00345217230726466,-0.00610680338075196,0.02025));
#2573=CARTESIAN_POINT('',(0.00345217230726466,-0.00610680338075196,0.02085));
#2574=CARTESIAN_POINT('',(0.00317135583292502,-0.00568984710114488,0.02025));
#2575=CARTESIAN_POINT('',(0.00317135583292502,-0.00568984710114488,0.02085));
#2576=CARTESIAN_POINT('',(0.00292557291571743,-0.00548871483200961,0.02025));
#2577=CARTESIAN_POINT('',(0.00292557291571743,-0.00548871483200961,0.02085));
#2578=CARTESIAN_POINT('',(0.00259439447890133,-0.00514219416295883,0.02025));
#2579=CARTESIAN_POINT('',(0.00259439447890133,-0.00514219416295883,0.02085));
#2580=CARTESIAN_POINT('',(0.00220241119658914,-0.0046086236085795,0.02025));
#2581=CARTESIAN_POINT('',(0.00220241119658914,-0.0046086236085795,0.02085));
#2582=CARTESIAN_POINT('',(0.00187790957379326,-0.00410005366431447,0.02025));
#2583=CARTESIAN_POINT('',(0.00187790957379326,-0.00410005366431447,0.02085));
#2584=CARTESIAN_POINT('',(0.00165474596526369,-0.00365994719242118,0.02025));
#2585=CARTESIAN_POINT('',(0.00165474596526369,-0.00365994719242118,0.02085));
#2586=CARTESIAN_POINT('',(0.00142319251779474,-0.00309862523152588,0.02025));
#2587=CARTESIAN_POINT('',(0.00142319251779474,-0.00309862523152588,0.02085));
#2588=CARTESIAN_POINT('',(0.00115924489420733,-0.00240153460101505,0.02025));
#2589=CARTESIAN_POINT('',(0.00115924489420733,-0.00240153460101505,0.02085));
#2590=CARTESIAN_POINT('',(0.00103046971400906,-0.00202868203173866,0.02025));
#2591=CARTESIAN_POINT('',(0.00103046971400906,-0.00202868203173866,0.02085));
#2592=CARTESIAN_POINT('',(0.000991365818508219,-0.00190233526751002,0.02025));
#2593=CARTESIAN_POINT('',(0.000991365818508219,-0.00190233526751002,0.02085));
#2594=CARTESIAN_POINT('',(0.000991365818508219,-0.00190233526751002,0.02025));
#2595=CARTESIAN_POINT('',(0.000991365818508219,-0.00190233526751002,0.02025));
#2596=CARTESIAN_POINT('',(0.000873203243256385,-0.00499856219269387,0.02025));
#2597=CARTESIAN_POINT('',(0.0012997339368488,-0.00606726849604718,0.02025));
#2598=CARTESIAN_POINT('',(0.00124475096745777,-0.00616745310048244,0.02025));
#2599=CARTESIAN_POINT('',(0.00250757930595076,-0.00721362721967143,0.02025));
#2600=CARTESIAN_POINT('',(0.00364788570758267,-0.00646621346174409,0.02025));
#2601=CARTESIAN_POINT('',(0.00318867550040203,-0.00566890626348997,0.02025));
#2602=CARTESIAN_POINT('',(0.00275696732172583,-0.00537982237395132,0.02025));
#2603=CARTESIAN_POINT('',(0.00193399576660473,-0.0042500614058958,0.02025));
#2604=CARTESIAN_POINT('',(0.00151550254197784,-0.0033719503229278,0.02025));
#2605=CARTESIAN_POINT('',(0.0010825981163104,-0.00219711166952353,0.02025));
#2606=CARTESIAN_POINT('',(0.000991365818508219,-0.00190233526751002,0.02025));
#2607=CARTESIAN_POINT('',(0.000873203243256385,-0.00499856219269387,0.02025));
#2608=CARTESIAN_POINT('',(0.000873203243256385,-0.00499856219269387,0.02025));
#2609=CARTESIAN_POINT('',(0.000991365818508219,-0.00190233526751002,0.02025));
#2610=CARTESIAN_POINT('',(0.000991365818508219,-0.00190233526751002,0.02085));
#2611=CARTESIAN_POINT('',(0.000902710501827034,-0.00273419426644787,0.02025));
#2612=CARTESIAN_POINT('',(0.000902710501827034,-0.00273419426644787,0.02085));
#2613=CARTESIAN_POINT('',(0.000718072877892424,-0.00317772721055859,0.02025));
#2614=CARTESIAN_POINT('',(0.000718072877892424,-0.00317772721055859,0.02085));
#2615=CARTESIAN_POINT('',(0.000873203243256385,-0.00499856219269387,0.02025));
#2616=CARTESIAN_POINT('',(0.000873203243256385,-0.00499856219269387,0.02085));
#2617=CARTESIAN_POINT('',(0.000991365818508219,-0.00190233526751002,0.02025));
#2618=CARTESIAN_POINT('',(0.000902710501827034,-0.00273419426644787,0.02025));
#2619=CARTESIAN_POINT('',(0.000718072877892424,-0.00317772721055859,0.02025));
#2620=CARTESIAN_POINT('',(0.000873203243256385,-0.00499856219269387,0.02025));
#2621=CARTESIAN_POINT('',(0.,0.,0.02025));
#2622=CARTESIAN_POINT('',(0.00396581922318545,0.00326947723358695,0.02025));
#2623=CARTESIAN_POINT('',(0.00396581922318545,0.00326947723358695,0.02085));
#2624=CARTESIAN_POINT('',(0.00423433397161801,0.003679145745936,0.02025));
#2625=CARTESIAN_POINT('',(0.00423433397161801,0.003679145745936,0.02085));
#2626=CARTESIAN_POINT('',(0.004566129867115,0.00415554216456529,0.02025));
#2627=CARTESIAN_POINT('',(0.004566129867115,0.00415554216456529,0.02085));
#2628=CARTESIAN_POINT('',(0.00469498167850137,0.00439823325630687,0.02025));
#2629=CARTESIAN_POINT('',(0.00469498167850137,0.00439823325630687,0.02085));
#2630=CARTESIAN_POINT('',(0.0047601792596256,0.00485045868052042,0.02025));
#2631=CARTESIAN_POINT('',(0.0047601792596256,0.00485045868052042,0.02085));
#2632=CARTESIAN_POINT('',(0.00474342952776906,0.0055180701279358,0.02025));
#2633=CARTESIAN_POINT('',(0.00474342952776906,0.0055180701279358,0.02085));
#2634=CARTESIAN_POINT('',(0.0043920042725903,0.00603102250203879,0.02025));
#2635=CARTESIAN_POINT('',(0.0043920042725903,0.00603102250203879,0.02085));
#2636=CARTESIAN_POINT('',(0.00380812189340139,0.00624193138918829,0.02025));
#2637=CARTESIAN_POINT('',(0.00380812189340139,0.00624193138918829,0.02085));
#2638=CARTESIAN_POINT('',(0.00339440137275504,0.0060177060457912,0.02025));
#2639=CARTESIAN_POINT('',(0.00339440137275504,0.0060177060457912,0.02085));
#2640=CARTESIAN_POINT('',(0.00321392049655616,0.00554851835979464,0.02025));
#2641=CARTESIAN_POINT('',(0.00321392049655616,0.00554851835979464,0.02085));
#2642=CARTESIAN_POINT('',(0.00319013787688941,0.00523182005054693,0.02025));
#2643=CARTESIAN_POINT('',(0.00319013787688941,0.00523182005054693,0.02085));
#2644=CARTESIAN_POINT('',(0.00309624091003337,0.00476177846652845,0.02025));
#2645=CARTESIAN_POINT('',(0.00309624091003337,0.00476177846652845,0.02085));
#2646=CARTESIAN_POINT('',(0.00288399787381893,0.00413464106237257,0.02025));
#2647=CARTESIAN_POINT('',(0.00288399787381893,0.00413464106237257,0.02085));
#2648=CARTESIAN_POINT('',(0.00265352824870369,0.00357712115841745,0.02025));
#2649=CARTESIAN_POINT('',(0.00265352824870369,0.00357712115841745,0.02085));
#2650=CARTESIAN_POINT('',(0.00242101551985112,0.00314188153051595,0.02025));
#2651=CARTESIAN_POINT('',(0.00242101551985112,0.00314188153051595,0.02085));
#2652=CARTESIAN_POINT('',(0.00209402108930347,0.00263024300068369,0.02025));
#2653=CARTESIAN_POINT('',(0.00209402108930347,0.00263024300068369,0.02085));
#2654=CARTESIAN_POINT('',(0.00167439201158642,0.00201419500557474,0.02025));
#2655=CARTESIAN_POINT('',(0.00167439201158642,0.00201419500557474,0.02085));
#2656=CARTESIAN_POINT('',(0.00144283147619384,0.00169484910549175,0.02025));
#2657=CARTESIAN_POINT('',(0.00144283147619384,0.00169484910549175,0.02085));
#2658=CARTESIAN_POINT('',(0.00136176333901547,0.00159034754278183,0.02025));
#2659=CARTESIAN_POINT('',(0.00136176333901547,0.00159034754278183,0.02085));
#2660=CARTESIAN_POINT('',(0.00136176333901547,0.00159034754278183,0.02025));
#2661=CARTESIAN_POINT('',(0.00136176333901547,0.00159034754278183,0.02025));
#2662=CARTESIAN_POINT('',(0.00396581922318545,0.00326947723358695,0.02025));
#2663=CARTESIAN_POINT('',(0.00459660422109677,0.00423185547617847,0.02025));
#2664=CARTESIAN_POINT('',(0.0047102075802695,0.00424427959278994,0.02025));
#2665=CARTESIAN_POINT('',(0.00484285467056947,0.00587878883093967,0.02025));
#2666=CARTESIAN_POINT('',(0.00357655628063726,0.00638417423120056,0.02025));
#2667=CARTESIAN_POINT('',(0.00318683261343177,0.00555069462977852,0.02025));
#2668=CARTESIAN_POINT('',(0.00319764659301387,0.00503124828551157,0.02025));
#2669=CARTESIAN_POINT('',(0.0027442376782779,0.00370910518375664,0.02025));
#2670=CARTESIAN_POINT('',(0.00226496904197041,0.00286263177759328,0.02025));
#2671=CARTESIAN_POINT('',(0.0015509013350795,0.00183415746421896,0.02025));
#2672=CARTESIAN_POINT('',(0.00136176333901547,0.00159034754278183,0.02025));
#2673=CARTESIAN_POINT('',(0.00396581922318545,0.00326947723358695,0.02025));
#2674=CARTESIAN_POINT('',(0.00396581922318545,0.00326947723358695,0.02025));
#2675=CARTESIAN_POINT('',(0.00136176333901547,0.00159034754278183,0.02025));
#2676=CARTESIAN_POINT('',(0.00136176333901547,0.00159034754278183,0.02085));
#2677=CARTESIAN_POINT('',(0.00209403293916118,0.00199486007904267,0.02025));
#2678=CARTESIAN_POINT('',(0.00209403293916118,0.00199486007904267,0.02085));
#2679=CARTESIAN_POINT('',(0.00256325764739172,0.00209801383743129,0.02025));
#2680=CARTESIAN_POINT('',(0.00256325764739172,0.00209801383743129,0.02085));
#2681=CARTESIAN_POINT('',(0.00396581922318545,0.00326947723358695,0.02025));
#2682=CARTESIAN_POINT('',(0.00396581922318545,0.00326947723358695,0.02085));
#2683=CARTESIAN_POINT('',(0.00136176333901547,0.00159034754278183,0.02025));
#2684=CARTESIAN_POINT('',(0.00209403293916118,0.00199486007904267,0.02025));
#2685=CARTESIAN_POINT('',(0.00256325764739172,0.00209801383743129,0.02025));
#2686=CARTESIAN_POINT('',(0.00396581922318545,0.00326947723358695,0.02025));
#2687=CARTESIAN_POINT('',(0.,0.,0.02025));
#2688=CARTESIAN_POINT('',(0.00508305166903436,0.000385430620836506,0.02025));
#2689=CARTESIAN_POINT('',(0.00508305166903436,0.000385430620836506,0.02085));
#2690=CARTESIAN_POINT('',(0.0055520757437833,0.00052665695493177,0.02025));
#2691=CARTESIAN_POINT('',(0.0055520757437833,0.00052665695493177,0.02085));
#2692=CARTESIAN_POINT('',(0.00611246786097241,0.000678323493574203,0.02025));
#2693=CARTESIAN_POINT('',(0.00611246786097241,0.000678323493574203,0.02085));
#2694=CARTESIAN_POINT('',(0.00636717290182354,0.000781411307952494,0.02025));
#2695=CARTESIAN_POINT('',(0.00636717290182354,0.000781411307952494,0.02085));
#2696=CARTESIAN_POINT('',(0.00670780204601826,0.00108592788388021,0.02025));
#2697=CARTESIAN_POINT('',(0.00670780204601826,0.00108592788388021,0.02085));
#2698=CARTESIAN_POINT('',(0.00712410337348933,0.00160811444343833,0.02025));
#2699=CARTESIAN_POINT('',(0.00712410337348933,0.00160811444343833,0.02085));
#2700=CARTESIAN_POINT('',(0.00718461544002067,0.00222695055896446,0.02025));
#2701=CARTESIAN_POINT('',(0.00718461544002067,0.00222695055896446,0.02085));
#2702=CARTESIAN_POINT('',(0.00687290520744039,0.00276382849882667,0.02025));
#2703=CARTESIAN_POINT('',(0.00687290520744039,0.00276382849882667,0.02085));
#2704=CARTESIAN_POINT('',(0.0064118476290816,0.00285799634505543,0.02025));
#2705=CARTESIAN_POINT('',(0.0064118476290816,0.00285799634505543,0.02085));
#2706=CARTESIAN_POINT('',(0.00597200322560412,0.00261458859642392,0.02025));
#2707=CARTESIAN_POINT('',(0.00597200322560412,0.00261458859642392,0.02085));
#2708=CARTESIAN_POINT('',(0.00575021493277249,0.0023872707897272,0.02025));
#2709=CARTESIAN_POINT('',(0.00575021493277249,0.0023872707897272,0.02085));
#2710=CARTESIAN_POINT('',(0.00537614877684218,0.00208755385313723,0.02025));
#2711=CARTESIAN_POINT('',(0.00537614877684218,0.00208755385313723,0.02085));
#2712=CARTESIAN_POINT('',(0.00481044502539703,0.00174356592353244,0.02025));
#2713=CARTESIAN_POINT('',(0.00481044502539703,0.00174356592353244,0.02085));
#2714=CARTESIAN_POINT('',(0.00427552816335381,0.00146462391861257,0.02025));
#2715=CARTESIAN_POINT('',(0.00427552816335381,0.00146462391861257,0.02085));
#2716=CARTESIAN_POINT('',(0.0038176464394022,0.0012806673214343,0.02025));
#2717=CARTESIAN_POINT('',(0.0038176464394022,0.0012806673214343,0.02085));
#2718=CARTESIAN_POINT('',(0.0032382792653359,0.00109891743716326,0.02025));
#2719=CARTESIAN_POINT('',(0.0032382792653359,0.00109891743716326,0.02085));
#2720=CARTESIAN_POINT('',(0.00252083672395135,0.000896729665636174,0.02025));
#2721=CARTESIAN_POINT('',(0.00252083672395135,0.000896729665636174,0.02085));
#2722=CARTESIAN_POINT('',(0.00213817947479067,0.000800940756487503,0.02025));
#2723=CARTESIAN_POINT('',(0.00213817947479067,0.000800940756487503,0.02085));
#2724=CARTESIAN_POINT('',(0.00200890536908835,0.000772997509194945,0.02025));
#2725=CARTESIAN_POINT('',(0.00200890536908835,0.000772997509194945,0.02085));
#2726=CARTESIAN_POINT('',(0.00200890536908835,0.000772997509194945,0.02025));
#2727=CARTESIAN_POINT('',(0.00200890536908835,0.000772997509194945,0.02025));
#2728=CARTESIAN_POINT('',(0.00508305166903436,0.000385430620836506,0.02025));
#2729=CARTESIAN_POINT('',(0.00618486582165688,0.000717194344718804,0.02025));
#2730=CARTESIAN_POINT('',(0.00627987711188996,0.000653688938514681,0.02025));
#2731=CARTESIAN_POINT('',(0.00743213296451098,0.00182053175152012,0.02025));
#2732=CARTESIAN_POINT('',(0.00678694759297707,0.00302164034423789,0.02025));
#2733=CARTESIAN_POINT('',(0.0059526515826418,0.0026336674715968,0.02025));
#2734=CARTESIAN_POINT('',(0.0056270418976169,0.00222879739398585,0.02025));
#2735=CARTESIAN_POINT('',(0.00442985331398221,0.00150742265039209,0.02025));
#2736=CARTESIAN_POINT('',(0.00351860962096668,0.00116705434248249,0.02025));
#2737=CARTESIAN_POINT('',(0.0023105114765743,0.000838191184298235,0.02025));
#2738=CARTESIAN_POINT('',(0.00200890536908835,0.000772997509194945,0.02025));
#2739=CARTESIAN_POINT('',(0.00508305166903436,0.000385430620836506,0.02025));
#2740=CARTESIAN_POINT('',(0.00508305166903436,0.000385430620836506,0.02025));
#2741=CARTESIAN_POINT('',(0.00200890536908835,0.000772997509194945,0.02025));
#2742=CARTESIAN_POINT('',(0.00200890536908835,0.000772997509194945,0.02085));
#2743=CARTESIAN_POINT('',(0.00282987207341627,0.000612178263845752,0.02025));
#2744=CARTESIAN_POINT('',(0.00282987207341627,0.000612178263845752,0.02085));
#2745=CARTESIAN_POINT('',(0.00325562501151521,0.000389586798636812,0.02025));
#2746=CARTESIAN_POINT('',(0.00325562501151521,0.000389586798636812,0.02085));
#2747=CARTESIAN_POINT('',(0.00508305166903436,0.000385430620836506,0.02025));
#2748=CARTESIAN_POINT('',(0.00508305166903436,0.000385430620836506,0.02085));
#2749=CARTESIAN_POINT('',(0.00200890536908835,0.000772997509194945,0.02025));
#2750=CARTESIAN_POINT('',(0.00282987207341627,0.000612178263845752,0.02025));
#2751=CARTESIAN_POINT('',(0.00325562501151521,0.000389586798636812,0.02025));
#2752=CARTESIAN_POINT('',(0.00508305166903436,0.000385430620836506,0.02025));
#2753=CARTESIAN_POINT('',(0.,0.,0.02025));
#2754=CARTESIAN_POINT('',(-2.01838105443281E-20,0.,0.02268));
#2755=CARTESIAN_POINT('',(0.,4.09466327827398E-20,0.0323511010532365));
#2756=CARTESIAN_POINT('',(-0.000668709260682319,4.09466327827398E-20,0.0323511010532365));
#2757=CARTESIAN_POINT('',(0.,4.09466327827398E-20,0.0329801924706101));
#2758=CARTESIAN_POINT('',(0.000649961287856498,-0.000157233582959288,0.02241));
#2759=CARTESIAN_POINT('',(0.000649961287856498,-0.000157233582959288,0.02241));
#2760=CARTESIAN_POINT('',(0.000649961287856499,-0.000157233582959289,0.02151));
#2761=CARTESIAN_POINT('',(0.,4.09466327827398E-20,0.02241));
#2762=CARTESIAN_POINT('',(0.000649412560503128,0.000159484800476612,0.02241));
#2763=CARTESIAN_POINT('',(0.000649412560503128,0.000159484800476612,0.02241));
#2764=CARTESIAN_POINT('',(0.000649412560503128,0.000159484800476612,0.02151));
#2765=CARTESIAN_POINT('',(0.,4.09466327827398E-20,0.02151));
#2766=CARTESIAN_POINT('',(-0.000156665983696443,-0.00065009833477307,0.02241));
#2767=CARTESIAN_POINT('',(-0.000156665983696443,-0.00065009833477307,0.02241));
#2768=CARTESIAN_POINT('',(-0.000156665983696443,-0.000650098334773071,0.02151));
#2769=CARTESIAN_POINT('',(0.,4.09466327827398E-20,0.02241));
#2770=CARTESIAN_POINT('',(0.00015839621478426,-0.000649678931830418,0.02241));
#2771=CARTESIAN_POINT('',(0.00015839621478426,-0.000649678931830418,0.02241));
#2772=CARTESIAN_POINT('',(0.00015839621478426,-0.000649678931830418,0.02151));
#2773=CARTESIAN_POINT('',(0.,4.09466327827398E-20,0.02151));
#2774=CARTESIAN_POINT('',(-0.000650392580499459,0.000155439913000322,0.02241));
#2775=CARTESIAN_POINT('',(-0.000650392580499459,0.000155439913000322,0.02241));
#2776=CARTESIAN_POINT('',(-0.00065039258049946,0.000155439913000322,0.02151));
#2777=CARTESIAN_POINT('',(0.,4.09466327827398E-20,0.02241));
#2778=CARTESIAN_POINT('',(-0.000649528827846808,-0.00015901061951406,0.02241));
#2779=CARTESIAN_POINT('',(-0.000649528827846808,-0.00015901061951406,0.02241));
#2780=CARTESIAN_POINT('',(-0.000649528827846808,-0.00015901061951406,0.02151));
#2781=CARTESIAN_POINT('',(0.,4.09466327827398E-20,0.02151));
#2782=CARTESIAN_POINT('',(0.000156009018281617,0.000650256304496234,0.02241));
#2783=CARTESIAN_POINT('',(0.000156009018281617,0.000650256304496234,0.02241));
#2784=CARTESIAN_POINT('',(0.000156009018281617,0.000650256304496235,0.02151));
#2785=CARTESIAN_POINT('',(0.,4.09466327827398E-20,0.02241));
#2786=CARTESIAN_POINT('',(-0.000160100650940705,0.000649261008293781,0.02241));
#2787=CARTESIAN_POINT('',(-0.000160100650940705,0.000649261008293781,0.02241));
#2788=CARTESIAN_POINT('',(-0.000160100650940705,0.000649261008293781,0.02151));
#2789=CARTESIAN_POINT('',(0.,4.09466327827398E-20,0.02151));
#2790=CARTESIAN_POINT('',(0.000159540333071586,0.000907127378618327,0.02223));
#2791=CARTESIAN_POINT('',(-0.00016806470011943,0.000659454484642618,0.02151));
#2792=CARTESIAN_POINT('',(-2.48213937084074E-5,0.000470037397462875,0.02151));
#2793=CARTESIAN_POINT('',(0.000165455753513459,0.000659454484642618,0.02151));
#2794=CARTESIAN_POINT('',(-0.00016806470011943,0.000659454484642618,0.02151));
#2795=CARTESIAN_POINT('',(-0.00016806470011943,0.000659454484642618,0.02241));
#2796=CARTESIAN_POINT('',(-2.48213937084074E-5,0.000470037397462875,0.02241));
#2797=CARTESIAN_POINT('',(0.000165455753513459,0.000659454484642618,0.02241));
#2798=CARTESIAN_POINT('',(-0.00016806470011943,0.000659454484642618,0.02241));
#2799=CARTESIAN_POINT('',(-0.00016806470011943,0.000659454484642618,0.02241));
#2800=CARTESIAN_POINT('',(-0.000243447284540127,0.00106988277575818,0.02223));
#2801=CARTESIAN_POINT('',(-0.00016806470011943,0.000659454484642618,0.02241));
#2802=CARTESIAN_POINT('',(-2.48213937084074E-5,0.000470037397462875,0.02241));
#2803=CARTESIAN_POINT('',(0.000165455753513459,0.000659454484642618,0.02241));
#2804=CARTESIAN_POINT('',(0.000165455753513459,0.000659454484642618,0.02241));
#2805=CARTESIAN_POINT('',(-0.00016806470011943,0.000659454484642618,0.02151));
#2806=CARTESIAN_POINT('',(-2.48213937084074E-5,0.000470037397462875,0.02151));
#2807=CARTESIAN_POINT('',(0.000165455753513459,0.000659454484642618,0.02151));
#2808=CARTESIAN_POINT('',(0.000165455753513459,0.000659454484642618,0.02151));
#2809=CARTESIAN_POINT('',(0.000165455753513459,0.000659454484642618,0.02241));
#2810=CARTESIAN_POINT('',(-0.00016806470011943,0.00251664372626692,0.0224133255646948));
#2811=CARTESIAN_POINT('',(-0.00016806470011943,0.00251664372626692,0.0221699999998821));
#2812=CARTESIAN_POINT('',(-0.000380781462248948,0.00252314836662123,0.0224133255646948));
#2813=CARTESIAN_POINT('',(-0.000380781462248948,0.00252314836662123,0.0221699999998821));
#2814=CARTESIAN_POINT('',(-0.000809771406078844,0.00252878579390498,0.0224133255646948));
#2815=CARTESIAN_POINT('',(-0.000809771406078844,0.00252878579390498,0.0221699999998821));
#2816=CARTESIAN_POINT('',(-0.00126657540505411,0.00291803809261196,0.0224133255646948));
#2817=CARTESIAN_POINT('',(-0.00126657540505411,0.00291803809261196,0.0221699999998821));
#2818=CARTESIAN_POINT('',(-0.00149232741310354,0.00377261647906907,0.0224133255646948));
#2819=CARTESIAN_POINT('',(-0.00149232741310354,0.00377261647906907,0.0221699999998821));
#2820=CARTESIAN_POINT('',(-0.00167193058667554,0.00509229059870843,0.0224133255646948));
#2821=CARTESIAN_POINT('',(-0.00167193058667554,0.00509229059870843,0.0221699999998821));
#2822=CARTESIAN_POINT('',(-0.00183157357346158,0.006452820598155,0.0224133255646948));
#2823=CARTESIAN_POINT('',(-0.00183157357346158,0.006452820598155,0.022169999999882));
#2824=CARTESIAN_POINT('',(-0.0020801368188034,0.00863014912256335,0.0224133255646948));
#2825=CARTESIAN_POINT('',(-0.0020801368188034,0.00863014912256335,0.0221699999998821));
#2826=CARTESIAN_POINT('',(-0.00235171522253074,0.0108869562747527,0.0224133255646948));
#2827=CARTESIAN_POINT('',(-0.00235171522253074,0.0108869562747527,0.022169999999882));
#2828=CARTESIAN_POINT('',(-0.00267364096313974,0.013669539919062,0.0224133255646948));
#2829=CARTESIAN_POINT('',(-0.00267364096313974,0.013669539919062,0.0221699999998821));
#2830=CARTESIAN_POINT('',(-0.00307784354785433,0.0177406284590295,0.0224133255646948));
#2831=CARTESIAN_POINT('',(-0.00307784354785433,0.0177406284590295,0.022169999999882));
#2832=CARTESIAN_POINT('',(-0.0033792630089047,0.0229489846554057,0.0224133255646948));
#2833=CARTESIAN_POINT('',(-0.0033792630089047,0.0229489846554057,0.0221699999998821));
#2834=CARTESIAN_POINT('',(-0.00292826165942944,0.027628994072938,0.0224133255646948));
#2835=CARTESIAN_POINT('',(-0.00292826165942944,0.027628994072938,0.022169999999882));
#2836=CARTESIAN_POINT('',(-0.00170919178181057,0.0283766193776217,0.0224133255646948));
#2837=CARTESIAN_POINT('',(-0.00170919178181057,0.0283766193776217,0.0221699999998821));
#2838=CARTESIAN_POINT('',(-0.00101574899870236,0.0285300226619219,0.0224133255646948));
#2839=CARTESIAN_POINT('',(-0.00101574899870236,0.0285300226619219,0.0221699999998821));
#2840=CARTESIAN_POINT('',(-0.00016806470011943,0.00251664372626692,0.02241));
#2841=CARTESIAN_POINT('',(-0.000497632339225385,0.00252672153557232,0.02241));
#2842=CARTESIAN_POINT('',(-0.0012929953113774,0.00255104284449594,0.02241));
#2843=CARTESIAN_POINT('',(-0.00168214446335017,0.00498121262270361,0.02241));
#2844=CARTESIAN_POINT('',(-0.00209153233692225,0.00905001706561495,0.02241));
#2845=CARTESIAN_POINT('',(-0.00452195308146578,0.0282971982805632,0.02241));
#2846=CARTESIAN_POINT('',(-0.00101340248762502,0.0285765244726626,0.02241));
#2847=CARTESIAN_POINT('',(0.,0.0286572044715286,0.02241));
#2848=CARTESIAN_POINT('',(-0.00016806470011943,0.00251664372626692,0.02241));
#2849=CARTESIAN_POINT('',(-0.0016226048513119,0.0283217838177397,0.0224103013088572));
#2850=CARTESIAN_POINT('',(-0.001623903671825,0.0283211328329726,0.0224118743187814));
#2851=CARTESIAN_POINT('',(-0.00146161825753341,0.028402555707869,0.0223312495458543));
#2852=CARTESIAN_POINT('',(-0.00129086948093567,0.0284619593555146,0.0222506247729272));
#2853=CARTESIAN_POINT('',(-0.00111446101022213,0.0285066381117522,0.0221700000000001));
#2854=CARTESIAN_POINT('',(-0.0011154728604105,0.0285067574795016,0.02217));
#2855=CARTESIAN_POINT('',(-0.00111538556222678,0.0285064038036003,0.0221700000000001));
#2856=CARTESIAN_POINT('',(-0.00145610446689773,0.028420001238536,0.0221700000000001));
#2857=CARTESIAN_POINT('',(-0.00209689209816976,0.0281419805739771,0.0221700000000001));
#2858=CARTESIAN_POINT('',(-0.00303475195655732,0.0266873348978781,0.0221700000000001));
#2859=CARTESIAN_POINT('',(-0.00337635634251071,0.0227387946237777,0.0221700000000001));
#2860=CARTESIAN_POINT('',(-0.003061302113226,0.0175439497772063,0.0221700000000001));
#2861=CARTESIAN_POINT('',(-0.00265620300636434,0.0135111301893949,0.0221700000000001));
#2862=CARTESIAN_POINT('',(-0.00233695578658875,0.0107651369182411,0.0221700000000001));
#2863=CARTESIAN_POINT('',(-0.00207107081201081,0.00855204336808268,0.0221700000000001));
#2864=CARTESIAN_POINT('',(-0.00182710118521401,0.00641320794650696,0.0221700000000001));
#2865=CARTESIAN_POINT('',(-0.00166894549654569,0.00506746260224135,0.0221700000000001));
#2866=CARTESIAN_POINT('',(-0.00148928869970743,0.00375546605895576,0.0221700000000001));
#2867=CARTESIAN_POINT('',(-0.00126236462963059,0.00291119749796847,0.0221700000000001));
#2868=CARTESIAN_POINT('',(-0.000806023116738633,0.00252893955111942,0.0221700000000001));
#2869=CARTESIAN_POINT('',(-0.000379738036174213,0.00252311646797994,0.0221700000000001));
#2870=CARTESIAN_POINT('',(-0.000168306965569436,0.00251665113447617,0.0221700000000001));
#2871=CARTESIAN_POINT('',(-0.00016806470011943,0.00251478814268983,0.0221699914611268));
#2872=CARTESIAN_POINT('',(-0.00016806470011943,0.00251664372626692,0.02241));
#2873=CARTESIAN_POINT('',(-0.00016806470011943,0.00158804910545477,0.02241));
#2874=CARTESIAN_POINT('',(-0.00016806470011943,0.00158804910545477,0.02151));
#2875=CARTESIAN_POINT('',(-0.000168105587377045,0.00317624375071307,0.02151));
#2876=CARTESIAN_POINT('',(-0.00016806470011943,0.00158804910545477,0.02241));
#2877=CARTESIAN_POINT('',(-0.00016806470011943,0.00251386194760976,0.0221690593922489));
#2878=CARTESIAN_POINT('',(-0.00016806470011943,0.00273479792127868,0.0219495157333294));
#2879=CARTESIAN_POINT('',(-0.00016806470011943,0.00295561008324416,0.021729847467308));
#2880=CARTESIAN_POINT('',(-0.00016806470011943,0.00317624257820489,0.0215099988233113));
#2881=CARTESIAN_POINT('',(0.000165455753513459,0.00158804910545477,0.02241));
#2882=CARTESIAN_POINT('',(0.000165455753513459,0.00158804910545477,0.02151));
#2883=CARTESIAN_POINT('',(0.000165455753513459,0.00251664372626692,0.02151));
#2884=CARTESIAN_POINT('',(0.000165455753513459,0.00251664372626692,0.02241));
#2885=CARTESIAN_POINT('',(0.000165455753513459,0.00251664372626692,0.0219000000000042));
#2886=CARTESIAN_POINT('',(0.000165455753513459,0.00251663739276669,0.0219000063338432));
#2887=CARTESIAN_POINT('',(0.000165455753513459,0.00268664432272781,0.0220700041710813));
#2888=CARTESIAN_POINT('',(0.000165455753513455,0.00285665120245989,0.022240002058551));
#2889=CARTESIAN_POINT('',(0.000165455753513455,0.00302665802770797,0.0224100000005076));
#2890=CARTESIAN_POINT('',(0.000165455860069218,0.00302665802821557,0.02241));
#2891=CARTESIAN_POINT('',(0.000165455753513459,0.00158804910545477,0.02241));
#2892=CARTESIAN_POINT('',(0.000925614418740815,0.0284953948784864,0.0219000000000042));
#2893=CARTESIAN_POINT('',(0.000925614418740815,0.0284953948784864,0.0215070361869463));
#2894=CARTESIAN_POINT('',(0.00122438126391173,0.0284009941729804,0.0219000000000042));
#2895=CARTESIAN_POINT('',(0.00122438126391173,0.0284009941729804,0.0215070361869463));
#2896=CARTESIAN_POINT('',(0.00178990454389003,0.0280990673796288,0.0219000000000043));
#2897=CARTESIAN_POINT('',(0.00178990454389003,0.0280990673796288,0.0215070361869463));
#2898=CARTESIAN_POINT('',(0.00241526561349417,0.0268702299952748,0.0219000000000042));
#2899=CARTESIAN_POINT('',(0.00241526561349417,0.0268702299952748,0.0215070361869463));
#2900=CARTESIAN_POINT('',(0.0027806838390197,0.0247761771084547,0.0219000000000042));
#2901=CARTESIAN_POINT('',(0.0027806838390197,0.0247761771084547,0.0215070361869463));
#2902=CARTESIAN_POINT('',(0.00300377235568377,0.0212209627717455,0.0219000000000042));
#2903=CARTESIAN_POINT('',(0.00300377235568377,0.0212209627717455,0.0215070361869463));
#2904=CARTESIAN_POINT('',(0.00291476029679248,0.0169532452707224,0.0219000000000042));
#2905=CARTESIAN_POINT('',(0.00291476029679248,0.0169532452707224,0.0215070361869463));
#2906=CARTESIAN_POINT('',(0.00270053859079308,0.0129118352599729,0.0219000000000042));
#2907=CARTESIAN_POINT('',(0.00270053859079308,0.0129118352599729,0.0215070361869463));
#2908=CARTESIAN_POINT('',(0.00252097613051913,0.0102135865298493,0.0219000000000042));
#2909=CARTESIAN_POINT('',(0.00252097613051913,0.0102135865298493,0.0215070361869463));
#2910=CARTESIAN_POINT('',(0.00237717776122589,0.00812562630101546,0.0219000000000042));
#2911=CARTESIAN_POINT('',(0.00237717776122589,0.00812562630101546,0.0215070361869463));
#2912=CARTESIAN_POINT('',(0.00222924675603187,0.00611478064039867,0.0219000000000042));
#2913=CARTESIAN_POINT('',(0.00222924675603187,0.00611478064039867,0.0215070361869463));
#2914=CARTESIAN_POINT('',(0.00203762515414475,0.00450171650330854,0.0219000000000042));
#2915=CARTESIAN_POINT('',(0.00203762515414475,0.00450171650330854,0.0215070361869463));
#2916=CARTESIAN_POINT('',(0.00160914197616093,0.00284177456095766,0.0219000000000042));
#2917=CARTESIAN_POINT('',(0.00160914197616093,0.00284177456095766,0.0215070361869463));
#2918=CARTESIAN_POINT('',(0.00111577880984976,0.00250524836823518,0.0219000000000043));
#2919=CARTESIAN_POINT('',(0.00111577880984976,0.00250524836823518,0.0215070361869463));
#2920=CARTESIAN_POINT('',(0.000580760156086251,0.00252083121245406,0.0219000000000042));
#2921=CARTESIAN_POINT('',(0.000580760156086251,0.00252083121245406,0.0215070361869463));
#2922=CARTESIAN_POINT('',(0.000165455753513458,0.00251664372626692,0.0219000000000042));
#2923=CARTESIAN_POINT('',(0.000165455753513458,0.00251664372626692,0.0215070361869463));
#2924=CARTESIAN_POINT('',(0.00159815562713711,0.0281236860865729,0.0215093799075013));
#2925=CARTESIAN_POINT('',(0.0014305245476583,0.0282715452353192,0.0216701094802771));
#2926=CARTESIAN_POINT('',(0.00123462550153514,0.0283858933966329,0.0218003155344021));
#2927=CARTESIAN_POINT('',(0.00101066481054456,0.0284666620610725,0.0218999980698763));
#2928=CARTESIAN_POINT('',(0.00159790154395854,0.0281239101455663,0.021509866984541));
#2929=CARTESIAN_POINT('',(0.00101053246263934,0.0284662664467896,0.0219000110960522));
#2930=CARTESIAN_POINT('',(0.00101067400079136,0.0284666587466996,0.0218999999999999));
#2931=CARTESIAN_POINT('',(0.00130426178696888,0.0283607784199596,0.0218999999999999));
#2932=CARTESIAN_POINT('',(0.00185660164997281,0.028026542053988,0.0218999999999999));
#2933=CARTESIAN_POINT('',(0.00245409815679584,0.0267217018747014,0.0218999999999999));
#2934=CARTESIAN_POINT('',(0.00279991443145783,0.0245864156754285,0.0218999999999999));
#2935=CARTESIAN_POINT('',(0.00300405299707087,0.0210061534974574,0.0218999999999999));
#2936=CARTESIAN_POINT('',(0.00288344431659943,0.0156997213267275,0.0218999999999999));
#2937=CARTESIAN_POINT('',(0.00256029602734468,0.0107833797443693,0.0218999999999999));
#2938=CARTESIAN_POINT('',(0.00237226600234515,0.00805377619422735,0.0218999999999999));
#2939=CARTESIAN_POINT('',(0.00222553187457906,0.0060781029184034,0.0218999999999999));
#2940=CARTESIAN_POINT('',(0.00203475942048679,0.00447989872811414,0.0218999999999999));
#2941=CARTESIAN_POINT('',(0.0015124381450841,0.00249647428238668,0.0218999999999999));
#2942=CARTESIAN_POINT('',(0.00099111009095302,0.0025249687430786,0.0218999999999999));
#2943=CARTESIAN_POINT('',(0.000165455753513458,0.00251664372626692,0.0218999999999999));
#2944=CARTESIAN_POINT('',(-8.85878502587432E-20,0.0286572044715286,0.02151));
#2945=CARTESIAN_POINT('',(0.000797928418829658,0.0285710605997591,0.02151));
#2946=CARTESIAN_POINT('',(0.00377691106647606,0.0282498487091601,0.02151));
#2947=CARTESIAN_POINT('',(0.002432841119214,0.00903043098423001,0.02151));
#2948=CARTESIAN_POINT('',(0.00216449110993378,0.00497474577762844,0.02151));
#2949=CARTESIAN_POINT('',(0.00151871393596507,0.0024661647206358,0.02151));
#2950=CARTESIAN_POINT('',(0.000921121303690597,0.00252426305087283,0.02151));
#2951=CARTESIAN_POINT('',(0.000165455753513458,0.00251664372626692,0.02151));
#2952=CARTESIAN_POINT('',(-5.41937516185947E-7,-4.26806517241085E-6,0.02241));
#2953=CARTESIAN_POINT('',(0.000165455860069218,0.00302665802821557,0.02241));
#2954=CARTESIAN_POINT('',(0.000241038941705813,0.00302737817056983,0.02241));
#2955=CARTESIAN_POINT('',(0.000363408437181914,0.0030284497264035,0.02241));
#2956=CARTESIAN_POINT('',(0.000490595322298304,0.00302893883921906,0.02241));
#2957=CARTESIAN_POINT('',(0.000737699747897967,0.00303126103423878,0.02241));
#2958=CARTESIAN_POINT('',(0.000954281452052596,0.00305961544373904,0.02241));
#2959=CARTESIAN_POINT('',(0.00104897330034992,0.00309944488729877,0.02241));
#2960=CARTESIAN_POINT('',(0.00112247437529666,0.00325079854826731,0.02241));
#2961=CARTESIAN_POINT('',(0.00120096769041555,0.00343273477837916,0.02241));
#2962=CARTESIAN_POINT('',(0.00126599014480132,0.00363357239390714,0.02241));
#2963=CARTESIAN_POINT('',(0.00131560063667682,0.00380727508596631,0.02241));
#2964=CARTESIAN_POINT('',(0.00135963103696656,0.00397876612777841,0.02241));
#2965=CARTESIAN_POINT('',(0.0013771530019109,0.00405211562932718,0.02241));
#2966=CARTESIAN_POINT('',(0.00140888850678534,0.00418783483063063,0.02241));
#2967=CARTESIAN_POINT('',(0.00145836526538295,0.00441654605115613,0.02241));
#2968=CARTESIAN_POINT('',(0.00152618422992925,0.00477476689693822,0.02241));
#2969=CARTESIAN_POINT('',(0.00158578208048944,0.00515482773544258,0.02241));
#2970=CARTESIAN_POINT('',(0.00162491918530632,0.00544469460480961,0.02241));
#2971=CARTESIAN_POINT('',(0.00164481087180026,0.00560225275048699,0.02241));
#2972=CARTESIAN_POINT('',(0.00166320232274761,0.00575751139779223,0.02241));
#2973=CARTESIAN_POINT('',(0.00166581789989361,0.00578155444541093,0.02241));
#2974=CARTESIAN_POINT('',(0.00167513746765991,0.0058658584488006,0.02241));
#2975=CARTESIAN_POINT('',(0.00168953599577754,0.0060049127838255,0.02241));
#2976=CARTESIAN_POINT('',(0.00171342190601838,0.00625356802227425,0.02241));
#2977=CARTESIAN_POINT('',(0.00174462796952261,0.00660852647737026,0.02241));
#2978=CARTESIAN_POINT('',(0.00179065634149574,0.00716624958526837,0.02241));
#2979=CARTESIAN_POINT('',(0.00184266431785368,0.0078434222548683,0.02241));
#2980=CARTESIAN_POINT('',(0.00189424066846012,0.00855211869467013,0.02241));
#2981=CARTESIAN_POINT('',(0.00192441365659413,0.0089754384697132,0.02241));
#2982=CARTESIAN_POINT('',(0.00195025454148971,0.00934329779861698,0.02241));
#2983=CARTESIAN_POINT('',(0.00196759886613882,0.00959291205987921,0.02241));
#2984=CARTESIAN_POINT('',(0.00199302345221509,0.00996163545112254,0.02241));
#2985=CARTESIAN_POINT('',(0.0020348165065173,0.0105770888203753,0.02241));
#2986=CARTESIAN_POINT('',(0.00209125649921803,0.011434329172544,0.02241));
#2987=CARTESIAN_POINT('',(0.0021523665803914,0.0124080608087456,0.02241));
#2988=CARTESIAN_POINT('',(0.00220722695886448,0.0133319885486415,0.02241));
#2989=CARTESIAN_POINT('',(0.00225575972229489,0.0142052916234306,0.02241));
#2990=CARTESIAN_POINT('',(0.00229790831268494,0.0150261002182215,0.02241));
#2991=CARTESIAN_POINT('',(0.00232796544742062,0.0156732786708544,0.02241));
#2992=CARTESIAN_POINT('',(0.0023458379207172,0.016093261509482,0.02241));
#2993=CARTESIAN_POINT('',(0.00235588624282593,0.0163437944341594,0.02241));
#2994=CARTESIAN_POINT('',(0.00236126376824613,0.0164809318057219,0.02241));
#2995=CARTESIAN_POINT('',(0.00237298689720481,0.0167967972846829,0.02241));
#2996=CARTESIAN_POINT('',(0.00238517261910164,0.0171498779201732,0.02241));
#2997=CARTESIAN_POINT('',(0.00240508513817709,0.0177854454070558,0.02241));
#2998=CARTESIAN_POINT('',(0.00242560800227618,0.0186438508688157,0.02241));
#2999=CARTESIAN_POINT('',(0.00243877744106024,0.0196260670068662,0.02241));
#3000=CARTESIAN_POINT('',(0.00244016355690423,0.0205519776077409,0.02241));
#3001=CARTESIAN_POINT('',(0.00242984790040708,0.0214239166264717,0.02241));
#3002=CARTESIAN_POINT('',(0.00241149931171643,0.0221048055744494,0.02241));
#3003=CARTESIAN_POINT('',(0.00239093009567962,0.0226227150127644,0.02241));
#3004=CARTESIAN_POINT('',(0.0023726656455321,0.0229963393371904,0.02241));
#3005=CARTESIAN_POINT('',(0.00235471365329479,0.0233000811413348,0.02241));
#3006=CARTESIAN_POINT('',(0.00234143677391423,0.0234993909347207,0.02241));
#3007=CARTESIAN_POINT('',(0.00233259245750636,0.0236230508866584,0.02241));
#3008=CARTESIAN_POINT('',(0.00232828730678678,0.0236826270659499,0.02241));
#3009=CARTESIAN_POINT('',(0.00231420024471969,0.0238648836858773,0.02241));
#3010=CARTESIAN_POINT('',(0.0022978134248546,0.0240601389777023,0.02241));
#3011=CARTESIAN_POINT('',(0.00226553167467588,0.0244119283230891,0.02241));
#3012=CARTESIAN_POINT('',(0.00221414804618744,0.0248743281574913,0.02241));
#3013=CARTESIAN_POINT('',(0.00214251927495293,0.0253865309699051,0.02241));
#3014=CARTESIAN_POINT('',(0.00203410157630772,0.0260052188067139,0.02241));
#3015=CARTESIAN_POINT('',(0.00190712649580829,0.0265284659246136,0.02241));
#3016=CARTESIAN_POINT('',(0.00177710489899216,0.0269073746804566,0.02241));
#3017=CARTESIAN_POINT('',(0.00171053782288794,0.0270711691176738,0.02241));
#3018=CARTESIAN_POINT('',(0.00166699781726851,0.0271669407722777,0.02241));
#3019=CARTESIAN_POINT('',(0.00164585638817159,0.0272130315728917,0.02241));
#3020=CARTESIAN_POINT('',(0.00157778742687676,0.0273432901502208,0.02241));
#3021=CARTESIAN_POINT('',(0.001496044345614,0.0274743818848649,0.02241));
#3022=CARTESIAN_POINT('',(0.00137649453392645,0.0276303447620816,0.02241));
#3023=CARTESIAN_POINT('',(0.00122240412317792,0.0277790522293445,0.02241));
#3024=CARTESIAN_POINT('',(0.00103131253609563,0.0279071863235201,0.02241));
#3025=CARTESIAN_POINT('',(0.000891539031669693,0.0279690537150245,0.02241));
#3026=CARTESIAN_POINT('',(0.000687828944735719,0.0280349442076296,0.02241));
#3027=CARTESIAN_POINT('',(0.000494699877436926,0.0280769475372555,0.02241));
#3028=CARTESIAN_POINT('',(0.000334853218842884,0.0281029645331528,0.02241));
#3029=CARTESIAN_POINT('',(0.000249202736851455,0.0281151950442476,0.02241));
#3030=CARTESIAN_POINT('',(0.000153143790839817,0.0281270884976441,0.02241));
#3031=CARTESIAN_POINT('',(0.000166994384937122,0.028125314042883,0.02241));
#3032=CARTESIAN_POINT('',(0.000142118659085436,0.0281282599860971,0.02241));
#3033=CARTESIAN_POINT('',(0.000106517133987575,0.0281322741624116,0.02241));
#3034=CARTESIAN_POINT('',(1.63096823107455E-5,0.0281424336351059,0.02241));
#3035=CARTESIAN_POINT('',(-0.000135444406756212,0.0281592939438431,0.02241));
#3036=CARTESIAN_POINT('',(-0.000402698721749624,0.0281888559033158,0.02241));
#3037=CARTESIAN_POINT('',(-0.000855297885000164,0.0282386914478395,0.02241));
#3038=CARTESIAN_POINT('',(-0.00134449011074307,0.0282923860771437,0.02241));
#3039=CARTESIAN_POINT('',(-0.0016208078189835,0.0283226829214262,0.02241));
#3040=CARTESIAN_POINT('',(-5.41937516185947E-7,-4.26806517241085E-6,0.02151));
#3041=CARTESIAN_POINT('',(-0.000168105587377045,0.00317624375071307,0.02151));
#3042=CARTESIAN_POINT('',(-0.000301853888210149,0.00318394276796057,0.02151));
#3043=CARTESIAN_POINT('',(-0.000454786607228835,0.0031958783675409,0.02151));
#3044=CARTESIAN_POINT('',(-0.000572918040327033,0.0032210796197073,0.02151));
#3045=CARTESIAN_POINT('',(-0.000608261952713495,0.00322977102620356,0.02151));
#3046=CARTESIAN_POINT('',(-0.000673034272595903,0.0033499052157859,0.02151));
#3047=CARTESIAN_POINT('',(-0.000724220898889859,0.00349181029840541,0.02151));
#3048=CARTESIAN_POINT('',(-0.000773565848078033,0.00366728200467252,0.02151));
#3049=CARTESIAN_POINT('',(-0.000785634596988471,0.00371956225821118,0.02151));
#3050=CARTESIAN_POINT('',(-0.000814684447133354,0.00384599658482897,0.02151));
#3051=CARTESIAN_POINT('',(-0.000846715038822753,0.00401089867264304,0.02151));
#3052=CARTESIAN_POINT('',(-0.000885923730569204,0.00423996868773089,0.02151));
#3053=CARTESIAN_POINT('',(-0.000928437913499611,0.00453225071585606,0.02151));
#3054=CARTESIAN_POINT('',(-0.000956500814448942,0.00473943392126913,0.02151));
#3055=CARTESIAN_POINT('',(-0.000997471508249437,0.00504306847046975,0.02151));
#3056=CARTESIAN_POINT('',(-0.00104456724618539,0.0054069781361585,0.02151));
#3057=CARTESIAN_POINT('',(-0.0010992029453085,0.00585008100664599,0.02151));
#3058=CARTESIAN_POINT('',(-0.00114619217252405,0.00625582680343957,0.02151));
#3059=CARTESIAN_POINT('',(-0.00120389504935874,0.0067678640029986,0.02151));
#3060=CARTESIAN_POINT('',(-0.00127502732209395,0.0073908991223131,0.02151));
#3061=CARTESIAN_POINT('',(-0.00136212940001651,0.00814901749590651,0.02151));
#3062=CARTESIAN_POINT('',(-0.00144517478861563,0.00886188378578653,0.02151));
#3063=CARTESIAN_POINT('',(-0.0015000987890648,0.00932860349882817,0.02151));
#3064=CARTESIAN_POINT('',(-0.00153263021741873,0.00960345802822606,0.02151));
#3065=CARTESIAN_POINT('',(-0.00155172155985954,0.00976396769935403,0.02151));
#3066=CARTESIAN_POINT('',(-0.0015896120888007,0.0100826679369686,0.02151));
#3067=CARTESIAN_POINT('',(-0.00163246556782066,0.0104454114547414,0.02151));
#3068=CARTESIAN_POINT('',(-0.00170831237371811,0.0110920105783782,0.02151));
#3069=CARTESIAN_POINT('',(-0.00180841339005329,0.0119602438016629,0.02151));
#3070=CARTESIAN_POINT('',(-0.0019186873139332,0.0129413521835476,0.02151));
#3071=CARTESIAN_POINT('',(-0.00201821347043243,0.0138541704818512,0.02151));
#3072=CARTESIAN_POINT('',(-0.00210723854027743,0.0147007768759557,0.02151));
#3073=CARTESIAN_POINT('',(-0.00217260331689689,0.0153504438508733,0.02151));
#3074=CARTESIAN_POINT('',(-0.00221965063137325,0.0158372235690233,0.02151));
#3075=CARTESIAN_POINT('',(-0.00225221101217675,0.0161846190583721,0.02151));
#3076=CARTESIAN_POINT('',(-0.00227741783838788,0.0164634471301643,0.02151));
#3077=CARTESIAN_POINT('',(-0.00229337342900797,0.0166450032845674,0.02151));
#3078=CARTESIAN_POINT('',(-0.00230299567028241,0.0167565479365387,0.02151));
#3079=CARTESIAN_POINT('',(-0.00230769617513911,0.0168113256502784,0.02151));
#3080=CARTESIAN_POINT('',(-0.00232121932499637,0.0169714750802633,0.02151));
#3081=CARTESIAN_POINT('',(-0.00233575330903223,0.017146784819889,0.02151));
#3082=CARTESIAN_POINT('',(-0.0023617894102859,0.0174677890243328,0.02151));
#3083=CARTESIAN_POINT('',(-0.00239571951616593,0.0179086123131031,0.02151));
#3084=CARTESIAN_POINT('',(-0.00243277594910455,0.0184275012120217,0.02151));
#3085=CARTESIAN_POINT('',(-0.00247674981086223,0.0190993852664776,0.02151));
#3086=CARTESIAN_POINT('',(-0.00252178240890201,0.0199047998284824,0.02151));
#3087=CARTESIAN_POINT('',(-0.00255984710296014,0.0208152274011386,0.02151));
#3088=CARTESIAN_POINT('',(-0.00258195412898117,0.021669924661143,0.02151));
#3089=CARTESIAN_POINT('',(-0.00258708845624103,0.0223354027303153,0.02151));
#3090=CARTESIAN_POINT('',(-0.00258319095416224,0.0228403401312972,0.02151));
#3091=CARTESIAN_POINT('',(-0.00257634903752509,0.0232037721100925,0.02151));
#3092=CARTESIAN_POINT('',(-0.00256709736532225,0.0234991555362586,0.02151));
#3093=CARTESIAN_POINT('',(-0.00255931806508583,0.0236916526229689,0.02151));
#3094=CARTESIAN_POINT('',(-0.00255368338498653,0.0238126505277527,0.02151));
#3095=CARTESIAN_POINT('',(-0.00255115363231781,0.0238666235139106,0.02151));
#3096=CARTESIAN_POINT('',(-0.00254093742459894,0.024056962317382,0.02151));
#3097=CARTESIAN_POINT('',(-0.00252841684280285,0.024257379892605,0.02151));
#3098=CARTESIAN_POINT('',(-0.00250211873505858,0.0246187652005351,0.02151));
#3099=CARTESIAN_POINT('',(-0.00245574859999275,0.0250886394606406,0.02151));
#3100=CARTESIAN_POINT('',(-0.0023847369531122,0.0256024993864183,0.02151));
#3101=CARTESIAN_POINT('',(-0.00227053877726869,0.0262117809887121,0.02151));
#3102=CARTESIAN_POINT('',(-0.00212379309153434,0.0267140703276277,0.02151));
#3103=CARTESIAN_POINT('',(-0.00197526189342823,0.027049671792871,0.02151));
#3104=CARTESIAN_POINT('',(-0.00187352517564834,0.0272247472405264,0.02151));
#3105=CARTESIAN_POINT('',(-0.0018197380009454,0.0273116754023136,0.02151));
#3106=CARTESIAN_POINT('',(-0.00166177295049246,0.0275016956154503,0.02151));
#3107=CARTESIAN_POINT('',(-0.00149618248888228,0.0276330644859736,0.02151));
#3108=CARTESIAN_POINT('',(-0.00130916661429932,0.027745891862567,0.02151));
#3109=CARTESIAN_POINT('',(-0.001059372869413,0.0278414817444598,0.02151));
#3110=CARTESIAN_POINT('',(-0.000926011085361179,0.0278745082860511,0.02151));
#3111=CARTESIAN_POINT('',(-0.000713774928736298,0.0279174986748863,0.02151));
#3112=CARTESIAN_POINT('',(-0.000519045571876713,0.0279449878675649,0.02151));
#3113=CARTESIAN_POINT('',(-0.000358290172421643,0.0279630657974431,0.02151));
#3114=CARTESIAN_POINT('',(-0.000272350555912308,0.0279717598063457,0.02151));
#3115=CARTESIAN_POINT('',(-0.000176445944686511,0.0279804550537486,0.02151));
#3116=CARTESIAN_POINT('',(-0.000189599085394019,0.0279792249998094,0.02151));
#3117=CARTESIAN_POINT('',(-0.000164146501296764,0.0279814419301629,0.02151));
#3118=CARTESIAN_POINT('',(-0.000127508084484712,0.027984492119833,0.02151));
#3119=CARTESIAN_POINT('',(-3.62272674393878E-5,0.0279920606705011,0.02151));
#3120=CARTESIAN_POINT('',(0.000116314715761273,0.0280045300104507,0.02151));
#3121=CARTESIAN_POINT('',(0.000383898530855537,0.0280262937082803,0.02151));
#3122=CARTESIAN_POINT('',(0.000835582620818274,0.028062845220922,0.02151));
#3123=CARTESIAN_POINT('',(0.00132262204845347,0.02810211760863,0.02151));
#3124=CARTESIAN_POINT('',(0.00159750861675701,0.0281242565001147,0.02151));
#3125=CARTESIAN_POINT('',(-0.000907550783975188,0.000159112313327697,0.02223));
#3126=CARTESIAN_POINT('',(-0.000660538359674995,-0.000167635734107577,0.02151));
#3127=CARTESIAN_POINT('',(-0.000471121272495251,-2.43924276965549E-5,0.02151));
#3128=CARTESIAN_POINT('',(-0.000660538359674995,0.000165884719525311,0.02151));
#3129=CARTESIAN_POINT('',(-0.000660538359674995,-0.000167635734107577,0.02151));
#3130=CARTESIAN_POINT('',(-0.000660538359674995,-0.000167635734107577,0.02241));
#3131=CARTESIAN_POINT('',(-0.000471121272495251,-2.43924276965549E-5,0.02241));
#3132=CARTESIAN_POINT('',(-0.000660538359674995,0.000165884719525311,0.02241));
#3133=CARTESIAN_POINT('',(-0.000660538359674995,-0.000167635734107577,0.02241));
#3134=CARTESIAN_POINT('',(-0.000660538359674995,-0.000167635734107577,0.02241));
#3135=CARTESIAN_POINT('',(-0.00106849226489321,-0.000240627900927072,0.02223));
#3136=CARTESIAN_POINT('',(-0.000660538359674995,-0.000167635734107577,0.02241));
#3137=CARTESIAN_POINT('',(-0.000471121272495251,-2.43924276965549E-5,0.02241));
#3138=CARTESIAN_POINT('',(-0.000660538359674995,0.000165884719525311,0.02241));
#3139=CARTESIAN_POINT('',(-0.000660538359674995,0.000165884719525311,0.02241));
#3140=CARTESIAN_POINT('',(-0.000660538359674995,-0.000167635734107577,0.02151));
#3141=CARTESIAN_POINT('',(-0.000471121272495251,-2.43924276965549E-5,0.02151));
#3142=CARTESIAN_POINT('',(-0.000660538359674995,0.000165884719525311,0.02151));
#3143=CARTESIAN_POINT('',(-0.000660538359674995,0.000165884719525311,0.02151));
#3144=CARTESIAN_POINT('',(-0.000660538359674995,0.000165884719525311,0.02241));
#3145=CARTESIAN_POINT('',(-0.00158913298048715,-0.000167635734107577,0.02241));
#3146=CARTESIAN_POINT('',(-0.00158913298048715,-0.000167635734107577,0.02151));
#3147=CARTESIAN_POINT('',(-0.00317732762574545,-0.000167676621365193,0.02151));
#3148=CARTESIAN_POINT('',(-0.00158913298048715,-0.000167635734107577,0.02241));
#3149=CARTESIAN_POINT('',(-0.0025177276012993,-0.000167635734107578,0.02241));
#3150=CARTESIAN_POINT('',(-0.0025177276012993,-0.000167635734107578,0.02241));
#3151=CARTESIAN_POINT('',(-0.00251587201772221,-0.000167635734107577,0.0221699914611248));
#3152=CARTESIAN_POINT('',(-0.00251494582264317,-0.000167635734107578,0.0221690593922479));
#3153=CARTESIAN_POINT('',(-0.00273588179631175,-0.000167635734107578,0.0219495157333287));
#3154=CARTESIAN_POINT('',(-0.00295669395827685,-0.000167635734107577,0.0217298474673077));
#3155=CARTESIAN_POINT('',(-0.00317732645323725,-0.000167635734107577,0.0215099988233113));
#3156=CARTESIAN_POINT('',(-0.00158913298048715,0.000165884719525311,0.02241));
#3157=CARTESIAN_POINT('',(-0.00158913298048715,0.000165884719525311,0.02151));
#3158=CARTESIAN_POINT('',(-0.0025177276012993,0.000165884719525311,0.02151));
#3159=CARTESIAN_POINT('',(-0.0025177276012993,0.000165884719525311,0.02241));
#3160=CARTESIAN_POINT('',(-0.0025177276012993,0.000165884719525311,0.0219000000000049));
#3161=CARTESIAN_POINT('',(-0.00251772126779938,0.000165884719525313,0.0219000063338436));
#3162=CARTESIAN_POINT('',(-0.00268772819776041,0.000165884719525313,0.0220700041710815));
#3163=CARTESIAN_POINT('',(-0.00285773507749238,0.000165884719525308,0.0222400020585511));
#3164=CARTESIAN_POINT('',(-0.00302774190274035,0.000165884719525308,0.0224100000005076));
#3165=CARTESIAN_POINT('',(-0.00302774190324795,0.000165884826081071,0.02241));
#3166=CARTESIAN_POINT('',(-0.00158913298048715,0.000165884719525311,0.02241));
#3167=CARTESIAN_POINT('',(-0.028496478753523,0.000926043384739493,0.0219000000000049));
#3168=CARTESIAN_POINT('',(-0.028496478753523,0.000926043384739493,0.0215070361869463));
#3169=CARTESIAN_POINT('',(-0.0284020780480186,0.00122481022991118,0.0219000000000049));
#3170=CARTESIAN_POINT('',(-0.0284020780480186,0.00122481022991118,0.0215070361869463));
#3171=CARTESIAN_POINT('',(-0.0281001512546718,0.00179033350989147,0.0219000000000049));
#3172=CARTESIAN_POINT('',(-0.0281001512546718,0.00179033350989147,0.0215070361869463));
#3173=CARTESIAN_POINT('',(-0.0268713138703295,0.0024156945794999,0.0219000000000049));
#3174=CARTESIAN_POINT('',(-0.0268713138703295,0.0024156945794999,0.0215070361869463));
#3175=CARTESIAN_POINT('',(-0.024777260983516,0.00278111280502851,0.0219000000000049));
#3176=CARTESIAN_POINT('',(-0.024777260983516,0.00278111280502851,0.0215070361869463));
#3177=CARTESIAN_POINT('',(-0.0212220466468107,0.00300420132169551,0.0219000000000049));
#3178=CARTESIAN_POINT('',(-0.0212220466468107,0.00300420132169551,0.0215070361869463));
#3179=CARTESIAN_POINT('',(-0.016954329145785,0.00291518926280555,0.0219000000000049));
#3180=CARTESIAN_POINT('',(-0.016954329145785,0.00291518926280555,0.0215070361869463));
#3181=CARTESIAN_POINT('',(-0.0129129191350291,0.00270096755680641,0.0219000000000049));
#3182=CARTESIAN_POINT('',(-0.0129129191350291,0.00270096755680641,0.0215070361869463));
#3183=CARTESIAN_POINT('',(-0.0102146704048994,0.00252140509653223,0.0219000000000049));
#3184=CARTESIAN_POINT('',(-0.0102146704048994,0.00252140509653223,0.0215070361869463));
#3185=CARTESIAN_POINT('',(-0.00812671017605889,0.0023776067272385,0.0219000000000049));
#3186=CARTESIAN_POINT('',(-0.00812671017605889,0.0023776067272385,0.0215070361869463));
#3187=CARTESIAN_POINT('',(-0.00611586451543674,0.00222967572204427,0.0219000000000049));
#3188=CARTESIAN_POINT('',(-0.00611586451543674,0.00222967572204427,0.0215070361869463));
#3189=CARTESIAN_POINT('',(-0.00450280037834458,0.00203805412015733,0.0219000000000049));
#3190=CARTESIAN_POINT('',(-0.00450280037834458,0.00203805412015733,0.0215070361869463));
#3191=CARTESIAN_POINT('',(-0.00284285843599126,0.00160957094217344,0.0219000000000049));
#3192=CARTESIAN_POINT('',(-0.00284285843599126,0.00160957094217344,0.0215070361869463));
#3193=CARTESIAN_POINT('',(-0.00250633224326747,0.00111620777586218,0.0219000000000049));
#3194=CARTESIAN_POINT('',(-0.00250633224326747,0.00111620777586218,0.0215070361869463));
#3195=CARTESIAN_POINT('',(-0.00252191508748644,0.000581189122098482,0.0219000000000049));
#3196=CARTESIAN_POINT('',(-0.00252191508748644,0.000581189122098482,0.0215070361869463));
#3197=CARTESIAN_POINT('',(-0.0025177276012993,0.000165884719525311,0.0219000000000049));
#3198=CARTESIAN_POINT('',(-0.0025177276012993,0.000165884719525311,0.0215070361869463));
#3199=CARTESIAN_POINT('',(-0.0281247699616053,0.00159858459314896,0.0215093799075013));
#3200=CARTESIAN_POINT('',(-0.0282726291103334,0.00143095351369077,0.0216701094802574));
#3201=CARTESIAN_POINT('',(-0.0283869772716598,0.00123505446756649,0.0218003155343824));
#3202=CARTESIAN_POINT('',(-0.0284677459361095,0.00101109377654346,0.0218999980698763));
#3203=CARTESIAN_POINT('',(-0.0281249940205987,0.0015983305099704,0.021509866984541));
#3204=CARTESIAN_POINT('',(-0.0284673503218271,0.00101096142863898,0.0219000110960535));
#3205=CARTESIAN_POINT('',(-0.0284677426217366,0.00101110296679023,0.0218999999999999));
#3206=CARTESIAN_POINT('',(-0.0283618622949985,0.00130469075296856,0.0218999999999999));
#3207=CARTESIAN_POINT('',(-0.028027625929032,0.00185703061597457,0.0218999999999999));
#3208=CARTESIAN_POINT('',(-0.026722785749757,0.00245452712280186,0.0218999999999999));
#3209=CARTESIAN_POINT('',(-0.0245874995504903,0.00280034339746683,0.0218999999999999));
#3210=CARTESIAN_POINT('',(-0.0210072373725227,0.00300448196308271,0.0218999999999999));
#3211=CARTESIAN_POINT('',(-0.0157008052017893,0.00288387328261285,0.0218999999999999));
#3212=CARTESIAN_POINT('',(-0.0107844636194213,0.00256072499335793,0.0219));
#3213=CARTESIAN_POINT('',(-0.00805486006927061,0.00237269496835775,0.0218999999999999));
#3214=CARTESIAN_POINT('',(-0.00607918679344137,0.00222596084059146,0.0218999999999999));
#3215=CARTESIAN_POINT('',(-0.00448098260315027,0.0020351883864994,0.0218999999999999));
#3216=CARTESIAN_POINT('',(-0.00249755815741957,0.00151286711109649,0.0218999999999999));
#3217=CARTESIAN_POINT('',(-0.00252605261811098,0.000991539056965625,0.0218999999999999));
#3218=CARTESIAN_POINT('',(-0.0025177276012993,0.000165884719525311,0.0218999999999999));
#3219=CARTESIAN_POINT('',(-0.0286582883465609,4.28966011849739E-7,0.02151));
#3220=CARTESIAN_POINT('',(-0.0285721444747914,0.000798357384841507,0.02151));
#3221=CARTESIAN_POINT('',(-0.0282509325841925,0.00377734003248791,0.02151));
#3222=CARTESIAN_POINT('',(-0.00903151485926239,0.00243327008522586,0.02151));
#3223=CARTESIAN_POINT('',(-0.00497582965266081,0.00216492007594564,0.02151));
#3224=CARTESIAN_POINT('',(-0.00246724859566817,0.00151914290197692,0.02151));
#3225=CARTESIAN_POINT('',(-0.00252534692590521,0.00092155026970245,0.02151));
#3226=CARTESIAN_POINT('',(-0.0025177276012993,0.000165884719525311,0.02151));
#3227=CARTESIAN_POINT('',(-0.0025177276012993,-0.000167635734107578,0.0224133255646948));
#3228=CARTESIAN_POINT('',(-0.0025177276012993,-0.000167635734107578,0.0221699999998781));
#3229=CARTESIAN_POINT('',(-0.00252423224165361,-0.000380352496237094,0.0224133255646948));
#3230=CARTESIAN_POINT('',(-0.00252423224165361,-0.000380352496237094,0.0221699999998781));
#3231=CARTESIAN_POINT('',(-0.00252986966893736,-0.000809342440066988,0.0224133255646948));
#3232=CARTESIAN_POINT('',(-0.00252986966893736,-0.000809342440066988,0.0221699999998781));
#3233=CARTESIAN_POINT('',(-0.00291912196764434,-0.00126614643904226,0.0224133255646948));
#3234=CARTESIAN_POINT('',(-0.00291912196764434,-0.00126614643904226,0.022169999999878));
#3235=CARTESIAN_POINT('',(-0.00377370035410143,-0.00149189844709168,0.0224133255646948));
#3236=CARTESIAN_POINT('',(-0.00377370035410143,-0.00149189844709168,0.0221699999998781));
#3237=CARTESIAN_POINT('',(-0.00509337447374078,-0.00167150162066369,0.0224133255646948));
#3238=CARTESIAN_POINT('',(-0.00509337447374078,-0.00167150162066369,0.022169999999878));
#3239=CARTESIAN_POINT('',(-0.00645390447318734,-0.00183114460744973,0.0224133255646948));
#3240=CARTESIAN_POINT('',(-0.00645390447318734,-0.00183114460744973,0.0221699999998781));
#3241=CARTESIAN_POINT('',(-0.00863123299759562,-0.00207970785279154,0.0224133255646948));
#3242=CARTESIAN_POINT('',(-0.00863123299759562,-0.00207970785279154,0.0221699999998781));
#3243=CARTESIAN_POINT('',(-0.010888040149785,-0.00235128625651887,0.0224133255646948));
#3244=CARTESIAN_POINT('',(-0.010888040149785,-0.00235128625651887,0.0221699999998781));
#3245=CARTESIAN_POINT('',(-0.0136706237940942,-0.00267321199712786,0.0224133255646948));
#3246=CARTESIAN_POINT('',(-0.0136706237940942,-0.00267321199712786,0.022169999999878));
#3247=CARTESIAN_POINT('',(-0.0177417123340616,-0.00307741458184246,0.0224133255646948));
#3248=CARTESIAN_POINT('',(-0.0177417123340616,-0.00307741458184246,0.0221699999998781));
#3249=CARTESIAN_POINT('',(-0.0229500685304377,-0.00337883404289284,0.0224133255646948));
#3250=CARTESIAN_POINT('',(-0.0229500685304377,-0.00337883404289284,0.022169999999878));
#3251=CARTESIAN_POINT('',(-0.0276300779479702,-0.00292783269341764,0.0224133255646948));
#3252=CARTESIAN_POINT('',(-0.0276300779479702,-0.00292783269341764,0.0221699999998781));
#3253=CARTESIAN_POINT('',(-0.028377703252654,-0.00170876281579881,0.0224133255646948));
#3254=CARTESIAN_POINT('',(-0.028377703252654,-0.00170876281579881,0.0221699999998781));
#3255=CARTESIAN_POINT('',(-0.0285311065369542,-0.00101532003269061,0.0224133255646948));
#3256=CARTESIAN_POINT('',(-0.0285311065369542,-0.00101532003269061,0.0221699999998781));
#3257=CARTESIAN_POINT('',(-0.0025177276012993,-0.000167635734107578,0.02241));
#3258=CARTESIAN_POINT('',(-0.0025278054106047,-0.000497203373213532,0.02241));
#3259=CARTESIAN_POINT('',(-0.00255212671952832,-0.00129256634536555,0.02241));
#3260=CARTESIAN_POINT('',(-0.00498229649773599,-0.00168171549733831,0.02241));
#3261=CARTESIAN_POINT('',(-0.00905110094064732,-0.0020911033709104,0.02241));
#3262=CARTESIAN_POINT('',(-0.0282982821555955,-0.00452152411545393,0.02241));
#3263=CARTESIAN_POINT('',(-0.0285776083476949,-0.00101297352161317,0.02241));
#3264=CARTESIAN_POINT('',(-0.0286582883465609,4.28966011849739E-7,0.02241));
#3265=CARTESIAN_POINT('',(-0.028322867692772,-0.00162217588530005,0.0224103013088572));
#3266=CARTESIAN_POINT('',(-0.028322216708005,-0.00162347470581317,0.0224118743187814));
#3267=CARTESIAN_POINT('',(-0.0284036395829013,-0.0014611892915216,0.0223312495458543));
#3268=CARTESIAN_POINT('',(-0.028463043230547,-0.00129044051492389,0.0222506247729272));
#3269=CARTESIAN_POINT('',(-0.0285077219867845,-0.00111403204421038,0.0221700000000001));
#3270=CARTESIAN_POINT('',(-0.0285078413545339,-0.00111504389439871,0.02217));
#3271=CARTESIAN_POINT('',(-0.0285074876786326,-0.00111495659621498,0.0221700000000001));
#3272=CARTESIAN_POINT('',(-0.0284210851135683,-0.00145567550088592,0.0221700000000001));
#3273=CARTESIAN_POINT('',(-0.0281430644490094,-0.00209646313215795,0.0221700000000001));
#3274=CARTESIAN_POINT('',(-0.0266884187729104,-0.00303432299054549,0.0221700000000001));
#3275=CARTESIAN_POINT('',(-0.0227398784988099,-0.00337592737649886,0.0221700000000001));
#3276=CARTESIAN_POINT('',(-0.0175450336522386,-0.00306087314721415,0.0221700000000001));
#3277=CARTESIAN_POINT('',(-0.0135122140644272,-0.00265577404035247,0.0221700000000001));
#3278=CARTESIAN_POINT('',(-0.0107662207932734,-0.0023365268205769,0.0221700000000001));
#3279=CARTESIAN_POINT('',(-0.00855312724311501,-0.00207064184599895,0.0221700000000001));
#3280=CARTESIAN_POINT('',(-0.00641429182153931,-0.00182667221920215,0.0221700000000001));
#3281=CARTESIAN_POINT('',(-0.00506854647727373,-0.00166851653053384,0.0221700000000001));
#3282=CARTESIAN_POINT('',(-0.00375654993398813,-0.00148885973369558,0.0221700000000001));
#3283=CARTESIAN_POINT('',(-0.00291228137300083,-0.00126193566361873,0.0221700000000001));
#3284=CARTESIAN_POINT('',(-0.0025300234261518,-0.000805594150726776,0.0221700000000001));
#3285=CARTESIAN_POINT('',(-0.00252420034301232,-0.00037930907016236,0.0221700000000001));
#3286=CARTESIAN_POINT('',(-0.00251773500950855,-0.000167877999557584,0.0221700000000001));
#3287=CARTESIAN_POINT('',(-5.41937516185947E-7,-4.26806517241085E-6,0.02241));
#3288=CARTESIAN_POINT('',(-0.00302774190324795,0.000165884826081071,0.02241));
#3289=CARTESIAN_POINT('',(-0.00302846204560221,0.000241467907717794,0.02241));
#3290=CARTESIAN_POINT('',(-0.00302953360143588,0.000363837403194051,0.02241));
#3291=CARTESIAN_POINT('',(-0.00303002271425144,0.000491024288310798,0.02241));
#3292=CARTESIAN_POINT('',(-0.00303234490927118,0.000738128713910319,0.02241));
#3293=CARTESIAN_POINT('',(-0.00306069931877171,0.000954710418064912,0.02241));
#3294=CARTESIAN_POINT('',(-0.00310052876233244,0.0010494022663627,0.02241));
#3295=CARTESIAN_POINT('',(-0.00325188242330132,0.00112290334130923,0.02241));
#3296=CARTESIAN_POINT('',(-0.00343381865341337,0.00120139665642805,0.02241));
#3297=CARTESIAN_POINT('',(-0.00363465626894126,0.0012664191108137,0.02241));
#3298=CARTESIAN_POINT('',(-0.00380835896100025,0.0013160296026891,0.02241));
#3299=CARTESIAN_POINT('',(-0.00397985000281208,0.00136006000297873,0.02241));
#3300=CARTESIAN_POINT('',(-0.0040531995043608,0.00137758196792305,0.02241));
#3301=CARTESIAN_POINT('',(-0.00418891870566413,0.00140931747279743,0.02241));
#3302=CARTESIAN_POINT('',(-0.00441762992618949,0.00145879423139497,0.02241));
#3303=CARTESIAN_POINT('',(-0.00477585077197148,0.00152661319594121,0.02241));
#3304=CARTESIAN_POINT('',(-0.00515591161047591,0.00158621104650139,0.02241));
#3305=CARTESIAN_POINT('',(-0.00544577847984306,0.00162534815131828,0.02241));
#3306=CARTESIAN_POINT('',(-0.00560333662552056,0.00164523983781224,0.02241));
#3307=CARTESIAN_POINT('',(-0.00575859527282585,0.00166363128875961,0.02241));
#3308=CARTESIAN_POINT('',(-0.00578263832044479,0.00166624686590564,0.02241));
#3309=CARTESIAN_POINT('',(-0.00586694232383469,0.00167556643367197,0.02241));
#3310=CARTESIAN_POINT('',(-0.00600599665885999,0.00168996496178966,0.02241));
#3311=CARTESIAN_POINT('',(-0.00625465189730915,0.00171385087203055,0.02241));
#3312=CARTESIAN_POINT('',(-0.00660961035240547,0.00174505693553481,0.02241));
#3313=CARTESIAN_POINT('',(-0.00716733346030368,0.00179108530750795,0.02241));
#3314=CARTESIAN_POINT('',(-0.00784450612990336,0.00184309328386584,0.02241));
#3315=CARTESIAN_POINT('',(-0.00855320256970448,0.00189466963447218,0.02241));
#3316=CARTESIAN_POINT('',(-0.0089765223447472,0.00192484262260614,0.02241));
#3317=CARTESIAN_POINT('',(-0.00934438167365024,0.00195068350750163,0.02241));
#3318=CARTESIAN_POINT('',(-0.00959399593491329,0.00196802783215077,0.02241));
#3319=CARTESIAN_POINT('',(-0.0099627193261571,0.00199345241822704,0.02241));
#3320=CARTESIAN_POINT('',(-0.0105781726954108,0.00203524547252927,0.02241));
#3321=CARTESIAN_POINT('',(-0.0114354130475805,0.00209168546523001,0.02241));
#3322=CARTESIAN_POINT('',(-0.0124091446837829,0.00215279554640339,0.02241));
#3323=CARTESIAN_POINT('',(-0.013333072423679,0.00220765592487647,0.02241));
#3324=CARTESIAN_POINT('',(-0.0142063754984678,0.00225618868830686,0.02241));
#3325=CARTESIAN_POINT('',(-0.0150271840932579,0.00229833727869689,0.02241));
#3326=CARTESIAN_POINT('',(-0.0156743625458897,0.00232839441343255,0.02241));
#3327=CARTESIAN_POINT('',(-0.0160943453845163,0.00234626688672911,0.02241));
#3328=CARTESIAN_POINT('',(-0.016344878309193,0.00235631520883783,0.02241));
#3329=CARTESIAN_POINT('',(-0.0164820156807551,0.00236169273425802,0.02241));
#3330=CARTESIAN_POINT('',(-0.0167978811597153,0.00237341586321669,0.02241));
#3331=CARTESIAN_POINT('',(-0.0171509617952048,0.0023856015851135,0.02241));
#3332=CARTESIAN_POINT('',(-0.0177865292820861,0.00240551410418893,0.02241));
#3333=CARTESIAN_POINT('',(-0.0186449347438445,0.002426036968288,0.02241));
#3334=CARTESIAN_POINT('',(-0.0196271508818939,0.00243920640707203,0.02241));
#3335=CARTESIAN_POINT('',(-0.0205530614827682,0.00244059252291601,0.02241));
#3336=CARTESIAN_POINT('',(-0.0214250005014994,0.00243027686641886,0.02241));
#3337=CARTESIAN_POINT('',(-0.0221058894494779,0.00241192827772821,0.02241));
#3338=CARTESIAN_POINT('',(-0.0226237988877939,0.00239135906169141,0.02241));
#3339=CARTESIAN_POINT('',(-0.0229974232122208,0.00237309461154389,0.02241));
#3340=CARTESIAN_POINT('',(-0.0233011650163661,0.00235514261930659,0.02241));
#3341=CARTESIAN_POINT('',(-0.0235004748097527,0.00234186573992604,0.02241));
#3342=CARTESIAN_POINT('',(-0.0236241347616908,0.00233302142351819,0.02241));
#3343=CARTESIAN_POINT('',(-0.0236837109409828,0.00232871627279859,0.02241));
#3344=CARTESIAN_POINT('',(-0.0238659675609098,0.00231462921073159,0.02241));
#3345=CARTESIAN_POINT('',(-0.0240612228527347,0.00229824239086657,0.02241));
#3346=CARTESIAN_POINT('',(-0.0244130121981209,0.002265960640688,0.02241));
#3347=CARTESIAN_POINT('',(-0.0248754120325227,0.0022145770121997,0.02241));
#3348=CARTESIAN_POINT('',(-0.025387614844936,0.00214294824096529,0.02241));
#3349=CARTESIAN_POINT('',(-0.0260063026817447,0.00203453054232011,0.02241));
#3350=CARTESIAN_POINT('',(-0.0265295497996447,0.00190755546182057,0.02241));
#3351=CARTESIAN_POINT('',(-0.0269084585554883,0.00177753386500421,0.02241));
#3352=CARTESIAN_POINT('',(-0.0270722529927059,0.00171096678889983,0.02241));
#3353=CARTESIAN_POINT('',(-0.0271680246473101,0.00166742678328031,0.02241));
#3354=CARTESIAN_POINT('',(-0.0272141154479243,0.00164628535418331,0.02241));
#3355=CARTESIAN_POINT('',(-0.0273443740252537,0.00157821639288842,0.02241));
#3356=CARTESIAN_POINT('',(-0.027475465759898,0.00149647331162558,0.02241));
#3357=CARTESIAN_POINT('',(-0.0276314286371148,0.00137692349993799,0.02241));
#3358=CARTESIAN_POINT('',(-0.0277801361043775,0.00122283308918947,0.02241));
#3359=CARTESIAN_POINT('',(-0.0279082701985525,0.00103174150210729,0.02241));
#3360=CARTESIAN_POINT('',(-0.0279701375900567,0.000891967997681351,0.02241));
#3361=CARTESIAN_POINT('',(-0.0280360280826616,0.000688257910747388,0.02241));
#3362=CARTESIAN_POINT('',(-0.0280780314122876,0.00049512884344864,0.02241));
#3363=CARTESIAN_POINT('',(-0.028104048408185,0.000335282184854542,0.02241));
#3364=CARTESIAN_POINT('',(-0.0281162789192799,0.000249631702863217,0.02241));
#3365=CARTESIAN_POINT('',(-0.0281281723726766,0.000153572756851271,0.02241));
#3366=CARTESIAN_POINT('',(-0.0281263979179153,0.000167423350949746,0.02241));
#3367=CARTESIAN_POINT('',(-0.0281293438611293,0.000142547625099012,0.02241));
#3368=CARTESIAN_POINT('',(-0.0281333580374436,0.000106946100002876,0.02241));
#3369=CARTESIAN_POINT('',(-0.0281435175101377,1.67386483278359E-5,0.02241));
#3370=CARTESIAN_POINT('',(-0.0281603778188747,-0.000135015440737787,0.02241));
#3371=CARTESIAN_POINT('',(-0.0281899397783474,-0.0004022697557306,0.02241));
#3372=CARTESIAN_POINT('',(-0.0282397753228712,-0.000854868918982559,0.02241));
#3373=CARTESIAN_POINT('',(-0.0282934699521758,-0.00134406114472892,0.02241));
#3374=CARTESIAN_POINT('',(-0.0283237667964586,-0.00162037885297166,0.02241));
#3375=CARTESIAN_POINT('',(-5.41937516185947E-7,-4.26806517241085E-6,0.02151));
#3376=CARTESIAN_POINT('',(-0.00317732762574545,-0.000167676621365193,0.02151));
#3377=CARTESIAN_POINT('',(-0.00318502664299295,-0.000301424922198297,0.02151));
#3378=CARTESIAN_POINT('',(-0.00319696224257328,-0.000454357641216984,0.02151));
#3379=CARTESIAN_POINT('',(-0.00322216349473968,-0.000572489074315183,0.02151));
#3380=CARTESIAN_POINT('',(-0.00323085490123595,-0.000607832986701648,0.02151));
#3381=CARTESIAN_POINT('',(-0.00335098909081827,-0.000672605306584042,0.02151));
#3382=CARTESIAN_POINT('',(-0.00349289417343778,-0.000723791932878001,0.02151));
#3383=CARTESIAN_POINT('',(-0.00366836587970491,-0.000773136882066183,0.02151));
#3384=CARTESIAN_POINT('',(-0.00372064613324355,-0.000785205630976622,0.02151));
#3385=CARTESIAN_POINT('',(-0.00384708045986135,-0.000814255481121507,0.02151));
#3386=CARTESIAN_POINT('',(-0.00401198254767542,-0.000846286072810908,0.02151));
#3387=CARTESIAN_POINT('',(-0.00424105256276323,-0.000885494764557352,0.02151));
#3388=CARTESIAN_POINT('',(-0.00453333459088857,-0.000928008947487775,0.02151));
#3389=CARTESIAN_POINT('',(-0.00474051779630103,-0.000956071848437019,0.02151));
#3390=CARTESIAN_POINT('',(-0.00504415234550131,-0.000997042542237463,0.02151));
#3391=CARTESIAN_POINT('',(-0.00540806201118984,-0.00104413828017338,0.02151));
#3392=CARTESIAN_POINT('',(-0.0058511648816776,-0.00109877397929653,0.02151));
#3393=CARTESIAN_POINT('',(-0.00625691067847181,-0.00114576320651218,0.02151));
#3394=CARTESIAN_POINT('',(-0.00676894787803234,-0.00120346608334708,0.02151));
#3395=CARTESIAN_POINT('',(-0.00739198299734796,-0.00127459835608245,0.02151));
#3396=CARTESIAN_POINT('',(-0.00815010137094198,-0.0013617004340051,0.02151));
#3397=CARTESIAN_POINT('',(-0.00886296766082143,-0.00144474582260413,0.02151));
#3398=CARTESIAN_POINT('',(-0.00932968737386195,-0.00149966982305315,0.02151));
#3399=CARTESIAN_POINT('',(-0.00960454190325921,-0.00153220125140698,0.02151));
#3400=CARTESIAN_POINT('',(-0.00976505157438607,-0.00155129259384765,0.02151));
#3401=CARTESIAN_POINT('',(-0.0100837518120015,-0.00158918312278889,0.02151));
#3402=CARTESIAN_POINT('',(-0.0104464953297747,-0.00163203660180888,0.02151));
#3403=CARTESIAN_POINT('',(-0.0110930944534125,-0.00170788340770639,0.02151));
#3404=CARTESIAN_POINT('',(-0.0119613276766981,-0.00180798442404164,0.02151));
#3405=CARTESIAN_POINT('',(-0.0129424360585835,-0.00191825834792159,0.02151));
#3406=CARTESIAN_POINT('',(-0.0138552543568873,-0.00201778450442083,0.02151));
#3407=CARTESIAN_POINT('',(-0.0147018607509916,-0.00210680957426582,0.02151));
#3408=CARTESIAN_POINT('',(-0.0153515277259087,-0.00217217435088524,0.02151));
#3409=CARTESIAN_POINT('',(-0.015838307444058,-0.00221922166536155,0.02151));
#3410=CARTESIAN_POINT('',(-0.0161857029334061,-0.00225178204616501,0.02151));
#3411=CARTESIAN_POINT('',(-0.0164645310051978,-0.0022769888723761,0.02151));
#3412=CARTESIAN_POINT('',(-0.0166460871596003,-0.00229294446299616,0.02151));
#3413=CARTESIAN_POINT('',(-0.0167576318115713,-0.00230256670427058,0.02151));
#3414=CARTESIAN_POINT('',(-0.0168124095253106,-0.00230726720912725,0.02151));
#3415=CARTESIAN_POINT('',(-0.0169725589552958,-0.00232079035898454,0.02151));
#3416=CARTESIAN_POINT('',(-0.0171478686949216,-0.00233532434302041,0.02151));
#3417=CARTESIAN_POINT('',(-0.0174688728993655,-0.00236136044427412,0.02151));
#3418=CARTESIAN_POINT('',(-0.0179096961881361,-0.00239529055015419,0.02151));
#3419=CARTESIAN_POINT('',(-0.018428585087055,-0.00243234698309285,0.02151));
#3420=CARTESIAN_POINT('',(-0.0191004691415112,-0.00247632084485056,0.02151));
#3421=CARTESIAN_POINT('',(-0.0199058837035162,-0.00252135344289038,0.02151));
#3422=CARTESIAN_POINT('',(-0.0208163112761724,-0.00255941813694853,0.02151));
#3423=CARTESIAN_POINT('',(-0.0216710085361767,-0.00258152516296954,0.02151));
#3424=CARTESIAN_POINT('',(-0.0223364866053489,-0.00258665949022937,0.02151));
#3425=CARTESIAN_POINT('',(-0.0228414240063305,-0.00258276198815053,0.02151));
#3426=CARTESIAN_POINT('',(-0.0232048559851255,-0.00257592007151335,0.02151));
#3427=CARTESIAN_POINT('',(-0.0235002394112914,-0.00256666839931047,0.02151));
#3428=CARTESIAN_POINT('',(-0.0236927364980015,-0.00255888909907401,0.02151));
#3429=CARTESIAN_POINT('',(-0.0238137344027852,-0.00255325441897469,0.02151));
#3430=CARTESIAN_POINT('',(-0.023867707388943,-0.00255072466630596,0.02151));
#3431=CARTESIAN_POINT('',(-0.0240580461924142,-0.00254050845858706,0.02151));
#3432=CARTESIAN_POINT('',(-0.024258463767637,-0.00252798787679094,0.02151));
#3433=CARTESIAN_POINT('',(-0.0246198490755667,-0.00250168976904661,0.02151));
#3434=CARTESIAN_POINT('',(-0.0250897233356719,-0.00245531963398073,0.02151));
#3435=CARTESIAN_POINT('',(-0.0256035832614493,-0.00238430798710014,0.02151));
#3436=CARTESIAN_POINT('',(-0.026212864863743,-0.0022701098112566,0.02151));
#3437=CARTESIAN_POINT('',(-0.0267151542026588,-0.0021233641255223,0.02151));
#3438=CARTESIAN_POINT('',(-0.0270507556679026,-0.00197483292741624,0.02151));
#3439=CARTESIAN_POINT('',(-0.0272258311155584,-0.00187309620963645,0.02151));
#3440=CARTESIAN_POINT('',(-0.0273127592773461,-0.00181930903493345,0.02151));
#3441=CARTESIAN_POINT('',(-0.0275027794904827,-0.00166134398448101,0.02151));
#3442=CARTESIAN_POINT('',(-0.0276341483610061,-0.0014957535228709,0.02151));
#3443=CARTESIAN_POINT('',(-0.0277469757375995,-0.00130873764828782,0.02151));
#3444=CARTESIAN_POINT('',(-0.0278425656194921,-0.00105894390340121,0.02151));
#3445=CARTESIAN_POINT('',(-0.0278755921610835,-0.00092558211934859,0.02151));
#3446=CARTESIAN_POINT('',(-0.0279185825499188,-0.000713345962723562,0.02151));
#3447=CARTESIAN_POINT('',(-0.0279460717425973,-0.000518616605864124,0.02151));
#3448=CARTESIAN_POINT('',(-0.0279641496724755,-0.00035786120640937,0.02151));
#3449=CARTESIAN_POINT('',(-0.027972843681378,-0.000271921589900224,0.02151));
#3450=CARTESIAN_POINT('',(-0.0279815389287809,-0.000176016978674711,0.02151));
#3451=CARTESIAN_POINT('',(-0.0279803088748418,-0.000189170119382086,0.02151));
#3452=CARTESIAN_POINT('',(-0.0279825258051952,-0.000163717535284803,0.02151));
#3453=CARTESIAN_POINT('',(-0.0279855759948653,-0.000127079118472646,0.02151));
#3454=CARTESIAN_POINT('',(-0.0279931445455335,-3.57983014272351E-5,0.02151));
#3455=CARTESIAN_POINT('',(-0.0280056138854831,0.000116743681773498,0.02151));
#3456=CARTESIAN_POINT('',(-0.0280273775833127,0.000384327496867792,0.02151));
#3457=CARTESIAN_POINT('',(-0.0280639290959544,0.000836011586830453,0.02151));
#3458=CARTESIAN_POINT('',(-0.0281032014836624,0.00132305101446547,0.02151));
#3459=CARTESIAN_POINT('',(-0.0281253403751471,0.00159793758276888,0.02151));
#3460=CARTESIAN_POINT('',(-0.000160804452915577,-0.000907590703863862,0.02223));
#3461=CARTESIAN_POINT('',(0.000166551859075201,-0.000660109393663142,0.02151));
#3462=CARTESIAN_POINT('',(2.33085526641783E-5,-0.000470692306483399,0.02151));
#3463=CARTESIAN_POINT('',(-0.000166968594557687,-0.000660109393663142,0.02151));
#3464=CARTESIAN_POINT('',(0.000166551859075201,-0.000660109393663142,0.02151));
#3465=CARTESIAN_POINT('',(0.000166551859075201,-0.000660109393663142,0.02241));
#3466=CARTESIAN_POINT('',(2.33085526641783E-5,-0.000470692306483399,0.02241));
#3467=CARTESIAN_POINT('',(-0.000166968594557687,-0.000660109393663142,0.02241));
#3468=CARTESIAN_POINT('',(0.000166551859075201,-0.000660109393663142,0.02241));
#3469=CARTESIAN_POINT('',(0.000166551859075201,-0.000660109393663142,0.02241));
#3470=CARTESIAN_POINT('',(0.000239883689395621,-0.00106841535900433,0.02223));
#3471=CARTESIAN_POINT('',(0.000166551859075201,-0.000660109393663142,0.02241));
#3472=CARTESIAN_POINT('',(2.33085526641783E-5,-0.000470692306483399,0.02241));
#3473=CARTESIAN_POINT('',(-0.000166968594557687,-0.000660109393663142,0.02241));
#3474=CARTESIAN_POINT('',(-0.000166968594557687,-0.000660109393663142,0.02241));
#3475=CARTESIAN_POINT('',(0.000166551859075201,-0.000660109393663142,0.02151));
#3476=CARTESIAN_POINT('',(2.33085526641783E-5,-0.000470692306483399,0.02151));
#3477=CARTESIAN_POINT('',(-0.000166968594557687,-0.000660109393663142,0.02151));
#3478=CARTESIAN_POINT('',(-0.000166968594557687,-0.000660109393663142,0.02151));
#3479=CARTESIAN_POINT('',(-0.000166968594557687,-0.000660109393663142,0.02241));
#3480=CARTESIAN_POINT('',(0.000166551859075201,-0.00158870401447529,0.02241));
#3481=CARTESIAN_POINT('',(0.000166551859075201,-0.00158870401447529,0.02151));
#3482=CARTESIAN_POINT('',(0.000166551859075201,-0.00317774032902504,0.02151));
#3483=CARTESIAN_POINT('',(0.000166551859075201,-0.00158870401447529,0.02241));
#3484=CARTESIAN_POINT('',(0.000166551859075201,-0.00251729863528744,0.02241));
#3485=CARTESIAN_POINT('',(0.000166551859075201,-0.00251729863528744,0.02241));
#3486=CARTESIAN_POINT('',(0.0001665518590752,-0.00251701587772312,0.0221699997089963));
#3487=CARTESIAN_POINT('',(0.000166551859075201,-0.0025168745765932,0.0221698581846796));
#3488=CARTESIAN_POINT('',(0.000166551859075201,-0.00273716893272778,0.021949911237284));
#3489=CARTESIAN_POINT('',(0.000166551859075201,-0.00295746259506591,0.0217299635946402));
#3490=CARTESIAN_POINT('',(0.000166551859075201,-0.0031777403361767,0.0215100000071619));
#3491=CARTESIAN_POINT('',(-0.000166968594557687,-0.00158870401447529,0.02241));
#3492=CARTESIAN_POINT('',(-0.000166968594557687,-0.00158870401447529,0.02151));
#3493=CARTESIAN_POINT('',(-0.000166968594557687,-0.00251729863528744,0.02151));
#3494=CARTESIAN_POINT('',(-0.000166968594557687,-0.00251729863528744,0.02241));
#3495=CARTESIAN_POINT('',(-0.000166968594557689,-0.0025171897256795,0.0219000000062311));
#3496=CARTESIAN_POINT('',(-0.000166968594557688,-0.00251713528281392,0.0219000544641436));
#3497=CARTESIAN_POINT('',(-0.000166968594557688,-0.00268716327432366,0.0220700354761446));
#3498=CARTESIAN_POINT('',(-0.000166968594557692,-0.00285719049214788,0.0222400172620446));
#3499=CARTESIAN_POINT('',(-0.000166968594557692,-0.00302721675429658,0.022410000003867));
#3500=CARTESIAN_POINT('',(-0.000166969435127308,-0.00302721675816262,0.02241));
#3501=CARTESIAN_POINT('',(-0.000166968594557687,-0.00158870401447529,0.02241));
#3502=CARTESIAN_POINT('',(-0.00092227808764452,-0.0285047718113962,0.0219000000000115));
#3503=CARTESIAN_POINT('',(-0.00092227808764452,-0.0285047718113962,0.0215070868665836));
#3504=CARTESIAN_POINT('',(-0.00122416495936637,-0.0284122865900588,0.0219000000000115));
#3505=CARTESIAN_POINT('',(-0.00122416495936637,-0.0284122865900588,0.0215070868665836));
#3506=CARTESIAN_POINT('',(-0.00179772542235279,-0.028116899282701,0.0219000000000116));
#3507=CARTESIAN_POINT('',(-0.00179772542235279,-0.028116899282701,0.0215070868665836));
#3508=CARTESIAN_POINT('',(-0.00243057931042458,-0.0269186385849612,0.0219000000000115));
#3509=CARTESIAN_POINT('',(-0.00243057931042458,-0.0269186385849612,0.0215070868665836));
#3510=CARTESIAN_POINT('',(-0.00278950365342359,-0.0248588962917132,0.0219000000000115));
#3511=CARTESIAN_POINT('',(-0.00278950365342359,-0.0248588962917132,0.0215070868665836));
#3512=CARTESIAN_POINT('',(-0.00299089374834698,-0.0213493053485073,0.0219000000000115));
#3513=CARTESIAN_POINT('',(-0.00299089374834698,-0.0213493053485073,0.0215070868665836));
#3514=CARTESIAN_POINT('',(-0.00286512742556733,-0.0171194837571176,0.0219000000000116));
#3515=CARTESIAN_POINT('',(-0.00286512742556733,-0.0171194837571176,0.0215070868665836));
#3516=CARTESIAN_POINT('',(-0.00260982161885796,-0.0130927970960595,0.0219000000000115));
#3517=CARTESIAN_POINT('',(-0.00260982161885796,-0.0130927970960595,0.0215070868665836));
#3518=CARTESIAN_POINT('',(-0.00239988837735288,-0.0103906929650409,0.0219000000000116));
#3519=CARTESIAN_POINT('',(-0.00239988837735288,-0.0103906929650409,0.0215070868665836));
#3520=CARTESIAN_POINT('',(-0.00222882908831474,-0.00827816320545572,0.0219000000000116));
#3521=CARTESIAN_POINT('',(-0.00222882908831474,-0.00827816320545572,0.0215070868665836));
#3522=CARTESIAN_POINT('',(-0.00205876034212903,-0.00625193442363012,0.0219000000000115));
#3523=CARTESIAN_POINT('',(-0.00205876034212903,-0.00625193442363012,0.0215070868665836));
#3524=CARTESIAN_POINT('',(-0.00186643587561463,-0.00466232897099164,0.0219000000000115));
#3525=CARTESIAN_POINT('',(-0.00186643587561463,-0.00466232897099164,0.0215070868665836));
#3526=CARTESIAN_POINT('',(-0.00146608248576053,-0.00306126061832199,0.0219000000000115));
#3527=CARTESIAN_POINT('',(-0.00146608248576053,-0.00306126061832199,0.0215070868665836));
#3528=CARTESIAN_POINT('',(-0.0010419111704608,-0.0025611525006731,0.0219000000000116));
#3529=CARTESIAN_POINT('',(-0.0010419111704608,-0.0025611525006731,0.0215070868665836));
#3530=CARTESIAN_POINT('',(-0.000559549499110871,-0.00251963597821115,0.0219000000000116));
#3531=CARTESIAN_POINT('',(-0.000559549499110871,-0.00251963597821115,0.0215070868665836));
#3532=CARTESIAN_POINT('',(-0.000166968594557688,-0.00251729863528745,0.0219000000000116));
#3533=CARTESIAN_POINT('',(-0.000166968594557688,-0.00251729863528745,0.0215070868665836));
#3534=CARTESIAN_POINT('',(-0.00161086910275249,-0.0281347750742642,0.0215094302848744));
#3535=CARTESIAN_POINT('',(-0.00143907618730665,-0.0282825248256401,0.0216703914877747));
#3536=CARTESIAN_POINT('',(-0.00123791500158808,-0.0283964312589022,0.0218005805419672));
#3537=CARTESIAN_POINT('',(-0.00100824405139834,-0.0284766325803453,0.0218999974474521));
#3538=CARTESIAN_POINT('',(-0.00161062950302974,-0.0281349810938015,0.0215098791256662));
#3539=CARTESIAN_POINT('',(-0.00100808472482641,-0.0284761470081261,0.0219000106388908));
#3540=CARTESIAN_POINT('',(-0.00100825334062185,-0.0284766293365164,0.0219));
#3541=CARTESIAN_POINT('',(-0.00130509310992434,-0.0283729711352785,0.0219));
#3542=CARTESIAN_POINT('',(-0.00186547408259074,-0.0280462364298035,0.0219));
#3543=CARTESIAN_POINT('',(-0.00246934767373966,-0.0267730956043977,0.0219));
#3544=CARTESIAN_POINT('',(-0.00280774411207298,-0.0246716653419845,0.0219));
#3545=CARTESIAN_POINT('',(-0.00298962804571441,-0.0211374317987202,0.0218999999999999));
#3546=CARTESIAN_POINT('',(-0.00285525016832955,-0.0169241841963303,0.0219));
#3547=CARTESIAN_POINT('',(-0.00259858985459149,-0.0129384645096056,0.0218999999999999));
#3548=CARTESIAN_POINT('',(-0.00239041404041179,-0.0102752508132644,0.0218999999999999));
#3549=CARTESIAN_POINT('',(-0.00222308306632016,-0.00820600266420862,0.0218999999999999));
#3550=CARTESIAN_POINT('',(-0.00205500656804516,-0.00621526665887906,0.0218999999999999));
#3551=CARTESIAN_POINT('',(-0.00186201056930505,-0.00463977137282012,0.0218999999999999));
#3552=CARTESIAN_POINT('',(-0.00146228636648061,-0.00305238279389989,0.0218999999999999));
#3553=CARTESIAN_POINT('',(-0.00103868121023657,-0.00256090265250146,0.0218999999999999));
#3554=CARTESIAN_POINT('',(-0.000557208558139551,-0.00251962207727658,0.0218999999999999));
#3555=CARTESIAN_POINT('',(-0.000166969626622101,-0.00251729864143218,0.0218999999999999));
#3556=CARTESIAN_POINT('',(2.14747392241821E-5,-0.0286657406018733,0.02151));
#3557=CARTESIAN_POINT('',(-0.000788977681987686,-0.0285781892077789,0.02151));
#3558=CARTESIAN_POINT('',(-0.00385868423474828,-0.0282810113762075,0.02151));
#3559=CARTESIAN_POINT('',(-0.00228552811391898,-0.00906258440018995,0.02151));
#3560=CARTESIAN_POINT('',(-0.00197312619167335,-0.00505294358251691,0.02151));
#3561=CARTESIAN_POINT('',(-0.00137173958237857,-0.00266993494265905,0.02151));
#3562=CARTESIAN_POINT('',(-0.000855548697758757,-0.00252139829426973,0.02151));
#3563=CARTESIAN_POINT('',(-0.000166968594557687,-0.00251729863528744,0.02151));
#3564=CARTESIAN_POINT('',(0.000166551859075201,-0.00251729863528744,0.0224132634561253));
#3565=CARTESIAN_POINT('',(0.000166551859075201,-0.00251729863528744,0.0221699999999588));
#3566=CARTESIAN_POINT('',(0.000379362548490663,-0.00252380614783297,0.0224132634561253));
#3567=CARTESIAN_POINT('',(0.000379362548490663,-0.00252380614783297,0.0221699999999588));
#3568=CARTESIAN_POINT('',(0.000798599606813771,-0.002591567048721,0.0224132634561253));
#3569=CARTESIAN_POINT('',(0.000798599606813771,-0.002591567048721,0.0221699999999588));
#3570=CARTESIAN_POINT('',(0.00124907826351159,-0.00304817971206776,0.0224132634561253));
#3571=CARTESIAN_POINT('',(0.00124907826351159,-0.00304817971206776,0.0221699999999588));
#3572=CARTESIAN_POINT('',(0.00148206677382729,-0.00387831076932427,0.0224132634561253));
#3573=CARTESIAN_POINT('',(0.00148206677382729,-0.00387831076932427,0.0221699999999588));
#3574=CARTESIAN_POINT('',(0.00167100610020502,-0.00515262201100864,0.0224132634561253));
#3575=CARTESIAN_POINT('',(0.00167100610020502,-0.00515262201100864,0.0221699999999588));
#3576=CARTESIAN_POINT('',(0.00183280059142348,-0.00649010453070678,0.0224132634561253));
#3577=CARTESIAN_POINT('',(0.00183280059142348,-0.00649010453070678,0.0221699999999588));
#3578=CARTESIAN_POINT('',(0.00208049443869551,-0.0086524853883804,0.0224132634561253));
#3579=CARTESIAN_POINT('',(0.00208049443869551,-0.0086524853883804,0.0221699999999588));
#3580=CARTESIAN_POINT('',(0.00235030815642251,-0.0109017338332935,0.0224132634561253));
#3581=CARTESIAN_POINT('',(0.00235030815642251,-0.0109017338332935,0.0221699999999588));
#3582=CARTESIAN_POINT('',(0.00266975257538319,-0.013678094148935,0.0224132634561253));
#3583=CARTESIAN_POINT('',(0.00266975257538319,-0.013678094148935,0.0221699999999588));
#3584=CARTESIAN_POINT('',(0.00307060285999501,-0.0177431964490445,0.0224132634561253));
#3585=CARTESIAN_POINT('',(0.00307060285999501,-0.0177431964490445,0.0221699999999588));
#3586=CARTESIAN_POINT('',(0.00336948649765408,-0.0229480934120971,0.0224132634561253));
#3587=CARTESIAN_POINT('',(0.00336948649765408,-0.0229480934120971,0.0221699999999588));
#3588=CARTESIAN_POINT('',(0.00292269351322117,-0.0276293234303622,0.0224132634561253));
#3589=CARTESIAN_POINT('',(0.00292269351322117,-0.0276293234303622,0.0221699999999588));
#3590=CARTESIAN_POINT('',(0.00171620363355861,-0.0283825190432581,0.0224132634561253));
#3591=CARTESIAN_POINT('',(0.00171620363355861,-0.0283825190432581,0.0221699999999588));
#3592=CARTESIAN_POINT('',(0.00102640610686525,-0.0285377559879631,0.0224132634561253));
#3593=CARTESIAN_POINT('',(0.00102640610686525,-0.0285377559879631,0.0221699999999588));
#3594=CARTESIAN_POINT('',(0.000166551859075201,-0.00251729863528744,0.02241));
#3595=CARTESIAN_POINT('',(0.0005029353608308,-0.00252758486603926,0.02241));
#3596=CARTESIAN_POINT('',(0.0012773781440951,-0.00272731113434472,0.02241));
#3597=CARTESIAN_POINT('',(0.00168465721603758,-0.00504866922827772,0.02241));
#3598=CARTESIAN_POINT('',(0.00209827890612467,-0.00909016608840005,0.02241));
#3599=CARTESIAN_POINT('',(0.00450038659620635,-0.028277632920508,0.02241));
#3600=CARTESIAN_POINT('',(0.00103323241711712,-0.0285851915512228,0.02241));
#3601=CARTESIAN_POINT('',(2.14747392241817E-5,-0.0286657406018733,0.02241));
#3602=CARTESIAN_POINT('',(0.00162734838001729,-0.0283285742001766,0.022410293989407));
#3603=CARTESIAN_POINT('',(0.00162858935561572,-0.0283279444573023,0.0224118125806412));
#3604=CARTESIAN_POINT('',(0.00146815028059409,-0.0284094408752375,0.0223312083870942));
#3605=CARTESIAN_POINT('',(0.00129925581213715,-0.0284691084312484,0.0222506041935471));
#3606=CARTESIAN_POINT('',(0.00112457727512032,-0.0285141008570124,0.0221700000000001));
#3607=CARTESIAN_POINT('',(0.00112546905487823,-0.0285142091759938,0.02217));
#3608=CARTESIAN_POINT('',(0.00112538635535928,-0.0285138923443747,0.0221700000000001));
#3609=CARTESIAN_POINT('',(0.00146417717278909,-0.0284265322096179,0.0221700000000001));
#3610=CARTESIAN_POINT('',(0.00209976995577449,-0.0281460104014426,0.0221700000000001));
#3611=CARTESIAN_POINT('',(0.0030282320235164,-0.0266875591443644,0.0221700000000001));
#3612=CARTESIAN_POINT('',(0.00336658561476638,-0.0227379006845468,0.0221700000000001));
#3613=CARTESIAN_POINT('',(0.00305419137708033,-0.0175465366679886,0.0221700000000001));
#3614=CARTESIAN_POINT('',(0.00265242274925987,-0.0135196816787958,0.0221700000000001));
#3615=CARTESIAN_POINT('',(0.00233561318228676,-0.0107799191447166,0.0221700000000001));
#3616=CARTESIAN_POINT('',(0.00207144369954339,-0.00857445357162697,0.0221700000000001));
#3617=CARTESIAN_POINT('',(0.00182827438280168,-0.00645077650579069,0.0221700000000001));
#3618=CARTESIAN_POINT('',(0.00166788577378452,-0.00512820128511879,0.0221700000000001));
#3619=CARTESIAN_POINT('',(0.0014788243346334,-0.00386158002407619,0.0221700000000001));
#3620=CARTESIAN_POINT('',(0.00124475996255394,-0.0030408507093845,0.0221700000000001));
#3621=CARTESIAN_POINT('',(0.000794777143972225,-0.00259087883520748,0.0221700000000001));
#3622=CARTESIAN_POINT('',(0.000378090840389258,-0.00252376802965829,0.0221700000000001));
#3623=CARTESIAN_POINT('',(0.000166560217827924,-0.00251729889090394,0.0221700000000001));
#3624=CARTESIAN_POINT('',(-5.41937516185947E-7,-4.26806517241085E-6,0.02241));
#3625=CARTESIAN_POINT('',(-0.000166969435127308,-0.00302721675816262,0.02241));
#3626=CARTESIAN_POINT('',(-0.000270037766019661,-0.00302816509277325,0.02241));
#3627=CARTESIAN_POINT('',(-0.000445105656223991,-0.00303183449371259,0.02241));
#3628=CARTESIAN_POINT('',(-0.000607431919024852,-0.00304757299551372,0.02241));
#3629=CARTESIAN_POINT('',(-0.000657122768888126,-0.00305337578321791,0.02241));
#3630=CARTESIAN_POINT('',(-0.000764801928114498,-0.0030754716431672,0.02241));
#3631=CARTESIAN_POINT('',(-0.000811512266471736,-0.00309218619078473,0.02241));
#3632=CARTESIAN_POINT('',(-0.000880672148658283,-0.00319954747587818,0.02241));
#3633=CARTESIAN_POINT('',(-0.000926930177354084,-0.00328918102890664,0.02241));
#3634=CARTESIAN_POINT('',(-0.000979517769577235,-0.00341210139345924,0.02241));
#3635=CARTESIAN_POINT('',(-0.00101873137334183,-0.00351550387034857,0.02241));
#3636=CARTESIAN_POINT('',(-0.00109158628545026,-0.00372989763726245,0.02241));
#3637=CARTESIAN_POINT('',(-0.00116736120689784,-0.00400571744084539,0.02241));
#3638=CARTESIAN_POINT('',(-0.00125184755487402,-0.00438414373433096,0.02241));
#3639=CARTESIAN_POINT('',(-0.00129958327033478,-0.00462203699539042,0.02241));
#3640=CARTESIAN_POINT('',(-0.00136054862051199,-0.00495663565307377,0.02241));
#3641=CARTESIAN_POINT('',(-0.00142681909577492,-0.00538588589374591,0.02241));
#3642=CARTESIAN_POINT('',(-0.00147784243840004,-0.00576919593106459,0.02241));
#3643=CARTESIAN_POINT('',(-0.00151692945592574,-0.0061011446970195,0.02241));
#3644=CARTESIAN_POINT('',(-0.00153611899115152,-0.00627601182200408,0.02241));
#3645=CARTESIAN_POINT('',(-0.00155145964412164,-0.00642411377978139,0.02241));
#3646=CARTESIAN_POINT('',(-0.00155454649814775,-0.00645453345882481,0.02241));
#3647=CARTESIAN_POINT('',(-0.00156139188344884,-0.00652235097436764,0.02241));
#3648=CARTESIAN_POINT('',(-0.00157496956152121,-0.00666087816999788,0.02241));
#3649=CARTESIAN_POINT('',(-0.0015970436334702,-0.00689530440087461,0.02241));
#3650=CARTESIAN_POINT('',(-0.00163681092813519,-0.00733636975960577,0.02241));
#3651=CARTESIAN_POINT('',(-0.00169554315922505,-0.00801818289619582,0.02241));
#3652=CARTESIAN_POINT('',(-0.00176572048015903,-0.00886706885003696,0.02241));
#3653=CARTESIAN_POINT('',(-0.00182965444332294,-0.0096579999464592,0.02241));
#3654=CARTESIAN_POINT('',(-0.00186682909962552,-0.0101232806833749,0.02241));
#3655=CARTESIAN_POINT('',(-0.00189501233157549,-0.0104784603355962,0.02241));
#3656=CARTESIAN_POINT('',(-0.00190862044314595,-0.0106504979383649,0.02241));
#3657=CARTESIAN_POINT('',(-0.00193281044525833,-0.010958650031797,0.02241));
#3658=CARTESIAN_POINT('',(-0.00197908343219247,-0.0115573005171495,0.02241));
#3659=CARTESIAN_POINT('',(-0.00204100867828488,-0.0123855466322165,0.02241));
#3660=CARTESIAN_POINT('',(-0.00210804759152043,-0.0133287746706424,0.02241));
#3661=CARTESIAN_POINT('',(-0.00216799617033782,-0.0142238632039203,0.02241));
#3662=CARTESIAN_POINT('',(-0.00222071517265348,-0.0150682181712654,0.02241));
#3663=CARTESIAN_POINT('',(-0.0022589362947293,-0.0157361097129698,0.02241));
#3664=CARTESIAN_POINT('',(-0.00228209566298583,-0.0161722716698299,0.02241));
#3665=CARTESIAN_POINT('',(-0.00229516989345012,-0.0164308747002015,0.02241));
#3666=CARTESIAN_POINT('',(-0.00230246357084227,-0.016578126054427,0.02241));
#3667=CARTESIAN_POINT('',(-0.00231720618366993,-0.0168891248392533,0.02241));
#3668=CARTESIAN_POINT('',(-0.00233294942603445,-0.0172409712273127,0.02241));
#3669=CARTESIAN_POINT('',(-0.00235910104543081,-0.0178720021607873,0.02241));
#3670=CARTESIAN_POINT('',(-0.00238794191445964,-0.0187253752440456,0.02241));
#3671=CARTESIAN_POINT('',(-0.0024103397910191,-0.0197012843016805,0.02241));
#3672=CARTESIAN_POINT('',(-0.00242014777295845,-0.0206213124364205,0.02241));
#3673=CARTESIAN_POINT('',(-0.00241746220033003,-0.0214876079268629,0.02241));
#3674=CARTESIAN_POINT('',(-0.00240480740111293,-0.0221640346038422,0.02241));
#3675=CARTESIAN_POINT('',(-0.00238839856222566,-0.022678511734633,0.02241));
#3676=CARTESIAN_POINT('',(-0.00237304791257078,-0.0230496308373306,0.02241));
#3677=CARTESIAN_POINT('',(-0.00235738279359478,-0.0233513453749454,0.02241));
#3678=CARTESIAN_POINT('',(-0.00234557192449078,-0.0235492615773806,0.02241));
#3679=CARTESIAN_POINT('',(-0.00233761515208673,-0.0236721416016671,0.02241));
#3680=CARTESIAN_POINT('',(-0.00233375287653668,-0.0237311154417954,0.02241));
#3681=CARTESIAN_POINT('',(-0.00232090035847007,-0.0239128571720034,0.02241));
#3682=CARTESIAN_POINT('',(-0.00230580435660127,-0.0241073701399553,0.02241));
#3683=CARTESIAN_POINT('',(-0.00227574957089558,-0.0244578308941124,0.02241));
#3684=CARTESIAN_POINT('',(-0.00222702957615139,-0.0249181320822802,0.02241));
#3685=CARTESIAN_POINT('',(-0.0021577571650447,-0.0254277863794668,0.02241));
#3686=CARTESIAN_POINT('',(-0.00205202448805874,-0.0260417791710533,0.02241));
#3687=CARTESIAN_POINT('',(-0.00192309320928927,-0.0265653449093501,0.02241));
#3688=CARTESIAN_POINT('',(-0.00179789599200339,-0.0269303663824188,0.02241));
#3689=CARTESIAN_POINT('',(-0.00171229383015455,-0.0271303415167813,0.02241));
#3690=CARTESIAN_POINT('',(-0.00167036916775712,-0.0272260383453135,0.02241));
#3691=CARTESIAN_POINT('',(-0.00153073809060789,-0.0274720376777594,0.02241));
#3692=CARTESIAN_POINT('',(-0.00139227169346743,-0.0276405577641938,0.02241));
#3693=CARTESIAN_POINT('',(-0.00123467020824702,-0.0277896022014113,0.02241));
#3694=CARTESIAN_POINT('',(-0.00104026161254093,-0.0279149383521587,0.02241));
#3695=CARTESIAN_POINT('',(-0.000900033764060817,-0.0279754931686544,0.02241));
#3696=CARTESIAN_POINT('',(-0.000695215223400359,-0.0280403944162777,0.02241));
#3697=CARTESIAN_POINT('',(-0.000501414904623986,-0.0280820970105703,0.02241));
#3698=CARTESIAN_POINT('',(-0.000341094642361124,-0.0281081529851896,0.02241));
#3699=CARTESIAN_POINT('',(-0.00025520715278788,-0.0281204597982109,0.02241));
#3700=CARTESIAN_POINT('',(-0.000158922132291983,-0.0281324965201361,0.02241));
#3701=CARTESIAN_POINT('',(-0.000172757439168192,-0.0281307070920772,0.02241));
#3702=CARTESIAN_POINT('',(-0.000147758613025327,-0.0281336909322749,0.02241));
#3703=CARTESIAN_POINT('',(-0.0001119179995346,-0.0281377509984739,0.02241));
#3704=CARTESIAN_POINT('',(-2.1176066087873E-5,-0.0281480054500041,0.02241));
#3705=CARTESIAN_POINT('',(0.000131488771879878,-0.0281649992678297,0.02241));
#3706=CARTESIAN_POINT('',(0.000400330542223992,-0.0281947750668842,0.02241));
#3707=CARTESIAN_POINT('',(0.000855607193589816,-0.0282449405774745,0.02241));
#3708=CARTESIAN_POINT('',(0.0013476821633691,-0.0282989669861071,0.02241));
#3709=CARTESIAN_POINT('',(0.00162562631756746,-0.0283294465914966,0.02241));
#3710=CARTESIAN_POINT('',(-5.41937516185947E-7,-4.26806517241085E-6,0.02151));
#3711=CARTESIAN_POINT('',(0.000166551555804061,-0.00317774032902504,0.02151));
#3712=CARTESIAN_POINT('',(0.000370282217417154,-0.00318736267769323,0.02151));
#3713=CARTESIAN_POINT('',(0.000562037714982841,-0.00326298430536361,0.02151));
#3714=CARTESIAN_POINT('',(0.00064662164967565,-0.00344734446453509,0.02151));
#3715=CARTESIAN_POINT('',(0.000703505459960015,-0.00358928781992001,0.02151));
#3716=CARTESIAN_POINT('',(0.00075210306522908,-0.00374792998425851,0.02151));
#3717=CARTESIAN_POINT('',(0.000767242271484473,-0.00380582677674507,0.02151));
#3718=CARTESIAN_POINT('',(0.000798846046389523,-0.00393127256958346,0.02151));
#3719=CARTESIAN_POINT('',(0.000834299846417209,-0.00409701116232922,0.02151));
#3720=CARTESIAN_POINT('',(0.000876688765616436,-0.00432338401337854,0.02151));
#3721=CARTESIAN_POINT('',(0.000922884650871296,-0.00461583005227812,0.02151));
#3722=CARTESIAN_POINT('',(0.000950711245691465,-0.00480680630960658,0.02151));
#3723=CARTESIAN_POINT('',(0.00099304046064578,-0.00510001253114964,0.02151));
#3724=CARTESIAN_POINT('',(0.00104193850168894,-0.00545769281491079,0.02151));
#3725=CARTESIAN_POINT('',(0.00108962305289098,-0.00582925119782088,0.02151));
#3726=CARTESIAN_POINT('',(0.00112084652390703,-0.0060851248016976,0.02151));
#3727=CARTESIAN_POINT('',(0.00113952800349208,-0.00624243909794379,0.02151));
#3728=CARTESIAN_POINT('',(0.00115002651229337,-0.00633234464897473,0.02151));
#3729=CARTESIAN_POINT('',(0.00117308232259294,-0.00653169869458147,0.02151));
#3730=CARTESIAN_POINT('',(0.00119862496633191,-0.00675220073651728,0.02151));
#3731=CARTESIAN_POINT('',(0.00124373657861274,-0.00714168183581325,0.02151));
#3732=CARTESIAN_POINT('',(0.00132564463493079,-0.00784821749885566,0.02151));
#3733=CARTESIAN_POINT('',(0.00140430161677084,-0.00852548278484219,0.02151));
#3734=CARTESIAN_POINT('',(0.00146723116563779,-0.00906575892967889,0.02151));
#3735=CARTESIAN_POINT('',(0.00150647569305178,-0.00940176305071132,0.02151));
#3736=CARTESIAN_POINT('',(0.00153330403345845,-0.00963042500000698,0.02151));
#3737=CARTESIAN_POINT('',(0.0015474594694356,-0.00975055590738327,0.02151));
#3738=CARTESIAN_POINT('',(0.00155647757172134,-0.00982676341965339,0.02151));
#3739=CARTESIAN_POINT('',(0.00155739411364717,-0.00983449608548029,0.02151));
#3740=CARTESIAN_POINT('',(0.00157831385559088,-0.0100107077161411,0.02151));
#3741=CARTESIAN_POINT('',(0.00159896197137398,-0.0101852457661281,0.02151));
#3742=CARTESIAN_POINT('',(0.00163781624345644,-0.010514807463906,0.02151));
#3743=CARTESIAN_POINT('',(0.00169001880807851,-0.0109614419443623,0.02151));
#3744=CARTESIAN_POINT('',(0.00175085047564078,-0.0114879344027918,0.02151));
#3745=CARTESIAN_POINT('',(0.00182831026976935,-0.0121669286409403,0.02151));
#3746=CARTESIAN_POINT('',(0.00191886144888075,-0.012977333621614,0.02151));
#3747=CARTESIAN_POINT('',(0.00201730524298079,-0.0138869611871299,0.02151));
#3748=CARTESIAN_POINT('',(0.00210558472902501,-0.014734198248253,0.02151));
#3749=CARTESIAN_POINT('',(0.00217065293405156,-0.0153879422759239,0.02151));
#3750=CARTESIAN_POINT('',(0.00221764868559077,-0.0158800388777024,0.02151));
#3751=CARTESIAN_POINT('',(0.00225026857179648,-0.0162324925577769,0.02151));
#3752=CARTESIAN_POINT('',(0.0022755926376083,-0.0165163149836898,0.02151));
#3753=CARTESIAN_POINT('',(0.0022916932231611,-0.0167019946056325,0.02151));
#3754=CARTESIAN_POINT('',(0.00230137641162734,-0.0168157570834659,0.02151));
#3755=CARTESIAN_POINT('',(0.00230622350068833,-0.0168730196746553,0.02151));
#3756=CARTESIAN_POINT('',(0.00231953611426758,-0.0170328274684635,0.02151));
#3757=CARTESIAN_POINT('',(0.00233391283071608,-0.0172086580106413,0.02151));
#3758=CARTESIAN_POINT('',(0.00235961345281494,-0.0175300952100481,0.02151));
#3759=CARTESIAN_POINT('',(0.00239308793018117,-0.0179717196527888,0.02151));
#3760=CARTESIAN_POINT('',(0.00242957399011762,-0.0184913760168593,0.02151));
#3761=CARTESIAN_POINT('',(0.00247277767834682,-0.0191641974112413,0.02151));
#3762=CARTESIAN_POINT('',(0.00251681935685185,-0.0199705430615628,0.02151));
#3763=CARTESIAN_POINT('',(0.00255365304911656,-0.0208817276910168,0.02151));
#3764=CARTESIAN_POINT('',(0.0025744860773017,-0.021736815962782,0.02151));
#3765=CARTESIAN_POINT('',(0.0025785238804263,-0.022402313582604,0.02151));
#3766=CARTESIAN_POINT('',(0.0025737264624894,-0.0229070887584308,0.02151));
#3767=CARTESIAN_POINT('',(0.00256620272155354,-0.0232702944482581,0.02151));
#3768=CARTESIAN_POINT('',(0.00255636200367132,-0.0235654554820893,0.02151));
#3769=CARTESIAN_POINT('',(0.00254818921942279,-0.0237576739358226,0.02151));
#3770=CARTESIAN_POINT('',(0.00254229165157395,-0.0238786308038737,0.02151));
#3771=CARTESIAN_POINT('',(0.0025396674738999,-0.0239322022225648,0.02151));
#3772=CARTESIAN_POINT('',(0.00252896090229395,-0.0241235292774905,0.02151));
#3773=CARTESIAN_POINT('',(0.00251589055837512,-0.0243246502169171,0.02151));
#3774=CARTESIAN_POINT('',(0.00248849844314921,-0.0246872351220967,0.02151));
#3775=CARTESIAN_POINT('',(0.00244039503737332,-0.0251579296776127,0.02151));
#3776=CARTESIAN_POINT('',(0.00236696539302178,-0.0256715894580773,0.02151));
#3777=CARTESIAN_POINT('',(0.00224911860692251,-0.0262789707520632,0.02151));
#3778=CARTESIAN_POINT('',(0.00209806134733071,-0.0267767443715161,0.02151));
#3779=CARTESIAN_POINT('',(0.00194522574791164,-0.0271066292660553,0.02151));
#3780=CARTESIAN_POINT('',(0.00184081492045533,-0.0272772276519651,0.02151));
#3781=CARTESIAN_POINT('',(0.00178508868108849,-0.0273621615373417,0.02151));
#3782=CARTESIAN_POINT('',(0.00162453987266389,-0.0275434904821675,0.02151));
#3783=CARTESIAN_POINT('',(0.00145526737154846,-0.0276688653455149,0.02151));
#3784=CARTESIAN_POINT('',(0.00126476634764752,-0.0277758867812207,0.02151));
#3785=CARTESIAN_POINT('',(0.00100695724497288,-0.0278665013148648,0.02151));
#3786=CARTESIAN_POINT('',(0.000878663117571978,-0.0278953221902912,0.02151));
#3787=CARTESIAN_POINT('',(0.00066839427295701,-0.0279350124713546,0.02151));
#3788=CARTESIAN_POINT('',(0.000476308931634103,-0.0279604897356727,0.02151));
#3789=CARTESIAN_POINT('',(0.000317476732073302,-0.0279775219927187,0.02151));
#3790=CARTESIAN_POINT('',(0.000232564454033647,-0.027985764864331,0.02151));
#3791=CARTESIAN_POINT('',(0.00013780148238904,-0.0279940737518889,0.02151));
#3792=CARTESIAN_POINT('',(0.000150765482618086,-0.0279929060274302,0.02151));
#3793=CARTESIAN_POINT('',(0.000125602571307889,-0.0279950441103127,0.02151));
#3794=CARTESIAN_POINT('',(8.94089071017666E-5,-0.0279980184324553,0.02151));
#3795=CARTESIAN_POINT('',(-6.57827847292442E-7,-0.0280054078295605,0.02151));
#3796=CARTESIAN_POINT('',(-0.000151054228736748,-0.0280176268249447,0.02151));
#3797=CARTESIAN_POINT('',(-0.000414774751725898,-0.0280389819246901,0.02151));
#3798=CARTESIAN_POINT('',(-0.000859788863924199,-0.0280748951820116,0.02151));
#3799=CARTESIAN_POINT('',(-0.00133952043362492,-0.0281135182367482,0.02151));
#3800=CARTESIAN_POINT('',(-0.00161026079477334,-0.0281352980062755,0.02151));
#3801=CARTESIAN_POINT('',(0.000907166963799188,-0.000161232958407374,0.02223));
#3802=CARTESIAN_POINT('',(0.000659025518630766,0.000166980825087053,0.02151));
#3803=CARTESIAN_POINT('',(0.000469608431451022,2.37375186760308E-5,0.02151));
#3804=CARTESIAN_POINT('',(0.000659025518630766,-0.000166539628545835,0.02151));
#3805=CARTESIAN_POINT('',(0.000659025518630766,0.000166980825087053,0.02151));
#3806=CARTESIAN_POINT('',(0.000659025518630766,0.000166980825087053,0.02241));
#3807=CARTESIAN_POINT('',(0.000469608431451022,2.37375186760308E-5,0.02241));
#3808=CARTESIAN_POINT('',(0.000659025518630766,-0.000166539628545835,0.02241));
#3809=CARTESIAN_POINT('',(0.000659025518630766,0.000166980825087053,0.02241));
#3810=CARTESIAN_POINT('',(0.000659025518630766,0.000166980825087053,0.02241));
#3811=CARTESIAN_POINT('',(0.00106980321716419,0.000242701552369113,0.02223));
#3812=CARTESIAN_POINT('',(0.000659025518630766,0.000166980825087053,0.02241));
#3813=CARTESIAN_POINT('',(0.000469608431451022,2.37375186760308E-5,0.02241));
#3814=CARTESIAN_POINT('',(0.000659025518630766,-0.000166539628545835,0.02241));
#3815=CARTESIAN_POINT('',(0.000659025518630766,-0.000166539628545835,0.02241));
#3816=CARTESIAN_POINT('',(0.000659025518630766,0.000166980825087053,0.02151));
#3817=CARTESIAN_POINT('',(0.000469608431451022,2.37375186760308E-5,0.02151));
#3818=CARTESIAN_POINT('',(0.000659025518630766,-0.000166539628545835,0.02151));
#3819=CARTESIAN_POINT('',(0.000659025518630766,-0.000166539628545835,0.02151));
#3820=CARTESIAN_POINT('',(0.000659025518630766,-0.000166539628545835,0.02241));
#3821=CARTESIAN_POINT('',(0.00158762013944291,0.000166980825087053,0.02241));
#3822=CARTESIAN_POINT('',(0.00158762013944291,0.000166980825087053,0.02151));
#3823=CARTESIAN_POINT('',(0.00317651198441075,0.000166980825087054,0.02151));
#3824=CARTESIAN_POINT('',(0.00158762013944291,0.000166980825087053,0.02241));
#3825=CARTESIAN_POINT('',(0.00251621476025507,0.000166980825087054,0.02241));
#3826=CARTESIAN_POINT('',(0.00251621476025507,0.000166980825087054,0.02241));
#3827=CARTESIAN_POINT('',(0.00251618638503512,0.000166980825087054,0.0221699999858024));
#3828=CARTESIAN_POINT('',(0.00251617219804997,0.000166980825087054,0.0221699857911364));
#3829=CARTESIAN_POINT('',(0.00273628601375538,0.000166980825087054,0.0219499910813068));
#3830=CARTESIAN_POINT('',(0.00295639964128503,0.000166980825087054,0.0217299961831971));
#3831=CARTESIAN_POINT('',(0.00317651197777759,0.000166980825087054,0.0215099999933633));
#3832=CARTESIAN_POINT('',(0.00158762013944291,-0.000166539628545835,0.02241));
#3833=CARTESIAN_POINT('',(0.00158762013944291,-0.000166539628545835,0.02151));
#3834=CARTESIAN_POINT('',(0.00251621476025507,-0.000166539628545835,0.02151));
#3835=CARTESIAN_POINT('',(0.00251621476025507,-0.000166539628545835,0.02241));
#3836=CARTESIAN_POINT('',(0.00251621476025507,-0.000166539628545835,0.0219000000000039));
#3837=CARTESIAN_POINT('',(0.00251620802933034,-0.000166539628545835,0.0219000067312924));
#3838=CARTESIAN_POINT('',(0.00268621491972221,-0.000166539628545835,0.022070004434255));
#3839=CARTESIAN_POINT('',(0.00285622175817709,-0.00016653962854583,0.0222400021891573));
#3840=CARTESIAN_POINT('',(0.00302622854016147,-0.00016653962854583,0.0224100000005331));
#3841=CARTESIAN_POINT('',(0.00302622854069461,-0.000166539740295238,0.02241));
#3842=CARTESIAN_POINT('',(0.00158762013944291,-0.000166539628545835,0.02241));
#3843=CARTESIAN_POINT('',(0.0284953940821098,-0.000925627519041277,0.0219000000000039));
#3844=CARTESIAN_POINT('',(0.0284953940821098,-0.000925627519041277,0.0215070353886656));
#3845=CARTESIAN_POINT('',(0.0284009979553136,-0.00122438216372941,0.0219000000000039));
#3846=CARTESIAN_POINT('',(0.0284009979553136,-0.00122438216372941,0.0215070353886656));
#3847=CARTESIAN_POINT('',(0.0280990908536357,-0.00178987415361655,0.0219000000000039));
#3848=CARTESIAN_POINT('',(0.0280990908536357,-0.00178987415361655,0.0215070353886657));
#3849=CARTESIAN_POINT('',(0.0268703806230476,-0.00241520711555033,0.0219000000000039));
#3850=CARTESIAN_POINT('',(0.0268703806230476,-0.00241520711555033,0.0215070353886656));
#3851=CARTESIAN_POINT('',(0.0247765109650275,-0.00278061844112956,0.0219000000000039));
#3852=CARTESIAN_POINT('',(0.0247765109650275,-0.00278061844112956,0.0215070353886656));
#3853=CARTESIAN_POINT('',(0.0212215660481316,-0.00300371712888566,0.0219000000000039));
#3854=CARTESIAN_POINT('',(0.0212215660481316,-0.00300371712888566,0.0215070353886656));
#3855=CARTESIAN_POINT('',(0.0169540926638398,-0.00291473776157438,0.0219000000000039));
#3856=CARTESIAN_POINT('',(0.0169540926638398,-0.00291473776157438,0.0215070353886657));
#3857=CARTESIAN_POINT('',(0.0129127693606125,-0.00270055562502602,0.0219000000000039));
#3858=CARTESIAN_POINT('',(0.0129127693606125,-0.00270055562502602,0.0215070353886656));
#3859=CARTESIAN_POINT('',(0.0102144760754492,-0.0025210217513959,0.0219000000000039));
#3860=CARTESIAN_POINT('',(0.0102144760754492,-0.0025210217513959,0.0215070353886656));
#3861=CARTESIAN_POINT('',(0.00812632183864789,-0.00237724966473062,0.0219000000000039));
#3862=CARTESIAN_POINT('',(0.00812632183864789,-0.00237724966473062,0.0215070353886656));
#3863=CARTESIAN_POINT('',(0.00611526157722068,-0.00222936782233611,0.0219000000000039));
#3864=CARTESIAN_POINT('',(0.00611526157722068,-0.00222936782233611,0.0215070353886656));
#3865=CARTESIAN_POINT('',(0.00450221185671864,-0.00203778523566679,0.0219000000000039));
#3866=CARTESIAN_POINT('',(0.00450221185671864,-0.00203778523566679,0.0215070353886657));
#3867=CARTESIAN_POINT('',(0.00284241505736078,-0.00160901943607402,0.0219000000000039));
#3868=CARTESIAN_POINT('',(0.00284241505736078,-0.00160901943607402,0.0215070353886656));
#3869=CARTESIAN_POINT('',(0.00250504449113947,-0.00111646257081133,0.0219000000000039));
#3870=CARTESIAN_POINT('',(0.00250504449113947,-0.00111646257081133,0.0215070353886657));
#3871=CARTESIAN_POINT('',(0.00252040223732143,-0.000581843126542226,0.0219000000000039));
#3872=CARTESIAN_POINT('',(0.00252040223732143,-0.000581843126542226,0.0215070353886656));
#3873=CARTESIAN_POINT('',(0.00251621476025507,-0.000166539628545835,0.0219000000000039));
#3874=CARTESIAN_POINT('',(0.00251621476025507,-0.000166539628545835,0.0215070353886656));
#3875=CARTESIAN_POINT('',(0.0281236884438714,-0.00159816342491987,0.0215093791139818));
#3876=CARTESIAN_POINT('',(0.0282715535377783,-0.00143052692575526,0.0216701149455671));
#3877=CARTESIAN_POINT('',(0.0283858975521115,-0.00123462806085811,0.0218003217900677));
#3878=CARTESIAN_POINT('',(0.0284666627534925,-0.00101067433867925,0.0218999996474834));
#3879=CARTESIAN_POINT('',(0.0281239127897421,-0.00159790901834405,0.0215098668139817));
#3880=CARTESIAN_POINT('',(0.0284661063443068,-0.0010104852824608,0.0219000114343376));
#3881=CARTESIAN_POINT('',(0.0284666584934428,-0.00101068615125746,0.0218999999999999));
#3882=CARTESIAN_POINT('',(0.028360783607685,-0.00130426110988331,0.0218999999999999));
#3883=CARTESIAN_POINT('',(0.0280265700843248,-0.00185656952454432,0.0219));
#3884=CARTESIAN_POINT('',(0.0267218620915473,-0.00245403973786292,0.0218999999999999));
#3885=CARTESIAN_POINT('',(0.0245867588900961,-0.00279984972191264,0.0218999999999999));
#3886=CARTESIAN_POINT('',(0.0210067641710884,-0.00300399908695892,0.0218999999999999));
#3887=CARTESIAN_POINT('',(0.0157006305091279,-0.00288343199746832,0.0218999999999999));
#3888=CARTESIAN_POINT('',(0.0107843232524003,-0.00256033366148145,0.0218999999999999));
#3889=CARTESIAN_POINT('',(0.00805446206890941,-0.00237233953830549,0.0218999999999999));
#3890=CARTESIAN_POINT('',(0.00607857800733899,-0.00222565249275648,0.0218999999999999));
#3891=CARTESIAN_POINT('',(0.00448041000853865,-0.0020349288642122,0.0218999999999999));
#3892=CARTESIAN_POINT('',(0.0024971020463684,-0.00151221485344619,0.0218999999999999));
#3893=CARTESIAN_POINT('',(0.00252453975738454,-0.000992192013953571,0.0218999999999999));
#3894=CARTESIAN_POINT('',(0.00251621476025507,-0.000166539628545835,0.0218999999999999));
#3895=CARTESIAN_POINT('',(0.0286572044715286,0.,0.02151));
#3896=CARTESIAN_POINT('',(0.0285710570202307,-0.000797961575076567,0.02151));
#3897=CARTESIAN_POINT('',(0.0282498439970415,-0.00377688138299252,0.02151));
#3898=CARTESIAN_POINT('',(0.00903050423923455,-0.00243273896572067,0.02151));
#3899=CARTESIAN_POINT('',(0.00497463415211742,-0.00216465642792599,0.02151));
#3900=CARTESIAN_POINT('',(0.00246662594778081,-0.00151843448234984,0.02151));
#3901=CARTESIAN_POINT('',(0.00252383144412431,-0.000921943277067642,0.02151));
#3902=CARTESIAN_POINT('',(0.00251621476025507,-0.000166539628545835,0.02151));
#3903=CARTESIAN_POINT('',(0.00251621476025507,0.000166980825087054,0.0224134438481653));
#3904=CARTESIAN_POINT('',(0.00251621476025507,0.000166980825087054,0.022169999999911));
#3905=CARTESIAN_POINT('',(0.00252271952943355,0.000379701800064499,0.0224134438481653));
#3906=CARTESIAN_POINT('',(0.00252271952943355,0.000379701800064499,0.022169999999911));
#3907=CARTESIAN_POINT('',(0.00252850249837776,0.000809053375334627,0.0224134438481653));
#3908=CARTESIAN_POINT('',(0.00252850249837776,0.000809053375334627,0.0221699999999109));
#3909=CARTESIAN_POINT('',(0.00291760637285784,0.00126648375896806,0.0224134438481653));
#3910=CARTESIAN_POINT('',(0.00291760637285784,0.00126648375896806,0.022169999999911));
#3911=CARTESIAN_POINT('',(0.00377196249257702,0.00149229829457218,0.0224134438481653));
#3912=CARTESIAN_POINT('',(0.00377196249257702,0.00149229829457218,0.0221699999999109));
#3913=CARTESIAN_POINT('',(0.00509160767349705,0.00167177924374302,0.0224134438481653));
#3914=CARTESIAN_POINT('',(0.00509160767349705,0.00167177924374302,0.022169999999911));
#3915=CARTESIAN_POINT('',(0.00645207765453062,0.00183142863824806,0.0224134438481653));
#3916=CARTESIAN_POINT('',(0.00645207765453062,0.00183142863824806,0.022169999999911));
#3917=CARTESIAN_POINT('',(0.00862929489901432,0.00208002603972241,0.0224134438481654));
#3918=CARTESIAN_POINT('',(0.00862929489901432,0.00208002603972241,0.022169999999911));
#3919=CARTESIAN_POINT('',(0.0108860390650052,0.00235162648012024,0.0224134438481653));
#3920=CARTESIAN_POINT('',(0.0108860390650052,0.00235162648012024,0.0221699999999109));
#3921=CARTESIAN_POINT('',(0.0136687361935277,0.00267359692161016,0.0224134438481653));
#3922=CARTESIAN_POINT('',(0.0136687361935277,0.00267359692161016,0.022169999999911));
#3923=CARTESIAN_POINT('',(0.0177400927533774,0.0030778615318628,0.0224134438481653));
#3924=CARTESIAN_POINT('',(0.0177400927533774,0.0030778615318628,0.022169999999911));
#3925=CARTESIAN_POINT('',(0.0229489077035016,0.00337933467344155,0.0224134438481654));
#3926=CARTESIAN_POINT('',(0.0229489077035016,0.00337933467344155,0.022169999999911));
#3927=CARTESIAN_POINT('',(0.027629244015353,0.00292824655246985,0.0224134438481653));
#3928=CARTESIAN_POINT('',(0.027629244015353,0.00292824655246985,0.0221699999999109));
#3929=CARTESIAN_POINT('',(0.0283767219831878,0.00170895537132333,0.0224134438481653));
#3930=CARTESIAN_POINT('',(0.0283767219831878,0.00170895537132333,0.022169999999911));
#3931=CARTESIAN_POINT('',(0.0285300846574857,0.00101544411786102,0.0224134438481653));
#3932=CARTESIAN_POINT('',(0.0285300846574857,0.00101544411786102,0.022169999999911));
#3933=CARTESIAN_POINT('',(0.00251621476025507,0.000166980825087054,0.02241));
#3934=CARTESIAN_POINT('',(0.00252629834430332,0.000496737311621112,0.02241));
#3935=CARTESIAN_POINT('',(0.00255098750227933,0.00129325669460185,0.02241));
#3936=CARTESIAN_POINT('',(0.00498107312704312,0.00168198320892124,0.02241));
#3937=CARTESIAN_POINT('',(0.0090501100754214,0.00209162688279473,0.02241));
#3938=CARTESIAN_POINT('',(0.0282971798234321,0.00452200801903284,0.02241));
#3939=CARTESIAN_POINT('',(0.0285765291255663,0.00101334404359514,0.02241));
#3940=CARTESIAN_POINT('',(0.0286572044715286,-7.79079906240754E-19,0.02241));
#3941=CARTESIAN_POINT('',(0.0283219035460264,0.00162233741715244,0.0224103200995493));
#3942=CARTESIAN_POINT('',(0.0283212116241032,0.00162371830282487,0.0224119918967841));
#3943=CARTESIAN_POINT('',(0.0284026350649065,0.00146139654009609,0.0223313279311893));
#3944=CARTESIAN_POINT('',(0.0284620338586038,0.00129061057857836,0.0222506639655945));
#3945=CARTESIAN_POINT('',(0.0285067060644086,0.00111416619254521,0.0221699999999997));
#3946=CARTESIAN_POINT('',(0.028506825130062,0.00111517064683102,0.02217));
#3947=CARTESIAN_POINT('',(0.0285064735581542,0.00111508396007339,0.0221700000000001));
#3948=CARTESIAN_POINT('',(0.028420090791968,0.0014558472620002,0.0221700000000001));
#3949=CARTESIAN_POINT('',(0.0281421138527742,0.00209673986668695,0.0221700000000001));
#3950=CARTESIAN_POINT('',(0.0266874534232117,0.0030347866939168,0.0221700000000001));
#3951=CARTESIAN_POINT('',(0.0227384470957844,0.00337642997061182,0.0221700000000001));
#3952=CARTESIAN_POINT('',(0.0175429840929823,0.00306128448609918,0.0221700000000001));
#3953=CARTESIAN_POINT('',(0.0135098393379873,0.0026561041580055,0.0221700000000001));
#3954=CARTESIAN_POINT('',(0.0107637386611903,0.00233680735012951,0.0221700000000001));
#3955=CARTESIAN_POINT('',(0.00855079259654291,0.00207091246104331,0.0221700000000001));
#3956=CARTESIAN_POINT('',(0.00641216273918352,0.00182692082864758,0.0221700000000001));
#3957=CARTESIAN_POINT('',(0.00506651407466201,0.00166876550116842,0.0221700000000001));
#3958=CARTESIAN_POINT('',(0.00375451530169725,0.00148921100716596,0.0221700000000001));
#3959=CARTESIAN_POINT('',(0.00291054264498037,0.00126216482327787,0.0221700000000001));
#3960=CARTESIAN_POINT('',(0.00252860921528796,0.000805092394143527,0.0221700000000001));
#3961=CARTESIAN_POINT('',(0.00252268037256025,0.000378421279538664,0.0221700000000001));
#3962=CARTESIAN_POINT('',(0.00251621476201104,0.000166980882511197,0.0221700000000001));
#3963=CARTESIAN_POINT('',(-5.41937516185947E-7,-4.26806517241085E-6,0.02241));
#3964=CARTESIAN_POINT('',(0.00302622854069461,-0.000166539740295237,0.02241));
#3965=CARTESIAN_POINT('',(0.00302695271046909,-0.000242430949550073,0.02241));
#3966=CARTESIAN_POINT('',(0.00302804996185719,-0.000365138730205499,0.02241));
#3967=CARTESIAN_POINT('',(0.00302852943181353,-0.000493272134683047,0.02241));
#3968=CARTESIAN_POINT('',(0.00303103461476615,-0.000739671301410216,0.02241));
#3969=CARTESIAN_POINT('',(0.00306058682904023,-0.000956020916684979,0.02241));
#3970=CARTESIAN_POINT('',(0.00310501573124647,-0.00105280664517209,0.02241));
#3971=CARTESIAN_POINT('',(0.00325768597369226,-0.00112535302401779,0.02241));
#3972=CARTESIAN_POINT('',(0.00344053809490487,-0.00120359174041345,0.02241));
#3973=CARTESIAN_POINT('',(0.00364107596896053,-0.00126812005177463,0.02241));
#3974=CARTESIAN_POINT('',(0.0038142097649938,-0.0013173686465112,0.02241));
#3975=CARTESIAN_POINT('',(0.0039845887764358,-0.00136097659867544,0.02241));
#3976=CARTESIAN_POINT('',(0.0040581919275555,-0.00137851686801766,0.02241));
#3977=CARTESIAN_POINT('',(0.00419372327802377,-0.00141012378375811,0.02241));
#3978=CARTESIAN_POINT('',(0.00442223010082037,-0.00145944875050428,0.02241));
#3979=CARTESIAN_POINT('',(0.00477973877047562,-0.00152701703426632,0.02241));
#3980=CARTESIAN_POINT('',(0.00515876186207702,-0.00158638697202511,0.02241));
#3981=CARTESIAN_POINT('',(0.00544764151932913,-0.00162535926078979,0.02241));
#3982=CARTESIAN_POINT('',(0.00560464944802745,-0.00164516706171908,0.02241));
#3983=CARTESIAN_POINT('',(0.00575926281396101,-0.0016634702606182,0.02241));
#3984=CARTESIAN_POINT('',(0.00578340715786099,-0.0016660964826931,0.02241));
#3985=CARTESIAN_POINT('',(0.00586757772434206,-0.00167539533713565,0.02241));
#3986=CARTESIAN_POINT('',(0.00600650384650377,-0.00168977287629692,0.02241));
#3987=CARTESIAN_POINT('',(0.00625486396737593,-0.00171361793571324,0.02241));
#3988=CARTESIAN_POINT('',(0.0066094189982841,-0.0017447747046658,0.02241));
#3989=CARTESIAN_POINT('',(0.00716649080818386,-0.0017907307832776,0.02241));
#3990=CARTESIAN_POINT('',(0.00784286851677627,-0.00184265960459307,0.02241));
#3991=CARTESIAN_POINT('',(0.00855071542744714,-0.00189415829549329,0.02241));
#3992=CARTESIAN_POINT('',(0.00897353949903573,-0.00192428718114402,0.02241));
#3993=CARTESIAN_POINT('',(0.00934092881547441,-0.00195008778807387,0.02241));
#3994=CARTESIAN_POINT('',(0.00959035580492585,-0.00196741465035442,0.02241));
#3995=CARTESIAN_POINT('',(0.00995872575899533,-0.00199280926486896,0.02241));
#3996=CARTESIAN_POINT('',(0.0105735964106474,-0.00203455609670606,0.02241));
#3997=CARTESIAN_POINT('',(0.0114299495857814,-0.00209093573107305,0.02241));
#3998=CARTESIAN_POINT('',(0.0124025783893621,-0.00215198627028483,0.02241));
#3999=CARTESIAN_POINT('',(0.0133253516421834,-0.0022067989526013,0.02241));
#4000=CARTESIAN_POINT('',(0.0141974529754093,-0.00225529622459168,0.02241));
#4001=CARTESIAN_POINT('',(0.0150170084085629,-0.00229742113484584,0.02241));
#4002=CARTESIAN_POINT('',(0.015663109928417,-0.00232746939117016,0.02241));
#4003=CARTESIAN_POINT('',(0.0160823021458909,-0.00234533939479853,0.02241));
#4004=CARTESIAN_POINT('',(0.0163324013403503,-0.0023553902180264,0.02241));
#4005=CARTESIAN_POINT('',(0.0164691423758866,-0.00236076360677151,0.02241));
#4006=CARTESIAN_POINT('',(0.0167848683898427,-0.00237250922268228,0.02241));
#4007=CARTESIAN_POINT('',(0.0171376845189344,-0.0023847193630615,0.02241));
#4008=CARTESIAN_POINT('',(0.0177728527811499,-0.00240468632723846,0.02241));
#4009=CARTESIAN_POINT('',(0.0186307323320678,-0.00242530702370335,0.02241));
#4010=CARTESIAN_POINT('',(0.0196124315067494,-0.00243863016500977,0.02241));
#4011=CARTESIAN_POINT('',(0.0205379279831699,-0.00244020512709301,0.02241));
#4012=CARTESIAN_POINT('',(0.0214095578058047,-0.00243011388257357,0.02241));
#4013=CARTESIAN_POINT('',(0.0220902789747953,-0.00241198150187995,0.02241));
#4014=CARTESIAN_POINT('',(0.0226081012099478,-0.0023916036162788,0.02241));
#4015=CARTESIAN_POINT('',(0.0229817015463862,-0.00237348971964311,0.02241));
#4016=CARTESIAN_POINT('',(0.0232853970570942,-0.0023556762772598,0.02241));
#4017=CARTESIAN_POINT('',(0.0234847805150137,-0.00234248904596129,0.02241));
#4018=CARTESIAN_POINT('',(0.0236083381684636,-0.00233371456617514,0.02241));
#4019=CARTESIAN_POINT('',(0.0236682552710333,-0.00232941304087917,0.02241));
#4020=CARTESIAN_POINT('',(0.02384926427213,-0.0023155186272753,0.02241));
#4021=CARTESIAN_POINT('',(0.0240434929190792,-0.00229933430920143,0.02241));
#4022=CARTESIAN_POINT('',(0.0243933916393649,-0.00226746059356015,0.02241));
#4023=CARTESIAN_POINT('',(0.0248537216579484,-0.00221671330733803,0.02241));
#4024=CARTESIAN_POINT('',(0.0253641680792902,-0.00214596419138675,0.02241));
#4025=CARTESIAN_POINT('',(0.0259815847328702,-0.00203886678494577,0.02241));
#4026=CARTESIAN_POINT('',(0.0265051264200874,-0.00191341587532245,0.02241));
#4027=CARTESIAN_POINT('',(0.0268856781863604,-0.0017849625673085,0.02241));
#4028=CARTESIAN_POINT('',(0.0270506302140904,-0.00171917176185075,0.02241));
#4029=CARTESIAN_POINT('',(0.0271471747354238,-0.00167617911230862,0.02241));
#4030=CARTESIAN_POINT('',(0.0271938577160407,-0.00165520102880342,0.02241));
#4031=CARTESIAN_POINT('',(0.0273248978027558,-0.00158827347750117,0.02241));
#4032=CARTESIAN_POINT('',(0.0274570534237706,-0.00150791342897354,0.02241));
#4033=CARTESIAN_POINT('',(0.0276144433202247,-0.00139066497597739,0.02241));
#4034=CARTESIAN_POINT('',(0.0277652454720553,-0.00123916779046797,0.02241));
#4035=CARTESIAN_POINT('',(0.0278949650086717,-0.00105358913993099,0.02241));
#4036=CARTESIAN_POINT('',(0.0279612478114844,-0.000910980330995995,0.02241));
#4037=CARTESIAN_POINT('',(0.0280297652726992,-0.000706648179691324,0.02241));
#4038=CARTESIAN_POINT('',(0.028073494899168,-0.000512489338135416,0.02241));
#4039=CARTESIAN_POINT('',(0.0281003400619658,-0.000351979794750122,0.02241));
#4040=CARTESIAN_POINT('',(0.0281129196532277,-0.00026598415522092,0.02241));
#4041=CARTESIAN_POINT('',(0.0281250986048461,-0.000169538666928497,0.02241));
#4042=CARTESIAN_POINT('',(0.0281232720240563,-0.000183489789291658,0.02241));
#4043=CARTESIAN_POINT('',(0.0281262716487002,-0.000158524552340438,0.02241));
#4044=CARTESIAN_POINT('',(0.028130335642678,-0.000122739089142477,0.02241));
#4045=CARTESIAN_POINT('',(0.028140627438789,-3.19058174335456E-5,0.02241));
#4046=CARTESIAN_POINT('',(0.0281576856515163,0.000121090711904174,0.02241));
#4047=CARTESIAN_POINT('',(0.0281875844974118,0.000390688650056981,0.02241));
#4048=CARTESIAN_POINT('',(0.0282379684342423,0.000847490891028389,0.02241));
#4049=CARTESIAN_POINT('',(0.028292239599084,0.00134140715501913,0.02241));
#4050=CARTESIAN_POINT('',(0.0283228589955753,0.00162042701606391,0.02241));
#4051=CARTESIAN_POINT('',(-5.41937516185947E-7,-4.26806517241085E-6,0.02151));
#4052=CARTESIAN_POINT('',(0.00317651198441075,0.000166981244782202,0.02151));
#4053=CARTESIAN_POINT('',(0.00318059719824893,0.000296153428256329,0.02151));
#4054=CARTESIAN_POINT('',(0.00320017248907224,0.000504574244718676,0.02151));
#4055=CARTESIAN_POINT('',(0.00320944589979305,0.000601809930516348,0.02151));
#4056=CARTESIAN_POINT('',(0.00333619275818611,0.000667405604863169,0.02151));
#4057=CARTESIAN_POINT('',(0.00348151230820217,0.000721498883935323,0.02151));
#4058=CARTESIAN_POINT('',(0.00366423101284086,0.000772833369478658,0.02151));
#4059=CARTESIAN_POINT('',(0.00371467694512673,0.000784537584756146,0.02151));
#4060=CARTESIAN_POINT('',(0.00384180965936502,0.000813894464657723,0.02151));
#4061=CARTESIAN_POINT('',(0.00400642593721385,0.000845980538974266,0.02151));
#4062=CARTESIAN_POINT('',(0.00423566180131889,0.000885323555861067,0.02151));
#4063=CARTESIAN_POINT('',(0.00452747890755237,0.000927801695235804,0.02151));
#4064=CARTESIAN_POINT('',(0.00473576189554142,0.000956017609370894,0.02151));
#4065=CARTESIAN_POINT('',(0.00503997873952451,0.000997080306654038,0.02151));
#4066=CARTESIAN_POINT('',(0.00540436449976372,0.00104425285107036,0.02151));
#4067=CARTESIAN_POINT('',(0.00584700856836291,0.00109884529479908,0.02151));
#4068=CARTESIAN_POINT('',(0.00625206585870809,0.00114574501708896,0.02151));
#4069=CARTESIAN_POINT('',(0.00676061048116828,0.00120302975148258,0.02151));
#4070=CARTESIAN_POINT('',(0.00738131715740305,0.00127388166744276,0.02151));
#4071=CARTESIAN_POINT('',(0.0081381222511179,0.0013608265944989,0.02151));
#4072=CARTESIAN_POINT('',(0.00885242530248835,0.00144404564363423,0.02151));
#4073=CARTESIAN_POINT('',(0.00932169225158331,0.00149927651087982,0.02151));
#4074=CARTESIAN_POINT('',(0.00959814961901152,0.00153200151851977,0.02151));
#4075=CARTESIAN_POINT('',(0.00976078659730222,0.00155134798829876,0.02151));
#4076=CARTESIAN_POINT('',(0.0100790447447574,0.00158918980465916,0.02151));
#4077=CARTESIAN_POINT('',(0.0104420885302604,0.00163208359711383,0.02151));
#4078=CARTESIAN_POINT('',(0.0110887826220926,0.00170795014457824,0.02151));
#4079=CARTESIAN_POINT('',(0.0119573308103763,0.00180810087124685,0.02151));
#4080=CARTESIAN_POINT('',(0.0129386617264403,0.00191841655209171,0.02151));
#4081=CARTESIAN_POINT('',(0.0138516656429404,0.00201798058536219,0.02151));
#4082=CARTESIAN_POINT('',(0.0146983890055689,0.00210703589920596,0.02151));
#4083=CARTESIAN_POINT('',(0.0153481032686316,0.00217242034774205,0.02151));
#4084=CARTESIAN_POINT('',(0.0158348897189224,0.00221947996704434,0.02151));
#4085=CARTESIAN_POINT('',(0.0161822742623441,0.00225204780007042,0.02151));
#4086=CARTESIAN_POINT('',(0.0164610820416656,0.00227725963621332,0.02151));
#4087=CARTESIAN_POINT('',(0.0166426137892015,0.00229321754175962,0.02151));
#4088=CARTESIAN_POINT('',(0.0167541479098382,0.00230284158522728,0.02151));
#4089=CARTESIAN_POINT('',(0.0168089016810375,0.00230754138208749,0.02151));
#4090=CARTESIAN_POINT('',(0.0169690838285192,0.00232107118143442,0.02151));
#4091=CARTESIAN_POINT('',(0.0171444173244236,0.00233561140458874,0.02151));
#4092=CARTESIAN_POINT('',(0.0174654721054672,0.00236165949999671,0.02151));
#4093=CARTESIAN_POINT('',(0.0179063622124583,0.00239560575256395,0.02151));
#4094=CARTESIAN_POINT('',(0.0184253323726576,0.00243268125502086,0.02151));
#4095=CARTESIAN_POINT('',(0.0190973227436259,0.00247667968164839,0.02151));
#4096=CARTESIAN_POINT('',(0.0199028679898536,0.00252174157969633,0.02151));
#4097=CARTESIAN_POINT('',(0.0208134483439634,0.0025598391174711,0.02151));
#4098=CARTESIAN_POINT('',(0.0216682944791969,0.00258197669250151,0.02151));
#4099=CARTESIAN_POINT('',(0.0223338933290306,0.00258713454853219,0.02151));
#4100=CARTESIAN_POINT('',(0.0228389253830506,0.00258325474098924,0.02151));
#4101=CARTESIAN_POINT('',(0.0232024273842096,0.00257642545933616,0.02151));
#4102=CARTESIAN_POINT('',(0.0234978682912358,0.00256718402921173,0.02151));
#4103=CARTESIAN_POINT('',(0.0236904052855499,0.00255941126907597,0.02151));
#4104=CARTESIAN_POINT('',(0.0238114257136204,0.00255378084386719,0.02151));
#4105=CARTESIAN_POINT('',(0.0238654159762239,0.00255125258544879,0.02151));
#4106=CARTESIAN_POINT('',(0.0240557702919514,0.00254104418503032,0.02151));
#4107=CARTESIAN_POINT('',(0.024256209825265,0.00252853199081944,0.02151));
#4108=CARTESIAN_POINT('',(0.0246176345848004,0.00250224994417697,0.02151));
#4109=CARTESIAN_POINT('',(0.0250875692917759,0.0024559032965243,0.02151));
#4110=CARTESIAN_POINT('',(0.0256015080381807,0.00238492176785025,0.02151));
#4111=CARTESIAN_POINT('',(0.0262109027146099,0.0022707659698159,0.02151));
#4112=CARTESIAN_POINT('',(0.0267133200039012,0.00212406600839509,0.02151));
#4113=CARTESIAN_POINT('',(0.0270490385706412,0.00197557805313602,0.02151));
#4114=CARTESIAN_POINT('',(0.0272241929222589,0.00187386652855096,0.02151));
#4115=CARTESIAN_POINT('',(0.0273111569489778,0.00182009972592047,0.02151));
#4116=CARTESIAN_POINT('',(0.0275013097003956,0.00166215146412752,0.02151));
#4117=CARTESIAN_POINT('',(0.0276327683430507,0.00149657995367992,0.02151));
#4118=CARTESIAN_POINT('',(0.027745678252069,0.00130957837658265,0.02151));
#4119=CARTESIAN_POINT('',(0.0278413407604088,0.00105981579430798,0.02151));
#4120=CARTESIAN_POINT('',(0.0278744051611109,0.000926422778961875,0.02151));
#4121=CARTESIAN_POINT('',(0.0279174314224236,0.000714160729574248,0.02151));
#4122=CARTESIAN_POINT('',(0.0279449413390938,0.000519399677038508,0.02151));
#4123=CARTESIAN_POINT('',(0.0279630303999401,0.000358617736537774,0.02151));
#4124=CARTESIAN_POINT('',(0.0279717292354062,0.000272663481760003,0.02151));
#4125=CARTESIAN_POINT('',(0.0279804286332016,0.000176742565927023,0.02151));
#4126=CARTESIAN_POINT('',(0.0279791980174229,0.000189897117764813,0.02151));
#4127=CARTESIAN_POINT('',(0.027981415897767,0.000164439457768301,0.02151));
#4128=CARTESIAN_POINT('',(0.0279844670940778,0.000127793493732711,0.02151));
#4129=CARTESIAN_POINT('',(0.0279920378155086,3.64957256013477E-5,0.02151));
#4130=CARTESIAN_POINT('',(0.028004510115032,-0.000116073337456527,0.02151));
#4131=CARTESIAN_POINT('',(0.0280262785222474,-0.00038370335628744,0.02151));
#4132=CARTESIAN_POINT('',(0.0280628372188874,-0.000835463620338698,0.02151));
#4133=CARTESIAN_POINT('',(0.0281021167661095,-0.00132258374405197,0.02151));
#4134=CARTESIAN_POINT('',(0.0281242595880497,-0.00159751559047733,0.02151));
#4135=CARTESIAN_POINT('',(-0.00317401349782093,2.29209892245467E-5,0.0215060388162512));
#4136=CARTESIAN_POINT('',(-0.00317580030443586,-4.9456813571636E-5,0.0215060388162512));
#4137=CARTESIAN_POINT('',(-0.00317826473282592,-0.00012132073950557,0.0215060388162512));
#4138=CARTESIAN_POINT('',(-0.00318528321590513,-0.000231294440715131,0.0215060388162512));
#4139=CARTESIAN_POINT('',(-0.00318547276651771,-0.000272845338725891,0.0215060388162512));
#4140=CARTESIAN_POINT('',(-0.0031897286513876,-0.000353943869044782,0.0215060388162512));
#4141=CARTESIAN_POINT('',(-0.00319246446762114,-0.000394449736041995,0.0215060388162512));
#4142=CARTESIAN_POINT('',(-0.00319927350156732,-0.0004547119559733,0.0215060388162512));
#4143=CARTESIAN_POINT('',(-0.00320194005681141,-0.000474762475092948,0.0215060388162512));
#4144=CARTESIAN_POINT('',(-0.00320709654984196,-0.000504606451413891,0.0215060388162512));
#4145=CARTESIAN_POINT('',(-0.00320900128381914,-0.000514536528349181,0.0215060388162512));
#4146=CARTESIAN_POINT('',(-0.0032133457274019,-0.000534278025667548,0.0215060388162512));
#4147=CARTESIAN_POINT('',(-0.00321578178620664,-0.00054413961182561,0.0215060388162512));
#4148=CARTESIAN_POINT('',(-0.00322145802705383,-0.000563461565770612,0.0215060388162512));
#4149=CARTESIAN_POINT('',(-0.00322478461261112,-0.000572897606982964,0.0215060388162512));
#4150=CARTESIAN_POINT('',(-0.00322964109516058,-0.0005843713544367,0.0215060388162512));
#4151=CARTESIAN_POINT('',(-0.00323071203759099,-0.000586558972710369,0.0215060388162512));
#4152=CARTESIAN_POINT('',(-0.00323249676888911,-0.000589791826247593,0.0215060388162512));
#4153=CARTESIAN_POINT('',(-0.0032330285629512,-0.000590761678550884,0.0215060388162512));
#4154=CARTESIAN_POINT('',(-0.00323432263907029,-0.000592736467706773,0.0215060388162512));
#4155=CARTESIAN_POINT('',(-0.00323465371032435,-0.00059311735983486,0.0215060388162512));
#4156=CARTESIAN_POINT('',(-0.00323638439299046,-0.000594833282585257,0.0215060388162512));
#4157=CARTESIAN_POINT('',(-0.00323728448957662,-0.000595627451108504,0.0215060388162512));
#4158=CARTESIAN_POINT('',(-0.00323914882077234,-0.00059726584451289,0.0215060388162512));
#4159=CARTESIAN_POINT('',(-0.00324010373057345,-0.000598076129054919,0.0215060388162512));
#4160=CARTESIAN_POINT('',(-0.00324299293870304,-0.000600470700953624,0.0215060388162512));
#4161=CARTESIAN_POINT('',(-0.00324497823173191,-0.000602033485847754,0.0215060388162512));
#4162=CARTESIAN_POINT('',(-0.00325098438054153,-0.000606615465084621,0.0215060388162512));
#4163=CARTESIAN_POINT('',(-0.00325512670921242,-0.000609557974530312,0.0215060388162512));
#4164=CARTESIAN_POINT('',(-0.00326353821731369,-0.000615270115428571,0.0215060388162512));
#4165=CARTESIAN_POINT('',(-0.00326781071294643,-0.000618033727716569,0.0215060388162512));
#4166=CARTESIAN_POINT('',(-0.00328075642906337,-0.000626107785939689,0.0215060388162512));
#4167=CARTESIAN_POINT('',(-0.00328958741379577,-0.000631201930274332,0.0215060388162512));
#4168=CARTESIAN_POINT('',(-0.00331638872336438,-0.000645892414596183,0.0215060388162512));
#4169=CARTESIAN_POINT('',(-0.00333482512201238,-0.000654888857739446,0.0215060388162512));
#4170=CARTESIAN_POINT('',(-0.00337191210090833,-0.000671708824458211,0.0215060388162512));
#4171=CARTESIAN_POINT('',(-0.00339067818225724,-0.000679551189040336,0.0215060388162512));
#4172=CARTESIAN_POINT('',(-0.0034473011898919,-0.000701846132421985,0.0215060388162512));
#4173=CARTESIAN_POINT('',(-0.00348566638204423,-0.000715036678239023,0.0215060388162512));
#4174=CARTESIAN_POINT('',(-0.00360154533992482,-0.000751780132504712,0.0215060388162512));
#4175=CARTESIAN_POINT('',(-0.00368030001382753,-0.000771872098154677,0.0215060388162512));
#4176=CARTESIAN_POINT('',(-0.00391809932794632,-0.000827300897404904,0.0215060388162512));
#4177=CARTESIAN_POINT('',(-0.00407885610392875,-0.000854096103668208,0.0215060388162512));
#4178=CARTESIAN_POINT('',(-0.00455899346401365,-0.000931386919930011,0.0215060388162512));
#4179=CARTESIAN_POINT('',(-0.00488301509265008,-0.000967951582881697,0.0215060388162512));
#4180=CARTESIAN_POINT('',(-0.00584583907966324,-0.00110036103330205,0.0215060388162512));
#4181=CARTESIAN_POINT('',(-0.00649355471529942,-0.00116652199458741,0.0215060388162512));
#4182=CARTESIAN_POINT('',(-0.0077839671005127,-0.00131486101581665,0.0215060388162512));
#4183=CARTESIAN_POINT('',(-0.00842920796700305,-0.0013888090402073,0.0215060388162512));
#4184=CARTESIAN_POINT('',(-0.0103639998605787,-0.00161798626372081,0.0215060388162512));
#4185=CARTESIAN_POINT('',(-0.011653505170073,-0.00177441595088118,0.0215060388162512));
#4186=CARTESIAN_POINT('',(-0.0142350670416776,-0.00206138009018168,0.0215060388162512));
#4187=CARTESIAN_POINT('',(-0.0155276308189495,-0.00219409230999528,0.0215060388162512));
#4188=CARTESIAN_POINT('',(-0.018115146524626,-0.00241397401167182,0.0215060388162512));
#4189=CARTESIAN_POINT('',(-0.0194091964848375,-0.00250375810179612,0.0215060388162512));
#4190=CARTESIAN_POINT('',(-0.0213521188387348,-0.00257211763020114,0.0215060388162512));
#4191=CARTESIAN_POINT('',(-0.0220000126902115,-0.00258496413784182,0.0215060388162512));
#4192=CARTESIAN_POINT('',(-0.0232967046377608,-0.00257450484805056,0.0215060388162512));
#4193=CARTESIAN_POINT('',(-0.0239452828462741,-0.00255374072283292,0.0215060388162512));
#4194=CARTESIAN_POINT('',(-0.0249199433798228,-0.00246897904579353,0.0215060388162512));
#4195=CARTESIAN_POINT('',(-0.025245638599949,-0.00243276406050012,0.0215060388162512));
#4196=CARTESIAN_POINT('',(-0.0258888434122634,-0.00233069598996763,0.0215060388162512));
#4197=CARTESIAN_POINT('',(-0.0262083586558548,-0.00226702908846677,0.0215060388162512));
#4198=CARTESIAN_POINT('',(-0.0268318478601445,-0.00207869639235969,0.0215060388162512));
#4199=CARTESIAN_POINT('',(-0.0271422934477764,-0.0019540637791971,0.0215060388162512));
#4200=CARTESIAN_POINT('',(-0.0276534165240533,-0.00153421634759994,0.0215060388162512));
#4201=CARTESIAN_POINT('',(-0.0278034656026838,-0.0012245927128775,0.0215060388162512));
#4202=CARTESIAN_POINT('',(-0.0279474544300208,-0.000583939708483076,0.0215060388162512));
#4203=CARTESIAN_POINT('',(-0.027971613197642,-0.000252950199902772,0.0215060388162512));
#4204=CARTESIAN_POINT('',(-0.0280248400362188,0.000404544821552432,0.0215060388162512));
#4205=CARTESIAN_POINT('',(-0.0280483457261062,0.000733730220471856,0.0215060388162512));
#4206=CARTESIAN_POINT('',(-0.0280971836806265,0.00129836064261523,0.0215060388162512));
#4207=CARTESIAN_POINT('',(-0.0281164523406631,0.00153464972117362,0.0215060388162512));
#4208=CARTESIAN_POINT('',(-0.028135188475755,0.00177101261492656,0.0215060388162512));
#4209=CARTESIAN_POINT('',(-0.00317002753980278,2.27970775819823E-5,0.02151));
#4210=CARTESIAN_POINT('',(-0.0031718090833923,-4.95815251238422E-5,0.02151));
#4211=CARTESIAN_POINT('',(-0.00317427678706687,-0.000121446281454359,0.02151));
#4212=CARTESIAN_POINT('',(-0.00318134027178627,-0.000231421307033804,0.02151));
#4213=CARTESIAN_POINT('',(-0.0031815144460291,-0.000273005302463537,0.02151));
#4214=CARTESIAN_POINT('',(-0.00318577544412323,-0.000354198194313508,0.02151));
#4215=CARTESIAN_POINT('',(-0.0031885123827609,-0.000394767173541726,0.02151));
#4216=CARTESIAN_POINT('',(-0.00319534470207651,-0.000455214704868393,0.02151));
#4217=CARTESIAN_POINT('',(-0.00319801878026728,-0.000475334724651175,0.02151));
#4218=CARTESIAN_POINT('',(-0.00320320192139632,-0.000505330548996971,0.02151));
#4219=CARTESIAN_POINT('',(-0.00320511713513772,-0.000515317487748451,0.02151));
#4220=CARTESIAN_POINT('',(-0.0032094925849703,-0.000535199486016638,0.02151));
#4221=CARTESIAN_POINT('',(-0.00321194633048109,-0.000545140321516032,0.02151));
#4222=CARTESIAN_POINT('',(-0.00321769084902144,-0.000564688829758175,0.02151));
#4223=CARTESIAN_POINT('',(-0.00322104912681816,-0.00057421530094987,0.02151));
#4224=CARTESIAN_POINT('',(-0.00322605199567512,-0.000586056846579376,0.02151));
#4225=CARTESIAN_POINT('',(-0.00322718692588506,-0.000588352158556948,0.02151));
#4226=CARTESIAN_POINT('',(-0.00322903262478871,-0.000591721238482488,0.02151));
#4227=CARTESIAN_POINT('',(-0.00322967113443656,-0.000592823818863102,0.02151));
#4228=CARTESIAN_POINT('',(-0.00323102495249378,-0.000594972390899275,0.02151));
#4229=CARTESIAN_POINT('',(-0.00323183208214343,-0.000595945821254379,0.02151));
#4230=CARTESIAN_POINT('',(-0.00323369796920888,-0.000597699140294972,0.02151));
#4231=CARTESIAN_POINT('',(-0.00323463501083076,-0.000598572394140799,0.02151));
#4232=CARTESIAN_POINT('',(-0.0032365692970308,-0.000600272492843753,0.02151));
#4233=CARTESIAN_POINT('',(-0.00323755062819448,-0.00060110476140778,0.02151));
#4234=CARTESIAN_POINT('',(-0.00324051824279456,-0.000603564869759223,0.02151));
#4235=CARTESIAN_POINT('',(-0.00324253935800258,-0.000605154521707238,0.02151));
#4236=CARTESIAN_POINT('',(-0.00324866000610412,-0.000609825812654931,0.02151));
#4237=CARTESIAN_POINT('',(-0.00325285240736596,-0.000612801710370834,0.02151));
#4238=CARTESIAN_POINT('',(-0.00326136212719706,-0.000618580608615333,0.02151));
#4239=CARTESIAN_POINT('',(-0.00326567640446026,-0.000621370957361111,0.02151));
#4240=CARTESIAN_POINT('',(-0.00327873802604825,-0.00062951758021264,0.02151));
#4241=CARTESIAN_POINT('',(-0.00328762922030302,-0.000634645295585683,0.02151));
#4242=CARTESIAN_POINT('',(-0.00331459980437641,-0.000649430091581374,0.02151));
#4243=CARTESIAN_POINT('',(-0.00333311693345735,-0.000658463620995671,0.02151));
#4244=CARTESIAN_POINT('',(-0.00337034838114241,-0.000675349220431454,0.02151));
#4245=CARTESIAN_POINT('',(-0.00338917411035334,-0.000683215981722185,0.02151));
#4246=CARTESIAN_POINT('',(-0.00344595866779846,-0.000705575050412817,0.02151));
#4247=CARTESIAN_POINT('',(-0.00348440190680304,-0.000718790320051163,0.02151));
#4248=CARTESIAN_POINT('',(-0.00360049460995037,-0.000755604427678334,0.02151));
#4249=CARTESIAN_POINT('',(-0.0036793293012543,-0.000775709529886188,0.02151));
#4250=CARTESIAN_POINT('',(-0.00391737415644815,-0.000831206537063987,0.02151));
#4251=CARTESIAN_POINT('',(-0.0040781725654133,-0.000857988269787785,0.02151));
#4252=CARTESIAN_POINT('',(-0.00455852411879299,-0.000935343385940557,0.02151));
#4253=CARTESIAN_POINT('',(-0.00488245291108457,-0.000971853915111668,0.02151));
#4254=CARTESIAN_POINT('',(-0.00584547019385549,-0.00110434572835962,0.02151));
#4255=CARTESIAN_POINT('',(-0.00649310318038432,-0.00117045733647301,0.02151));
#4256=CARTESIAN_POINT('',(-0.00778351499360232,-0.0013187963370682,0.02151));
#4257=CARTESIAN_POINT('',(-0.00842874944073813,-0.00139274358693015,0.02151));
#4258=CARTESIAN_POINT('',(-0.0103635267176696,-0.00162191912548889,0.02151));
#4259=CARTESIAN_POINT('',(-0.011653043548818,-0.00177835021936043,0.02151));
#4260=CARTESIAN_POINT('',(-0.0142346519725897,-0.00206531953244198,0.02151));
#4261=CARTESIAN_POINT('',(-0.0155272489523059,-0.00219803536197014,0.02151));
#4262=CARTESIAN_POINT('',(-0.0181148567868406,-0.00241792480883779,0.02151));
#4263=CARTESIAN_POINT('',(-0.0194089618167379,-0.00250771406430152,0.02151));
#4264=CARTESIAN_POINT('',(-0.0213520238543683,-0.00257607762995605,0.02151));
#4265=CARTESIAN_POINT('',(-0.0219999703990445,-0.0025889259058159,0.02151));
#4266=CARTESIAN_POINT('',(-0.0232968094746258,-0.0025784652006766,0.02151));
#4267=CARTESIAN_POINT('',(-0.0239454718774338,-0.00255770252475337,0.02151));
#4268=CARTESIAN_POINT('',(-0.0249203571709586,-0.00247291813823189,0.02151));
#4269=CARTESIAN_POINT('',(-0.0252461364554254,-0.00243669627965535,0.02151));
#4270=CARTESIAN_POINT('',(-0.0258895837388002,-0.00233458878276571,0.02151));
#4271=CARTESIAN_POINT('',(-0.0262092557163673,-0.00227090191331699,0.02151));
#4272=CARTESIAN_POINT('',(-0.0268332337888736,-0.00208240986218406,0.02151));
#4273=CARTESIAN_POINT('',(-0.0271441023020121,-0.0019576784212668,0.02151));
#4274=CARTESIAN_POINT('',(-0.0276567007607263,-0.00153667001104023,0.02151));
#4275=CARTESIAN_POINT('',(-0.0278072492014975,-0.00122592485912409,0.02151));
#4276=CARTESIAN_POINT('',(-0.0279513852917334,-0.000584410616743154,0.02151));
#4277=CARTESIAN_POINT('',(-0.0279755589414765,-0.000253264133590356,0.02151));
#4278=CARTESIAN_POINT('',(-0.0280287916717205,0.000404230021283208,0.02151));
#4279=CARTESIAN_POINT('',(-0.0280522899980758,0.00073339961127617,0.02151));
#4280=CARTESIAN_POINT('',(-0.0281011355457638,0.0012980579506437,0.02151));
#4281=CARTESIAN_POINT('',(-0.0281204050987226,0.00153435031214135,0.02151));
#4282=CARTESIAN_POINT('',(-0.0281391410747213,0.00177071262096878,0.02151));
#4283=CARTESIAN_POINT('',(-0.00250589972882281,2.15130872131326E-6,0.02217));
#4284=CARTESIAN_POINT('',(-0.00250680436364205,-7.03605724177015E-5,0.02217));
#4285=CARTESIAN_POINT('',(-0.00250981778493856,-0.000142363686819818,0.02217));
#4286=CARTESIAN_POINT('',(-0.0025243793016629,-0.000252559374751468,0.02217));
#4287=CARTESIAN_POINT('',(-0.00252199151345174,-0.000299657958220364,0.02217));
#4288=CARTESIAN_POINT('',(-0.00252710446091678,-0.000396573072128539,0.02217));
#4289=CARTESIAN_POINT('',(-0.00253002841100855,-0.000447657613144745,0.02217));
#4290=CARTESIAN_POINT('',(-0.00254074046547123,-0.00053898114737727,0.02217));
#4291=CARTESIAN_POINT('',(-0.00254466799342139,-0.000570681149452544,0.02217));
#4292=CARTESIAN_POINT('',(-0.00255429115705724,-0.000625977414968934,0.02217));
#4293=CARTESIAN_POINT('',(-0.00255795247621286,-0.000645438491015181,0.02217));
#4294=CARTESIAN_POINT('',(-0.00256749409004429,-0.000688730316436371,0.02217));
#4295=CARTESIAN_POINT('',(-0.00257289473899046,-0.000711875428383408,0.02217));
#4296=CARTESIAN_POINT('',(-0.00259001547240414,-0.000769171702342909,0.02217));
#4297=CARTESIAN_POINT('',(-0.00259865421163591,-0.000793765332785749,0.02217));
#4298=CARTESIAN_POINT('',(-0.00262804750746549,-0.0008668882557514,0.02217));
#4299=CARTESIAN_POINT('',(-0.00263984388061147,-0.000887127154566424,0.02217));
#4300=CARTESIAN_POINT('',(-0.00265184781053908,-0.00091319384762741,0.02217));
#4301=CARTESIAN_POINT('',(-0.00267026693604943,-0.00093641116354862,0.02217));
#4302=CARTESIAN_POINT('',(-0.0026815747682757,-0.000967514893502409,0.02217));
#4303=CARTESIAN_POINT('',(-0.00276170125320408,-0.00106721518295608,0.02217));
#4304=CARTESIAN_POINT('',(-0.00278609447280945,-0.00107519935446266,0.02217));
#4305=CARTESIAN_POINT('',(-0.00279318718029394,-0.00108924955646655,0.02217));
#4306=CARTESIAN_POINT('',(-0.00280677714968915,-0.00110123079829168,0.02217));
#4307=CARTESIAN_POINT('',(-0.00281216072533256,-0.0011057259755817,0.02217));
#4308=CARTESIAN_POINT('',(-0.00282819217988873,-0.00111910556193515,0.02217));
#4309=CARTESIAN_POINT('',(-0.00283618187412053,-0.0011251717180517,0.02217));
#4310=CARTESIAN_POINT('',(-0.00286138003476848,-0.00114472384586115,0.02217));
#4311=CARTESIAN_POINT('',(-0.00287391537393128,-0.00115326279233658,0.02217));
#4312=CARTESIAN_POINT('',(-0.00289878882384802,-0.00117016459002532,0.02217));
#4313=CARTESIAN_POINT('',(-0.00291006462520373,-0.00117740968342674,0.02217));
#4314=CARTESIAN_POINT('',(-0.00294243805249074,-0.00119764679684549,0.02217));
#4315=CARTESIAN_POINT('',(-0.00296136116833424,-0.00120836801323975,0.02217));
#4316=CARTESIAN_POINT('',(-0.00301653573895406,-0.00123886672423694,0.02217));
#4317=CARTESIAN_POINT('',(-0.00304850391931501,-0.00125407945169795,0.02217));
#4318=CARTESIAN_POINT('',(-0.00310980630308004,-0.00128190056838766,0.02217));
#4319=CARTESIAN_POINT('',(-0.00313857037179368,-0.00129383223267237,0.02217));
#4320=CARTESIAN_POINT('',(-0.00322227185146942,-0.00132687565902279,0.02217));
#4321=CARTESIAN_POINT('',(-0.00327371901196307,-0.00134421033414654,0.02217));
#4322=CARTESIAN_POINT('',(-0.00342542528039682,-0.00139279648304598,0.02217));
#4323=CARTESIAN_POINT('',(-0.00351759221987739,-0.00141509035728693,0.02217));
#4324=CARTESIAN_POINT('',(-0.0037965483581148,-0.00148195195521635,0.02217));
#4325=CARTESIAN_POINT('',(-0.00396428352395298,-0.00150648876908819,0.02217));
#4326=CARTESIAN_POINT('',(-0.00448032329164552,-0.00159455733120314,0.02217));
#4327=CARTESIAN_POINT('',(-0.00478878398362203,-0.00162204825980905,0.02217));
#4328=CARTESIAN_POINT('',(-0.00578400759869321,-0.00176826310881174,0.02217));
#4329=CARTESIAN_POINT('',(-0.00641786985043413,-0.00182615164635741,0.02217));
#4330=CARTESIAN_POINT('',(-0.00770818635959494,-0.00197448720897048,0.02217));
#4331=CARTESIAN_POINT('',(-0.00835235123403017,-0.00204830540929176,0.02217));
#4332=CARTESIAN_POINT('',(-0.0102846931315972,-0.00227720020597814,0.02217));
#4333=CARTESIAN_POINT('',(-0.0115761296645915,-0.00243386568164855,0.02217));
#4334=CARTESIAN_POINT('',(-0.0141654944642947,-0.00272169703388498,0.02217));
#4335=CARTESIAN_POINT('',(-0.01546362353103,-0.00285501430272013,0.02217));
#4336=CARTESIAN_POINT('',(-0.0180665815866777,-0.00307619422901512,0.02217));
#4337=CARTESIAN_POINT('',(-0.0193698621547341,-0.00316684411711777,0.02217));
#4338=CARTESIAN_POINT('',(-0.0213361978574435,-0.00323588035660981,0.02217));
#4339=CARTESIAN_POINT('',(-0.0219929239775809,-0.00324902324759682,0.02217));
#4340=CARTESIAN_POINT('',(-0.0233142770639418,-0.00323832672161111,0.02217));
#4341=CARTESIAN_POINT('',(-0.0239769676557832,-0.00321780552257198,0.02217));
#4342=CARTESIAN_POINT('',(-0.0249893017509077,-0.00312923735344277,0.02217));
#4343=CARTESIAN_POINT('',(-0.0253290875718845,-0.0030918702900086,0.02217));
#4344=CARTESIAN_POINT('',(-0.0260129346220839,-0.00298319369726996,0.02217));
#4345=CARTESIAN_POINT('',(-0.026358721122623,-0.00291617983103943,0.02217));
#4346=CARTESIAN_POINT('',(-0.0270641528825643,-0.00270113654579857,0.02217));
#4347=CARTESIAN_POINT('',(-0.0274454879158346,-0.00255993873467112,0.02217));
#4348=CARTESIAN_POINT('',(-0.0282039099642408,-0.00194549171013009,0.02217));
#4349=CARTESIAN_POINT('',(-0.0284376605571536,-0.00144788288442656,0.02217));
#4350=CARTESIAN_POINT('',(-0.0286063331292611,-0.000662871872610266,0.02217));
#4351=CARTESIAN_POINT('',(-0.0286329863914205,-0.000305570779013692,0.02217));
#4352=CARTESIAN_POINT('',(-0.0286872007727618,0.000351778988747692,0.02217));
#4353=CARTESIAN_POINT('',(-0.0287094722105092,0.000678314545046141,0.02217));
#4354=CARTESIAN_POINT('',(-0.0287595829079645,0.0012476243646548,0.02217));
#4355=CARTESIAN_POINT('',(-0.0287790012368128,0.00148446371918669,0.02217));
#4356=CARTESIAN_POINT('',(-0.0287977107052198,0.00172072856956127,0.02217));
#4357=CARTESIAN_POINT('',(-0.0285080846211788,-0.00111411706842606,0.0221696502296711));
#4358=CARTESIAN_POINT('',(-0.0285152086460384,-0.000997093549505288,0.0221485895053453));
#4359=CARTESIAN_POINT('',(-0.028529224324023,-0.000697261126623755,0.0221053498883565));
#4360=CARTESIAN_POINT('',(-0.0285268424573538,-0.000174244663912656,0.022052208681021));
#4361=CARTESIAN_POINT('',(-0.028515617179949,0.000304827547064071,0.0220035739809557));
#4362=CARTESIAN_POINT('',(-0.0284977017676536,0.000685617201897622,0.0219568477265367));
#4363=CARTESIAN_POINT('',(-0.0284806435770838,0.00090205889359843,0.0219222654615745));
#4364=CARTESIAN_POINT('',(-0.0284673217373546,0.00101076628358661,0.0218996033159228));
#4365=CARTESIAN_POINT('',(-2.79755457617522E-5,-0.00317166075765084,0.02151));
#4366=CARTESIAN_POINT('',(4.50330722519822E-5,-0.00317376973098624,0.02151));
#4367=CARTESIAN_POINT('',(0.000118131641904634,-0.00317495960191747,0.02151));
#4368=CARTESIAN_POINT('',(0.000272556024196896,-0.00318350426970571,0.02151));
#4369=CARTESIAN_POINT('',(0.000353887653329265,-0.00319573458326463,0.02151));
#4370=CARTESIAN_POINT('',(0.000470942225899131,-0.00323657761555558,0.02151));
#4371=CARTESIAN_POINT('',(0.000507340646871323,-0.00325639616332057,0.02151));
#4372=CARTESIAN_POINT('',(0.000567690769441763,-0.00331328393553299,0.02151));
#4373=CARTESIAN_POINT('',(0.000590368185378798,-0.00334753293036914,0.02151));
#4374=CARTESIAN_POINT('',(0.000649417443102935,-0.00345429619874846,0.02151));
#4375=CARTESIAN_POINT('',(0.000680803398468831,-0.00353044100596344,0.02151));
#4376=CARTESIAN_POINT('',(0.00073394441866658,-0.00368373403435085,0.02151));
#4377=CARTESIAN_POINT('',(0.000756093491874207,-0.00376209997535301,0.02151));
#4378=CARTESIAN_POINT('',(0.000816650147786554,-0.00399862326378812,0.02151));
#4379=CARTESIAN_POINT('',(0.0008464895412407,-0.00415903547499395,0.02151));
#4380=CARTESIAN_POINT('',(0.000930430659072201,-0.00463771659146709,0.02151));
#4381=CARTESIAN_POINT('',(0.000969850233474428,-0.00496102448691624,0.02151));
#4382=CARTESIAN_POINT('',(0.0011083903549673,-0.00592156255674001,0.02151));
#4383=CARTESIAN_POINT('',(0.00117576530734091,-0.0065684428057713,0.02151));
#4384=CARTESIAN_POINT('',(0.00132542732757915,-0.00785698790818679,0.02151));
#4385=CARTESIAN_POINT('',(0.00139924393321482,-0.00850139290116153,0.02151));
#4386=CARTESIAN_POINT('',(0.0016282609952491,-0.0104336209601681,0.02151));
#4387=CARTESIAN_POINT('',(0.00178333047978398,-0.0117216149974276,0.02151));
#4388=CARTESIAN_POINT('',(0.0020675478668928,-0.0142995649801719,0.02151));
#4389=CARTESIAN_POINT('',(0.00219857188565996,-0.0155893863182528,0.02151));
#4390=CARTESIAN_POINT('',(0.00241516189838224,-0.0181725189837559,0.02151));
#4391=CARTESIAN_POINT('',(0.00250340398229819,-0.0194664157397543,0.02151));
#4392=CARTESIAN_POINT('',(0.00256935344303632,-0.0214099764171648,0.02151));
#4393=CARTESIAN_POINT('',(0.00258132059138756,-0.0220591979280117,0.02151));
#4394=CARTESIAN_POINT('',(0.0025687012929157,-0.0233604227543568,0.02151));
#4395=CARTESIAN_POINT('',(0.00254654603982554,-0.0240119393159487,0.02151));
#4396=CARTESIAN_POINT('',(0.00245933052221589,-0.0249810526816403,0.02151));
#4397=CARTESIAN_POINT('',(0.00242264608141094,-0.0253034651019525,0.02151));
#4398=CARTESIAN_POINT('',(0.00231848465585347,-0.0259441880857409,0.02151));
#4399=CARTESIAN_POINT('',(0.00225281640995724,-0.0262657377119095,0.02151));
#4400=CARTESIAN_POINT('',(0.00205839210872849,-0.026890408917891,0.02151));
#4401=CARTESIAN_POINT('',(0.0019294906781135,-0.0271971244586434,0.02151));
#4402=CARTESIAN_POINT('',(0.0014922491466156,-0.0276964956336732,0.02151));
#4403=CARTESIAN_POINT('',(0.00117344855760654,-0.0278333481304236,0.02151));
#4404=CARTESIAN_POINT('',(0.000539604452755173,-0.0279653771103467,0.02151));
#4405=CARTESIAN_POINT('',(0.000214337087996411,-0.0279878778064227,0.02151));
#4406=CARTESIAN_POINT('',(-0.000433647892718555,-0.0280403060991677,0.02151));
#4407=CARTESIAN_POINT('',(-0.000758079417706147,-0.0280637049247003,0.02151));
#4408=CARTESIAN_POINT('',(-0.00131459833723299,-0.0281114661771809,0.02151));
#4409=CARTESIAN_POINT('',(-0.00154752312297068,-0.0281304161451553,0.02151));
#4410=CARTESIAN_POINT('',(-0.00178052087438197,-0.0281488931803323,0.02151));
#4411=CARTESIAN_POINT('',(-7.34525652887146E-6,-0.00251195854422956,0.02217));
#4412=CARTESIAN_POINT('',(6.48940891392757E-5,-0.00251385648953126,0.02217));
#4413=CARTESIAN_POINT('',(0.0001228870166033,-0.00251354226224148,0.02217));
#4414=CARTESIAN_POINT('',(0.000350783635398991,-0.00252758885064342,0.02217));
#4415=CARTESIAN_POINT('',(0.000478450513605492,-0.00254883436255131,0.02217));
#4416=CARTESIAN_POINT('',(0.000752803916501475,-0.00263176832658074,0.02217));
#4417=CARTESIAN_POINT('',(0.000871266986125654,-0.00269109080231147,0.02217));
#4418=CARTESIAN_POINT('',(0.00110505542028966,-0.00291418556824102,0.02217));
#4419=CARTESIAN_POINT('',(0.00115405453473345,-0.00299571515029818,0.02217));
#4420=CARTESIAN_POINT('',(0.00124259665151283,-0.00317808425294394,0.02217));
#4421=CARTESIAN_POINT('',(0.00129595360525989,-0.00329069846336866,0.02217));
#4422=CARTESIAN_POINT('',(0.00136632650259306,-0.00349212615835596,0.02217));
#4423=CARTESIAN_POINT('',(0.00139175148794569,-0.00358563317551754,0.02217));
#4424=CARTESIAN_POINT('',(0.00146446843954106,-0.00386439816203788,0.02217));
#4425=CARTESIAN_POINT('',(0.00149340682598489,-0.00403515288955628,0.02217));
#4426=CARTESIAN_POINT('',(0.00158816683641795,-0.00455115913358048,0.02217));
#4427=CARTESIAN_POINT('',(0.00161950665896699,-0.00486304561359374,0.02217));
#4428=CARTESIAN_POINT('',(0.0017716834115458,-0.00585564618935817,0.02217));
#4429=CARTESIAN_POINT('',(0.00183131199365799,-0.00649195418782375,0.02217));
#4430=CARTESIAN_POINT('',(0.00198109233142746,-0.00778141106794589,0.02217));
#4431=CARTESIAN_POINT('',(0.00205478713679727,-0.00842486841927829,0.02217));
#4432=CARTESIAN_POINT('',(0.00228359391056993,-0.0103551638804805,0.02217));
#4433=CARTESIAN_POINT('',(0.00243890781209346,-0.0116452238031851,0.02217));
#4434=CARTESIAN_POINT('',(0.00272399522609517,-0.0142310727424295,0.02217));
#4435=CARTESIAN_POINT('',(0.00285561951756904,-0.0155264690310103,0.02217));
#4436=CARTESIAN_POINT('',(0.00307348701092838,-0.0181250073656123,0.02217));
#4437=CARTESIAN_POINT('',(0.0031625842804319,-0.0194280985465478,0.02217));
#4438=CARTESIAN_POINT('',(0.00322917607577708,-0.021395041800426,0.02217));
#4439=CARTESIAN_POINT('',(0.0032414302852887,-0.0220531020127935,0.02217));
#4440=CARTESIAN_POINT('',(0.00322853136239586,-0.0233791290242634,0.02217));
#4441=CARTESIAN_POINT('',(0.00320665563428478,-0.024044808559683,0.02217));
#4442=CARTESIAN_POINT('',(0.00311541221265897,-0.025051995560772,0.02217));
#4443=CARTESIAN_POINT('',(0.00307759258472363,-0.0253884312486193,0.02217));
#4444=CARTESIAN_POINT('',(0.00296653418817702,-0.0260704122113801,0.02217));
#4445=CARTESIAN_POINT('',(0.00289736398246475,-0.0264188943361869,0.02217));
#4446=CARTESIAN_POINT('',(0.00267432967660467,-0.0271291415775604,0.02217));
#4447=CARTESIAN_POINT('',(0.00252794854976901,-0.0275119861786295,0.02217));
#4448=CARTESIAN_POINT('',(0.00187758130551578,-0.0282617232135764,0.02217));
#4449=CARTESIAN_POINT('',(0.00137733200499932,-0.0284680672619766,0.02217));
#4450=CARTESIAN_POINT('',(0.000614065797383324,-0.0286209773876051,0.02217));
#4451=CARTESIAN_POINT('',(0.000265937998928256,-0.0286454407005466,0.02217));
#4452=CARTESIAN_POINT('',(-0.000380491125691551,-0.0286985797560292,0.02217));
#4453=CARTESIAN_POINT('',(-0.000703044336423244,-0.0287209932064802,0.02217));
#4454=CARTESIAN_POINT('',(-0.00126412924124554,-0.0287698373955683,0.02217));
#4455=CARTESIAN_POINT('',(-0.00149759073322679,-0.0287889146567337,0.02217));
#4456=CARTESIAN_POINT('',(-0.00173049252728306,-0.0288073689332452,0.02217));
#4457=CARTESIAN_POINT('',(0.00112465885304741,-0.0285144305491624,0.0221696824600184));
#4458=CARTESIAN_POINT('',(0.00101289723369981,-0.0285220198475041,0.022148849968318));
#4459=CARTESIAN_POINT('',(0.000722097781891877,-0.0285361439637922,0.0221058278466564));
#4460=CARTESIAN_POINT('',(0.000180407360915098,-0.0285341040198348,0.0220507315812818));
#4461=CARTESIAN_POINT('',(-0.00029920281032711,-0.028522966834139,0.0220021297827648));
#4462=CARTESIAN_POINT('',(-0.000682102458721489,-0.0285056494768878,0.0219556131638909));
#4463=CARTESIAN_POINT('',(-0.00089906971514511,-0.0284890097318144,0.0219216366726436));
#4464=CARTESIAN_POINT('',(-0.00100787047124926,-0.028476114869382,0.0218995499835702));
#4465=CARTESIAN_POINT('',(0.00317471565141775,-2.16108746295182E-5,0.0215060399933235));
#4466=CARTESIAN_POINT('',(0.00317686296463551,4.91271014168022E-5,0.0215060399933235));
#4467=CARTESIAN_POINT('',(0.0031789521859488,0.000119878849678083,0.0215060399933235));
#4468=CARTESIAN_POINT('',(0.00318252107850154,0.000230816780717665,0.0215060399933235));
#4469=CARTESIAN_POINT('',(0.00318392339985847,0.000271049408860261,0.0215060399933235));
#4470=CARTESIAN_POINT('',(0.00318811079968678,0.000351357698631708,0.0215060399933235));
#4471=CARTESIAN_POINT('',(0.00319079977150566,0.000391446569642109,0.0215060399933235));
#4472=CARTESIAN_POINT('',(0.00319741889935181,0.000451165292705935,0.0215060399933235));
#4473=CARTESIAN_POINT('',(0.00320001455164658,0.000471057617628774,0.0215060399933235));
#4474=CARTESIAN_POINT('',(0.00320666404529985,0.000510546850724889,0.0215060399933235));
#4475=CARTESIAN_POINT('',(0.00321040295934264,0.000530510350449851,0.0215060399933235));
#4476=CARTESIAN_POINT('',(0.00321747271944171,0.000554311706056808,0.0215060399933235));
#4477=CARTESIAN_POINT('',(0.00321884476996894,0.000559128375159041,0.0215060399933235));
#4478=CARTESIAN_POINT('',(0.0032219678293532,0.000568564795638761,0.0215060399933235));
#4479=CARTESIAN_POINT('',(0.00322364978769044,0.000573245181034632,0.0215060399933235));
#4480=CARTESIAN_POINT('',(0.00322644979406119,0.000580092688830845,0.0215060399933235));
#4481=CARTESIAN_POINT('',(0.00322743152672816,0.000582363649542357,0.0215060399933235));
#4482=CARTESIAN_POINT('',(0.00322952861152037,0.000586804360271704,0.0215060399933235));
#4483=CARTESIAN_POINT('',(0.0032306393084621,0.000588949705003833,0.0215060399933235));
#4484=CARTESIAN_POINT('',(0.00323241421310925,0.000591979201179047,0.0215060399933235));
#4485=CARTESIAN_POINT('',(0.0032330279583378,0.000592928277808121,0.0215060399933235));
#4486=CARTESIAN_POINT('',(0.00323402112963565,0.000594035411892021,0.0215060399933235));
#4487=CARTESIAN_POINT('',(0.003235108476874,0.000594981310780288,0.0215060399933235));
#4488=CARTESIAN_POINT('',(0.00323681947934607,0.000596696138854516,0.0215060399933235));
#4489=CARTESIAN_POINT('',(0.00323781350116287,0.000597485765108036,0.0215060399933235));
#4490=CARTESIAN_POINT('',(0.00323971765625937,0.000599101782164395,0.0215060399933235));
#4491=CARTESIAN_POINT('',(0.00324066020745186,0.000599901821370923,0.0215060399933235));
#4492=CARTESIAN_POINT('',(0.00324968261802825,0.000606986879213981,0.0215060399933235));
#4493=CARTESIAN_POINT('',(0.00325789051255483,0.000612784696826952,0.0215060399933235));
#4494=CARTESIAN_POINT('',(0.00327500729145439,0.000623781343639554,0.0215060399933235));
#4495=CARTESIAN_POINT('',(0.00328378991200189,0.000628961997134652,0.0215060399933235));
#4496=CARTESIAN_POINT('',(0.00331043753153059,0.000643892069397009,0.0215060399933235));
#4497=CARTESIAN_POINT('',(0.00332882814802424,0.000653010322307665,0.0215060399933235));
#4498=CARTESIAN_POINT('',(0.00336585216949369,0.000670053894874876,0.0215060399933235));
#4499=CARTESIAN_POINT('',(0.0033845902211812,0.000677984607196903,0.0215060399933235));
#4500=CARTESIAN_POINT('',(0.0034411363581925,0.000700515119722931,0.0215060399933235));
#4501=CARTESIAN_POINT('',(0.00347948070335425,0.000713820707996628,0.0215060399933235));
#4502=CARTESIAN_POINT('',(0.0035952682442561,0.00075086333259912,0.0215060399933235));
#4503=CARTESIAN_POINT('',(0.00367401640009698,0.000771064482573884,0.0215060399933235));
#4504=CARTESIAN_POINT('',(0.00391175165135837,0.000826824932238212,0.0215060399933235));
#4505=CARTESIAN_POINT('',(0.00407258350162036,0.000853663249054024,0.0215060399933235));
#4506=CARTESIAN_POINT('',(0.00455274687966172,0.000931218161146738,0.0215060399933235));
#4507=CARTESIAN_POINT('',(0.004876902484697,0.000967620247167384,0.0215060399933235));
#4508=CARTESIAN_POINT('',(0.0058398080068147,0.00110029461998518,0.0215060399933235));
#4509=CARTESIAN_POINT('',(0.00648771683776831,0.00116634964430078,0.0215060399933235));
#4510=CARTESIAN_POINT('',(0.00777837915336137,0.00131474027077873,0.0215060399933235));
#4511=CARTESIAN_POINT('',(0.008423745318108,0.00138871147011938,0.0215060399933235));
#4512=CARTESIAN_POINT('',(0.0103589143879612,0.00161794810629392,0.0215060399933235));
#4513=CARTESIAN_POINT('',(0.0116486689241217,0.00177443440283316,0.0215060399933235));
#4514=CARTESIAN_POINT('',(0.014230730138926,0.00206151309914522,0.0215060399933235));
#4515=CARTESIAN_POINT('',(0.0155235426105257,0.00219428373966905,0.0215060399933235));
#4516=CARTESIAN_POINT('',(0.018111561734418,0.00241427783259301,0.0215060399933235));
#4517=CARTESIAN_POINT('',(0.0194058631277263,0.00250411588609644,0.0215060399933235));
#4518=CARTESIAN_POINT('',(0.0213491638038178,0.00257255443908692,0.0215060399933235));
#4519=CARTESIAN_POINT('',(0.0219971838866003,0.00258542656731661,0.0215060399933235));
#4520=CARTESIAN_POINT('',(0.0232941286714774,0.00257501941284182,0.0215060399933235));
#4521=CARTESIAN_POINT('',(0.0239428352806352,0.00255428012451849,0.0215060399933235));
#4522=CARTESIAN_POINT('',(0.024917683455357,0.00246956445536881,0.0215060399933235));
#4523=CARTESIAN_POINT('',(0.0252434463202766,0.00243336450311401,0.0215060399933235));
#4524=CARTESIAN_POINT('',(0.0258867898617661,0.00233133289351743,0.0215060399933235));
#4525=CARTESIAN_POINT('',(0.0262063799859187,0.00226768466600054,0.0215060399933235));
#4526=CARTESIAN_POINT('',(0.0268300038971363,0.00207941993632199,0.0215060399933235));
#4527=CARTESIAN_POINT('',(0.0271405345080637,0.00195484333601791,0.0215060399933235));
#4528=CARTESIAN_POINT('',(0.02765194629254,0.00153515986835776,0.0215060399933235));
#4529=CARTESIAN_POINT('',(0.0278021968772591,0.00122554265756452,0.0215060399933235));
#4530=CARTESIAN_POINT('',(0.0279463264106691,0.000584786540614535,0.0215060399933235));
#4531=CARTESIAN_POINT('',(0.0279705021286341,0.000253731369804154,0.0215060399933235));
#4532=CARTESIAN_POINT('',(0.028023739805212,-0.000403891375332988,0.0215060399933235));
#4533=CARTESIAN_POINT('',(0.0280472474177266,-0.00073314186055407,0.0215060399933235));
#4534=CARTESIAN_POINT('',(0.0280960987415175,-0.00129787745992998,0.0215060399933235));
#4535=CARTESIAN_POINT('',(0.0281153713212769,-0.0015342081809851,0.0215060399933235));
#4536=CARTESIAN_POINT('',(0.0281341106969012,-0.00177061282771349,0.0215060399933235));
#4537=CARTESIAN_POINT('',(0.00317075747359211,-2.14899383044473E-5,0.02151));
#4538=CARTESIAN_POINT('',(0.00317290465709596,4.92465062628243E-5,0.02151));
#4539=CARTESIAN_POINT('',(0.00317499327344313,0.000119988907673352,0.02151));
#4540=CARTESIAN_POINT('',(0.00317856361497928,0.000230952473476622,0.02151));
#4541=CARTESIAN_POINT('',(0.00317996626319701,0.0002712090302617,0.02151));
#4542=CARTESIAN_POINT('',(0.0031841586227134,0.000351609622290403,0.02151));
#4543=CARTESIAN_POINT('',(0.00318684909970384,0.000391760938739732,0.02151));
#4544=CARTESIAN_POINT('',(0.00319348986059517,0.000451657784136627,0.02151));
#4545=CARTESIAN_POINT('',(0.00319609279255959,0.00047161755927248,0.02151));
#4546=CARTESIAN_POINT('',(0.00320277543955811,0.000511300230349305,0.02151));
#4547=CARTESIAN_POINT('',(0.00320654275300812,0.000531424068401984,0.02151));
#4548=CARTESIAN_POINT('',(0.00321367158321521,0.00055541970328959,0.02151));
#4549=CARTESIAN_POINT('',(0.00321506261631552,0.000560304195570752,0.02151));
#4550=CARTESIAN_POINT('',(0.00321823085749059,0.000569876818265813,0.02151));
#4551=CARTESIAN_POINT('',(0.00321993651618612,0.000574630408309603,0.02151));
#4552=CARTESIAN_POINT('',(0.00322280707010706,0.000581645239284418,0.02151));
#4553=CARTESIAN_POINT('',(0.0032238117477869,0.00058397304524565,0.02151));
#4554=CARTESIAN_POINT('',(0.00322598588454003,0.000588575071139822,0.02151));
#4555=CARTESIAN_POINT('',(0.00322716001974623,0.000590818958280035,0.02151));
#4556=CARTESIAN_POINT('',(0.00322905380959614,0.000594089772512833,0.02151));
#4557=CARTESIAN_POINT('',(0.00322971675582539,0.000595156741770558,0.02151));
#4558=CARTESIAN_POINT('',(0.00323139194742161,0.000597045119443858,0.02151));
#4559=CARTESIAN_POINT('',(0.0032323474545461,0.000597904994441339,0.02151));
#4560=CARTESIAN_POINT('',(0.00323425217405045,0.000599632108446649,0.02151));
#4561=CARTESIAN_POINT('',(0.00323522283957782,0.000600480995844051,0.02151));
#4562=CARTESIAN_POINT('',(0.00323718370715629,0.000602145175179382,0.02151));
#4563=CARTESIAN_POINT('',(0.00323815625344017,0.000602975934836205,0.02151));
#4564=CARTESIAN_POINT('',(0.00324732993155819,0.00061012763633333,0.02151));
#4565=CARTESIAN_POINT('',(0.00325566684612079,0.000616062371619722,0.02151));
#4566=CARTESIAN_POINT('',(0.00327295287332177,0.000627168847310377,0.02151));
#4567=CARTESIAN_POINT('',(0.00328179725197967,0.000632383867835407,0.02151));
#4568=CARTESIAN_POINT('',(0.00330862534361075,0.00064741769525219,0.02151));
#4569=CARTESIAN_POINT('',(0.0033270977747698,0.000656573143203449,0.02151));
#4570=CARTESIAN_POINT('',(0.00336427111148132,0.000673685588172308,0.02151));
#4571=CARTESIAN_POINT('',(0.00338307032338985,0.000681641584636574,0.02151));
#4572=CARTESIAN_POINT('',(0.00343978215400888,0.000704238720820963,0.02151));
#4573=CARTESIAN_POINT('',(0.00347820571465404,0.000717569447927284,0.02151));
#4574=CARTESIAN_POINT('',(0.00359421138624789,0.000754685111292806,0.02151));
#4575=CARTESIAN_POINT('',(0.00367303962154865,0.00077489882056983,0.02151));
#4576=CARTESIAN_POINT('',(0.00391102521599399,0.000830730041984305,0.02151));
#4577=CARTESIAN_POINT('',(0.00407189690353237,0.00085755296966067,0.02151));
#4578=CARTESIAN_POINT('',(0.00455228035559263,0.000935175427534807,0.02151));
#4579=CARTESIAN_POINT('',(0.00487633853349723,0.00097152007062886,0.02151));
#4580=CARTESIAN_POINT('',(0.00583944270414571,0.00110428077869965,0.02151));
#4581=CARTESIAN_POINT('',(0.00648726535326578,0.00117028380720193,0.02151));
#4582=CARTESIAN_POINT('',(0.00777792712318913,0.00131867441600217,0.02151));
#4583=CARTESIAN_POINT('',(0.00842328689239227,0.00139264484347577,0.02151));
#4584=CARTESIAN_POINT('',(0.0103584413576369,0.00162187979611337,0.02151));
#4585=CARTESIAN_POINT('',(0.0116482073501667,0.0017783674916123,0.02151));
#4586=CARTESIAN_POINT('',(0.0142303151034538,0.00206545136142058,0.02151));
#4587=CARTESIAN_POINT('',(0.0155231607577116,0.00219822561022532,0.02151));
#4588=CARTESIAN_POINT('',(0.0181112719717124,0.0024182274475816,0.02151));
#4589=CARTESIAN_POINT('',(0.0194056284129763,0.00250807066533804,0.02151));
#4590=CARTESIAN_POINT('',(0.0213490687070767,0.00257651325888153,0.02151));
#4591=CARTESIAN_POINT('',(0.0219971414588308,0.0025893871560466,0.02151));
#4592=CARTESIAN_POINT('',(0.0232942332964268,0.00257897859323864,0.02151));
#4593=CARTESIAN_POINT('',(0.023943024062202,0.00255824075288547,0.02151));
#4594=CARTESIAN_POINT('',(0.0249180968527159,0.0024735024069936,0.02151));
#4595=CARTESIAN_POINT('',(0.0252439437331976,0.00243729558845816,0.02151));
#4596=CARTESIAN_POINT('',(0.0258875295740995,0.00233522460387662,0.02151));
#4597=CARTESIAN_POINT('',(0.0262072763232345,0.00227155643289097,0.02151));
#4598=CARTESIAN_POINT('',(0.0268313886378389,0.00208313258071951,0.02151));
#4599=CARTESIAN_POINT('',(0.0271423415287389,0.00195845732714518,0.02151));
#4600=CARTESIAN_POINT('',(0.0276552280955507,0.00153761468971786,0.02151));
#4601=CARTESIAN_POINT('',(0.027805979055394,0.00122687564832702,0.02151));
#4602=CARTESIAN_POINT('',(0.0279502560534758,0.000585257553532094,0.02151));
#4603=CARTESIAN_POINT('',(0.0279744466908367,0.000254045252442143,0.02151));
#4604=CARTESIAN_POINT('',(0.0280276902756262,-0.000403576710843507,0.02151));
#4605=CARTESIAN_POINT('',(0.0280511905099042,-0.000732811344336565,0.02151));
#4606=CARTESIAN_POINT('',(0.0281000494378589,-0.00129757486146773,0.02151));
#4607=CARTESIAN_POINT('',(0.0281193229118667,-0.00153390886564624,0.02151));
#4608=CARTESIAN_POINT('',(0.0281380621282089,-0.00177031292758957,0.02151));
#4609=CARTESIAN_POINT('',(0.00251106228155198,-1.33391810860679E-6,0.02217));
#4610=CARTESIAN_POINT('',(0.00251318784610773,6.91472803808737E-5,0.02217));
#4611=CARTESIAN_POINT('',(0.00251517563493657,0.000138331875958925,0.02217));
#4612=CARTESIAN_POINT('',(0.00251898747330065,0.000253567895173746,0.02217));
#4613=CARTESIAN_POINT('',(0.00252044459822591,0.000297812552315357,0.02217));
#4614=CARTESIAN_POINT('',(0.00252546357102815,0.00039359682794988,0.02217));
#4615=CARTESIAN_POINT('',(0.00252840490952451,0.000444155700006975,0.02217));
#4616=CARTESIAN_POINT('',(0.00253865117186757,0.000533739550863787,0.02217));
#4617=CARTESIAN_POINT('',(0.0025424673800613,0.000564941009215323,0.02217));
#4618=CARTESIAN_POINT('',(0.0025546755752848,0.000636863289388471,0.02217));
#4619=CARTESIAN_POINT('',(0.00256317611529199,0.000683710137006264,0.02217));
#4620=CARTESIAN_POINT('',(0.00258014994690351,0.000740085597410332,0.02217));
#4621=CARTESIAN_POINT('',(0.00258470473685112,0.000756273933788243,0.02217));
#4622=CARTESIAN_POINT('',(0.00259540326379819,0.000788546887434408,0.02217));
#4623=CARTESIAN_POINT('',(0.00260105897554673,0.000805501231561088,0.02217));
#4624=CARTESIAN_POINT('',(0.00261568743467675,0.000840403211952487,0.02217));
#4625=CARTESIAN_POINT('',(0.00262051627472069,0.000852205210227028,0.02217));
#4626=CARTESIAN_POINT('',(0.00263553238330911,0.000883693051596381,0.02217));
#4627=CARTESIAN_POINT('',(0.00264727954476752,0.000902360645727331,0.02217));
#4628=CARTESIAN_POINT('',(0.00266898750167111,0.000945851068414769,0.02217));
#4629=CARTESIAN_POINT('',(0.00267785060086039,0.000966566775986893,0.02217));
#4630=CARTESIAN_POINT('',(0.00279319565053844,0.00109866219903373,0.02217));
#4631=CARTESIAN_POINT('',(0.00277217784239992,0.00108518478307267,0.02217));
#4632=CARTESIAN_POINT('',(0.00280636867951683,0.00108895954880595,0.02217));
#4633=CARTESIAN_POINT('',(0.00280344663670243,0.00109968527686494,0.02217));
#4634=CARTESIAN_POINT('',(0.00281485956867221,0.001109376489162,0.02217));
#4635=CARTESIAN_POINT('',(0.00282083128842792,0.00111532731523579,0.02217));
#4636=CARTESIAN_POINT('',(0.00285521618097794,0.0011335862736841,0.02217));
#4637=CARTESIAN_POINT('',(0.00288505639862276,0.00116234058273402,0.02217));
#4638=CARTESIAN_POINT('',(0.00293055042850081,0.00119175184057191,0.02217));
#4639=CARTESIAN_POINT('',(0.00294968780820631,0.00120269468976204,0.02217));
#4640=CARTESIAN_POINT('',(0.00300659453285641,0.00123502101376176,0.02217));
#4641=CARTESIAN_POINT('',(0.00303870271859174,0.00125037562469495,0.02217));
#4642=CARTESIAN_POINT('',(0.00310076188702614,0.00127896678391902,0.02217));
#4643=CARTESIAN_POINT('',(0.00312975445191746,0.00129113679698496,0.02217));
#4644=CARTESIAN_POINT('',(0.00321408183726598,0.00132483785750861,0.02217));
#4645=CARTESIAN_POINT('',(0.00326570795621843,0.00134235838298831,0.02217));
#4646=CARTESIAN_POINT('',(0.00341806868185166,0.00139164715300201,0.02217));
#4647=CARTESIAN_POINT('',(0.00351024347129884,0.00141395407579323,0.02217));
#4648=CARTESIAN_POINT('',(0.00378995285938994,0.00148158056901218,0.02217));
#4649=CARTESIAN_POINT('',(0.00395746408179877,0.00150583864443837,0.02217));
#4650=CARTESIAN_POINT('',(0.00447452647516941,0.0015947187135696,0.02217));
#4651=CARTESIAN_POINT('',(0.00478234682533587,0.00162148955170593,0.02217));
#4652=CARTESIAN_POINT('',(0.00577855902862927,0.00176863944435054,0.02217));
#4653=CARTESIAN_POINT('',(0.00641201806304292,0.00182597651857659,0.02217));
#4654=CARTESIAN_POINT('',(0.00770258888816774,0.00197436418109552,0.02217));
#4655=CARTESIAN_POINT('',(0.00834688273525341,0.00204820596427762,0.02217));
#4656=CARTESIAN_POINT('',(0.0102796031031822,0.00227716032789957,0.02217));
#4657=CARTESIAN_POINT('',(0.0115712784873669,0.0024338811829531,0.02217));
#4658=CARTESIAN_POINT('',(0.0141611426413698,0.00272182730067667,0.02217));
#4659=CARTESIAN_POINT('',(0.0154595187293197,0.00285520292861934,0.02217));
#4660=CARTESIAN_POINT('',(0.018062978268859,0.00307649550251949,0.02217));
#4661=CARTESIAN_POINT('',(0.0193665093539387,0.00316719942766064,0.02217));
#4662=CARTESIAN_POINT('',(0.0213332192769497,0.00323631544556909,0.02217));
#4663=CARTESIAN_POINT('',(0.0219900701758273,0.00324948416480116,0.02217));
#4664=CARTESIAN_POINT('',(0.0233116707585877,0.00323884088019364,0.02217));
#4665=CARTESIAN_POINT('',(0.0239744876036312,0.00321834436779471,0.02217));
#4666=CARTESIAN_POINT('',(0.024986996296368,0.00312982657124301,0.02217));
#4667=CARTESIAN_POINT('',(0.0253268457469243,0.00309247537452922,0.02217));
#4668=CARTESIAN_POINT('',(0.0260108147551476,0.00298384190351763,0.02217));
#4669=CARTESIAN_POINT('',(0.0263566656240081,0.00291684982667849,0.02217));
#4670=CARTESIAN_POINT('',(0.0270621783658371,0.00270190560373239,0.02217));
#4671=CARTESIAN_POINT('',(0.02744351113349,0.00256078816617252,0.02217));
#4672=CARTESIAN_POINT('',(0.0282021943418096,0.00194675089327357,0.02217));
#4673=CARTESIAN_POINT('',(0.0284363410150823,0.00144904040084437,0.02217));
#4674=CARTESIAN_POINT('',(0.0286051954170418,0.000663759574105747,0.02217));
#4675=CARTESIAN_POINT('',(0.0286318726162009,0.000306358937240372,0.02217));
#4676=CARTESIAN_POINT('',(0.0286861009012474,-0.00035113271768288,0.02217));
#4677=CARTESIAN_POINT('',(0.0287083714315122,-0.000677725400959639,0.02217));
#4678=CARTESIAN_POINT('',(0.0287584977179654,-0.00124714186945638,0.02217));
#4679=CARTESIAN_POINT('',(0.0287779202331223,-0.00148402305994301,0.02217));
#4680=CARTESIAN_POINT('',(0.0287966329024761,-0.00172032965787311,0.02217));
#4681=CARTESIAN_POINT('',(0.0285070665041194,0.00111425059315676,0.0221696524333709));
#4682=CARTESIAN_POINT('',(0.0285140625141314,0.00099851008048843,0.0221488019556874));
#4683=CARTESIAN_POINT('',(0.028528288770751,0.000699207809157337,0.022105733683147));
#4684=CARTESIAN_POINT('',(0.0285259300613623,0.000177609502555773,0.0220525972999382));
#4685=CARTESIAN_POINT('',(0.0285143292690341,-0.000307963827178467,0.0220030965171313));
#4686=CARTESIAN_POINT('',(0.0284962813436935,-0.000690040495443614,0.021956145027626));
#4687=CARTESIAN_POINT('',(0.0284793121692017,-0.00090449762605851,0.0219217714374253));
#4688=CARTESIAN_POINT('',(0.0284660789330192,-0.00101022269811355,0.0218994543812636));
#4689=CARTESIAN_POINT('',(2.24920232126767E-5,0.00317292962278856,0.0215060388162512));
#4690=CARTESIAN_POINT('',(-4.98857795834985E-5,0.00317471642940349,0.0215060388162512));
#4691=CARTESIAN_POINT('',(-0.000121749705517426,0.00317718085779355,0.0215060388162512));
#4692=CARTESIAN_POINT('',(-0.000231723406726987,0.00318419934087276,0.0215060388162512));
#4693=CARTESIAN_POINT('',(-0.000273274304737751,0.00318438889148534,0.0215060388162512));
#4694=CARTESIAN_POINT('',(-0.000354372835056645,0.00318864477635524,0.0215060388162512));
#4695=CARTESIAN_POINT('',(-0.000394878702053852,0.00319138059258877,0.0215060388162512));
#4696=CARTESIAN_POINT('',(-0.000455140921985155,0.00319818962653495,0.0215060388162512));
#4697=CARTESIAN_POINT('',(-0.000475191441104786,0.00320085618177904,0.0215060388162512));
#4698=CARTESIAN_POINT('',(-0.000505035417425743,0.00320601267480959,0.0215060388162512));
#4699=CARTESIAN_POINT('',(-0.00051496549436102,0.00320791740878677,0.0215060388162512));
#4700=CARTESIAN_POINT('',(-0.000534706991679399,0.00321226185236954,0.0215060388162512));
#4701=CARTESIAN_POINT('',(-0.000544568577837448,0.00321469791117427,0.0215060388162512));
#4702=CARTESIAN_POINT('',(-0.000563890531782471,0.00322037415202146,0.0215060388162512));
#4703=CARTESIAN_POINT('',(-0.000573326572994826,0.00322370073757876,0.0215060388162512));
#4704=CARTESIAN_POINT('',(-0.000584800320448551,0.00322855722012821,0.0215060388162512));
#4705=CARTESIAN_POINT('',(-0.000586987938722219,0.00322962816255862,0.0215060388162512));
#4706=CARTESIAN_POINT('',(-0.000590220792259438,0.00323141289385674,0.0215060388162512));
#4707=CARTESIAN_POINT('',(-0.000591190644562738,0.00323194468791883,0.0215060388162512));
#4708=CARTESIAN_POINT('',(-0.000593165433718613,0.00323323876403792,0.0215060388162512));
#4709=CARTESIAN_POINT('',(-0.000593546325846711,0.00323356983529198,0.0215060388162512));
#4710=CARTESIAN_POINT('',(-0.000595262248597099,0.00323530051795809,0.0215060388162512));
#4711=CARTESIAN_POINT('',(-0.000596056417120356,0.00323620061454425,0.0215060388162512));
#4712=CARTESIAN_POINT('',(-0.000597694810524732,0.00323806494573995,0.0215060388162512));
#4713=CARTESIAN_POINT('',(-0.000598505095066768,0.00323901985554108,0.0215060388162512));
#4714=CARTESIAN_POINT('',(-0.000600899666965466,0.00324190906367066,0.0215060388162512));
#4715=CARTESIAN_POINT('',(-0.000602462451859602,0.00324389435669954,0.0215060388162512));
#4716=CARTESIAN_POINT('',(-0.000607044431096473,0.00324990050550916,0.0215060388162512));
#4717=CARTESIAN_POINT('',(-0.000609986940542161,0.00325404283418005,0.0215060388162512));
#4718=CARTESIAN_POINT('',(-0.00061569908144042,0.00326245434228132,0.0215060388162512));
#4719=CARTESIAN_POINT('',(-0.000618462693728416,0.00326672683791406,0.0215060388162512));
#4720=CARTESIAN_POINT('',(-0.000626536751951538,0.00327967255403101,0.0215060388162512));
#4721=CARTESIAN_POINT('',(-0.000631630896286179,0.00328850353876339,0.0215060388162512));
#4722=CARTESIAN_POINT('',(-0.000646321380608029,0.003315304848332,0.0215060388162512));
#4723=CARTESIAN_POINT('',(-0.000655317823751289,0.00333374124698,0.0215060388162512));
#4724=CARTESIAN_POINT('',(-0.000672137790470059,0.00337082822587595,0.0215060388162512));
#4725=CARTESIAN_POINT('',(-0.000679980155052182,0.00338959430722486,0.0215060388162512));
#4726=CARTESIAN_POINT('',(-0.000702275098433832,0.00344621731485952,0.0215060388162512));
#4727=CARTESIAN_POINT('',(-0.000715465644250871,0.00348458250701187,0.0215060388162512));
#4728=CARTESIAN_POINT('',(-0.000752209098516556,0.00360046146489244,0.0215060388162512));
#4729=CARTESIAN_POINT('',(-0.000772301064166525,0.00367921613879516,0.0215060388162512));
#4730=CARTESIAN_POINT('',(-0.000827729863416747,0.00391701545291394,0.0215060388162512));
#4731=CARTESIAN_POINT('',(-0.000854525069680055,0.00407777222889638,0.0215060388162512));
#4732=CARTESIAN_POINT('',(-0.000931815885941857,0.00455790958898127,0.0215060388162512));
#4733=CARTESIAN_POINT('',(-0.000968380548893544,0.00488193121761771,0.0215060388162512));
#4734=CARTESIAN_POINT('',(-0.0011007899993139,0.00584475520463087,0.0215060388162512));
#4735=CARTESIAN_POINT('',(-0.00116695096059926,0.00649247084026705,0.0215060388162512));
#4736=CARTESIAN_POINT('',(-0.0013152899818285,0.00778288322548032,0.0215060388162512));
#4737=CARTESIAN_POINT('',(-0.00138923800621915,0.00842812409197068,0.0215060388162512));
#4738=CARTESIAN_POINT('',(-0.00161841522973266,0.0103629159855463,0.0215060388162512));
#4739=CARTESIAN_POINT('',(-0.00177484491689302,0.0116524212950406,0.0215060388162512));
#4740=CARTESIAN_POINT('',(-0.00206180905619352,0.0142339831666452,0.0215060388162512));
#4741=CARTESIAN_POINT('',(-0.00219452127600713,0.0155265469439171,0.0215060388162512));
#4742=CARTESIAN_POINT('',(-0.00241440297768366,0.0181140626495936,0.0215060388162512));
#4743=CARTESIAN_POINT('',(-0.00250418706780796,0.0194081126098051,0.0215060388162512));
#4744=CARTESIAN_POINT('',(-0.00257254659621298,0.0213510349637024,0.0215060388162512));
#4745=CARTESIAN_POINT('',(-0.00258539310385366,0.0219989288151791,0.0215060388162512));
#4746=CARTESIAN_POINT('',(-0.0025749338140624,0.0232956207627284,0.0215060388162512));
#4747=CARTESIAN_POINT('',(-0.00255416968884476,0.0239441989712417,0.0215060388162512));
#4748=CARTESIAN_POINT('',(-0.00246940801180537,0.0249188595047904,0.0215060388162512));
#4749=CARTESIAN_POINT('',(-0.00243319302651197,0.0252445547249166,0.0215060388162512));
#4750=CARTESIAN_POINT('',(-0.00233112495597947,0.0258877595372311,0.0215060388162512));
#4751=CARTESIAN_POINT('',(-0.00226745805447861,0.0262072747808224,0.0215060388162512));
#4752=CARTESIAN_POINT('',(-0.00207912535837153,0.0268307639851121,0.0215060388162512));
#4753=CARTESIAN_POINT('',(-0.00195449274520893,0.027141209572744,0.0215060388162512));
#4754=CARTESIAN_POINT('',(-0.00153464531361178,0.027652332649021,0.0215060388162512));
#4755=CARTESIAN_POINT('',(-0.00122502167888933,0.0278023817276514,0.0215060388162512));
#4756=CARTESIAN_POINT('',(-0.000584368674494941,0.0279463705549884,0.0215060388162512));
#4757=CARTESIAN_POINT('',(-0.000253379165914606,0.0279705293226097,0.0215060388162512));
#4758=CARTESIAN_POINT('',(0.000404115855540576,0.0280237561611864,0.0215060388162512));
#4759=CARTESIAN_POINT('',(0.000733301254460014,0.0280472618510739,0.0215060388162512));
#4760=CARTESIAN_POINT('',(0.00129793167660339,0.0280960998055941,0.0215060388162512));
#4761=CARTESIAN_POINT('',(0.00153422075516178,0.0281153684656308,0.0215060388162512));
#4762=CARTESIAN_POINT('',(0.00177058364891473,0.0281341046007226,0.0215060388162512));
#4763=CARTESIAN_POINT('',(2.23681115701121E-5,0.0031689436647704,0.02151));
#4764=CARTESIAN_POINT('',(-5.00104911357049E-5,0.00317072520835992,0.02151));
#4765=CARTESIAN_POINT('',(-0.000121875247466215,0.00317319291203449,0.02151));
#4766=CARTESIAN_POINT('',(-0.00023185027304566,0.00318025639675389,0.02151));
#4767=CARTESIAN_POINT('',(-0.000273434268475397,0.00318043057099671,0.02151));
#4768=CARTESIAN_POINT('',(-0.00035462716032537,0.00318469156909085,0.02151));
#4769=CARTESIAN_POINT('',(-0.000395196139553584,0.00318742850772853,0.02151));
#4770=CARTESIAN_POINT('',(-0.000455643670880249,0.00319426082704413,0.02151));
#4771=CARTESIAN_POINT('',(-0.000475763690663014,0.00319693490523491,0.02151));
#4772=CARTESIAN_POINT('',(-0.000505759515008824,0.00320211804636394,0.02151));
#4773=CARTESIAN_POINT('',(-0.000515746453760292,0.00320403326010535,0.02151));
#4774=CARTESIAN_POINT('',(-0.00053562845202849,0.00320840870993793,0.02151));
#4775=CARTESIAN_POINT('',(-0.000545569287527871,0.00321086245544871,0.02151));
#4776=CARTESIAN_POINT('',(-0.000565117795770036,0.00321660697398906,0.02151));
#4777=CARTESIAN_POINT('',(-0.000574644266961735,0.00321996525178578,0.02151));
#4778=CARTESIAN_POINT('',(-0.00058648581259123,0.00322496812064274,0.02151));
#4779=CARTESIAN_POINT('',(-0.000588781124568801,0.00322610305085269,0.02151));
#4780=CARTESIAN_POINT('',(-0.000592150204494336,0.00322794874975633,0.02151));
#4781=CARTESIAN_POINT('',(-0.000593252784874958,0.00322858725940418,0.02151));
#4782=CARTESIAN_POINT('',(-0.000595401356911118,0.00322994107746139,0.02151));
#4783=CARTESIAN_POINT('',(-0.000596374787266236,0.00323074820711105,0.02151));
#4784=CARTESIAN_POINT('',(-0.000598128106306818,0.0032326140941765,0.02151));
#4785=CARTESIAN_POINT('',(-0.000599001360152656,0.00323355113579838,0.02151));
#4786=CARTESIAN_POINT('',(-0.000600701458855599,0.00323548542199841,0.02151));
#4787=CARTESIAN_POINT('',(-0.000601533727419634,0.00323646675316211,0.02151));
#4788=CARTESIAN_POINT('',(-0.00060399383577107,0.00323943436776219,0.02151));
#4789=CARTESIAN_POINT('',(-0.00060558348771909,0.0032414554829702,0.02151));
#4790=CARTESIAN_POINT('',(-0.000610254778666788,0.00324757613107175,0.02151));
#4791=CARTESIAN_POINT('',(-0.000613230676382688,0.00325176853233359,0.02151));
#4792=CARTESIAN_POINT('',(-0.000619009574627187,0.00326027825216469,0.02151));
#4793=CARTESIAN_POINT('',(-0.000621799923372964,0.00326459252942788,0.02151));
#4794=CARTESIAN_POINT('',(-0.000629946546224495,0.00327765415101588,0.02151));
#4795=CARTESIAN_POINT('',(-0.000635074261597535,0.00328654534527065,0.02151));
#4796=CARTESIAN_POINT('',(-0.000649859057593225,0.00331351592934404,0.02151));
#4797=CARTESIAN_POINT('',(-0.000658892587007521,0.00333203305842497,0.02151));
#4798=CARTESIAN_POINT('',(-0.000675778186443307,0.00336926450611004,0.02151));
#4799=CARTESIAN_POINT('',(-0.000683644947734037,0.00338809023532096,0.02151));
#4800=CARTESIAN_POINT('',(-0.000706004016424669,0.00344487479276609,0.02151));
#4801=CARTESIAN_POINT('',(-0.000719219286063017,0.00348331803177067,0.02151));
#4802=CARTESIAN_POINT('',(-0.000756033393690184,0.00359941073491798,0.02151));
#4803=CARTESIAN_POINT('',(-0.000776138495898042,0.00367824542622193,0.02151));
#4804=CARTESIAN_POINT('',(-0.000831635503075836,0.00391629028141577,0.02151));
#4805=CARTESIAN_POINT('',(-0.000858417235799638,0.00407708869038093,0.02151));
#4806=CARTESIAN_POINT('',(-0.000935772351952409,0.00455744024376061,0.02151));
#4807=CARTESIAN_POINT('',(-0.000972282881123521,0.0048813690360522,0.02151));
#4808=CARTESIAN_POINT('',(-0.00110477469437148,0.00584438631882311,0.02151));
#4809=CARTESIAN_POINT('',(-0.00117088630248487,0.00649201930535195,0.02151));
#4810=CARTESIAN_POINT('',(-0.00131922530308005,0.00778243111856994,0.02151));
#4811=CARTESIAN_POINT('',(-0.001393172552942,0.00842766556570575,0.02151));
#4812=CARTESIAN_POINT('',(-0.00162234809150075,0.0103624428426372,0.02151));
#4813=CARTESIAN_POINT('',(-0.00177877918537228,0.0116519596737857,0.02151));
#4814=CARTESIAN_POINT('',(-0.00206574849845383,0.0142335680975574,0.02151));
#4815=CARTESIAN_POINT('',(-0.00219846432798199,0.0155261650772735,0.02151));
#4816=CARTESIAN_POINT('',(-0.00241835377484964,0.0181137729118083,0.02151));
#4817=CARTESIAN_POINT('',(-0.00250814303031337,0.0194078779417055,0.02151));
#4818=CARTESIAN_POINT('',(-0.00257650659596789,0.021350939979336,0.02151));
#4819=CARTESIAN_POINT('',(-0.00258935487182774,0.0219988865240121,0.02151));
#4820=CARTESIAN_POINT('',(-0.00257889416668845,0.0232957255995935,0.02151));
#4821=CARTESIAN_POINT('',(-0.00255813149076522,0.0239443880024014,0.02151));
#4822=CARTESIAN_POINT('',(-0.00247334710424374,0.0249192732959263,0.02151));
#4823=CARTESIAN_POINT('',(-0.0024371252456672,0.0252450525803931,0.02151));
#4824=CARTESIAN_POINT('',(-0.00233501774877755,0.0258884998637678,0.02151));
#4825=CARTESIAN_POINT('',(-0.00227133087932884,0.0262081718413349,0.02151));
#4826=CARTESIAN_POINT('',(-0.00208283882819591,0.0268321499138413,0.02151));
#4827=CARTESIAN_POINT('',(-0.00195810738727864,0.0271430184269797,0.02151));
#4828=CARTESIAN_POINT('',(-0.00153709897705208,0.0276556168856939,0.02151));
#4829=CARTESIAN_POINT('',(-0.00122635382513592,0.0278061653264652,0.02151));
#4830=CARTESIAN_POINT('',(-0.00058483958275502,0.027950301416701,0.02151));
#4831=CARTESIAN_POINT('',(-0.000253693099602191,0.0279744750664441,0.02151));
#4832=CARTESIAN_POINT('',(0.000403801055271352,0.0280277077966881,0.02151));
#4833=CARTESIAN_POINT('',(0.000732970645264328,0.0280512061230434,0.02151));
#4834=CARTESIAN_POINT('',(0.00129762898463186,0.0281000516707314,0.02151));
#4835=CARTESIAN_POINT('',(0.00153392134612952,0.0281193212236902,0.02151));
#4836=CARTESIAN_POINT('',(0.00177028365495695,0.0281380571996889,0.02151));
#4837=CARTESIAN_POINT('',(1.72234270944289E-6,0.00250481585379043,0.02217));
#4838=CARTESIAN_POINT('',(-7.07895384295651E-5,0.00250572048860968,0.02217));
#4839=CARTESIAN_POINT('',(-0.000142792652831675,0.00250873390990618,0.02217));
#4840=CARTESIAN_POINT('',(-0.000252988340763323,0.00252329542663053,0.02217));
#4841=CARTESIAN_POINT('',(-0.000300086924232226,0.00252090763841937,0.02217));
#4842=CARTESIAN_POINT('',(-0.000397002038140403,0.00252602058588441,0.02217));
#4843=CARTESIAN_POINT('',(-0.000448086579156589,0.00252894453597617,0.02217));
#4844=CARTESIAN_POINT('',(-0.000539410113389128,0.00253965659043885,0.02217));
#4845=CARTESIAN_POINT('',(-0.00057111011546438,0.00254358411838901,0.02217));
#4846=CARTESIAN_POINT('',(-0.000626406380980787,0.00255320728202486,0.02217));
#4847=CARTESIAN_POINT('',(-0.000645867457027014,0.00255686860118048,0.02217));
#4848=CARTESIAN_POINT('',(-0.000689159282448223,0.00256641021501191,0.02217));
#4849=CARTESIAN_POINT('',(-0.000712304394395237,0.00257181086395808,0.02217));
#4850=CARTESIAN_POINT('',(-0.000769600668354782,0.00258893159737177,0.02217));
#4851=CARTESIAN_POINT('',(-0.000794194298797765,0.00259757033660365,0.02217));
#4852=CARTESIAN_POINT('',(-0.000867317221763237,0.0026269636324331,0.02217));
#4853=CARTESIAN_POINT('',(-0.000887556120578274,0.00263876000557916,0.02217));
#4854=CARTESIAN_POINT('',(-0.000913622813639256,0.00265076393550667,0.02217));
#4855=CARTESIAN_POINT('',(-0.000936840129560521,0.00266918306101714,0.02217));
#4856=CARTESIAN_POINT('',(-0.000967943859514189,0.00268049089324324,0.02217));
#4857=CARTESIAN_POINT('',(-0.00106764414896812,0.00276061737817145,0.02217));
#4858=CARTESIAN_POINT('',(-0.00107562832047431,0.0027850105977773,0.02217));
#4859=CARTESIAN_POINT('',(-0.00108967852247844,0.00279210330526159,0.02217));
#4860=CARTESIAN_POINT('',(-0.0011016597643035,0.00280569327465673,0.02217));
#4861=CARTESIAN_POINT('',(-0.00110615494159357,0.0028110768503002,0.02217));
#4862=CARTESIAN_POINT('',(-0.00111953452794697,0.00282710830485633,0.02217));
#4863=CARTESIAN_POINT('',(-0.00112560068406356,0.00283509799908816,0.02217));
#4864=CARTESIAN_POINT('',(-0.00114515281187303,0.00286029615973613,0.02217));
#4865=CARTESIAN_POINT('',(-0.00115369175834843,0.0028728314988989,0.02217));
#4866=CARTESIAN_POINT('',(-0.00117059355603718,0.00289770494881565,0.02217));
#4867=CARTESIAN_POINT('',(-0.00117783864943859,0.00290898075017136,0.02217));
#4868=CARTESIAN_POINT('',(-0.00119807576285734,0.00294135417745837,0.02217));
#4869=CARTESIAN_POINT('',(-0.0012087969792516,0.00296027729330186,0.02217));
#4870=CARTESIAN_POINT('',(-0.00123929569024878,0.00301545186392168,0.02217));
#4871=CARTESIAN_POINT('',(-0.00125450841770979,0.00304742004428263,0.02217));
#4872=CARTESIAN_POINT('',(-0.00128232953439952,0.00310872242804767,0.02217));
#4873=CARTESIAN_POINT('',(-0.00129426119868422,0.0031374864967613,0.02217));
#4874=CARTESIAN_POINT('',(-0.00132730462503465,0.00322118797643704,0.02217));
#4875=CARTESIAN_POINT('',(-0.00134463930015839,0.0032726351369307,0.02217));
#4876=CARTESIAN_POINT('',(-0.00139322544905783,0.00342434140536443,0.02217));
#4877=CARTESIAN_POINT('',(-0.00141551932329878,0.00351650834484503,0.02217));
#4878=CARTESIAN_POINT('',(-0.0014823809212282,0.0037954644830824,0.02217));
#4879=CARTESIAN_POINT('',(-0.00150691773510005,0.0039631996489206,0.02217));
#4880=CARTESIAN_POINT('',(-0.001594986297215,0.00447923941661314,0.02217));
#4881=CARTESIAN_POINT('',(-0.0016224772258209,0.00478770010858966,0.02217));
#4882=CARTESIAN_POINT('',(-0.0017686920748236,0.00578292372366083,0.02217));
#4883=CARTESIAN_POINT('',(-0.00182658061236925,0.00641678597540176,0.02217));
#4884=CARTESIAN_POINT('',(-0.00197491617498233,0.00770710248456256,0.02217));
#4885=CARTESIAN_POINT('',(-0.00204873437530362,0.0083512673589978,0.02217));
#4886=CARTESIAN_POINT('',(-0.00227762917198999,0.0102836092565648,0.02217));
#4887=CARTESIAN_POINT('',(-0.00243429464766041,0.0115750457895591,0.02217));
#4888=CARTESIAN_POINT('',(-0.00272212599989683,0.0141644105892623,0.02217));
#4889=CARTESIAN_POINT('',(-0.00285544326873199,0.0154625396559976,0.02217));
#4890=CARTESIAN_POINT('',(-0.00307662319502696,0.0180654977116453,0.02217));
#4891=CARTESIAN_POINT('',(-0.00316727308312963,0.0193687782797017,0.02217));
#4892=CARTESIAN_POINT('',(-0.00323630932262166,0.0213351139824112,0.02217));
#4893=CARTESIAN_POINT('',(-0.00324945221360867,0.0219918401025486,0.02217));
#4894=CARTESIAN_POINT('',(-0.00323875568762296,0.0233131931889094,0.02217));
#4895=CARTESIAN_POINT('',(-0.00321823448858383,0.0239758837807508,0.02217));
#4896=CARTESIAN_POINT('',(-0.00312966631945462,0.0249882178758753,0.02217));
#4897=CARTESIAN_POINT('',(-0.00309229925602045,0.0253280036968521,0.02217));
#4898=CARTESIAN_POINT('',(-0.0029836226632818,0.0260118507470516,0.02217));
#4899=CARTESIAN_POINT('',(-0.00291660879705128,0.0263576372475906,0.02217));
#4900=CARTESIAN_POINT('',(-0.00270156551181042,0.0270630690075319,0.02217));
#4901=CARTESIAN_POINT('',(-0.00256036770068296,0.0274444040408022,0.02217));
#4902=CARTESIAN_POINT('',(-0.00194592067614193,0.0282028260892084,0.02217));
#4903=CARTESIAN_POINT('',(-0.0014483118504384,0.0284365766821212,0.02217));
#4904=CARTESIAN_POINT('',(-0.00066330083862212,0.0286052492542287,0.02217));
#4905=CARTESIAN_POINT('',(-0.000305999745025538,0.0286319025163882,0.02217));
#4906=CARTESIAN_POINT('',(0.000351350022735847,0.0286861168977295,0.02217));
#4907=CARTESIAN_POINT('',(0.000677885579034299,0.0287083883354768,0.02217));
#4908=CARTESIAN_POINT('',(0.00124719539864296,0.0287584990329321,0.02217));
#4909=CARTESIAN_POINT('',(0.00148403475317485,0.0287779173617804,0.02217));
#4910=CARTESIAN_POINT('',(0.00172029960354943,0.0287966268301874,0.02217));
#4911=CARTESIAN_POINT('',(-0.00111454603443783,0.0285070007461464,0.0221696502296711));
#4912=CARTESIAN_POINT('',(-0.000997522515559356,0.0285141247710034,0.0221485895053528));
#4913=CARTESIAN_POINT('',(-0.000697690092710983,0.0285281404489971,0.0221053498883721));
#4914=CARTESIAN_POINT('',(-0.000174673629938415,0.0285257585823247,0.0220522086810248));
#4915=CARTESIAN_POINT('',(0.000304398581113023,0.0285145333049092,0.0220035739809437));
#4916=CARTESIAN_POINT('',(0.000685188235965931,0.0284966178926111,0.0219568477265204));
#4917=CARTESIAN_POINT('',(0.000901629927639092,0.0284795597020452,0.0219222654615638));
#4918=CARTESIAN_POINT('',(0.00101033731758753,0.0284662378623207,0.0218996033159201));
#4919=CARTESIAN_POINT('',(-0.0288512799011797,-0.00174417367976871,0.0219));
#4920=CARTESIAN_POINT('',(-0.0288259864268559,-0.00150817027644132,0.0219));
#4921=CARTESIAN_POINT('',(-0.0287993640807385,-0.00127142182614646,0.0219));
#4922=CARTESIAN_POINT('',(-0.0287287649178724,-0.000700993215533088,0.0219));
#4923=CARTESIAN_POINT('',(-0.0287008861664436,-0.0003738959474333,0.0219));
#4924=CARTESIAN_POINT('',(-0.0286257710067019,0.000281380998471809,0.0219));
#4925=CARTESIAN_POINT('',(-0.0286042322075768,0.000629845841607744,0.0219));
#4926=CARTESIAN_POINT('',(-0.0282986959192651,0.00147962115533046,0.0219));
#4927=CARTESIAN_POINT('',(-0.0279191669428799,0.00185192692707911,0.0219));
#4928=CARTESIAN_POINT('',(-0.0271995186267872,0.00223030716083518,0.0219));
#4929=CARTESIAN_POINT('',(-0.0268520491624844,0.00234224724545226,0.0219));
#4930=CARTESIAN_POINT('',(-0.0261655718570061,0.00252293899111258,0.0219));
#4931=CARTESIAN_POINT('',(-0.0258236059459172,0.00258671258053665,0.0219));
#4932=CARTESIAN_POINT('',(-0.0251468999197949,0.00269412233641046,0.0219));
#4933=CARTESIAN_POINT('',(-0.0248103432793132,0.00273552692974696,0.0219));
#4934=CARTESIAN_POINT('',(-0.023804603912145,0.00284006796510001,0.0219));
#4935=CARTESIAN_POINT('',(-0.0231373358090184,0.00288045625394007,0.0219));
#4936=CARTESIAN_POINT('',(-0.0218047171205818,0.00293440121491759,0.0219));
#4937=CARTESIAN_POINT('',(-0.0211396308519303,0.00294605777733143,0.0219));
#4938=CARTESIAN_POINT('',(-0.0191444331702075,0.00295493417561181,0.0219));
#4939=CARTESIAN_POINT('',(-0.0178167347543015,0.00292262732447404,0.0219));
#4940=CARTESIAN_POINT('',(-0.0151680842673085,0.00282213556307053,0.0219));
#4941=CARTESIAN_POINT('',(-0.0138459237720675,0.00275184324959436,0.0219));
#4942=CARTESIAN_POINT('',(-0.011204263791573,0.00259038032104043,0.0219));
#4943=CARTESIAN_POINT('',(-0.00988613694427719,0.0025012412551327,0.0219));
#4944=CARTESIAN_POINT('',(-0.007909611701887,0.00236011540591875,0.0219));
#4945=CARTESIAN_POINT('',(-0.0072487614199175,0.00231579524852485,0.0219));
#4946=CARTESIAN_POINT('',(-0.00625243034370472,0.00222927760551659,0.0219));
#4947=CARTESIAN_POINT('',(-0.00591823943687149,0.00219675513867585,0.0219));
#4948=CARTESIAN_POINT('',(-0.00524649658018289,0.00211583027244233,0.0219));
#4949=CARTESIAN_POINT('',(-0.00490774696712254,0.002066540687337,0.0219));
#4950=CARTESIAN_POINT('',(-0.00440438628540139,0.00197454423164292,0.0219));
#4951=CARTESIAN_POINT('',(-0.0042365870296755,0.00194160624710787,0.0219));
#4952=CARTESIAN_POINT('',(-0.00389803425097616,0.0018661342179835,0.0219));
#4953=CARTESIAN_POINT('',(-0.0037282798538983,0.0018247842976353,0.0219));
#4954=CARTESIAN_POINT('',(-0.00346658276072353,0.00174690087663022,0.0219));
#4955=CARTESIAN_POINT('',(-0.0033786786828849,0.00171910138463168,0.0219));
#4956=CARTESIAN_POINT('',(-0.0031978502166496,0.0016534374704694,0.0219));
#4957=CARTESIAN_POINT('',(-0.00309580697527564,0.00161709019162395,0.0219));
#4958=CARTESIAN_POINT('',(-0.00298334369054476,0.00155515173190565,0.0219));
#4959=CARTESIAN_POINT('',(-0.00295493703384766,0.0015416597685281,0.0219));
#4960=CARTESIAN_POINT('',(-0.00290093374954475,0.00151133632539129,0.0219));
#4961=CARTESIAN_POINT('',(-0.00287403390616759,0.00149605044476425,0.0219));
#4962=CARTESIAN_POINT('',(-0.00282536096350885,0.00146273743207276,0.0219));
#4963=CARTESIAN_POINT('',(-0.00280978642072106,0.00145242353575487,0.0219));
#4964=CARTESIAN_POINT('',(-0.00277109337943826,0.00142254185984489,0.0219));
#4965=CARTESIAN_POINT('',(-0.00277815920787104,0.00140935135997972,0.0219));
#4966=CARTESIAN_POINT('',(-0.00270057340982028,0.00136427928851605,0.0219));
#4967=CARTESIAN_POINT('',(-0.00270153503067836,0.00135778074563287,0.0219));
#4968=CARTESIAN_POINT('',(-0.00266018494924675,0.00131136487889845,0.0219));
#4969=CARTESIAN_POINT('',(-0.00261625258918201,0.00124292736129381,0.0219));
#4970=CARTESIAN_POINT('',(-0.0026059839134977,0.00121514062393202,0.0219));
#4971=CARTESIAN_POINT('',(-0.00259654086260208,0.00119982155391751,0.0219));
#4972=CARTESIAN_POINT('',(-0.00258609529291187,0.00116140584716075,0.0219));
#4973=CARTESIAN_POINT('',(-0.00257622022102985,0.00114185060111028,0.0219));
#4974=CARTESIAN_POINT('',(-0.00256654123292999,0.00110901726268859,0.0219));
#4975=CARTESIAN_POINT('',(-0.0025634886874539,0.00109627738484608,0.0219));
#4976=CARTESIAN_POINT('',(-0.0025578695437104,0.00107212218812605,0.0219));
#4977=CARTESIAN_POINT('',(-0.0025565687482315,0.00106126423359144,0.0219));
#4978=CARTESIAN_POINT('',(-0.00254182073216625,0.00101021306022089,0.0219));
#4979=CARTESIAN_POINT('',(-0.00254165448188316,0.000978558575097422,0.0219));
#4980=CARTESIAN_POINT('',(-0.00253488428269179,0.000918823469121501,0.0219));
#4981=CARTESIAN_POINT('',(-0.00253271887667515,0.000891960167301577,0.0219));
#4982=CARTESIAN_POINT('',(-0.00252694200228166,0.000813450933255873,0.0219));
#4983=CARTESIAN_POINT('',(-0.00252551086673357,0.00076720285479196,0.0219));
#4984=CARTESIAN_POINT('',(-0.00252041738326161,0.000627348721441518,0.0219));
#4985=CARTESIAN_POINT('',(-0.00252043580411166,0.00054343792694692,0.0219));
#4986=CARTESIAN_POINT('',(-0.00251921798269309,0.000374941747751417,0.0219));
#4987=CARTESIAN_POINT('',(-0.00251894438250307,0.000292776571153529,0.0219));
#4988=CARTESIAN_POINT('',(-0.00251744357005676,0.000138252021484588,0.0219));
#4989=CARTESIAN_POINT('',(-0.00251676444018897,6.55680083223569E-5,0.0219));
#4990=CARTESIAN_POINT('',(-0.00251606109324819,-7.39896995863748E-6,0.0219));
#4991=CARTESIAN_POINT('',(-0.0283427592627601,-0.00179549831797723,0.02241));
#4992=CARTESIAN_POINT('',(-0.0283174072670013,-0.00155935862046986,0.02241));
#4993=CARTESIAN_POINT('',(-0.028291120657265,-0.0013233920873427,0.02241));
#4994=CARTESIAN_POINT('',(-0.0282233687680202,-0.000759594667896838,0.02241));
#4995=CARTESIAN_POINT('',(-0.02819271742605,-0.000429749957379405,0.02241));
#4996=CARTESIAN_POINT('',(-0.0281198324543139,0.000227752595549394,0.02241));
#4997=CARTESIAN_POINT('',(-0.0280920555520775,0.000555295598175383,0.02241));
#4998=CARTESIAN_POINT('',(-0.0278592462841282,0.00118701012225054,0.02241));
#4999=CARTESIAN_POINT('',(-0.0276071360943968,0.00143608964528084,0.02241));
#5000=CARTESIAN_POINT('',(-0.0270178086018697,0.00175360875710942,0.02241));
#5001=CARTESIAN_POINT('',(-0.0267011013801754,0.0018550916495264,0.02241));
#5002=CARTESIAN_POINT('',(-0.0260604334464087,0.00202276492486728,0.02241));
#5003=CARTESIAN_POINT('',(-0.025732123332834,0.00208486997673162,0.02241));
#5004=CARTESIAN_POINT('',(-0.0250786752873429,0.00218854566517466,0.02241));
#5005=CARTESIAN_POINT('',(-0.0247505749995601,0.00222904796392495,0.02241));
#5006=CARTESIAN_POINT('',(-0.0237671957160552,0.00233109674474928,0.02241));
#5007=CARTESIAN_POINT('',(-0.0231089996092528,0.00237119359585878,0.02241));
#5008=CARTESIAN_POINT('',(-0.0217919229292873,0.00242449347952609,0.02241));
#5009=CARTESIAN_POINT('',(-0.0211325501456331,0.00243610612870334,0.02241));
#5010=CARTESIAN_POINT('',(-0.0191524498473153,0.00244484981205947,0.02241));
#5011=CARTESIAN_POINT('',(-0.0178309385635522,0.00241280291507814,0.02241));
#5012=CARTESIAN_POINT('',(-0.015192633418725,0.00231269641084965,0.02241));
#5013=CARTESIAN_POINT('',(-0.0138741035723713,0.00224261278136541,0.02241));
#5014=CARTESIAN_POINT('',(-0.0112383945307489,0.00208151580515937,0.02241));
#5015=CARTESIAN_POINT('',(-0.00992060737680423,0.00199221854242822,0.02241));
#5016=CARTESIAN_POINT('',(-0.00794531472346441,0.00185146063161893,0.02241));
#5017=CARTESIAN_POINT('',(-0.00728625872381968,0.00180712984021097,0.02241));
#5018=CARTESIAN_POINT('',(-0.00629999988196631,0.00172149030754325,0.02241));
#5019=CARTESIAN_POINT('',(-0.00597134544566337,0.00168947269700939,0.02241));
#5020=CARTESIAN_POINT('',(-0.0053156208541882,0.00161046284472275,0.02241));
#5021=CARTESIAN_POINT('',(-0.00498806732213162,0.00156271526888784,0.02241));
#5022=CARTESIAN_POINT('',(-0.00450108778296888,0.00147379906248144,0.02241));
#5023=CARTESIAN_POINT('',(-0.00433919650040765,0.00144195276597804,0.02241));
#5024=CARTESIAN_POINT('',(-0.00401718297737851,0.00137018571940262,0.02241));
#5025=CARTESIAN_POINT('',(-0.00385685127340896,0.00133075856436364,0.02241));
#5026=CARTESIAN_POINT('',(-0.0036190423812184,0.00126026092222952,0.02241));
#5027=CARTESIAN_POINT('',(-0.00353990034343352,0.00123501899355912,0.02241));
#5028=CARTESIAN_POINT('',(-0.00338397426436209,0.00117848338728625,0.02241));
#5029=CARTESIAN_POINT('',(-0.00330460739503214,0.00114874734684439,0.02241));
#5030=CARTESIAN_POINT('',(-0.00321448351206214,0.00110116412374854,0.02241));
#5031=CARTESIAN_POINT('',(-0.00319550830614807,0.00109183617557119,0.02241));
#5032=CARTESIAN_POINT('',(-0.00315939213270584,0.001071570460806,0.02241));
#5033=CARTESIAN_POINT('',(-0.00314163700343058,0.001060977240214,0.02241));
#5034=CARTESIAN_POINT('',(-0.0031159014424743,0.001043753144184,0.02241));
#5035=CARTESIAN_POINT('',(-0.00310743437876223,0.00103784547149836,0.02241));
#5036=CARTESIAN_POINT('',(-0.00309098579929071,0.00102530474706218,0.02241));
#5037=CARTESIAN_POINT('',(-0.00308320348626439,0.00101867721709137,0.02241));
#5038=CARTESIAN_POINT('',(-0.0030735077024798,0.00100958759551979,0.02241));
#5039=CARTESIAN_POINT('',(-0.0030717679927523,0.00100760262264167,0.02241));
#5040=CARTESIAN_POINT('',(-0.00306921892967982,0.00100457197441578,0.02241));
#5041=CARTESIAN_POINT('',(-0.00306851608737076,0.00100348295276685,0.02241));
#5042=CARTESIAN_POINT('',(-0.00306739171847193,0.00100114843294734,0.02241));
#5043=CARTESIAN_POINT('',(-0.00306684062898802,0.000999975368734285,0.02241));
#5044=CARTESIAN_POINT('',(-0.00306447496399059,0.00099389442713977,0.02241));
#5045=CARTESIAN_POINT('',(-0.00306280374707293,0.000988928217671285,0.02241));
#5046=CARTESIAN_POINT('',(-0.00305990965338895,0.00097893048983207,0.02241));
#5047=CARTESIAN_POINT('',(-0.00305863222769651,0.000973881656213632,0.02241));
#5048=CARTESIAN_POINT('',(-0.00305627737016286,0.000963745990956018,0.02241));
#5049=CARTESIAN_POINT('',(-0.00305528826743044,0.000958601358687227,0.02241));
#5050=CARTESIAN_POINT('',(-0.00304989782442161,0.000933303874669273,0.02241));
#5051=CARTESIAN_POINT('',(-0.00304740692369774,0.000912417356448448,0.02241));
#5052=CARTESIAN_POINT('',(-0.00304275827951581,0.000871116354919088,0.02241));
#5053=CARTESIAN_POINT('',(-0.00304099875871945,0.000850405600163992,0.02241));
#5054=CARTESIAN_POINT('',(-0.00303654346151776,0.000788246077573052,0.02241));
#5055=CARTESIAN_POINT('',(-0.00303491901697393,0.000746685849849983,0.02241));
#5056=CARTESIAN_POINT('',(-0.00303089730883579,0.000621981729453313,0.02241));
#5057=CARTESIAN_POINT('',(-0.00303040919973703,0.000538795568640171,0.02241));
#5058=CARTESIAN_POINT('',(-0.00302921965391801,0.000372452275717344,0.02241));
#5059=CARTESIAN_POINT('',(-0.00302892454288309,0.000289277468517421,0.02241));
#5060=CARTESIAN_POINT('',(-0.00302742492196096,0.000133011443781081,0.02241));
#5061=CARTESIAN_POINT('',(-0.00302674088892203,5.99148062818398E-5,0.02241));
#5062=CARTESIAN_POINT('',(-0.00302603348412716,-1.31815977353872E-5,0.02241));
#5063=CARTESIAN_POINT('',(0.00175001759947332,-0.0288569674045702,0.0219));
#5064=CARTESIAN_POINT('',(0.00151263851219657,-0.0288315037642767,0.0219));
#5065=CARTESIAN_POINT('',(0.00127458837619278,-0.0288047590513507,0.0219));
#5066=CARTESIAN_POINT('',(0.000701496415386784,-0.0287341217388985,0.0219));
#5067=CARTESIAN_POINT('',(0.000372089149606163,-0.0287055326307655,0.0219));
#5068=CARTESIAN_POINT('',(-0.000286523725550481,-0.0286305522799366,0.0219));
#5069=CARTESIAN_POINT('',(-0.000643714017030803,-0.0286044829025481,0.0219));
#5070=CARTESIAN_POINT('',(-0.00147806621965835,-0.0283105065081905,0.0219));
#5071=CARTESIAN_POINT('',(-0.00185777629034897,-0.0279453278361106,0.0219));
#5072=CARTESIAN_POINT('',(-0.0022471092688371,-0.0272294058098661,0.0219));
#5073=CARTESIAN_POINT('',(-0.00236512262779915,-0.0268688920145288,0.0219));
#5074=CARTESIAN_POINT('',(-0.00262389793158693,-0.02587243644906,0.0219));
#5075=CARTESIAN_POINT('',(-0.00271421424395487,-0.0251854399198128,0.0219));
#5076=CARTESIAN_POINT('',(-0.00284636612910017,-0.0238493832626012,0.0219));
#5077=CARTESIAN_POINT('',(-0.00288166721484577,-0.0231822914307706,0.0219));
#5078=CARTESIAN_POINT('',(-0.00292493361875323,-0.0218536839536781,0.0219));
#5079=CARTESIAN_POINT('',(-0.00293078037312598,-0.0211918305754031,0.0219));
#5080=CARTESIAN_POINT('',(-0.00292161647926192,-0.0192112607558435,0.0219));
#5081=CARTESIAN_POINT('',(-0.00287655188503631,-0.0178952781817239,0.0219));
#5082=CARTESIAN_POINT('',(-0.0027497500749349,-0.0152679955665211,0.0219));
#5083=CARTESIAN_POINT('',(-0.00266583065248599,-0.0139566874762868,0.0219));
#5084=CARTESIAN_POINT('',(-0.00247656905479096,-0.0113365110703766,0.0219));
#5085=CARTESIAN_POINT('',(-0.00237248069351907,-0.0100288291278015,0.0219));
#5086=CARTESIAN_POINT('',(-0.00220991430757269,-0.00806859538073033,0.0219));
#5087=CARTESIAN_POINT('',(-0.00215865490853241,-0.00741372247041557,0.0219));
#5088=CARTESIAN_POINT('',(-0.00206540787486428,-0.00642722836630837,0.0219));
#5089=CARTESIAN_POINT('',(-0.0020315466651037,-0.00609671734955083,0.0219));
#5090=CARTESIAN_POINT('',(-0.00195051168241206,-0.00543243774396777,0.0219));
#5091=CARTESIAN_POINT('',(-0.00190267209858384,-0.00509759826277984,0.0219));
#5092=CARTESIAN_POINT('',(-0.00181425469919949,-0.00459884021005808,0.0219));
#5093=CARTESIAN_POINT('',(-0.00178270227887334,-0.00443307209197313,0.0219));
#5094=CARTESIAN_POINT('',(-0.00171189845065022,-0.00409918506711827,0.0219));
#5095=CARTESIAN_POINT('',(-0.00167314707979431,-0.00393179318937482,0.0219));
#5096=CARTESIAN_POINT('',(-0.00160424588086909,-0.00367681528553192,0.0219));
#5097=CARTESIAN_POINT('',(-0.00157968737520057,-0.00359132682903833,0.0219));
#5098=CARTESIAN_POINT('',(-0.001524644960674,-0.00341767144169672,0.0219));
#5099=CARTESIAN_POINT('',(-0.00149464690734714,-0.00332972019631415,0.0219));
#5100=CARTESIAN_POINT('',(-0.00144035968316939,-0.00319264279334404,0.0219));
#5101=CARTESIAN_POINT('',(-0.00142113341033398,-0.00314650565239733,0.0219));
#5102=CARTESIAN_POINT('',(-0.00137706000001954,-0.00305070124869307,0.0219));
#5103=CARTESIAN_POINT('',(-0.00135781743184346,-0.00300509445086112,0.0219));
#5104=CARTESIAN_POINT('',(-0.00130381523138875,-0.00291852671658499,0.0219));
#5105=CARTESIAN_POINT('',(-0.00129134495998513,-0.00289366988874818,0.0219));
#5106=CARTESIAN_POINT('',(-0.00125511960372853,-0.00284322918112831,0.0219));
#5107=CARTESIAN_POINT('',(-0.00124423596821072,-0.00282664048245491,0.0219));
#5108=CARTESIAN_POINT('',(-0.00120875623739938,-0.00278331303765268,0.0219));
#5109=CARTESIAN_POINT('',(-0.00119812396573794,-0.00276590270458755,0.0219));
#5110=CARTESIAN_POINT('',(-0.00108734711815256,-0.00266757900395573,0.0219));
#5111=CARTESIAN_POINT('',(-0.0010130336117412,-0.00262930473187111,0.0219));
#5112=CARTESIAN_POINT('',(-0.000951875069597817,-0.00260412149026725,0.0219));
#5113=CARTESIAN_POINT('',(-0.000923265650664125,-0.0025949020844101,0.0219));
#5114=CARTESIAN_POINT('',(-0.000856545260574132,-0.00257157128388499,0.0219));
#5115=CARTESIAN_POINT('',(-0.000826487590768073,-0.00257057855132488,0.0219));
#5116=CARTESIAN_POINT('',(-0.000718920992398639,-0.00253893750359407,0.0219));
#5117=CARTESIAN_POINT('',(-0.000674173464920986,-0.00254137188770738,0.0219));
#5118=CARTESIAN_POINT('',(-0.000572397830811139,-0.00253112527639149,0.0219));
#5119=CARTESIAN_POINT('',(-0.000525148041121162,-0.00252802997276697,0.0219));
#5120=CARTESIAN_POINT('',(-0.000385854698679316,-0.00252019424946909,0.0219));
#5121=CARTESIAN_POINT('',(-0.000299370377635458,-0.00251897664365545,0.0219));
#5122=CARTESIAN_POINT('',(-0.00013789364731128,-0.00251653592377077,0.0219));
#5123=CARTESIAN_POINT('',(-6.60177942032892E-5,-0.00251632200349962,0.0219));
#5124=CARTESIAN_POINT('',(4.80083231220753E-6,-0.00251621749725615,0.0219));
#5125=CARTESIAN_POINT('',(0.00180157994160855,-0.028348538571608,0.02241));
#5126=CARTESIAN_POINT('',(0.00156407228818794,-0.0283230197585069,0.02241));
#5127=CARTESIAN_POINT('',(0.00132675729818644,-0.0282965905257518,0.02241));
#5128=CARTESIAN_POINT('',(0.000759902407153063,-0.0282286297861595,0.02241));
#5129=CARTESIAN_POINT('',(0.000427987769854371,-0.0281974831682418,0.02241));
#5130=CARTESIAN_POINT('',(-0.000232871363413387,-0.0281245018547478,0.02241));
#5131=CARTESIAN_POINT('',(-0.000566125931642477,-0.028094263286264,0.02241));
#5132=CARTESIAN_POINT('',(-0.00119482948638424,-0.0278666792439508,0.02241));
#5133=CARTESIAN_POINT('',(-0.00144842200268017,-0.0276236498158688,0.02241));
#5134=CARTESIAN_POINT('',(-0.00177103700714903,-0.0270447046977435,0.02241));
#5135=CARTESIAN_POINT('',(-0.00187579270200857,-0.0267240116098711,0.02241));
#5136=CARTESIAN_POINT('',(-0.00212172202605358,-0.0257774564879187,0.02241));
#5137=CARTESIAN_POINT('',(-0.00220834869856948,-0.0251202552736597,0.02241));
#5138=CARTESIAN_POINT('',(-0.00233705440223649,-0.023815496692404,0.02241));
#5139=CARTESIAN_POINT('',(-0.00237220632856597,-0.0231576995127246,0.02241));
#5140=CARTESIAN_POINT('',(-0.00241493133193179,-0.0218451875249758,0.02241));
#5141=CARTESIAN_POINT('',(-0.00242078669525461,-0.0211892284743929,0.02241));
#5142=CARTESIAN_POINT('',(-0.00241162341944801,-0.0192242062764528,0.02241));
#5143=CARTESIAN_POINT('',(-0.00236689362957971,-0.0179145791012767,0.02241));
#5144=CARTESIAN_POINT('',(-0.00224059849944064,-0.0152979544516582,0.02241));
#5145=CARTESIAN_POINT('',(-0.00215694089208629,-0.0139904618383003,0.02241));
#5146=CARTESIAN_POINT('',(-0.00196811778466691,-0.0113763385263641,0.02241));
#5147=CARTESIAN_POINT('',(-0.00186392892362779,-0.0100692817546363,0.02241));
#5148=CARTESIAN_POINT('',(-0.0017016843654856,-0.00811009316099803,0.02241));
#5149=CARTESIAN_POINT('',(-0.00165040142228089,-0.00745636811943411,0.02241));
#5150=CARTESIAN_POINT('',(-0.00155792975589204,-0.0064778988333532,0.02241));
#5151=CARTESIAN_POINT('',(-0.00152449296871193,-0.00615182305503967,0.02241));
#5152=CARTESIAN_POINT('',(-0.0014450935825157,-0.00550102869050018,0.02241));
#5153=CARTESIAN_POINT('',(-0.00139859582149747,-0.00517604113743326,0.02241));
#5154=CARTESIAN_POINT('',(-0.00131294124873105,-0.00469260893527645,0.02241));
#5155=CARTESIAN_POINT('',(-0.00128231286003858,-0.0045318853931369,0.02241));
#5156=CARTESIAN_POINT('',(-0.00121446671246421,-0.00421192066952514,0.02241));
#5157=CARTESIAN_POINT('',(-0.00117745878698068,-0.00405260061766576,0.02241));
#5158=CARTESIAN_POINT('',(-0.00111345818113617,-0.00381552961644592,0.02241));
#5159=CARTESIAN_POINT('',(-0.00109077424019452,-0.00373676738138938,0.02241));
#5160=CARTESIAN_POINT('',(-0.00104118232967313,-0.00358026557843547,0.02241));
#5161=CARTESIAN_POINT('',(-0.00101435103366998,-0.00350223520775563,0.02241));
#5162=CARTESIAN_POINT('',(-0.000968851467397529,-0.00338704615139274,0.02241));
#5163=CARTESIAN_POINT('',(-0.000952893899637903,-0.00334899789402501,0.02241));
#5164=CARTESIAN_POINT('',(-0.000918448572238331,-0.0032740579683697,0.02241));
#5165=CARTESIAN_POINT('',(-0.000900142564509387,-0.00323683307753811,0.02241));
#5166=CARTESIAN_POINT('',(-0.000869091151162399,-0.00318332933191949,0.02241));
#5167=CARTESIAN_POINT('',(-0.000858423393055462,-0.00316562185071171,0.02241));
#5168=CARTESIAN_POINT('',(-0.000840793703263158,-0.00314007320820583,0.02241));
#5169=CARTESIAN_POINT('',(-0.0008347564899686,-0.00313167360403032,0.02241));
#5170=CARTESIAN_POINT('',(-0.000821849385522835,-0.00311559366392862,0.02241));
#5171=CARTESIAN_POINT('',(-0.000815120791893607,-0.00310784118874236,0.02241));
#5172=CARTESIAN_POINT('',(-0.000799464120568199,-0.00309395799649005,0.02241));
#5173=CARTESIAN_POINT('',(-0.00079041083060157,-0.00308928773835284,0.02241));
#5174=CARTESIAN_POINT('',(-0.000771765673152617,-0.00308126536587674,0.02241));
#5175=CARTESIAN_POINT('',(-0.000762028670282647,-0.00307799230156627,0.02241));
#5176=CARTESIAN_POINT('',(-0.000732813740249546,-0.00306888005986695,0.02241));
#5177=CARTESIAN_POINT('',(-0.000712869372495481,-0.00306468895154415,0.02241));
#5178=CARTESIAN_POINT('',(-0.000653629716345592,-0.00305249149897629,0.02241));
#5179=CARTESIAN_POINT('',(-0.000613106752082504,-0.00304777578439459,0.02241));
#5180=CARTESIAN_POINT('',(-0.000532224542250532,-0.00303968466087109,0.02241));
#5181=CARTESIAN_POINT('',(-0.000491722531459296,-0.00303689386882885,0.02241));
#5182=CARTESIAN_POINT('',(-0.000370303447062777,-0.00303024584774969,0.02241));
#5183=CARTESIAN_POINT('',(-0.000289159130058302,-0.00302861947190774,0.02241));
#5184=CARTESIAN_POINT('',(-0.000136822604941754,-0.00302679764594183,0.02241));
#5185=CARTESIAN_POINT('',(-6.54192842023764E-5,-0.00302650303047567,0.02241));
#5186=CARTESIAN_POINT('',(5.99663314704984E-6,-0.00302626979515272,0.02241));
#5187=CARTESIAN_POINT('',(0.0288506860777791,0.00174595095448268,0.0219));
#5188=CARTESIAN_POINT('',(0.0288251861827882,0.0015079111456366,0.0219));
#5189=CARTESIAN_POINT('',(0.028798266010346,0.00126913590858933,0.0219));
#5190=CARTESIAN_POINT('',(0.0287264766820596,0.000693871110802236,0.0219));
#5191=CARTESIAN_POINT('',(0.0286986509391617,0.000363363908217426,0.0219));
#5192=CARTESIAN_POINT('',(0.0286229597630024,-0.000296655875027931,0.0219));
#5193=CARTESIAN_POINT('',(0.0286003463774074,-0.00065738111502426,0.0219));
#5194=CARTESIAN_POINT('',(0.0282771462422363,-0.00151019781141152,0.0219));
#5195=CARTESIAN_POINT('',(0.0278920830529331,-0.00186948279337646,0.0219));
#5196=CARTESIAN_POINT('',(0.0271778208316916,-0.00223738867512047,0.0219));
#5197=CARTESIAN_POINT('',(0.0268190558964114,-0.00235044347901932,0.0219));
#5198=CARTESIAN_POINT('',(0.0258182534772335,-0.00261279963727242,0.0219));
#5199=CARTESIAN_POINT('',(0.0251292488172842,-0.00270197822200586,0.0219));
#5200=CARTESIAN_POINT('',(0.0237889678028704,-0.00284092302722355,0.0219));
#5201=CARTESIAN_POINT('',(0.0231215937487148,-0.00288083621557986,0.0219));
#5202=CARTESIAN_POINT('',(0.0217856276418169,-0.00293440051854328,0.0219));
#5203=CARTESIAN_POINT('',(0.0211197094091144,-0.0029458553868996,0.0219));
#5204=CARTESIAN_POINT('',(0.0191264401053939,-0.00295412997237473,0.0219));
#5205=CARTESIAN_POINT('',(0.0178020644751887,-0.00292174374824807,0.0219));
#5206=CARTESIAN_POINT('',(0.015157258746985,-0.00282117603424156,0.0219));
#5207=CARTESIAN_POINT('',(0.0138370839119939,-0.0027509309761051,0.0219));
#5208=CARTESIAN_POINT('',(0.0111987676662945,-0.00258962060298739,0.0219));
#5209=CARTESIAN_POINT('',(0.00988206629837263,-0.00250058008309723,0.0219));
#5210=CARTESIAN_POINT('',(0.00790796665482087,-0.00235968500399132,0.0219));
#5211=CARTESIAN_POINT('',(0.00724777899069861,-0.00231540880334077,0.0219));
#5212=CARTESIAN_POINT('',(0.0062526769898822,-0.00222904034804009,0.0219));
#5213=CARTESIAN_POINT('',(0.00591885362515165,-0.00219656806304654,0.0219));
#5214=CARTESIAN_POINT('',(0.00524784702863492,-0.00211578824549451,0.0219));
#5215=CARTESIAN_POINT('',(0.004909449717036,-0.00206656901519309,0.0219));
#5216=CARTESIAN_POINT('',(0.0044074238387083,-0.00197489965267607,0.0219));
#5217=CARTESIAN_POINT('',(0.00424015215787023,-0.00194208314402813,0.0219));
#5218=CARTESIAN_POINT('',(0.00390299560884235,-0.00186706344253651,0.0219));
#5219=CARTESIAN_POINT('',(0.00373414399954899,-0.00182602218549563,0.0219));
#5220=CARTESIAN_POINT('',(0.0034741926392493,-0.00174903710022809,0.0219));
#5221=CARTESIAN_POINT('',(0.00338720466423977,-0.0017217032826315,0.0219));
#5222=CARTESIAN_POINT('',(0.00320761332418877,-0.00165706674375861,0.0219));
#5223=CARTESIAN_POINT('',(0.00310787158980954,-0.00162391811652814,0.0219));
#5224=CARTESIAN_POINT('',(0.00299274152013637,-0.00155952756045651,0.0219));
#5225=CARTESIAN_POINT('',(0.00296466466913739,-0.0015468498167042,0.0219));
#5226=CARTESIAN_POINT('',(0.00290996257373701,-0.00151670329846111,0.0219));
#5227=CARTESIAN_POINT('',(0.00288227174462607,-0.00150096686140661,0.0219));
#5228=CARTESIAN_POINT('',(0.00283417324102133,-0.00146912372780806,0.0219));
#5229=CARTESIAN_POINT('',(0.00281823457122864,-0.00145856265547873,0.0219));
#5230=CARTESIAN_POINT('',(0.00278080568590916,-0.00143070577898367,0.0219));
#5231=CARTESIAN_POINT('',(0.00277920515571954,-0.00141858400311275,0.0219));
#5232=CARTESIAN_POINT('',(0.00271925804462852,-0.00138094343872141,0.0219));
#5233=CARTESIAN_POINT('',(0.00271616786999396,-0.00137641136280541,0.0219));
#5234=CARTESIAN_POINT('',(0.00269666791901978,-0.0013530839238566,0.0219));
#5235=CARTESIAN_POINT('',(0.0026875749128873,-0.00134372312022097,0.0219));
#5236=CARTESIAN_POINT('',(0.00267445934860453,-0.00132891959067825,0.0219));
#5237=CARTESIAN_POINT('',(0.00264032866776939,-0.00128528665816787,0.0219));
#5238=CARTESIAN_POINT('',(0.00259568066622276,-0.00120348516005507,0.0219));
#5239=CARTESIAN_POINT('',(0.00260003923972458,-0.0012078328125818,0.0219));
#5240=CARTESIAN_POINT('',(0.00259103269263548,-0.00118706219438069,0.0219));
#5241=CARTESIAN_POINT('',(0.00258882358260885,-0.00118066820995285,0.0219));
#5242=CARTESIAN_POINT('',(0.00258023731109551,-0.00115870621767786,0.0219));
#5243=CARTESIAN_POINT('',(0.00257832238788721,-0.00115088783035075,0.0219));
#5244=CARTESIAN_POINT('',(0.00256731567573551,-0.00111916057295798,0.0219));
#5245=CARTESIAN_POINT('',(0.00256513260262854,-0.00110760885285065,0.0219));
#5246=CARTESIAN_POINT('',(0.00255871874162143,-0.0010816494205081,0.0219));
#5247=CARTESIAN_POINT('',(0.00255406677122221,-0.001068188544667,0.0219));
#5248=CARTESIAN_POINT('',(0.00255384456966323,-0.000990631966302484,0.0219));
#5249=CARTESIAN_POINT('',(0.0025338461510174,-0.000923353380954038,0.0219));
#5250=CARTESIAN_POINT('',(0.00252560802527733,-0.000817105258735452,0.0219));
#5251=CARTESIAN_POINT('',(0.00252426795865593,-0.000770872042263188,0.0219));
#5252=CARTESIAN_POINT('',(0.00251889513973419,-0.000629953079020389,0.0219));
#5253=CARTESIAN_POINT('',(0.00251897476926733,-0.000545781337124387,0.0219));
#5254=CARTESIAN_POINT('',(0.00251771670946027,-0.000376505866342459,0.0219));
#5255=CARTESIAN_POINT('',(0.00251743984316132,-0.000293979048147109,0.0219));
#5256=CARTESIAN_POINT('',(0.00251592745392029,-0.000138787076181878,0.0219));
#5257=CARTESIAN_POINT('',(0.00251524643734328,-6.58045375820196E-5,0.0219));
#5258=CARTESIAN_POINT('',(0.00251454145378449,7.45766470639953E-6,0.0219));
#5259=CARTESIAN_POINT('',(0.0283420392304006,0.00179723092240137,0.02241));
#5260=CARTESIAN_POINT('',(0.0283164758794736,0.00155905325516104,0.02241));
#5261=CARTESIAN_POINT('',(0.0282899203837605,0.00132107028045238,0.02241));
#5262=CARTESIAN_POINT('',(0.0282212231074742,0.000752522983820028,0.02241));
#5263=CARTESIAN_POINT('',(0.028190380089525,0.000419069907712598,0.02241));
#5264=CARTESIAN_POINT('',(0.0281171233198576,-0.000242879461654581,0.02241));
#5265=CARTESIAN_POINT('',(0.0280874690499811,-0.000578813121509537,0.02241));
#5266=CARTESIAN_POINT('',(0.0278442093619931,-0.00120688168039277,0.02241));
#5267=CARTESIAN_POINT('',(0.0275864955671022,-0.00144979248907361,0.02241));
#5268=CARTESIAN_POINT('',(0.0269983275972185,-0.00175980717289551,0.02241));
#5269=CARTESIAN_POINT('',(0.0266764926383888,-0.00186155556003367,0.02241));
#5270=CARTESIAN_POINT('',(0.0257235923824687,-0.00210846165684936,0.02241));
#5271=CARTESIAN_POINT('',(0.0250623334139749,-0.00219633578379724,0.02241));
#5272=CARTESIAN_POINT('',(0.0237519081612559,-0.00233187872065164,0.02241));
#5273=CARTESIAN_POINT('',(0.0230934640897359,-0.00237156204038375,0.02241));
#5274=CARTESIAN_POINT('',(0.0217730101714931,-0.00242448890525242,0.02241));
#5275=CARTESIAN_POINT('',(0.0211127907098305,-0.00243590124857551,0.02241));
#5276=CARTESIAN_POINT('',(0.0191345421923991,-0.00244404899866793,0.02241));
#5277=CARTESIAN_POINT('',(0.0178163296365903,-0.00241192120224159,0.02241));
#5278=CARTESIAN_POINT('',(0.0151818363560239,-0.00231173843721058,0.02241));
#5279=CARTESIAN_POINT('',(0.0138652807345375,-0.00224170148308953,0.02241));
#5280=CARTESIAN_POINT('',(0.0112329004365934,-0.00208075627819621,0.02241));
#5281=CARTESIAN_POINT('',(0.00991652586718379,-0.00199155695173275,0.02241));
#5282=CARTESIAN_POINT('',(0.00794366037619874,-0.00185102941725168,0.02241));
#5283=CARTESIAN_POINT('',(0.00728526619110734,-0.00180674272175568,0.02241));
#5284=CARTESIAN_POINT('',(0.00630022381940583,-0.00172125097154876,0.02241));
#5285=CARTESIAN_POINT('',(0.00597192848713683,-0.00168928249436772,0.02241));
#5286=CARTESIAN_POINT('',(0.00531692113796797,-0.00161041413352731,0.02241));
#5287=CARTESIAN_POINT('',(0.00498972502344836,-0.00156273982393999,0.02241));
#5288=CARTESIAN_POINT('',(0.00450404522283444,-0.00147413771372215,0.02241));
#5289=CARTESIAN_POINT('',(0.00434264704841264,-0.00144240828884694,0.02241));
#5290=CARTESIAN_POINT('',(0.00402187511010257,-0.00137105090769297,0.02241));
#5291=CARTESIAN_POINT('',(0.00386234972162329,-0.00133192546139547,0.02241));
#5292=CARTESIAN_POINT('',(0.00362583165995649,-0.00126213693515823,0.02241));
#5293=CARTESIAN_POINT('',(0.00354738812093505,-0.00123728935227502,0.02241));
#5294=CARTESIAN_POINT('',(0.00339203304322585,-0.00118145533524355,0.02241));
#5295=CARTESIAN_POINT('',(0.00331266177619395,-0.00115214388964137,0.02241));
#5296=CARTESIAN_POINT('',(0.00322126943509633,-0.0011046186787987,0.02241));
#5297=CARTESIAN_POINT('',(0.00320193915518467,-0.00109528694392481,0.02241));
#5298=CARTESIAN_POINT('',(0.00316470980864293,-0.0010747816296224,0.02241));
#5299=CARTESIAN_POINT('',(0.00314637089070122,-0.00106403471434181,0.02241));
#5300=CARTESIAN_POINT('',(0.00311975552586805,-0.00104664625368573,0.02241));
#5301=CARTESIAN_POINT('',(0.00311099962624685,-0.00104067118915767,0.02241));
#5302=CARTESIAN_POINT('',(0.00309394166128316,-0.00102805843368769,0.02241));
#5303=CARTESIAN_POINT('',(0.00308573046387748,-0.00102138052009254,0.02241));
#5304=CARTESIAN_POINT('',(0.00307570168721349,-0.00101242776350479,0.02241));
#5305=CARTESIAN_POINT('',(0.00307380902996981,-0.0010105523731823,0.02241));
#5306=CARTESIAN_POINT('',(0.00307106931516841,-0.00100764759358132,0.02241));
#5307=CARTESIAN_POINT('',(0.00307015105879854,-0.00100666641958033,0.02241));
#5308=CARTESIAN_POINT('',(0.00306842900097342,-0.00100463173424314,0.02241));
#5309=CARTESIAN_POINT('',(0.00306755682916259,-0.00100357211583625,0.02241));
#5310=CARTESIAN_POINT('',(0.00306633149445769,-0.00100124379532014,0.02241));
#5311=CARTESIAN_POINT('',(0.00306578944821576,-0.0010000531715762,0.02241));
#5312=CARTESIAN_POINT('',(0.00306476862886621,-0.00099764442366785,0.02241));
#5313=CARTESIAN_POINT('',(0.00306429409731164,-0.000996425594587185,0.02241));
#5314=CARTESIAN_POINT('',(0.00306291831832956,-0.000992749818236381,0.02241));
#5315=CARTESIAN_POINT('',(0.00306209370753962,-0.00099026239432884,0.02241));
#5316=CARTESIAN_POINT('',(0.00305972232316263,-0.000982756465599815,0.02241));
#5317=CARTESIAN_POINT('',(0.00305836803332024,-0.000977697984521528,0.02241));
#5318=CARTESIAN_POINT('',(0.00305586599348444,-0.000967547702899617,0.02241));
#5319=CARTESIAN_POINT('',(0.00305457918811817,-0.000962550834269818,0.02241));
#5320=CARTESIAN_POINT('',(0.00304656738054669,-0.000915575735430051,0.02241));
#5321=CARTESIAN_POINT('',(0.00304145479526312,-0.000874585008213057,0.02241));
#5322=CARTESIAN_POINT('',(0.00303527780283028,-0.000791411476370187,0.02241));
#5323=CARTESIAN_POINT('',(0.00303361800485465,-0.000749667486612932,0.02241));
#5324=CARTESIAN_POINT('',(0.00302944825422829,-0.000624564395261667,0.02241));
#5325=CARTESIAN_POINT('',(0.00302894646708549,-0.000540983488347865,0.02241));
#5326=CARTESIAN_POINT('',(0.00302771866260407,-0.000373972184339903,0.02241));
#5327=CARTESIAN_POINT('',(0.00302741926596919,-0.000290453381486634,0.02241));
#5328=CARTESIAN_POINT('',(0.0030259093238154,-0.000133554845124058,0.02241));
#5329=CARTESIAN_POINT('',(0.00302522328093482,-6.01601474183206E-5,0.02241));
#5330=CARTESIAN_POINT('',(0.00302451400820869,1.32347463456521E-5,0.02241));
#5331=CARTESIAN_POINT('',(-0.00174460264578055,0.0288501960261474,0.0219));
#5332=CARTESIAN_POINT('',(-0.00150859924245315,0.0288249025518236,0.0219));
#5333=CARTESIAN_POINT('',(-0.00127185079215827,0.0287982802057061,0.0219));
#5334=CARTESIAN_POINT('',(-0.000701422181544855,0.02872768104284,0.0219));
#5335=CARTESIAN_POINT('',(-0.000374324913445052,0.0286998022914112,0.0219));
#5336=CARTESIAN_POINT('',(0.000280952032460122,0.0286246871316695,0.0219));
#5337=CARTESIAN_POINT('',(0.000629416875596099,0.0286031483325444,0.0219));
#5338=CARTESIAN_POINT('',(0.00147919218931895,0.0282976120442326,0.0219));
#5339=CARTESIAN_POINT('',(0.00185149796106748,0.0279180830678472,0.0219));
#5340=CARTESIAN_POINT('',(0.00222987819482345,0.0271984347517545,0.0219));
#5341=CARTESIAN_POINT('',(0.0023418182794405,0.0268509652874518,0.0219));
#5342=CARTESIAN_POINT('',(0.0025225100251008,0.0261644879819734,0.0219));
#5343=CARTESIAN_POINT('',(0.00258628361452487,0.0258225220708845,0.0219));
#5344=CARTESIAN_POINT('',(0.00269369337039866,0.0251458160447621,0.0219));
#5345=CARTESIAN_POINT('',(0.00273509796373515,0.0248092594042804,0.0219));
#5346=CARTESIAN_POINT('',(0.00283963899908818,0.0238035200371122,0.0219));
#5347=CARTESIAN_POINT('',(0.00288002728792824,0.0231362519339856,0.0219));
#5348=CARTESIAN_POINT('',(0.00293397224890574,0.021803633245549,0.0219));
#5349=CARTESIAN_POINT('',(0.00294562881131958,0.0211385469768974,0.0219));
#5350=CARTESIAN_POINT('',(0.00295450520959995,0.0191433492951745,0.0219));
#5351=CARTESIAN_POINT('',(0.00292219835846216,0.0178156508792684,0.0219));
#5352=CARTESIAN_POINT('',(0.00282170659705864,0.0151670003922752,0.0219));
#5353=CARTESIAN_POINT('',(0.00275141428358246,0.0138448398970342,0.0219));
#5354=CARTESIAN_POINT('',(0.0025899513550285,0.0112031799165396,0.0219));
#5355=CARTESIAN_POINT('',(0.00250081228912077,0.0098850530692437,0.0219));
#5356=CARTESIAN_POINT('',(0.00235968643990681,0.00790852782685341,0.0219));
#5357=CARTESIAN_POINT('',(0.00231536628251289,0.00724767754488381,0.0219));
#5358=CARTESIAN_POINT('',(0.00222884863950461,0.00625134646867105,0.0219));
#5359=CARTESIAN_POINT('',(0.00219632617266385,0.00591715556183783,0.0219));
#5360=CARTESIAN_POINT('',(0.00211540130643029,0.00524541270514917,0.0219));
#5361=CARTESIAN_POINT('',(0.00206611172132493,0.00490666309208884,0.0219));
#5362=CARTESIAN_POINT('',(0.00197411526563079,0.0044033024103676,0.0219));
#5363=CARTESIAN_POINT('',(0.00194117728109572,0.0042355031546417,0.0219));
#5364=CARTESIAN_POINT('',(0.0018657052519713,0.00389695037594234,0.0219));
#5365=CARTESIAN_POINT('',(0.0018243553316231,0.00372719597886455,0.0219));
#5366=CARTESIAN_POINT('',(0.00174647191061789,0.00346549888568964,0.0219));
#5367=CARTESIAN_POINT('',(0.00171867241861933,0.00337759480785104,0.0219));
#5368=CARTESIAN_POINT('',(0.00165300850445693,0.00319676634161564,0.0219));
#5369=CARTESIAN_POINT('',(0.00161666122561051,0.00309472310024095,0.0219));
#5370=CARTESIAN_POINT('',(0.0015547227658931,0.00298225981551076,0.0219));
#5371=CARTESIAN_POINT('',(0.00154123080251529,0.00295385315881347,0.0219));
#5372=CARTESIAN_POINT('',(0.00151090735937829,0.00289984987451043,0.0219));
#5373=CARTESIAN_POINT('',(0.00149562147875142,0.00287295003113343,0.0219));
#5374=CARTESIAN_POINT('',(0.00146230846605921,0.00282427708847408,0.0219));
#5375=CARTESIAN_POINT('',(0.00145199456974144,0.00280870254568639,0.0219));
#5376=CARTESIAN_POINT('',(0.00142211289383057,0.00277000950440287,0.0219));
#5377=CARTESIAN_POINT('',(0.00140892239397143,0.0027770753328504,0.0219));
#5378=CARTESIAN_POINT('',(0.00136385032249667,0.00269948953477828,0.0219));
#5379=CARTESIAN_POINT('',(0.00135735177964311,0.00270045115565675,0.0219));
#5380=CARTESIAN_POINT('',(0.00131093591284975,0.00265910107418807,0.0219));
#5381=CARTESIAN_POINT('',(0.00124249839523252,0.00261516871412291,0.0219));
#5382=CARTESIAN_POINT('',(0.00121471165792681,0.0026049000384708,0.0219));
#5383=CARTESIAN_POINT('',(0.00119939258788536,0.0025954569875636,0.0219));
#5384=CARTESIAN_POINT('',(0.00116097688118082,0.00258501141788372,0.0219));
#5385=CARTESIAN_POINT('',(0.00114142163509325,0.00257513634599581,0.0219));
#5386=CARTESIAN_POINT('',(0.00110858829667312,0.00256545735789673,0.0219));
#5387=CARTESIAN_POINT('',(0.00109584841883073,0.00256240481242066,0.0219));
#5388=CARTESIAN_POINT('',(0.00107169322211121,0.00255678566867739,0.0219));
#5389=CARTESIAN_POINT('',(0.00106083526757749,0.00255548487319901,0.0219));
#5390=CARTESIAN_POINT('',(0.00100978409420417,0.00254073685713178,0.0219));
#5391=CARTESIAN_POINT('',(0.000978129609083602,0.00254057060685052,0.0219));
#5392=CARTESIAN_POINT('',(0.000918394503107995,0.00253380040765925,0.0219));
#5393=CARTESIAN_POINT('',(0.000891531201288186,0.00253163500164265,0.0219));
#5394=CARTESIAN_POINT('',(0.000813021967242778,0.00252585812724923,0.0219));
#5395=CARTESIAN_POINT('',(0.000766773888778953,0.00252442699170114,0.0219));
#5396=CARTESIAN_POINT('',(0.000626919755428839,0.00251933350822926,0.0219));
#5397=CARTESIAN_POINT('',(0.000543008960934431,0.00251935192907928,0.0219));
#5398=CARTESIAN_POINT('',(0.000374512781739219,0.00251813410766071,0.0219));
#5399=CARTESIAN_POINT('',(0.000292347605141469,0.00251786050747069,0.0219));
#5400=CARTESIAN_POINT('',(0.000137823055472795,0.00251635969502438,0.0219));
#5401=CARTESIAN_POINT('',(6.51390423107062E-5,0.00251568056515659,0.0219));
#5402=CARTESIAN_POINT('',(-7.82793597014306E-6,0.00251497721821581,0.0219));
#5403=CARTESIAN_POINT('',(-0.00179592728398908,0.0283416753877278,0.02241));
#5404=CARTESIAN_POINT('',(-0.00155978758648169,0.0283163233919689,0.02241));
#5405=CARTESIAN_POINT('',(-0.00132382105335452,0.0282900367822326,0.02241));
#5406=CARTESIAN_POINT('',(-0.000760023633908608,0.0282222848929879,0.02241));
#5407=CARTESIAN_POINT('',(-0.00043017892339115,0.0281916335510176,0.02241));
#5408=CARTESIAN_POINT('',(0.000227323629537695,0.0281187485792815,0.02241));
#5409=CARTESIAN_POINT('',(0.000554866632163721,0.0280909716770451,0.02241));
#5410=CARTESIAN_POINT('',(0.00118658115623891,0.0278581624090957,0.02241));
#5411=CARTESIAN_POINT('',(0.00143566067926916,0.0276060522193642,0.02241));
#5412=CARTESIAN_POINT('',(0.00175317979109767,0.0270167247268372,0.02241));
#5413=CARTESIAN_POINT('',(0.00185466268351464,0.0267000175051428,0.02241));
#5414=CARTESIAN_POINT('',(0.00202233595885551,0.026059349571376,0.02241));
#5415=CARTESIAN_POINT('',(0.00208444101071983,0.0257310394578012,0.02241));
#5416=CARTESIAN_POINT('',(0.00218811669916285,0.0250775914123102,0.02241));
#5417=CARTESIAN_POINT('',(0.00222861899791314,0.0247494911245272,0.02241));
#5418=CARTESIAN_POINT('',(0.00233066777873745,0.0237661118410224,0.02241));
#5419=CARTESIAN_POINT('',(0.00237076462984696,0.0231079157342199,0.02241));
#5420=CARTESIAN_POINT('',(0.00242406451351425,0.0217908390542545,0.02241));
#5421=CARTESIAN_POINT('',(0.00243567716269149,0.0211314662706001,0.02241));
#5422=CARTESIAN_POINT('',(0.00244442084604761,0.0191513659722823,0.02241));
#5423=CARTESIAN_POINT('',(0.00241237394906626,0.0178298546885192,0.02241));
#5424=CARTESIAN_POINT('',(0.00231226744483775,0.0151915495436917,0.02241));
#5425=CARTESIAN_POINT('',(0.0022421838153535,0.013873019697338,0.02241));
#5426=CARTESIAN_POINT('',(0.00208108683914743,0.0112373106557155,0.02241));
#5427=CARTESIAN_POINT('',(0.00199178957641629,0.00991952350177073,0.02241));
#5428=CARTESIAN_POINT('',(0.001851031665607,0.00794423084843082,0.02241));
#5429=CARTESIAN_POINT('',(0.00180670087419902,0.00728517484878599,0.02241));
#5430=CARTESIAN_POINT('',(0.00172106134153127,0.00629891600693266,0.02241));
#5431=CARTESIAN_POINT('',(0.00168904373099741,0.00597026157062973,0.02241));
#5432=CARTESIAN_POINT('',(0.00161003387871071,0.00531453697915451,0.02241));
#5433=CARTESIAN_POINT('',(0.00156228630287578,0.00498698344709796,0.02241));
#5434=CARTESIAN_POINT('',(0.00147337009646932,0.00450000390793514,0.02241));
#5435=CARTESIAN_POINT('',(0.00144152379996591,0.00433811262537391,0.02241));
#5436=CARTESIAN_POINT('',(0.00136975675339044,0.00401609910234477,0.02241));
#5437=CARTESIAN_POINT('',(0.00133032959835146,0.00385576739837531,0.02241));
#5438=CARTESIAN_POINT('',(0.00125983195621724,0.00361795850618467,0.02241));
#5439=CARTESIAN_POINT('',(0.00123459002754682,0.00353881646839983,0.02241));
#5440=CARTESIAN_POINT('',(0.00117805442127387,0.00338289038932838,0.02241));
#5441=CARTESIAN_POINT('',(0.00114831838083193,0.00330352351999842,0.02241));
#5442=CARTESIAN_POINT('',(0.00110073515773603,0.00321339963702847,0.02241));
#5443=CARTESIAN_POINT('',(0.00109140720955866,0.00319442443111442,0.02241));
#5444=CARTESIAN_POINT('',(0.00107114149479342,0.00315830825767222,0.02241));
#5445=CARTESIAN_POINT('',(0.0010605482742014,0.003140553128397,0.02241));
#5446=CARTESIAN_POINT('',(0.00104332417817132,0.00311481756744074,0.02241));
#5447=CARTESIAN_POINT('',(0.00103741650548566,0.00310635050372868,0.02241));
#5448=CARTESIAN_POINT('',(0.00102487578104941,0.0030899019242572,0.02241));
#5449=CARTESIAN_POINT('',(0.00101824825107856,0.00308211961123095,0.02241));
#5450=CARTESIAN_POINT('',(0.00100915862950687,0.00307242382744639,0.02241));
#5451=CARTESIAN_POINT('',(0.00100717365662873,0.00307068411771891,0.02241));
#5452=CARTESIAN_POINT('',(0.00100414300840275,0.00306813505464655,0.02241));
#5453=CARTESIAN_POINT('',(0.00100305398675371,0.00306743221233771,0.02241));
#5454=CARTESIAN_POINT('',(0.00100071946693417,0.00306630784343894,0.02241));
#5455=CARTESIAN_POINT('',(0.000999546402721089,0.00306575675395507,0.02241));
#5456=CARTESIAN_POINT('',(0.000993465461126564,0.00306339108895772,0.02241));
#5457=CARTESIAN_POINT('',(0.000988499251658063,0.00306171987204013,0.02241));
#5458=CARTESIAN_POINT('',(0.000978501523818843,0.00305882577835621,0.02241));
#5459=CARTESIAN_POINT('',(0.000973452690200407,0.0030575483526638,0.02241));
#5460=CARTESIAN_POINT('',(0.000963317024942807,0.00305519349513019,0.02241));
#5461=CARTESIAN_POINT('',(0.00095817239267403,0.00305420439239779,0.02241));
#5462=CARTESIAN_POINT('',(0.000932874908656144,0.00304881394938905,0.02241));
#5463=CARTESIAN_POINT('',(0.000911988390435313,0.00304632304866519,0.02241));
#5464=CARTESIAN_POINT('',(0.000870687388906006,0.00304167440448332,0.02241));
#5465=CARTESIAN_POINT('',(0.000849976634150956,0.00303991488368698,0.02241));
#5466=CARTESIAN_POINT('',(0.000787817111560118,0.00303545958648533,0.02241));
#5467=CARTESIAN_POINT('',(0.000746256883837134,0.00303383514194151,0.02241));
#5468=CARTESIAN_POINT('',(0.000621552763440615,0.00302981343380342,0.02241));
#5469=CARTESIAN_POINT('',(0.000538366602627697,0.00302932532470464,0.02241));
#5470=CARTESIAN_POINT('',(0.000372023309705141,0.00302813577888563,0.02241));
#5471=CARTESIAN_POINT('',(0.000288848502505361,0.00302784066785071,0.02241));
#5472=CARTESIAN_POINT('',(0.000132582477769287,0.00302634104692859,0.02241));
#5473=CARTESIAN_POINT('',(5.94858402701896E-5,0.00302565701388966,0.02241));
#5474=CARTESIAN_POINT('',(-1.36105637468915E-5,0.00302494960909479,0.02241));
#5475=MECHANICAL_DESIGN_GEOMETRIC_PRESENTATION_REPRESENTATION('',(#1255,
#1114,#1115,#1116,#1117,#1118,#1119,#1120,#1121,#1122,#1123,#1124,#1125,
#1126,#1127,#1128,#1129,#1130,#1131,#1132,#1133,#1134,#1135,#1136,#1137,
#1138,#1139,#1140,#1141,#1142,#1143,#1144,#1145,#1146,#1147,#1148,#1149,
#1150,#1151,#1152,#1153,#1154,#1155,#1156,#1157,#1158,#1159,#1160,#1161,
#1162,#1163,#1164,#1165,#1166,#1167,#1168,#1169,#1170,#1171,#1172,#1173,
#1174,#1175,#1176,#1177,#1178,#1179),#5476);
#5476=(
GEOMETRIC_REPRESENTATION_CONTEXT(3)
GLOBAL_UNCERTAINTY_ASSIGNED_CONTEXT((#5477))
GLOBAL_UNIT_ASSIGNED_CONTEXT((#5480,#5479,#5478))
REPRESENTATION_CONTEXT('Part 1','TOP_LEVEL_ASSEMBLY_PART')
);
#5477=UNCERTAINTY_MEASURE_WITH_UNIT(LENGTH_MEASURE(6.E-5),#5480,
'DISTANCE_ACCURACY_VALUE','Maximum Tolerance applied to model');
#5478=(
NAMED_UNIT(*)
SI_UNIT($,.STERADIAN.)
SOLID_ANGLE_UNIT()
);
#5479=(
NAMED_UNIT(*)
PLANE_ANGLE_UNIT()
SI_UNIT($,.RADIAN.)
);
#5480=(
LENGTH_UNIT()
NAMED_UNIT(*)
SI_UNIT($,.METRE.)
);
#5481=PRODUCT_DEFINITION_SHAPE('','',#5482);
#5482=PRODUCT_DEFINITION('','',#5484,#5483);
#5483=PRODUCT_DEFINITION_CONTEXT('',#5490,'design');
#5484=PRODUCT_DEFINITION_FORMATION_WITH_SPECIFIED_SOURCE('','',#5486,
 .NOT_KNOWN.);
#5485=PRODUCT_RELATED_PRODUCT_CATEGORY('','',(#5486));
#5486=PRODUCT('Part 1','Part 1','Part 1',(#5488));
#5487=PRODUCT_CATEGORY('','');
#5488=PRODUCT_CONTEXT('',#5490,'mechanical');
#5489=APPLICATION_PROTOCOL_DEFINITION('international standard',
'ap242_managed_model_based_3d_engineering',2020,#5490);
#5490=APPLICATION_CONTEXT('managed model based 3d engineering');
ENDSEC;
END-ISO-10303-21;
