ISO-10303-21;
HEADER;
/* Generated by software containing ST-Developer
 * from STEP Tools, Inc. (www.steptools.com) 
 */
/* OPTION: using custom renumber hook */

FILE_DESCRIPTION(
/* description */ ('STEP AP242 Edition 2',
'CAx-IF Rec.Pracs.---Representation and Presentation of Product Manufa
cturing Information (PMI)---4.0---2014-10-13',
'CAx-IF Rec.Pracs.---3D Tessellated Geometry---0.4---2014-09-14','2;1',
'CAx-IF Rec.Pracs.---User Defined Attributes---1.5---2016-08-15'),
/* implementation_level */ '2;1');

FILE_NAME(
/* name */ 'pull out - Part 1',
/* time_stamp */ '2026-09-07T14:07:08Z',
/* author */ (''),
/* organization */ (''),
/* preprocessor_version */ 'ST-DEVELOPER v20',
/* originating_system */ 'ONSHAPE BY PTC INC, 1.220',
/* authorisation */ '  ');

FILE_SCHEMA (('AP242_MANAGED_MODEL_BASED_3D_ENGINEERING_MIM_LF { 1 0 10303 442 3 1 4 }'));
ENDSEC;

DATA;
#10=SHAPE_REPRESENTATION_RELATIONSHIP('','',#2093,#11);
#11=ADVANCED_BREP_SHAPE_REPRESENTATION('',(#2091),#3859);
#12=SPHERICAL_SURFACE('',#2151,0.00032);
#13=SPHERICAL_SURFACE('',#2157,0.00032);
#14=SPHERICAL_SURFACE('',#2167,0.00032);
#15=SPHERICAL_SURFACE('',#2177,0.00032);
#16=SPHERICAL_SURFACE('',#2199,0.00032);
#17=SPHERICAL_SURFACE('',#2205,0.00032);
#18=SPHERICAL_SURFACE('',#2212,0.00032);
#19=SPHERICAL_SURFACE('',#2222,0.00032);
#20=SPHERICAL_SURFACE('',#2224,0.00032);
#21=SPHERICAL_SURFACE('',#2228,0.00032);
#22=SPHERICAL_SURFACE('',#2229,0.00032);
#23=SPHERICAL_SURFACE('',#2233,0.00032);
#24=SPHERICAL_SURFACE('',#2234,0.00032);
#25=SPHERICAL_SURFACE('',#2236,0.00032);
#26=SPHERICAL_SURFACE('',#2243,0.00032);
#27=SPHERICAL_SURFACE('',#2247,0.00032);
#28=SPHERICAL_SURFACE('',#2251,0.00032);
#29=SPHERICAL_SURFACE('',#2255,0.00032);
#30=SPHERICAL_SURFACE('',#2256,0.00032);
#31=SPHERICAL_SURFACE('',#2260,0.00032);
#32=(
BOUNDED_SURFACE()
B_SPLINE_SURFACE(3,2,((#3270,#3271,#3272),(#3273,#3274,#3275),(#3276,#3277,
#3278),(#3279,#3280,#3281),(#3282,#3283,#3284)),.UNSPECIFIED.,.F.,.F.,.F.)
B_SPLINE_SURFACE_WITH_KNOTS((4,1,4),(3,3),(4.77048955893622E-18,0.00116059811052791,
0.00232119622105582),(0.,1.),.UNSPECIFIED.)
GEOMETRIC_REPRESENTATION_ITEM()
RATIONAL_B_SPLINE_SURFACE(((1.,0.707106781186548,1.),(1.,0.707106781186548,
1.),(1.,0.707106781186549,1.),(1.,0.707106781186547,1.),(1.,0.707106781186547,
1.)))
REPRESENTATION_ITEM('')
SURFACE()
);
#33=(
BOUNDED_SURFACE()
B_SPLINE_SURFACE(3,2,((#3287,#3288,#3289),(#3290,#3291,#3292),(#3293,#3294,
#3295),(#3296,#3297,#3298),(#3299,#3300,#3301)),.UNSPECIFIED.,.F.,.F.,.F.)
B_SPLINE_SURFACE_WITH_KNOTS((4,1,4),(3,3),(2.81892564846231E-18,0.00115722777250475,
0.00231445554500949),(0.,1.),.UNSPECIFIED.)
GEOMETRIC_REPRESENTATION_ITEM()
RATIONAL_B_SPLINE_SURFACE(((1.,0.707106781186548,1.),(1.,0.707106781186548,
1.),(1.,0.707106781186547,1.),(1.,0.707106781186548,1.),(1.,0.707106781186548,
1.)))
REPRESENTATION_ITEM('')
SURFACE()
);
#34=(
BOUNDED_SURFACE()
B_SPLINE_SURFACE(3,2,((#3304,#3305,#3306),(#3307,#3308,#3309),(#3310,#3311,
#3312),(#3313,#3314,#3315),(#3316,#3317,#3318),(#3319,#3320,#3321),(#3322,
#3323,#3324),(#3325,#3326,#3327),(#3328,#3329,#3330)),.UNSPECIFIED.,.F.,
 .F.,.F.)
B_SPLINE_SURFACE_WITH_KNOTS((4,1,1,1,1,1,4),(3,3),(7.91467585914418E-18,
0.000613739914143022,0.00122747982828604,0.00184121974242905,0.00214808969950056,
0.00230152467803631,0.00245495965657206),(0.,1.),.UNSPECIFIED.)
GEOMETRIC_REPRESENTATION_ITEM()
RATIONAL_B_SPLINE_SURFACE(((1.,0.707106781186548,1.),(1.,0.707106781186548,
1.),(1.,0.707106781186548,1.),(1.,0.707106781186547,1.),(1.,0.707106781186548,
1.),(1.,0.707106781186548,1.),(1.,0.707106781186547,1.),(1.,0.707106781186548,
1.),(1.,0.707106781186548,1.)))
REPRESENTATION_ITEM('')
SURFACE()
);
#35=(
BOUNDED_SURFACE()
B_SPLINE_SURFACE(3,2,((#3338,#3339,#3340),(#3341,#3342,#3343),(#3344,#3345,
#3346),(#3347,#3348,#3349),(#3350,#3351,#3352)),.UNSPECIFIED.,.F.,.F.,.F.)
B_SPLINE_SURFACE_WITH_KNOTS((4,1,4),(3,3),(-1.53956708492942E-17,0.00115220982936056,
0.00230441965872114),(0.,1.),.UNSPECIFIED.)
GEOMETRIC_REPRESENTATION_ITEM()
RATIONAL_B_SPLINE_SURFACE(((1.,0.707106781186548,1.),(1.,0.707106781186548,
1.),(1.,0.707106781186548,1.),(1.,0.707106781186544,1.),(1.,0.707106781186544,
1.)))
REPRESENTATION_ITEM('')
SURFACE()
);
#36=(
BOUNDED_SURFACE()
B_SPLINE_SURFACE(3,2,((#3356,#3357,#3358),(#3359,#3360,#3361),(#3362,#3363,
#3364),(#3365,#3366,#3367),(#3368,#3369,#3370)),.UNSPECIFIED.,.F.,.F.,.F.)
B_SPLINE_SURFACE_WITH_KNOTS((4,1,4),(3,3),(4.77048955893622E-18,0.00116059811052788,
0.00232119622105576),(0.,1.),.UNSPECIFIED.)
GEOMETRIC_REPRESENTATION_ITEM()
RATIONAL_B_SPLINE_SURFACE(((1.,0.707106781186548,1.),(1.,0.707106781186548,
1.),(1.,0.707106781186548,1.),(1.,0.707106781186547,1.),(1.,0.707106781186547,
1.)))
REPRESENTATION_ITEM('')
SURFACE()
);
#37=(
BOUNDED_SURFACE()
B_SPLINE_SURFACE(3,2,((#3375,#3376,#3377),(#3378,#3379,#3380),(#3381,#3382,
#3383),(#3384,#3385,#3386),(#3387,#3388,#3389),(#3390,#3391,#3392),(#3393,
#3394,#3395),(#3396,#3397,#3398),(#3399,#3400,#3401)),.UNSPECIFIED.,.F.,
 .F.,.F.)
B_SPLINE_SURFACE_WITH_KNOTS((4,1,1,1,1,1,4),(3,3),(7.91467585914418E-18,
0.000613739914143022,0.00122747982828604,0.00184121974242905,0.00214808969950056,
0.00230152467803631,0.00245495965657206),(0.,1.),.UNSPECIFIED.)
GEOMETRIC_REPRESENTATION_ITEM()
RATIONAL_B_SPLINE_SURFACE(((1.,0.707106781186548,1.),(1.,0.707106781186548,
1.),(1.,0.707106781186548,1.),(1.,0.707106781186548,1.),(1.,0.707106781186545,
1.),(1.,0.707106781186552,1.),(1.,0.70710678118654,1.),(1.,0.707106781186548,
1.),(1.,0.707106781186548,1.)))
REPRESENTATION_ITEM('')
SURFACE()
);
#38=(
BOUNDED_SURFACE()
B_SPLINE_SURFACE(3,2,((#3412,#3413,#3414),(#3415,#3416,#3417),(#3418,#3419,
#3420),(#3421,#3422,#3423),(#3424,#3425,#3426)),.UNSPECIFIED.,.F.,.F.,.F.)
B_SPLINE_SURFACE_WITH_KNOTS((4,1,4),(3,3),(-1.53956708492942E-17,0.00115220982936056,
0.00230441965872113),(0.,1.),.UNSPECIFIED.)
GEOMETRIC_REPRESENTATION_ITEM()
RATIONAL_B_SPLINE_SURFACE(((1.,0.707106781186548,1.),(1.,0.707106781186548,
1.),(1.,0.707106781186548,1.),(1.,0.707106781186548,1.),(1.,0.707106781186548,
1.)))
REPRESENTATION_ITEM('')
SURFACE()
);
#39=(
BOUNDED_SURFACE()
B_SPLINE_SURFACE(3,2,((#3428,#3429,#3430),(#3431,#3432,#3433),(#3434,#3435,
#3436),(#3437,#3438,#3439),(#3440,#3441,#3442)),.UNSPECIFIED.,.F.,.F.,.F.)
B_SPLINE_SURFACE_WITH_KNOTS((4,1,4),(3,3),(2.81892564846231E-18,0.00115722777250475,
0.0023144555450095),(0.,1.),.UNSPECIFIED.)
GEOMETRIC_REPRESENTATION_ITEM()
RATIONAL_B_SPLINE_SURFACE(((1.,0.707106781186548,1.),(1.,0.707106781186548,
1.),(1.,0.707106781186548,1.),(1.,0.707106781186548,1.),(1.,0.707106781186548,
1.)))
REPRESENTATION_ITEM('')
SURFACE()
);
#40=(
BOUNDED_SURFACE()
B_SPLINE_SURFACE(3,2,((#3632,#3633,#3634),(#3635,#3636,#3637),(#3638,#3639,
#3640),(#3641,#3642,#3643),(#3644,#3645,#3646)),.UNSPECIFIED.,.F.,.F.,.F.)
B_SPLINE_SURFACE_WITH_KNOTS((4,1,4),(3,3),(4.77048955893622E-18,0.00116059811052792,
0.00232119622105583),(0.,1.),.UNSPECIFIED.)
GEOMETRIC_REPRESENTATION_ITEM()
RATIONAL_B_SPLINE_SURFACE(((1.,0.707106781186548,1.),(1.,0.707106781186548,
1.),(1.,0.707106781186548,1.),(1.,0.707106781186547,1.),(1.,0.707106781186547,
1.)))
REPRESENTATION_ITEM('')
SURFACE()
);
#41=(
BOUNDED_SURFACE()
B_SPLINE_SURFACE(3,2,((#3649,#3650,#3651),(#3652,#3653,#3654),(#3655,#3656,
#3657),(#3658,#3659,#3660),(#3661,#3662,#3663)),.UNSPECIFIED.,.F.,.F.,.F.)
B_SPLINE_SURFACE_WITH_KNOTS((4,1,4),(3,3),(2.81892564846231E-18,0.00115722777250475,
0.00231445554500949),(0.,1.),.UNSPECIFIED.)
GEOMETRIC_REPRESENTATION_ITEM()
RATIONAL_B_SPLINE_SURFACE(((1.,0.707106781186548,1.),(1.,0.707106781186548,
1.),(1.,0.707106781186547,1.),(1.,0.707106781186548,1.),(1.,0.707106781186548,
1.)))
REPRESENTATION_ITEM('')
SURFACE()
);
#42=(
BOUNDED_SURFACE()
B_SPLINE_SURFACE(3,2,((#3666,#3667,#3668),(#3669,#3670,#3671),(#3672,#3673,
#3674),(#3675,#3676,#3677),(#3678,#3679,#3680),(#3681,#3682,#3683),(#3684,
#3685,#3686),(#3687,#3688,#3689),(#3690,#3691,#3692)),.UNSPECIFIED.,.F.,
 .F.,.F.)
B_SPLINE_SURFACE_WITH_KNOTS((4,1,1,1,1,1,4),(3,3),(7.91467585914418E-18,
0.000613739914143022,0.00122747982828604,0.00184121974242905,0.00214808969950056,
0.00230152467803631,0.00245495965657206),(0.,1.),.UNSPECIFIED.)
GEOMETRIC_REPRESENTATION_ITEM()
RATIONAL_B_SPLINE_SURFACE(((1.,0.707106781186548,1.),(1.,0.707106781186548,
1.),(1.,0.707106781186548,1.),(1.,0.707106781186546,1.),(1.,0.70710678118655,
1.),(1.,0.707106781186544,1.),(1.,0.707106781186554,1.),(1.,0.707106781186548,
1.),(1.,0.707106781186548,1.)))
REPRESENTATION_ITEM('')
SURFACE()
);
#43=(
BOUNDED_SURFACE()
B_SPLINE_SURFACE(3,2,((#3700,#3701,#3702),(#3703,#3704,#3705),(#3706,#3707,
#3708),(#3709,#3710,#3711),(#3712,#3713,#3714)),.UNSPECIFIED.,.F.,.F.,.F.)
B_SPLINE_SURFACE_WITH_KNOTS((4,1,4),(3,3),(-1.53956708492942E-17,0.00115220982936056,
0.00230441965872114),(0.,1.),.UNSPECIFIED.)
GEOMETRIC_REPRESENTATION_ITEM()
RATIONAL_B_SPLINE_SURFACE(((1.,0.707106781186548,1.),(1.,0.707106781186548,
1.),(1.,0.707106781186548,1.),(1.,0.707106781186544,1.),(1.,0.707106781186544,
1.)))
REPRESENTATION_ITEM('')
SURFACE()
);
#44=(
BOUNDED_SURFACE()
B_SPLINE_SURFACE(3,2,((#3718,#3719,#3720),(#3721,#3722,#3723),(#3724,#3725,
#3726),(#3727,#3728,#3729),(#3730,#3731,#3732)),.UNSPECIFIED.,.F.,.F.,.F.)
B_SPLINE_SURFACE_WITH_KNOTS((4,1,4),(3,3),(4.77048955893622E-18,0.00116059811052789,
0.00232119622105578),(0.,1.),.UNSPECIFIED.)
GEOMETRIC_REPRESENTATION_ITEM()
RATIONAL_B_SPLINE_SURFACE(((1.,0.707106781186548,1.),(1.,0.707106781186548,
1.),(1.,0.707106781186549,1.),(1.,0.707106781186547,1.),(1.,0.707106781186547,
1.)))
REPRESENTATION_ITEM('')
SURFACE()
);
#45=(
BOUNDED_SURFACE()
B_SPLINE_SURFACE(3,2,((#3737,#3738,#3739),(#3740,#3741,#3742),(#3743,#3744,
#3745),(#3746,#3747,#3748),(#3749,#3750,#3751),(#3752,#3753,#3754),(#3755,
#3756,#3757),(#3758,#3759,#3760),(#3761,#3762,#3763)),.UNSPECIFIED.,.F.,
 .F.,.F.)
B_SPLINE_SURFACE_WITH_KNOTS((4,1,1,1,1,1,4),(3,3),(7.91467585914418E-18,
0.000613739914143022,0.00122747982828604,0.00184121974242905,0.00214808969950056,
0.00230152467803631,0.00245495965657206),(0.,1.),.UNSPECIFIED.)
GEOMETRIC_REPRESENTATION_ITEM()
RATIONAL_B_SPLINE_SURFACE(((1.,0.707106781186548,1.),(1.,0.707106781186548,
1.),(1.,0.707106781186548,1.),(1.,0.707106781186548,1.),(1.,0.707106781186545,
1.),(1.,0.707106781186552,1.),(1.,0.70710678118654,1.),(1.,0.707106781186548,
1.),(1.,0.707106781186548,1.)))
REPRESENTATION_ITEM('')
SURFACE()
);
#46=(
BOUNDED_SURFACE()
B_SPLINE_SURFACE(3,2,((#3774,#3775,#3776),(#3777,#3778,#3779),(#3780,#3781,
#3782),(#3783,#3784,#3785),(#3786,#3787,#3788)),.UNSPECIFIED.,.F.,.F.,.F.)
B_SPLINE_SURFACE_WITH_KNOTS((4,1,4),(3,3),(-1.53956708492942E-17,0.00115220982936056,
0.00230441965872113),(0.,1.),.UNSPECIFIED.)
GEOMETRIC_REPRESENTATION_ITEM()
RATIONAL_B_SPLINE_SURFACE(((1.,0.707106781186548,1.),(1.,0.707106781186548,
1.),(1.,0.707106781186548,1.),(1.,0.707106781186548,1.),(1.,0.707106781186548,
1.)))
REPRESENTATION_ITEM('')
SURFACE()
);
#47=(
BOUNDED_SURFACE()
B_SPLINE_SURFACE(3,2,((#3790,#3791,#3792),(#3793,#3794,#3795),(#3796,#3797,
#3798),(#3799,#3800,#3801),(#3802,#3803,#3804)),.UNSPECIFIED.,.F.,.F.,.F.)
B_SPLINE_SURFACE_WITH_KNOTS((4,1,4),(3,3),(2.81892564846231E-18,0.00115722777250475,
0.0023144555450095),(0.,1.),.UNSPECIFIED.)
GEOMETRIC_REPRESENTATION_ITEM()
RATIONAL_B_SPLINE_SURFACE(((1.,0.707106781186548,1.),(1.,0.707106781186548,
1.),(1.,0.707106781186549,1.),(1.,0.707106781186546,1.),(1.,0.707106781186546,
1.)))
REPRESENTATION_ITEM('')
SURFACE()
);
#48=ELLIPSE('',#2138,0.000452548339959391,0.00032);
#49=ELLIPSE('',#2186,0.000452548339959391,0.00032);
#50=ELLIPSE('',#2239,0.00045254833995939,0.00032);
#51=ELLIPSE('',#2241,0.00045254833995939,0.00032);
#52=CIRCLE('',#2137,0.00032);
#53=CIRCLE('',#2139,0.00032);
#54=CIRCLE('',#2140,0.00032);
#55=CIRCLE('',#2141,0.00032);
#56=CIRCLE('',#2142,0.00032);
#57=CIRCLE('',#2144,0.00032);
#58=CIRCLE('',#2145,0.00032);
#59=CIRCLE('',#2146,0.00032);
#60=CIRCLE('',#2148,0.00032);
#61=CIRCLE('',#2149,0.00032);
#62=CIRCLE('',#2150,0.00032);
#63=CIRCLE('',#2152,0.00032);
#64=CIRCLE('',#2154,0.00032);
#65=CIRCLE('',#2156,0.00032);
#66=CIRCLE('',#2158,0.00032);
#67=CIRCLE('',#2159,0.00032);
#68=CIRCLE('',#2160,0.00032);
#69=CIRCLE('',#2162,0.00032);
#70=CIRCLE('',#2163,0.00032);
#71=CIRCLE('',#2165,0.00032);
#72=CIRCLE('',#2166,0.00032);
#73=CIRCLE('',#2168,0.00032);
#74=CIRCLE('',#2170,0.00032);
#75=CIRCLE('',#2171,0.00032);
#76=CIRCLE('',#2173,0.00032);
#77=CIRCLE('',#2175,0.00032);
#78=CIRCLE('',#2176,0.00032);
#79=CIRCLE('',#2178,0.00032);
#80=CIRCLE('',#2180,0.00032);
#81=CIRCLE('',#2185,0.00032);
#82=CIRCLE('',#2187,0.00032);
#83=CIRCLE('',#2188,0.00032);
#84=CIRCLE('',#2189,0.00032);
#85=CIRCLE('',#2190,0.00032);
#86=CIRCLE('',#2192,0.00032);
#87=CIRCLE('',#2193,0.00032);
#88=CIRCLE('',#2194,0.00032);
#89=CIRCLE('',#2196,0.00032);
#90=CIRCLE('',#2197,0.00032);
#91=CIRCLE('',#2198,0.00032);
#92=CIRCLE('',#2200,0.00032);
#93=CIRCLE('',#2202,0.00032);
#94=CIRCLE('',#2204,0.00032);
#95=CIRCLE('',#2206,0.00032);
#96=CIRCLE('',#2207,0.00032);
#97=CIRCLE('',#2208,0.00032);
#98=CIRCLE('',#2210,0.00032);
#99=CIRCLE('',#2211,0.00032);
#100=CIRCLE('',#2213,0.00032);
#101=CIRCLE('',#2215,0.00032);
#102=CIRCLE('',#2216,0.00032);
#103=CIRCLE('',#2218,0.00032);
#104=CIRCLE('',#2220,0.00032);
#105=CIRCLE('',#2221,0.00032);
#106=CIRCLE('',#2225,0.00032);
#107=CIRCLE('',#2227,0.00032);
#108=CIRCLE('',#2230,0.00032);
#109=CIRCLE('',#2232,0.00032);
#110=CIRCLE('',#2235,0.00032);
#111=CIRCLE('',#2237,0.00032);
#112=CIRCLE('',#2244,0.00032);
#113=CIRCLE('',#2246,0.00032);
#114=CIRCLE('',#2248,0.00032);
#115=CIRCLE('',#2250,0.00032);
#116=CIRCLE('',#2252,0.00032);
#117=CIRCLE('',#2254,0.00032);
#118=CIRCLE('',#2257,0.00032);
#119=CIRCLE('',#2259,0.00032);
#120=CYLINDRICAL_SURFACE('',#2136,0.00032);
#121=CYLINDRICAL_SURFACE('',#2143,0.00032);
#122=CYLINDRICAL_SURFACE('',#2147,0.00032);
#123=CYLINDRICAL_SURFACE('',#2153,0.00032);
#124=CYLINDRICAL_SURFACE('',#2155,0.00032);
#125=CYLINDRICAL_SURFACE('',#2161,0.00032);
#126=CYLINDRICAL_SURFACE('',#2164,0.00032);
#127=CYLINDRICAL_SURFACE('',#2169,0.00032);
#128=CYLINDRICAL_SURFACE('',#2172,0.00032);
#129=CYLINDRICAL_SURFACE('',#2174,0.00032);
#130=CYLINDRICAL_SURFACE('',#2179,0.00032);
#131=CYLINDRICAL_SURFACE('',#2184,0.00032);
#132=CYLINDRICAL_SURFACE('',#2191,0.00032);
#133=CYLINDRICAL_SURFACE('',#2195,0.00032);
#134=CYLINDRICAL_SURFACE('',#2201,0.00032);
#135=CYLINDRICAL_SURFACE('',#2203,0.00032);
#136=CYLINDRICAL_SURFACE('',#2209,0.00032);
#137=CYLINDRICAL_SURFACE('',#2214,0.00032);
#138=CYLINDRICAL_SURFACE('',#2217,0.00032);
#139=CYLINDRICAL_SURFACE('',#2219,0.00032);
#140=CYLINDRICAL_SURFACE('',#2223,0.00032);
#141=CYLINDRICAL_SURFACE('',#2226,0.00032);
#142=CYLINDRICAL_SURFACE('',#2231,0.00032);
#143=CYLINDRICAL_SURFACE('',#2238,0.00032);
#144=CYLINDRICAL_SURFACE('',#2240,0.00032);
#145=CYLINDRICAL_SURFACE('',#2242,0.00032);
#146=CYLINDRICAL_SURFACE('',#2245,0.00032);
#147=CYLINDRICAL_SURFACE('',#2249,0.00032);
#148=CYLINDRICAL_SURFACE('',#2253,0.00032);
#149=CYLINDRICAL_SURFACE('',#2258,0.00032);
#150=B_SPLINE_CURVE_WITH_KNOTS('',3,(#3006,#3007,#3008,#3009,#3010),
 .UNSPECIFIED.,.F.,.F.,(4,1,4),(0.,0.0010595861755916,0.0021191723511832),
 .UNSPECIFIED.);
#151=B_SPLINE_CURVE_WITH_KNOTS('',3,(#3014,#3015,#3016,#3017,#3018),
 .UNSPECIFIED.,.F.,.F.,(4,1,4),(-4.799999999037E-8,0.00104904764453372,
0.00209814328906743),.UNSPECIFIED.);
#152=B_SPLINE_CURVE_WITH_KNOTS('',3,(#3027,#3028,#3029,#3030,#3031,#3032),
 .UNSPECIFIED.,.F.,.F.,(4,1,1,4),(-4.79999999783569E-8,0.00108571029149527,
0.00162858943724289,0.00217146858299051),.UNSPECIFIED.);
#153=B_SPLINE_CURVE_WITH_KNOTS('',3,(#3036,#3037,#3038,#3039,#3040,#3041),
 .UNSPECIFIED.,.F.,.F.,(4,1,1,4),(-4.79999999365963E-8,0.000547487895753102,
0.00109502379150614,0.00219009558301222),.UNSPECIFIED.);
#154=B_SPLINE_CURVE_WITH_KNOTS('',3,(#3059,#3060,#3061,#3062,#3063),
 .UNSPECIFIED.,.F.,.F.,(4,1,4),(0.,0.00104613191192941,0.00209226382385882),
 .UNSPECIFIED.);
#155=B_SPLINE_CURVE_WITH_KNOTS('',3,(#3067,#3068,#3069,#3070,#3071),
 .UNSPECIFIED.,.F.,.F.,(4,1,4),(-4.79999999977453E-8,0.0010413550489923,
0.00208275809798459),.UNSPECIFIED.);
#156=B_SPLINE_CURVE_WITH_KNOTS('',3,(#3080,#3081,#3082,#3083,#3084),
 .UNSPECIFIED.,.F.,.F.,(4,1,4),(-4.79999999984148E-8,0.00104142252368268,
0.00208289304736536),.UNSPECIFIED.);
#157=B_SPLINE_CURVE_WITH_KNOTS('',3,(#3088,#3089,#3090,#3091,#3092),
 .UNSPECIFIED.,.F.,.F.,(4,1,4),(0.00011457161337159,0.00116481005948352,
0.00221504850559545),.UNSPECIFIED.);
#158=B_SPLINE_CURVE_WITH_KNOTS('',3,(#3125,#3126,#3127,#3128,#3129),
 .UNSPECIFIED.,.F.,.F.,(4,1,4),(0.000468123814021515,0.00164538054440896,
0.00282263727479641),.UNSPECIFIED.);
#159=B_SPLINE_CURVE_WITH_KNOTS('',3,(#3131,#3132,#3133,#3134,#3135),
 .UNSPECIFIED.,.F.,.F.,(4,1,4),(0.,0.00114390598156158,0.00228781196312317),
 .UNSPECIFIED.);
#160=B_SPLINE_CURVE_WITH_KNOTS('',3,(#3139,#3140,#3141,#3142,#3143),
 .UNSPECIFIED.,.F.,.F.,(4,1,4),(0.,0.00115711570651555,0.00231423141303111),
 .UNSPECIFIED.);
#161=B_SPLINE_CURVE_WITH_KNOTS('',3,(#3145,#3146,#3147,#3148,#3149),
 .UNSPECIFIED.,.F.,.F.,(4,1,4),(0.,0.00115711826156261,0.00231423652312521),
 .UNSPECIFIED.);
#162=B_SPLINE_CURVE_WITH_KNOTS('',3,(#3166,#3167,#3168,#3169,#3170),
 .UNSPECIFIED.,.F.,.F.,(4,1,4),(0.,0.00116059811052793,0.00232119622105587),
 .UNSPECIFIED.);
#163=B_SPLINE_CURVE_WITH_KNOTS('',3,(#3200,#3201,#3202,#3203,#3204),
 .UNSPECIFIED.,.F.,.F.,(4,1,4),(0.,0.00116946645146176,0.00233893290292353),
 .UNSPECIFIED.);
#164=B_SPLINE_CURVE_WITH_KNOTS('',3,(#3206,#3207,#3208,#3209,#3210),
 .UNSPECIFIED.,.F.,.F.,(4,1,4),(0.,0.0011519192732223,0.00230383854644459),
 .UNSPECIFIED.);
#165=B_SPLINE_CURVE_WITH_KNOTS('',3,(#3214,#3215,#3216,#3217,#3218),
 .UNSPECIFIED.,.F.,.F.,(4,1,4),(0.,0.00115530516379884,0.00231061032759768),
 .UNSPECIFIED.);
#166=B_SPLINE_CURVE_WITH_KNOTS('',3,(#3331,#3332,#3333,#3334),
 .UNSPECIFIED.,.F.,.F.,(4,4),(0.,0.000519972466965924),.UNSPECIFIED.);
#167=B_SPLINE_CURVE_WITH_KNOTS('',3,(#3402,#3403,#3404,#3405),
 .UNSPECIFIED.,.F.,.F.,(4,4),(0.,0.000519972466965922),.UNSPECIFIED.);
#168=B_SPLINE_CURVE_WITH_KNOTS('',3,(#3475,#3476,#3477,#3478,#3479),
 .UNSPECIFIED.,.F.,.F.,(4,1,4),(-4.799999999037E-8,0.00104904764453372,
0.00209814328906743),.UNSPECIFIED.);
#169=B_SPLINE_CURVE_WITH_KNOTS('',3,(#3483,#3484,#3485,#3486,#3487),
 .UNSPECIFIED.,.F.,.F.,(4,1,4),(0.,0.0010595861755916,0.0021191723511832),
 .UNSPECIFIED.);
#170=B_SPLINE_CURVE_WITH_KNOTS('',3,(#3496,#3497,#3498,#3499,#3500,#3501),
 .UNSPECIFIED.,.F.,.F.,(4,1,1,4),(-4.79999999365963E-8,0.000547487895753102,
0.00109502379150614,0.00219009558301222),.UNSPECIFIED.);
#171=B_SPLINE_CURVE_WITH_KNOTS('',3,(#3505,#3506,#3507,#3508,#3509,#3510),
 .UNSPECIFIED.,.F.,.F.,(4,1,1,4),(-4.79999999783569E-8,0.00108571029149527,
0.00162858943724289,0.00217146858299051),.UNSPECIFIED.);
#172=B_SPLINE_CURVE_WITH_KNOTS('',3,(#3528,#3529,#3530,#3531,#3532),
 .UNSPECIFIED.,.F.,.F.,(4,1,4),(-4.79999999977453E-8,0.0010413550489923,
0.00208275809798459),.UNSPECIFIED.);
#173=B_SPLINE_CURVE_WITH_KNOTS('',3,(#3536,#3537,#3538,#3539,#3540),
 .UNSPECIFIED.,.F.,.F.,(4,1,4),(0.,0.00104613191192941,0.00209226382385882),
 .UNSPECIFIED.);
#174=B_SPLINE_CURVE_WITH_KNOTS('',3,(#3549,#3550,#3551,#3552,#3553),
 .UNSPECIFIED.,.F.,.F.,(4,1,4),(0.000114571613371592,0.00116481005948352,
0.00221504850559545),.UNSPECIFIED.);
#175=B_SPLINE_CURVE_WITH_KNOTS('',3,(#3557,#3558,#3559,#3560,#3561),
 .UNSPECIFIED.,.F.,.F.,(4,1,4),(-4.79999999984148E-8,0.00104142252368268,
0.00208289304736536),.UNSPECIFIED.);
#176=B_SPLINE_CURVE_WITH_KNOTS('',3,(#3563,#3564,#3565,#3566,#3567),
 .UNSPECIFIED.,.F.,.F.,(4,1,4),(0.000468123814021515,0.00164538054440896,
0.00282263727479641),.UNSPECIFIED.);
#177=B_SPLINE_CURVE_WITH_KNOTS('',3,(#3580,#3581,#3582,#3583,#3584),
 .UNSPECIFIED.,.F.,.F.,(4,1,4),(0.,0.00115711826156261,0.00231423652312521),
 .UNSPECIFIED.);
#178=B_SPLINE_CURVE_WITH_KNOTS('',3,(#3586,#3587,#3588,#3589,#3590),
 .UNSPECIFIED.,.F.,.F.,(4,1,4),(0.,0.00115711570651555,0.00231423141303111),
 .UNSPECIFIED.);
#179=B_SPLINE_CURVE_WITH_KNOTS('',3,(#3594,#3595,#3596,#3597,#3598),
 .UNSPECIFIED.,.F.,.F.,(4,1,4),(0.,0.00114390598156158,0.00228781196312317),
 .UNSPECIFIED.);
#180=B_SPLINE_CURVE_WITH_KNOTS('',3,(#3602,#3603,#3604,#3605,#3606),
 .UNSPECIFIED.,.F.,.F.,(4,1,4),(0.,0.00116059811052793,0.00232119622105587),
 .UNSPECIFIED.);
#181=B_SPLINE_CURVE_WITH_KNOTS('',3,(#3608,#3609,#3610,#3611,#3612),
 .UNSPECIFIED.,.F.,.F.,(4,1,4),(0.,0.00115530516379884,0.00231061032759768),
 .UNSPECIFIED.);
#182=B_SPLINE_CURVE_WITH_KNOTS('',3,(#3616,#3617,#3618,#3619,#3620),
 .UNSPECIFIED.,.F.,.F.,(4,1,4),(0.,0.0011519192732223,0.00230383854644459),
 .UNSPECIFIED.);
#183=B_SPLINE_CURVE_WITH_KNOTS('',3,(#3622,#3623,#3624,#3625,#3626),
 .UNSPECIFIED.,.F.,.F.,(4,1,4),(0.,0.00116946645146176,0.00233893290292353),
 .UNSPECIFIED.);
#184=B_SPLINE_CURVE_WITH_KNOTS('',3,(#3693,#3694,#3695,#3696),
 .UNSPECIFIED.,.F.,.F.,(4,4),(0.,0.000519972466965924),.UNSPECIFIED.);
#185=B_SPLINE_CURVE_WITH_KNOTS('',3,(#3764,#3765,#3766,#3767),
 .UNSPECIFIED.,.F.,.F.,(4,4),(0.,0.000519972466965922),.UNSPECIFIED.);
#186=B_SPLINE_SURFACE_WITH_KNOTS('',3,1,((#2995,#2996),(#2997,#2998),(#2999,
#3000),(#3001,#3002)),.SURF_OF_LINEAR_EXTRUSION.,.F.,.F.,.F.,(4,4),(2,2),
(0.494999311131872,0.964120258588846),(0.,1.),.PIECEWISE_BEZIER_KNOTS.);
#187=B_SPLINE_SURFACE_WITH_KNOTS('',3,1,((#3019,#3020),(#3021,#3022),(#3023,
#3024),(#3025,#3026)),.SURF_OF_LINEAR_EXTRUSION.,.F.,.F.,.F.,(4,4),(2,2),
(0.,0.494999311131872),(0.,1.),.PIECEWISE_BEZIER_KNOTS.);
#188=B_SPLINE_SURFACE_WITH_KNOTS('',3,1,((#3048,#3049),(#3050,#3051),(#3052,
#3053),(#3054,#3055)),.SURF_OF_LINEAR_EXTRUSION.,.F.,.F.,.F.,(4,4),(2,2),
(0.5,0.964120258589503),(0.,1.),.PIECEWISE_BEZIER_KNOTS.);
#189=B_SPLINE_SURFACE_WITH_KNOTS('',3,1,((#3072,#3073),(#3074,#3075),(#3076,
#3077),(#3078,#3079)),.SURF_OF_LINEAR_EXTRUSION.,.F.,.F.,.F.,(4,4),(2,2),
(0.0405812761753861,0.5),(0.,1.),.PIECEWISE_BEZIER_KNOTS.);
#190=B_SPLINE_SURFACE_WITH_KNOTS('',3,1,((#3464,#3465),(#3466,#3467),(#3468,
#3469),(#3470,#3471)),.SURF_OF_LINEAR_EXTRUSION.,.F.,.F.,.F.,(4,4),(2,2),
(0.494999311131872,0.964120258588846),(0.,1.),.PIECEWISE_BEZIER_KNOTS.);
#191=B_SPLINE_SURFACE_WITH_KNOTS('',3,1,((#3488,#3489),(#3490,#3491),(#3492,
#3493),(#3494,#3495)),.SURF_OF_LINEAR_EXTRUSION.,.F.,.F.,.F.,(4,4),(2,2),
(0.,0.494999311131872),(0.,1.),.PIECEWISE_BEZIER_KNOTS.);
#192=B_SPLINE_SURFACE_WITH_KNOTS('',3,1,((#3517,#3518),(#3519,#3520),(#3521,
#3522),(#3523,#3524)),.SURF_OF_LINEAR_EXTRUSION.,.F.,.F.,.F.,(4,4),(2,2),
(0.5,0.964120258589503),(0.,1.),.PIECEWISE_BEZIER_KNOTS.);
#193=B_SPLINE_SURFACE_WITH_KNOTS('',3,1,((#3541,#3542),(#3543,#3544),(#3545,
#3546),(#3547,#3548)),.SURF_OF_LINEAR_EXTRUSION.,.F.,.F.,.F.,(4,4),(2,2),
(0.0405812761753849,0.5),(0.,1.),.PIECEWISE_BEZIER_KNOTS.);
#194=ORIENTED_EDGE('',*,*,#798,.F.);
#195=ORIENTED_EDGE('',*,*,#799,.F.);
#196=ORIENTED_EDGE('',*,*,#800,.T.);
#197=ORIENTED_EDGE('',*,*,#801,.T.);
#198=ORIENTED_EDGE('',*,*,#802,.F.);
#199=ORIENTED_EDGE('',*,*,#803,.F.);
#200=ORIENTED_EDGE('',*,*,#804,.T.);
#201=ORIENTED_EDGE('',*,*,#805,.T.);
#202=ORIENTED_EDGE('',*,*,#806,.F.);
#203=ORIENTED_EDGE('',*,*,#807,.F.);
#204=ORIENTED_EDGE('',*,*,#808,.T.);
#205=ORIENTED_EDGE('',*,*,#809,.T.);
#206=ORIENTED_EDGE('',*,*,#810,.F.);
#207=ORIENTED_EDGE('',*,*,#811,.F.);
#208=ORIENTED_EDGE('',*,*,#812,.T.);
#209=ORIENTED_EDGE('',*,*,#813,.T.);
#210=ORIENTED_EDGE('',*,*,#814,.F.);
#211=ORIENTED_EDGE('',*,*,#815,.F.);
#212=ORIENTED_EDGE('',*,*,#816,.T.);
#213=ORIENTED_EDGE('',*,*,#817,.T.);
#214=ORIENTED_EDGE('',*,*,#818,.F.);
#215=ORIENTED_EDGE('',*,*,#819,.F.);
#216=ORIENTED_EDGE('',*,*,#820,.T.);
#217=ORIENTED_EDGE('',*,*,#821,.T.);
#218=ORIENTED_EDGE('',*,*,#822,.F.);
#219=ORIENTED_EDGE('',*,*,#823,.F.);
#220=ORIENTED_EDGE('',*,*,#824,.T.);
#221=ORIENTED_EDGE('',*,*,#825,.T.);
#222=ORIENTED_EDGE('',*,*,#826,.F.);
#223=ORIENTED_EDGE('',*,*,#827,.F.);
#224=ORIENTED_EDGE('',*,*,#828,.T.);
#225=ORIENTED_EDGE('',*,*,#829,.T.);
#226=ORIENTED_EDGE('',*,*,#830,.F.);
#227=ORIENTED_EDGE('',*,*,#831,.F.);
#228=ORIENTED_EDGE('',*,*,#832,.T.);
#229=ORIENTED_EDGE('',*,*,#833,.T.);
#230=ORIENTED_EDGE('',*,*,#834,.F.);
#231=ORIENTED_EDGE('',*,*,#835,.F.);
#232=ORIENTED_EDGE('',*,*,#836,.T.);
#233=ORIENTED_EDGE('',*,*,#837,.T.);
#234=ORIENTED_EDGE('',*,*,#838,.F.);
#235=ORIENTED_EDGE('',*,*,#839,.T.);
#236=ORIENTED_EDGE('',*,*,#840,.T.);
#237=ORIENTED_EDGE('',*,*,#841,.F.);
#238=ORIENTED_EDGE('',*,*,#842,.F.);
#239=ORIENTED_EDGE('',*,*,#843,.T.);
#240=ORIENTED_EDGE('',*,*,#844,.T.);
#241=ORIENTED_EDGE('',*,*,#845,.F.);
#242=ORIENTED_EDGE('',*,*,#846,.F.);
#243=ORIENTED_EDGE('',*,*,#847,.T.);
#244=ORIENTED_EDGE('',*,*,#848,.T.);
#245=ORIENTED_EDGE('',*,*,#849,.F.);
#246=ORIENTED_EDGE('',*,*,#850,.F.);
#247=ORIENTED_EDGE('',*,*,#851,.T.);
#248=ORIENTED_EDGE('',*,*,#852,.T.);
#249=ORIENTED_EDGE('',*,*,#853,.F.);
#250=ORIENTED_EDGE('',*,*,#854,.F.);
#251=ORIENTED_EDGE('',*,*,#855,.T.);
#252=ORIENTED_EDGE('',*,*,#856,.T.);
#253=ORIENTED_EDGE('',*,*,#857,.F.);
#254=ORIENTED_EDGE('',*,*,#858,.F.);
#255=ORIENTED_EDGE('',*,*,#859,.T.);
#256=ORIENTED_EDGE('',*,*,#860,.T.);
#257=ORIENTED_EDGE('',*,*,#861,.F.);
#258=ORIENTED_EDGE('',*,*,#862,.F.);
#259=ORIENTED_EDGE('',*,*,#863,.T.);
#260=ORIENTED_EDGE('',*,*,#864,.T.);
#261=ORIENTED_EDGE('',*,*,#865,.F.);
#262=ORIENTED_EDGE('',*,*,#866,.F.);
#263=ORIENTED_EDGE('',*,*,#867,.T.);
#264=ORIENTED_EDGE('',*,*,#868,.T.);
#265=ORIENTED_EDGE('',*,*,#869,.F.);
#266=ORIENTED_EDGE('',*,*,#870,.F.);
#267=ORIENTED_EDGE('',*,*,#871,.T.);
#268=ORIENTED_EDGE('',*,*,#872,.T.);
#269=ORIENTED_EDGE('',*,*,#873,.F.);
#270=ORIENTED_EDGE('',*,*,#874,.F.);
#271=ORIENTED_EDGE('',*,*,#875,.T.);
#272=ORIENTED_EDGE('',*,*,#876,.T.);
#273=ORIENTED_EDGE('',*,*,#877,.F.);
#274=ORIENTED_EDGE('',*,*,#878,.F.);
#275=ORIENTED_EDGE('',*,*,#879,.T.);
#276=ORIENTED_EDGE('',*,*,#880,.T.);
#277=ORIENTED_EDGE('',*,*,#881,.T.);
#278=ORIENTED_EDGE('',*,*,#882,.F.);
#279=ORIENTED_EDGE('',*,*,#883,.T.);
#280=ORIENTED_EDGE('',*,*,#884,.T.);
#281=ORIENTED_EDGE('',*,*,#885,.T.);
#282=ORIENTED_EDGE('',*,*,#886,.F.);
#283=ORIENTED_EDGE('',*,*,#887,.T.);
#284=ORIENTED_EDGE('',*,*,#888,.T.);
#285=ORIENTED_EDGE('',*,*,#889,.T.);
#286=ORIENTED_EDGE('',*,*,#890,.T.);
#287=ORIENTED_EDGE('',*,*,#891,.T.);
#288=ORIENTED_EDGE('',*,*,#892,.T.);
#289=ORIENTED_EDGE('',*,*,#893,.T.);
#290=ORIENTED_EDGE('',*,*,#894,.T.);
#291=ORIENTED_EDGE('',*,*,#895,.T.);
#292=ORIENTED_EDGE('',*,*,#896,.F.);
#293=ORIENTED_EDGE('',*,*,#897,.T.);
#294=ORIENTED_EDGE('',*,*,#896,.T.);
#295=ORIENTED_EDGE('',*,*,#898,.T.);
#296=ORIENTED_EDGE('',*,*,#899,.F.);
#297=ORIENTED_EDGE('',*,*,#900,.T.);
#298=ORIENTED_EDGE('',*,*,#899,.T.);
#299=ORIENTED_EDGE('',*,*,#901,.T.);
#300=ORIENTED_EDGE('',*,*,#902,.T.);
#301=ORIENTED_EDGE('',*,*,#903,.T.);
#302=ORIENTED_EDGE('',*,*,#904,.T.);
#303=ORIENTED_EDGE('',*,*,#905,.T.);
#304=ORIENTED_EDGE('',*,*,#906,.F.);
#305=ORIENTED_EDGE('',*,*,#907,.T.);
#306=ORIENTED_EDGE('',*,*,#908,.T.);
#307=ORIENTED_EDGE('',*,*,#909,.T.);
#308=ORIENTED_EDGE('',*,*,#910,.T.);
#309=ORIENTED_EDGE('',*,*,#906,.T.);
#310=ORIENTED_EDGE('',*,*,#911,.T.);
#311=ORIENTED_EDGE('',*,*,#912,.T.);
#312=ORIENTED_EDGE('',*,*,#913,.F.);
#313=ORIENTED_EDGE('',*,*,#914,.T.);
#314=ORIENTED_EDGE('',*,*,#915,.F.);
#315=ORIENTED_EDGE('',*,*,#916,.T.);
#316=ORIENTED_EDGE('',*,*,#917,.T.);
#317=ORIENTED_EDGE('',*,*,#918,.T.);
#318=ORIENTED_EDGE('',*,*,#919,.T.);
#319=ORIENTED_EDGE('',*,*,#920,.F.);
#320=ORIENTED_EDGE('',*,*,#921,.T.);
#321=ORIENTED_EDGE('',*,*,#922,.T.);
#322=ORIENTED_EDGE('',*,*,#923,.T.);
#323=ORIENTED_EDGE('',*,*,#924,.T.);
#324=ORIENTED_EDGE('',*,*,#925,.T.);
#325=ORIENTED_EDGE('',*,*,#926,.T.);
#326=ORIENTED_EDGE('',*,*,#927,.T.);
#327=ORIENTED_EDGE('',*,*,#928,.T.);
#328=ORIENTED_EDGE('',*,*,#929,.T.);
#329=ORIENTED_EDGE('',*,*,#930,.T.);
#330=ORIENTED_EDGE('',*,*,#931,.T.);
#331=ORIENTED_EDGE('',*,*,#932,.T.);
#332=ORIENTED_EDGE('',*,*,#933,.T.);
#333=ORIENTED_EDGE('',*,*,#934,.T.);
#334=ORIENTED_EDGE('',*,*,#935,.F.);
#335=ORIENTED_EDGE('',*,*,#936,.F.);
#336=ORIENTED_EDGE('',*,*,#937,.T.);
#337=ORIENTED_EDGE('',*,*,#938,.T.);
#338=ORIENTED_EDGE('',*,*,#939,.F.);
#339=ORIENTED_EDGE('',*,*,#837,.F.);
#340=ORIENTED_EDGE('',*,*,#940,.F.);
#341=ORIENTED_EDGE('',*,*,#876,.F.);
#342=ORIENTED_EDGE('',*,*,#941,.T.);
#343=ORIENTED_EDGE('',*,*,#833,.F.);
#344=ORIENTED_EDGE('',*,*,#942,.F.);
#345=ORIENTED_EDGE('',*,*,#872,.F.);
#346=ORIENTED_EDGE('',*,*,#943,.T.);
#347=ORIENTED_EDGE('',*,*,#829,.F.);
#348=ORIENTED_EDGE('',*,*,#944,.F.);
#349=ORIENTED_EDGE('',*,*,#868,.F.);
#350=ORIENTED_EDGE('',*,*,#945,.T.);
#351=ORIENTED_EDGE('',*,*,#825,.F.);
#352=ORIENTED_EDGE('',*,*,#946,.F.);
#353=ORIENTED_EDGE('',*,*,#864,.F.);
#354=ORIENTED_EDGE('',*,*,#947,.T.);
#355=ORIENTED_EDGE('',*,*,#821,.F.);
#356=ORIENTED_EDGE('',*,*,#948,.F.);
#357=ORIENTED_EDGE('',*,*,#860,.F.);
#358=ORIENTED_EDGE('',*,*,#949,.T.);
#359=ORIENTED_EDGE('',*,*,#817,.F.);
#360=ORIENTED_EDGE('',*,*,#950,.F.);
#361=ORIENTED_EDGE('',*,*,#856,.F.);
#362=ORIENTED_EDGE('',*,*,#951,.T.);
#363=ORIENTED_EDGE('',*,*,#813,.F.);
#364=ORIENTED_EDGE('',*,*,#952,.F.);
#365=ORIENTED_EDGE('',*,*,#852,.F.);
#366=ORIENTED_EDGE('',*,*,#953,.T.);
#367=ORIENTED_EDGE('',*,*,#809,.F.);
#368=ORIENTED_EDGE('',*,*,#954,.F.);
#369=ORIENTED_EDGE('',*,*,#848,.F.);
#370=ORIENTED_EDGE('',*,*,#955,.T.);
#371=ORIENTED_EDGE('',*,*,#805,.F.);
#372=ORIENTED_EDGE('',*,*,#956,.F.);
#373=ORIENTED_EDGE('',*,*,#844,.F.);
#374=ORIENTED_EDGE('',*,*,#957,.T.);
#375=ORIENTED_EDGE('',*,*,#801,.F.);
#376=ORIENTED_EDGE('',*,*,#958,.F.);
#377=ORIENTED_EDGE('',*,*,#840,.F.);
#378=ORIENTED_EDGE('',*,*,#959,.T.);
#379=ORIENTED_EDGE('',*,*,#960,.F.);
#380=ORIENTED_EDGE('',*,*,#935,.T.);
#381=ORIENTED_EDGE('',*,*,#961,.T.);
#382=ORIENTED_EDGE('',*,*,#962,.T.);
#383=ORIENTED_EDGE('',*,*,#963,.T.);
#384=ORIENTED_EDGE('',*,*,#964,.T.);
#385=ORIENTED_EDGE('',*,*,#965,.T.);
#386=ORIENTED_EDGE('',*,*,#939,.T.);
#387=ORIENTED_EDGE('',*,*,#966,.T.);
#388=ORIENTED_EDGE('',*,*,#967,.F.);
#389=ORIENTED_EDGE('',*,*,#834,.T.);
#390=ORIENTED_EDGE('',*,*,#968,.F.);
#391=ORIENTED_EDGE('',*,*,#969,.F.);
#392=ORIENTED_EDGE('',*,*,#936,.T.);
#393=ORIENTED_EDGE('',*,*,#960,.T.);
#394=ORIENTED_EDGE('',*,*,#875,.F.);
#395=ORIENTED_EDGE('',*,*,#970,.T.);
#396=ORIENTED_EDGE('',*,*,#830,.T.);
#397=ORIENTED_EDGE('',*,*,#941,.F.);
#398=ORIENTED_EDGE('',*,*,#877,.T.);
#399=ORIENTED_EDGE('',*,*,#940,.T.);
#400=ORIENTED_EDGE('',*,*,#836,.F.);
#401=ORIENTED_EDGE('',*,*,#971,.F.);
#402=ORIENTED_EDGE('',*,*,#871,.F.);
#403=ORIENTED_EDGE('',*,*,#972,.T.);
#404=ORIENTED_EDGE('',*,*,#826,.T.);
#405=ORIENTED_EDGE('',*,*,#943,.F.);
#406=ORIENTED_EDGE('',*,*,#873,.T.);
#407=ORIENTED_EDGE('',*,*,#942,.T.);
#408=ORIENTED_EDGE('',*,*,#832,.F.);
#409=ORIENTED_EDGE('',*,*,#973,.F.);
#410=ORIENTED_EDGE('',*,*,#867,.F.);
#411=ORIENTED_EDGE('',*,*,#974,.T.);
#412=ORIENTED_EDGE('',*,*,#822,.T.);
#413=ORIENTED_EDGE('',*,*,#945,.F.);
#414=ORIENTED_EDGE('',*,*,#869,.T.);
#415=ORIENTED_EDGE('',*,*,#944,.T.);
#416=ORIENTED_EDGE('',*,*,#828,.F.);
#417=ORIENTED_EDGE('',*,*,#975,.F.);
#418=ORIENTED_EDGE('',*,*,#863,.F.);
#419=ORIENTED_EDGE('',*,*,#976,.T.);
#420=ORIENTED_EDGE('',*,*,#818,.T.);
#421=ORIENTED_EDGE('',*,*,#947,.F.);
#422=ORIENTED_EDGE('',*,*,#865,.T.);
#423=ORIENTED_EDGE('',*,*,#946,.T.);
#424=ORIENTED_EDGE('',*,*,#824,.F.);
#425=ORIENTED_EDGE('',*,*,#977,.F.);
#426=ORIENTED_EDGE('',*,*,#859,.F.);
#427=ORIENTED_EDGE('',*,*,#978,.T.);
#428=ORIENTED_EDGE('',*,*,#814,.T.);
#429=ORIENTED_EDGE('',*,*,#949,.F.);
#430=ORIENTED_EDGE('',*,*,#861,.T.);
#431=ORIENTED_EDGE('',*,*,#948,.T.);
#432=ORIENTED_EDGE('',*,*,#820,.F.);
#433=ORIENTED_EDGE('',*,*,#979,.F.);
#434=ORIENTED_EDGE('',*,*,#855,.F.);
#435=ORIENTED_EDGE('',*,*,#980,.T.);
#436=ORIENTED_EDGE('',*,*,#810,.T.);
#437=ORIENTED_EDGE('',*,*,#951,.F.);
#438=ORIENTED_EDGE('',*,*,#857,.T.);
#439=ORIENTED_EDGE('',*,*,#950,.T.);
#440=ORIENTED_EDGE('',*,*,#816,.F.);
#441=ORIENTED_EDGE('',*,*,#981,.F.);
#442=ORIENTED_EDGE('',*,*,#851,.F.);
#443=ORIENTED_EDGE('',*,*,#982,.T.);
#444=ORIENTED_EDGE('',*,*,#806,.T.);
#445=ORIENTED_EDGE('',*,*,#953,.F.);
#446=ORIENTED_EDGE('',*,*,#853,.T.);
#447=ORIENTED_EDGE('',*,*,#952,.T.);
#448=ORIENTED_EDGE('',*,*,#812,.F.);
#449=ORIENTED_EDGE('',*,*,#983,.F.);
#450=ORIENTED_EDGE('',*,*,#847,.F.);
#451=ORIENTED_EDGE('',*,*,#984,.T.);
#452=ORIENTED_EDGE('',*,*,#802,.T.);
#453=ORIENTED_EDGE('',*,*,#955,.F.);
#454=ORIENTED_EDGE('',*,*,#849,.T.);
#455=ORIENTED_EDGE('',*,*,#954,.T.);
#456=ORIENTED_EDGE('',*,*,#808,.F.);
#457=ORIENTED_EDGE('',*,*,#985,.F.);
#458=ORIENTED_EDGE('',*,*,#845,.T.);
#459=ORIENTED_EDGE('',*,*,#956,.T.);
#460=ORIENTED_EDGE('',*,*,#804,.F.);
#461=ORIENTED_EDGE('',*,*,#986,.F.);
#462=ORIENTED_EDGE('',*,*,#843,.F.);
#463=ORIENTED_EDGE('',*,*,#987,.T.);
#464=ORIENTED_EDGE('',*,*,#798,.T.);
#465=ORIENTED_EDGE('',*,*,#957,.F.);
#466=ORIENTED_EDGE('',*,*,#839,.F.);
#467=ORIENTED_EDGE('',*,*,#988,.T.);
#468=ORIENTED_EDGE('',*,*,#968,.T.);
#469=ORIENTED_EDGE('',*,*,#959,.F.);
#470=ORIENTED_EDGE('',*,*,#841,.T.);
#471=ORIENTED_EDGE('',*,*,#958,.T.);
#472=ORIENTED_EDGE('',*,*,#800,.F.);
#473=ORIENTED_EDGE('',*,*,#989,.F.);
#474=ORIENTED_EDGE('',*,*,#911,.F.);
#475=ORIENTED_EDGE('',*,*,#990,.T.);
#476=ORIENTED_EDGE('',*,*,#961,.F.);
#477=ORIENTED_EDGE('',*,*,#991,.T.);
#478=ORIENTED_EDGE('',*,*,#895,.F.);
#479=ORIENTED_EDGE('',*,*,#992,.T.);
#480=ORIENTED_EDGE('',*,*,#937,.F.);
#481=ORIENTED_EDGE('',*,*,#993,.F.);
#482=ORIENTED_EDGE('',*,*,#962,.F.);
#483=ORIENTED_EDGE('',*,*,#994,.T.);
#484=ORIENTED_EDGE('',*,*,#908,.F.);
#485=ORIENTED_EDGE('',*,*,#995,.F.);
#486=ORIENTED_EDGE('',*,*,#993,.T.);
#487=ORIENTED_EDGE('',*,*,#965,.F.);
#488=ORIENTED_EDGE('',*,*,#996,.F.);
#489=ORIENTED_EDGE('',*,*,#898,.F.);
#490=ORIENTED_EDGE('',*,*,#890,.F.);
#491=ORIENTED_EDGE('',*,*,#997,.T.);
#492=ORIENTED_EDGE('',*,*,#894,.F.);
#493=ORIENTED_EDGE('',*,*,#998,.T.);
#494=ORIENTED_EDGE('',*,*,#995,.T.);
#495=ORIENTED_EDGE('',*,*,#905,.F.);
#496=ORIENTED_EDGE('',*,*,#999,.F.);
#497=ORIENTED_EDGE('',*,*,#963,.F.);
#498=ORIENTED_EDGE('',*,*,#996,.T.);
#499=ORIENTED_EDGE('',*,*,#964,.F.);
#500=ORIENTED_EDGE('',*,*,#1000,.F.);
#501=ORIENTED_EDGE('',*,*,#901,.F.);
#502=ORIENTED_EDGE('',*,*,#925,.F.);
#503=ORIENTED_EDGE('',*,*,#1001,.T.);
#504=ORIENTED_EDGE('',*,*,#897,.F.);
#505=ORIENTED_EDGE('',*,*,#1002,.F.);
#506=ORIENTED_EDGE('',*,*,#1000,.T.);
#507=ORIENTED_EDGE('',*,*,#999,.T.);
#508=ORIENTED_EDGE('',*,*,#1003,.F.);
#509=ORIENTED_EDGE('',*,*,#1002,.T.);
#510=ORIENTED_EDGE('',*,*,#900,.F.);
#511=ORIENTED_EDGE('',*,*,#1004,.F.);
#512=ORIENTED_EDGE('',*,*,#926,.F.);
#513=ORIENTED_EDGE('',*,*,#1003,.T.);
#514=ORIENTED_EDGE('',*,*,#904,.F.);
#515=ORIENTED_EDGE('',*,*,#1005,.F.);
#516=ORIENTED_EDGE('',*,*,#902,.F.);
#517=ORIENTED_EDGE('',*,*,#1004,.T.);
#518=ORIENTED_EDGE('',*,*,#903,.F.);
#519=ORIENTED_EDGE('',*,*,#1006,.F.);
#520=ORIENTED_EDGE('',*,*,#927,.F.);
#521=ORIENTED_EDGE('',*,*,#1006,.T.);
#522=ORIENTED_EDGE('',*,*,#1005,.T.);
#523=ORIENTED_EDGE('',*,*,#1007,.F.);
#524=ORIENTED_EDGE('',*,*,#1007,.T.);
#525=ORIENTED_EDGE('',*,*,#907,.F.);
#526=ORIENTED_EDGE('',*,*,#1008,.F.);
#527=ORIENTED_EDGE('',*,*,#928,.F.);
#528=ORIENTED_EDGE('',*,*,#910,.F.);
#529=ORIENTED_EDGE('',*,*,#1009,.T.);
#530=ORIENTED_EDGE('',*,*,#929,.F.);
#531=ORIENTED_EDGE('',*,*,#1008,.T.);
#532=ORIENTED_EDGE('',*,*,#916,.F.);
#533=ORIENTED_EDGE('',*,*,#1010,.T.);
#534=ORIENTED_EDGE('',*,*,#919,.F.);
#535=ORIENTED_EDGE('',*,*,#1011,.F.);
#536=ORIENTED_EDGE('',*,*,#930,.F.);
#537=ORIENTED_EDGE('',*,*,#1012,.T.);
#538=ORIENTED_EDGE('',*,*,#917,.F.);
#539=ORIENTED_EDGE('',*,*,#1013,.F.);
#540=ORIENTED_EDGE('',*,*,#1013,.T.);
#541=ORIENTED_EDGE('',*,*,#1011,.T.);
#542=ORIENTED_EDGE('',*,*,#1014,.F.);
#543=ORIENTED_EDGE('',*,*,#884,.F.);
#544=ORIENTED_EDGE('',*,*,#1015,.T.);
#545=ORIENTED_EDGE('',*,*,#923,.F.);
#546=ORIENTED_EDGE('',*,*,#1016,.T.);
#547=ORIENTED_EDGE('',*,*,#1014,.T.);
#548=ORIENTED_EDGE('',*,*,#922,.F.);
#549=ORIENTED_EDGE('',*,*,#1017,.F.);
#550=ORIENTED_EDGE('',*,*,#931,.F.);
#551=ORIENTED_EDGE('',*,*,#880,.F.);
#552=ORIENTED_EDGE('',*,*,#1018,.T.);
#553=ORIENTED_EDGE('',*,*,#932,.F.);
#554=ORIENTED_EDGE('',*,*,#1019,.F.);
#555=ORIENTED_EDGE('',*,*,#1019,.T.);
#556=ORIENTED_EDGE('',*,*,#1017,.T.);
#557=ORIENTED_EDGE('',*,*,#1020,.F.);
#558=ORIENTED_EDGE('',*,*,#1020,.T.);
#559=ORIENTED_EDGE('',*,*,#921,.F.);
#560=ORIENTED_EDGE('',*,*,#1021,.F.);
#561=ORIENTED_EDGE('',*,*,#881,.F.);
#562=ORIENTED_EDGE('',*,*,#1022,.F.);
#563=ORIENTED_EDGE('',*,*,#1023,.F.);
#564=ORIENTED_EDGE('',*,*,#1024,.T.);
#565=ORIENTED_EDGE('',*,*,#1025,.F.);
#566=ORIENTED_EDGE('',*,*,#1024,.F.);
#567=ORIENTED_EDGE('',*,*,#1026,.F.);
#568=ORIENTED_EDGE('',*,*,#1027,.T.);
#569=ORIENTED_EDGE('',*,*,#1028,.F.);
#570=ORIENTED_EDGE('',*,*,#1027,.F.);
#571=ORIENTED_EDGE('',*,*,#1029,.F.);
#572=ORIENTED_EDGE('',*,*,#1030,.F.);
#573=ORIENTED_EDGE('',*,*,#1031,.F.);
#574=ORIENTED_EDGE('',*,*,#1032,.F.);
#575=ORIENTED_EDGE('',*,*,#1033,.F.);
#576=ORIENTED_EDGE('',*,*,#1034,.T.);
#577=ORIENTED_EDGE('',*,*,#1035,.F.);
#578=ORIENTED_EDGE('',*,*,#1036,.F.);
#579=ORIENTED_EDGE('',*,*,#1037,.T.);
#580=ORIENTED_EDGE('',*,*,#1038,.F.);
#581=ORIENTED_EDGE('',*,*,#1034,.F.);
#582=ORIENTED_EDGE('',*,*,#1039,.F.);
#583=ORIENTED_EDGE('',*,*,#1040,.T.);
#584=ORIENTED_EDGE('',*,*,#1041,.F.);
#585=ORIENTED_EDGE('',*,*,#1042,.F.);
#586=ORIENTED_EDGE('',*,*,#1043,.F.);
#587=ORIENTED_EDGE('',*,*,#1044,.F.);
#588=ORIENTED_EDGE('',*,*,#1045,.F.);
#589=ORIENTED_EDGE('',*,*,#1046,.F.);
#590=ORIENTED_EDGE('',*,*,#1047,.F.);
#591=ORIENTED_EDGE('',*,*,#1048,.F.);
#592=ORIENTED_EDGE('',*,*,#967,.T.);
#593=ORIENTED_EDGE('',*,*,#1049,.T.);
#594=ORIENTED_EDGE('',*,*,#1050,.F.);
#595=ORIENTED_EDGE('',*,*,#1051,.F.);
#596=ORIENTED_EDGE('',*,*,#1052,.F.);
#597=ORIENTED_EDGE('',*,*,#1053,.F.);
#598=ORIENTED_EDGE('',*,*,#1054,.F.);
#599=ORIENTED_EDGE('',*,*,#1055,.F.);
#600=ORIENTED_EDGE('',*,*,#933,.F.);
#601=ORIENTED_EDGE('',*,*,#969,.T.);
#602=ORIENTED_EDGE('',*,*,#988,.F.);
#603=ORIENTED_EDGE('',*,*,#838,.T.);
#604=ORIENTED_EDGE('',*,*,#989,.T.);
#605=ORIENTED_EDGE('',*,*,#799,.T.);
#606=ORIENTED_EDGE('',*,*,#987,.F.);
#607=ORIENTED_EDGE('',*,*,#842,.T.);
#608=ORIENTED_EDGE('',*,*,#986,.T.);
#609=ORIENTED_EDGE('',*,*,#803,.T.);
#610=ORIENTED_EDGE('',*,*,#984,.F.);
#611=ORIENTED_EDGE('',*,*,#846,.T.);
#612=ORIENTED_EDGE('',*,*,#985,.T.);
#613=ORIENTED_EDGE('',*,*,#807,.T.);
#614=ORIENTED_EDGE('',*,*,#982,.F.);
#615=ORIENTED_EDGE('',*,*,#850,.T.);
#616=ORIENTED_EDGE('',*,*,#983,.T.);
#617=ORIENTED_EDGE('',*,*,#811,.T.);
#618=ORIENTED_EDGE('',*,*,#980,.F.);
#619=ORIENTED_EDGE('',*,*,#854,.T.);
#620=ORIENTED_EDGE('',*,*,#981,.T.);
#621=ORIENTED_EDGE('',*,*,#815,.T.);
#622=ORIENTED_EDGE('',*,*,#978,.F.);
#623=ORIENTED_EDGE('',*,*,#858,.T.);
#624=ORIENTED_EDGE('',*,*,#979,.T.);
#625=ORIENTED_EDGE('',*,*,#819,.T.);
#626=ORIENTED_EDGE('',*,*,#976,.F.);
#627=ORIENTED_EDGE('',*,*,#862,.T.);
#628=ORIENTED_EDGE('',*,*,#977,.T.);
#629=ORIENTED_EDGE('',*,*,#823,.T.);
#630=ORIENTED_EDGE('',*,*,#974,.F.);
#631=ORIENTED_EDGE('',*,*,#866,.T.);
#632=ORIENTED_EDGE('',*,*,#975,.T.);
#633=ORIENTED_EDGE('',*,*,#827,.T.);
#634=ORIENTED_EDGE('',*,*,#972,.F.);
#635=ORIENTED_EDGE('',*,*,#870,.T.);
#636=ORIENTED_EDGE('',*,*,#973,.T.);
#637=ORIENTED_EDGE('',*,*,#831,.T.);
#638=ORIENTED_EDGE('',*,*,#970,.F.);
#639=ORIENTED_EDGE('',*,*,#874,.T.);
#640=ORIENTED_EDGE('',*,*,#971,.T.);
#641=ORIENTED_EDGE('',*,*,#835,.T.);
#642=ORIENTED_EDGE('',*,*,#1055,.T.);
#643=ORIENTED_EDGE('',*,*,#1056,.T.);
#644=ORIENTED_EDGE('',*,*,#913,.T.);
#645=ORIENTED_EDGE('',*,*,#1057,.T.);
#646=ORIENTED_EDGE('',*,*,#1050,.T.);
#647=ORIENTED_EDGE('',*,*,#1058,.T.);
#648=ORIENTED_EDGE('',*,*,#1025,.T.);
#649=ORIENTED_EDGE('',*,*,#1059,.T.);
#650=ORIENTED_EDGE('',*,*,#1038,.T.);
#651=ORIENTED_EDGE('',*,*,#1060,.T.);
#652=ORIENTED_EDGE('',*,*,#1054,.T.);
#653=ORIENTED_EDGE('',*,*,#1061,.T.);
#654=ORIENTED_EDGE('',*,*,#1059,.F.);
#655=ORIENTED_EDGE('',*,*,#1028,.T.);
#656=ORIENTED_EDGE('',*,*,#1062,.T.);
#657=ORIENTED_EDGE('',*,*,#1051,.T.);
#658=ORIENTED_EDGE('',*,*,#1022,.T.);
#659=ORIENTED_EDGE('',*,*,#1063,.T.);
#660=ORIENTED_EDGE('',*,*,#886,.T.);
#661=ORIENTED_EDGE('',*,*,#1064,.T.);
#662=ORIENTED_EDGE('',*,*,#1061,.F.);
#663=ORIENTED_EDGE('',*,*,#1053,.T.);
#664=ORIENTED_EDGE('',*,*,#1065,.T.);
#665=ORIENTED_EDGE('',*,*,#1035,.T.);
#666=ORIENTED_EDGE('',*,*,#1062,.F.);
#667=ORIENTED_EDGE('',*,*,#1031,.T.);
#668=ORIENTED_EDGE('',*,*,#1066,.T.);
#669=ORIENTED_EDGE('',*,*,#1052,.T.);
#670=ORIENTED_EDGE('',*,*,#1023,.T.);
#671=ORIENTED_EDGE('',*,*,#1067,.T.);
#672=ORIENTED_EDGE('',*,*,#1039,.T.);
#673=ORIENTED_EDGE('',*,*,#1068,.T.);
#674=ORIENTED_EDGE('',*,*,#1066,.F.);
#675=ORIENTED_EDGE('',*,*,#1069,.T.);
#676=ORIENTED_EDGE('',*,*,#1065,.F.);
#677=ORIENTED_EDGE('',*,*,#1068,.F.);
#678=ORIENTED_EDGE('',*,*,#1048,.T.);
#679=ORIENTED_EDGE('',*,*,#1070,.T.);
#680=ORIENTED_EDGE('',*,*,#1026,.T.);
#681=ORIENTED_EDGE('',*,*,#1069,.F.);
#682=ORIENTED_EDGE('',*,*,#1030,.T.);
#683=ORIENTED_EDGE('',*,*,#1071,.T.);
#684=ORIENTED_EDGE('',*,*,#1032,.T.);
#685=ORIENTED_EDGE('',*,*,#1070,.F.);
#686=ORIENTED_EDGE('',*,*,#1047,.T.);
#687=ORIENTED_EDGE('',*,*,#1072,.T.);
#688=ORIENTED_EDGE('',*,*,#1029,.T.);
#689=ORIENTED_EDGE('',*,*,#1072,.F.);
#690=ORIENTED_EDGE('',*,*,#1073,.T.);
#691=ORIENTED_EDGE('',*,*,#1071,.F.);
#692=ORIENTED_EDGE('',*,*,#1073,.F.);
#693=ORIENTED_EDGE('',*,*,#1046,.T.);
#694=ORIENTED_EDGE('',*,*,#1074,.T.);
#695=ORIENTED_EDGE('',*,*,#1033,.T.);
#696=ORIENTED_EDGE('',*,*,#1045,.T.);
#697=ORIENTED_EDGE('',*,*,#1075,.T.);
#698=ORIENTED_EDGE('',*,*,#1036,.T.);
#699=ORIENTED_EDGE('',*,*,#1074,.F.);
#700=ORIENTED_EDGE('',*,*,#915,.T.);
#701=ORIENTED_EDGE('',*,*,#1076,.T.);
#702=ORIENTED_EDGE('',*,*,#1044,.T.);
#703=ORIENTED_EDGE('',*,*,#1077,.T.);
#704=ORIENTED_EDGE('',*,*,#1077,.F.);
#705=ORIENTED_EDGE('',*,*,#1078,.T.);
#706=ORIENTED_EDGE('',*,*,#1010,.F.);
#707=ORIENTED_EDGE('',*,*,#1041,.T.);
#708=ORIENTED_EDGE('',*,*,#1079,.T.);
#709=ORIENTED_EDGE('',*,*,#882,.T.);
#710=ORIENTED_EDGE('',*,*,#1080,.T.);
#711=ORIENTED_EDGE('',*,*,#1078,.F.);
#712=ORIENTED_EDGE('',*,*,#1043,.T.);
#713=ORIENTED_EDGE('',*,*,#1081,.T.);
#714=ORIENTED_EDGE('',*,*,#920,.T.);
#715=ORIENTED_EDGE('',*,*,#1042,.T.);
#716=ORIENTED_EDGE('',*,*,#1082,.T.);
#717=ORIENTED_EDGE('',*,*,#878,.T.);
#718=ORIENTED_EDGE('',*,*,#1083,.T.);
#719=ORIENTED_EDGE('',*,*,#1083,.F.);
#720=ORIENTED_EDGE('',*,*,#1021,.T.);
#721=ORIENTED_EDGE('',*,*,#1081,.F.);
#722=ORIENTED_EDGE('',*,*,#1057,.F.);
#723=ORIENTED_EDGE('',*,*,#912,.F.);
#724=ORIENTED_EDGE('',*,*,#991,.F.);
#725=ORIENTED_EDGE('',*,*,#934,.F.);
#726=ORIENTED_EDGE('',*,*,#1056,.F.);
#727=ORIENTED_EDGE('',*,*,#1060,.F.);
#728=ORIENTED_EDGE('',*,*,#1084,.F.);
#729=ORIENTED_EDGE('',*,*,#1084,.T.);
#730=ORIENTED_EDGE('',*,*,#1037,.F.);
#731=ORIENTED_EDGE('',*,*,#1085,.F.);
#732=ORIENTED_EDGE('',*,*,#914,.F.);
#733=ORIENTED_EDGE('',*,*,#1075,.F.);
#734=ORIENTED_EDGE('',*,*,#1076,.F.);
#735=ORIENTED_EDGE('',*,*,#1085,.T.);
#736=ORIENTED_EDGE('',*,*,#994,.F.);
#737=ORIENTED_EDGE('',*,*,#990,.F.);
#738=ORIENTED_EDGE('',*,*,#1086,.F.);
#739=ORIENTED_EDGE('',*,*,#1086,.T.);
#740=ORIENTED_EDGE('',*,*,#918,.F.);
#741=ORIENTED_EDGE('',*,*,#1087,.F.);
#742=ORIENTED_EDGE('',*,*,#909,.F.);
#743=ORIENTED_EDGE('',*,*,#1012,.F.);
#744=ORIENTED_EDGE('',*,*,#1009,.F.);
#745=ORIENTED_EDGE('',*,*,#1087,.T.);
#746=ORIENTED_EDGE('',*,*,#1063,.F.);
#747=ORIENTED_EDGE('',*,*,#1058,.F.);
#748=ORIENTED_EDGE('',*,*,#1088,.F.);
#749=ORIENTED_EDGE('',*,*,#992,.F.);
#750=ORIENTED_EDGE('',*,*,#997,.F.);
#751=ORIENTED_EDGE('',*,*,#1089,.F.);
#752=ORIENTED_EDGE('',*,*,#1088,.T.);
#753=ORIENTED_EDGE('',*,*,#1049,.F.);
#754=ORIENTED_EDGE('',*,*,#1090,.F.);
#755=ORIENTED_EDGE('',*,*,#887,.F.);
#756=ORIENTED_EDGE('',*,*,#1089,.T.);
#757=ORIENTED_EDGE('',*,*,#889,.F.);
#758=ORIENTED_EDGE('',*,*,#1091,.F.);
#759=ORIENTED_EDGE('',*,*,#938,.F.);
#760=ORIENTED_EDGE('',*,*,#1090,.T.);
#761=ORIENTED_EDGE('',*,*,#966,.F.);
#762=ORIENTED_EDGE('',*,*,#1091,.T.);
#763=ORIENTED_EDGE('',*,*,#888,.F.);
#764=ORIENTED_EDGE('',*,*,#1092,.F.);
#765=ORIENTED_EDGE('',*,*,#1067,.F.);
#766=ORIENTED_EDGE('',*,*,#1064,.F.);
#767=ORIENTED_EDGE('',*,*,#1093,.F.);
#768=ORIENTED_EDGE('',*,*,#1040,.F.);
#769=ORIENTED_EDGE('',*,*,#1092,.T.);
#770=ORIENTED_EDGE('',*,*,#893,.F.);
#771=ORIENTED_EDGE('',*,*,#1079,.F.);
#772=ORIENTED_EDGE('',*,*,#1093,.T.);
#773=ORIENTED_EDGE('',*,*,#1094,.F.);
#774=ORIENTED_EDGE('',*,*,#1095,.F.);
#775=ORIENTED_EDGE('',*,*,#883,.F.);
#776=ORIENTED_EDGE('',*,*,#1094,.T.);
#777=ORIENTED_EDGE('',*,*,#892,.F.);
#778=ORIENTED_EDGE('',*,*,#1015,.F.);
#779=ORIENTED_EDGE('',*,*,#1095,.T.);
#780=ORIENTED_EDGE('',*,*,#1096,.F.);
#781=ORIENTED_EDGE('',*,*,#1097,.F.);
#782=ORIENTED_EDGE('',*,*,#924,.F.);
#783=ORIENTED_EDGE('',*,*,#1096,.T.);
#784=ORIENTED_EDGE('',*,*,#891,.F.);
#785=ORIENTED_EDGE('',*,*,#1097,.T.);
#786=ORIENTED_EDGE('',*,*,#998,.F.);
#787=ORIENTED_EDGE('',*,*,#1001,.F.);
#788=ORIENTED_EDGE('',*,*,#1082,.F.);
#789=ORIENTED_EDGE('',*,*,#1080,.F.);
#790=ORIENTED_EDGE('',*,*,#1098,.F.);
#791=ORIENTED_EDGE('',*,*,#1098,.T.);
#792=ORIENTED_EDGE('',*,*,#885,.F.);
#793=ORIENTED_EDGE('',*,*,#1099,.F.);
#794=ORIENTED_EDGE('',*,*,#879,.F.);
#795=ORIENTED_EDGE('',*,*,#1099,.T.);
#796=ORIENTED_EDGE('',*,*,#1016,.F.);
#797=ORIENTED_EDGE('',*,*,#1018,.F.);
#798=EDGE_CURVE('',#1100,#1101,#1276,.T.);
#799=EDGE_CURVE('',#1102,#1100,#1277,.T.);
#800=EDGE_CURVE('',#1102,#1103,#1278,.T.);
#801=EDGE_CURVE('',#1103,#1101,#1279,.T.);
#802=EDGE_CURVE('',#1104,#1105,#1280,.T.);
#803=EDGE_CURVE('',#1106,#1104,#1281,.T.);
#804=EDGE_CURVE('',#1106,#1107,#1282,.T.);
#805=EDGE_CURVE('',#1107,#1105,#1283,.T.);
#806=EDGE_CURVE('',#1108,#1109,#1284,.T.);
#807=EDGE_CURVE('',#1110,#1108,#1285,.T.);
#808=EDGE_CURVE('',#1110,#1111,#1286,.T.);
#809=EDGE_CURVE('',#1111,#1109,#1287,.T.);
#810=EDGE_CURVE('',#1112,#1113,#1288,.T.);
#811=EDGE_CURVE('',#1114,#1112,#1289,.T.);
#812=EDGE_CURVE('',#1114,#1115,#1290,.T.);
#813=EDGE_CURVE('',#1115,#1113,#1291,.T.);
#814=EDGE_CURVE('',#1116,#1117,#1292,.T.);
#815=EDGE_CURVE('',#1118,#1116,#1293,.T.);
#816=EDGE_CURVE('',#1118,#1119,#1294,.T.);
#817=EDGE_CURVE('',#1119,#1117,#1295,.T.);
#818=EDGE_CURVE('',#1120,#1121,#1296,.T.);
#819=EDGE_CURVE('',#1122,#1120,#1297,.T.);
#820=EDGE_CURVE('',#1122,#1123,#1298,.T.);
#821=EDGE_CURVE('',#1123,#1121,#1299,.T.);
#822=EDGE_CURVE('',#1124,#1125,#1300,.T.);
#823=EDGE_CURVE('',#1126,#1124,#1301,.T.);
#824=EDGE_CURVE('',#1126,#1127,#1302,.T.);
#825=EDGE_CURVE('',#1127,#1125,#1303,.T.);
#826=EDGE_CURVE('',#1128,#1129,#1304,.T.);
#827=EDGE_CURVE('',#1130,#1128,#1305,.T.);
#828=EDGE_CURVE('',#1130,#1131,#1306,.T.);
#829=EDGE_CURVE('',#1131,#1129,#1307,.T.);
#830=EDGE_CURVE('',#1132,#1133,#1308,.T.);
#831=EDGE_CURVE('',#1134,#1132,#1309,.T.);
#832=EDGE_CURVE('',#1134,#1135,#1310,.T.);
#833=EDGE_CURVE('',#1135,#1133,#1311,.T.);
#834=EDGE_CURVE('',#1136,#1137,#1312,.T.);
#835=EDGE_CURVE('',#1138,#1136,#1313,.T.);
#836=EDGE_CURVE('',#1138,#1139,#1314,.T.);
#837=EDGE_CURVE('',#1139,#1137,#1315,.T.);
#838=EDGE_CURVE('',#1140,#1141,#1316,.T.);
#839=EDGE_CURVE('',#1140,#1142,#1317,.T.);
#840=EDGE_CURVE('',#1142,#1143,#1318,.T.);
#841=EDGE_CURVE('',#1141,#1143,#1319,.T.);
#842=EDGE_CURVE('',#1144,#1145,#1320,.T.);
#843=EDGE_CURVE('',#1144,#1146,#1321,.T.);
#844=EDGE_CURVE('',#1146,#1147,#1322,.T.);
#845=EDGE_CURVE('',#1145,#1147,#1323,.T.);
#846=EDGE_CURVE('',#1148,#1149,#1324,.T.);
#847=EDGE_CURVE('',#1148,#1150,#1325,.T.);
#848=EDGE_CURVE('',#1150,#1151,#1326,.T.);
#849=EDGE_CURVE('',#1149,#1151,#1327,.T.);
#850=EDGE_CURVE('',#1152,#1153,#1328,.T.);
#851=EDGE_CURVE('',#1152,#1154,#1329,.T.);
#852=EDGE_CURVE('',#1154,#1155,#1330,.T.);
#853=EDGE_CURVE('',#1153,#1155,#1331,.T.);
#854=EDGE_CURVE('',#1156,#1157,#1332,.T.);
#855=EDGE_CURVE('',#1156,#1158,#1333,.T.);
#856=EDGE_CURVE('',#1158,#1159,#1334,.T.);
#857=EDGE_CURVE('',#1157,#1159,#1335,.T.);
#858=EDGE_CURVE('',#1160,#1161,#1336,.T.);
#859=EDGE_CURVE('',#1160,#1162,#1337,.T.);
#860=EDGE_CURVE('',#1162,#1163,#1338,.T.);
#861=EDGE_CURVE('',#1161,#1163,#1339,.T.);
#862=EDGE_CURVE('',#1164,#1165,#1340,.T.);
#863=EDGE_CURVE('',#1164,#1166,#1341,.T.);
#864=EDGE_CURVE('',#1166,#1167,#1342,.T.);
#865=EDGE_CURVE('',#1165,#1167,#1343,.T.);
#866=EDGE_CURVE('',#1168,#1169,#1344,.T.);
#867=EDGE_CURVE('',#1168,#1170,#1345,.T.);
#868=EDGE_CURVE('',#1170,#1171,#1346,.T.);
#869=EDGE_CURVE('',#1169,#1171,#1347,.T.);
#870=EDGE_CURVE('',#1172,#1173,#1348,.T.);
#871=EDGE_CURVE('',#1172,#1174,#1349,.T.);
#872=EDGE_CURVE('',#1174,#1175,#1350,.T.);
#873=EDGE_CURVE('',#1173,#1175,#1351,.T.);
#874=EDGE_CURVE('',#1176,#1177,#1352,.T.);
#875=EDGE_CURVE('',#1176,#1178,#1353,.T.);
#876=EDGE_CURVE('',#1178,#1179,#1354,.T.);
#877=EDGE_CURVE('',#1177,#1179,#1355,.T.);
#878=EDGE_CURVE('',#1180,#1181,#1356,.F.);
#879=EDGE_CURVE('',#1180,#1182,#1357,.F.);
#880=EDGE_CURVE('',#1182,#1183,#1358,.F.);
#881=EDGE_CURVE('',#1183,#1181,#1359,.T.);
#882=EDGE_CURVE('',#1184,#1185,#1360,.F.);
#883=EDGE_CURVE('',#1184,#1186,#1361,.F.);
#884=EDGE_CURVE('',#1186,#1187,#1362,.F.);
#885=EDGE_CURVE('',#1187,#1185,#1363,.T.);
#886=EDGE_CURVE('',#1188,#1189,#1364,.F.);
#887=EDGE_CURVE('',#1188,#1190,#1365,.T.);
#888=EDGE_CURVE('',#1190,#1191,#1366,.T.);
#889=EDGE_CURVE('',#1191,#1192,#1367,.F.);
#890=EDGE_CURVE('',#1192,#1193,#1368,.F.);
#891=EDGE_CURVE('',#1193,#1194,#1369,.T.);
#892=EDGE_CURVE('',#1194,#1195,#1370,.T.);
#893=EDGE_CURVE('',#1195,#1189,#1371,.F.);
#894=EDGE_CURVE('',#1196,#1197,#1372,.T.);
#895=EDGE_CURVE('',#1197,#1198,#150,.T.);
#896=EDGE_CURVE('',#1199,#1198,#1373,.T.);
#897=EDGE_CURVE('',#1199,#1196,#151,.T.);
#898=EDGE_CURVE('',#1198,#1200,#152,.T.);
#899=EDGE_CURVE('',#1201,#1200,#1374,.T.);
#900=EDGE_CURVE('',#1201,#1199,#153,.T.);
#901=EDGE_CURVE('',#1200,#1202,#1375,.F.);
#902=EDGE_CURVE('',#1202,#1203,#1376,.F.);
#903=EDGE_CURVE('',#1203,#1201,#1377,.T.);
#904=EDGE_CURVE('',#1204,#1205,#1378,.T.);
#905=EDGE_CURVE('',#1205,#1206,#154,.T.);
#906=EDGE_CURVE('',#1207,#1206,#1379,.T.);
#907=EDGE_CURVE('',#1207,#1204,#155,.T.);
#908=EDGE_CURVE('',#1206,#1208,#156,.T.);
#909=EDGE_CURVE('',#1208,#1209,#1380,.F.);
#910=EDGE_CURVE('',#1209,#1207,#157,.T.);
#911=EDGE_CURVE('',#1210,#1211,#1381,.F.);
#912=EDGE_CURVE('',#1211,#1212,#1382,.F.);
#913=EDGE_CURVE('',#1213,#1212,#1383,.F.);
#914=EDGE_CURVE('',#1213,#1214,#1384,.F.);
#915=EDGE_CURVE('',#1215,#1214,#1385,.T.);
#916=EDGE_CURVE('',#1215,#1216,#1386,.F.);
#917=EDGE_CURVE('',#1216,#1217,#1387,.T.);
#918=EDGE_CURVE('',#1217,#1210,#1388,.T.);
#919=EDGE_CURVE('',#1218,#1219,#1389,.T.);
#920=EDGE_CURVE('',#1220,#1219,#1390,.T.);
#921=EDGE_CURVE('',#1220,#1221,#1391,.F.);
#922=EDGE_CURVE('',#1221,#1218,#1392,.T.);
#923=EDGE_CURVE('',#1222,#1223,#1393,.T.);
#924=EDGE_CURVE('',#1223,#1224,#1394,.F.);
#925=EDGE_CURVE('',#1224,#1225,#158,.T.);
#926=EDGE_CURVE('',#1225,#1226,#159,.T.);
#927=EDGE_CURVE('',#1226,#1227,#1395,.F.);
#928=EDGE_CURVE('',#1227,#1228,#160,.T.);
#929=EDGE_CURVE('',#1228,#1229,#161,.T.);
#930=EDGE_CURVE('',#1229,#1230,#1396,.F.);
#931=EDGE_CURVE('',#1230,#1231,#1397,.F.);
#932=EDGE_CURVE('',#1231,#1222,#1398,.T.);
#933=EDGE_CURVE('',#1232,#1233,#1399,.T.);
#934=EDGE_CURVE('',#1233,#1234,#1400,.T.);
#935=EDGE_CURVE('',#1235,#1234,#1401,.T.);
#936=EDGE_CURVE('',#1232,#1235,#1402,.T.);
#937=EDGE_CURVE('',#1236,#1237,#162,.T.);
#938=EDGE_CURVE('',#1237,#1238,#1403,.T.);
#939=EDGE_CURVE('',#1137,#1238,#1404,.T.);
#940=EDGE_CURVE('',#1179,#1139,#1405,.T.);
#941=EDGE_CURVE('',#1178,#1133,#1406,.T.);
#942=EDGE_CURVE('',#1175,#1135,#1407,.T.);
#943=EDGE_CURVE('',#1174,#1129,#1408,.T.);
#944=EDGE_CURVE('',#1171,#1131,#1409,.T.);
#945=EDGE_CURVE('',#1170,#1125,#1410,.T.);
#946=EDGE_CURVE('',#1167,#1127,#1411,.T.);
#947=EDGE_CURVE('',#1166,#1121,#1412,.T.);
#948=EDGE_CURVE('',#1163,#1123,#1413,.T.);
#949=EDGE_CURVE('',#1162,#1117,#1414,.T.);
#950=EDGE_CURVE('',#1159,#1119,#1415,.T.);
#951=EDGE_CURVE('',#1158,#1113,#1416,.T.);
#952=EDGE_CURVE('',#1155,#1115,#1417,.T.);
#953=EDGE_CURVE('',#1154,#1109,#1418,.T.);
#954=EDGE_CURVE('',#1151,#1111,#1419,.T.);
#955=EDGE_CURVE('',#1150,#1105,#1420,.T.);
#956=EDGE_CURVE('',#1147,#1107,#1421,.T.);
#957=EDGE_CURVE('',#1146,#1101,#1422,.T.);
#958=EDGE_CURVE('',#1143,#1103,#1423,.T.);
#959=EDGE_CURVE('',#1142,#1239,#1424,.T.);
#960=EDGE_CURVE('',#1235,#1239,#1425,.T.);
#961=EDGE_CURVE('',#1234,#1240,#1426,.T.);
#962=EDGE_CURVE('',#1240,#1241,#163,.T.);
#963=EDGE_CURVE('',#1241,#1242,#164,.T.);
#964=EDGE_CURVE('',#1242,#1243,#1427,.T.);
#965=EDGE_CURVE('',#1243,#1236,#165,.T.);
#966=EDGE_CURVE('',#1238,#1244,#1428,.F.);
#967=EDGE_CURVE('',#1136,#1244,#1429,.T.);
#968=EDGE_CURVE('',#1245,#1239,#1430,.T.);
#969=EDGE_CURVE('',#1232,#1245,#1431,.T.);
#970=EDGE_CURVE('',#1176,#1132,#1432,.T.);
#971=EDGE_CURVE('',#1177,#1138,#1433,.T.);
#972=EDGE_CURVE('',#1172,#1128,#1434,.T.);
#973=EDGE_CURVE('',#1173,#1134,#1435,.T.);
#974=EDGE_CURVE('',#1168,#1124,#1436,.T.);
#975=EDGE_CURVE('',#1169,#1130,#1437,.T.);
#976=EDGE_CURVE('',#1164,#1120,#1438,.T.);
#977=EDGE_CURVE('',#1165,#1126,#1439,.T.);
#978=EDGE_CURVE('',#1160,#1116,#1440,.T.);
#979=EDGE_CURVE('',#1161,#1122,#1441,.T.);
#980=EDGE_CURVE('',#1156,#1112,#1442,.T.);
#981=EDGE_CURVE('',#1157,#1118,#1443,.T.);
#982=EDGE_CURVE('',#1152,#1108,#1444,.T.);
#983=EDGE_CURVE('',#1153,#1114,#1445,.T.);
#984=EDGE_CURVE('',#1148,#1104,#1446,.T.);
#985=EDGE_CURVE('',#1149,#1110,#1447,.T.);
#986=EDGE_CURVE('',#1145,#1106,#1448,.T.);
#987=EDGE_CURVE('',#1144,#1100,#1449,.T.);
#988=EDGE_CURVE('',#1140,#1245,#1450,.T.);
#989=EDGE_CURVE('',#1141,#1102,#1451,.T.);
#990=EDGE_CURVE('',#1210,#1240,#52,.T.);
#991=EDGE_CURVE('',#1234,#1211,#48,.F.);
#992=EDGE_CURVE('',#1197,#1237,#53,.F.);
#993=EDGE_CURVE('',#1198,#1236,#54,.T.);
#994=EDGE_CURVE('',#1240,#1208,#55,.T.);
#995=EDGE_CURVE('',#1241,#1206,#56,.T.);
#996=EDGE_CURVE('',#1200,#1243,#166,.T.);
#997=EDGE_CURVE('',#1192,#1197,#57,.F.);
#998=EDGE_CURVE('',#1196,#1193,#58,.T.);
#999=EDGE_CURVE('',#1242,#1205,#59,.T.);
#1000=EDGE_CURVE('',#1202,#1242,#60,.T.);
#1001=EDGE_CURVE('',#1224,#1196,#61,.F.);
#1002=EDGE_CURVE('',#1225,#1199,#62,.T.);
#1003=EDGE_CURVE('',#1202,#1205,#63,.F.);
#1004=EDGE_CURVE('',#1226,#1201,#167,.F.);
#1005=EDGE_CURVE('',#1203,#1204,#64,.T.);
#1006=EDGE_CURVE('',#1227,#1203,#65,.T.);
#1007=EDGE_CURVE('',#1227,#1204,#66,.F.);
#1008=EDGE_CURVE('',#1228,#1207,#67,.T.);
#1009=EDGE_CURVE('',#1209,#1229,#68,.T.);
#1010=EDGE_CURVE('',#1215,#1219,#69,.T.);
#1011=EDGE_CURVE('',#1216,#1218,#70,.T.);
#1012=EDGE_CURVE('',#1229,#1217,#71,.F.);
#1013=EDGE_CURVE('',#1230,#1216,#72,.T.);
#1014=EDGE_CURVE('',#1230,#1218,#73,.F.);
#1015=EDGE_CURVE('',#1186,#1223,#74,.T.);
#1016=EDGE_CURVE('',#1222,#1187,#75,.F.);
#1017=EDGE_CURVE('',#1231,#1221,#76,.T.);
#1018=EDGE_CURVE('',#1182,#1222,#77,.T.);
#1019=EDGE_CURVE('',#1183,#1231,#78,.T.);
#1020=EDGE_CURVE('',#1183,#1221,#79,.F.);
#1021=EDGE_CURVE('',#1181,#1220,#80,.F.);
#1022=EDGE_CURVE('',#1246,#1247,#1452,.T.);
#1023=EDGE_CURVE('',#1248,#1246,#168,.T.);
#1024=EDGE_CURVE('',#1248,#1249,#1453,.T.);
#1025=EDGE_CURVE('',#1247,#1249,#169,.T.);
#1026=EDGE_CURVE('',#1250,#1248,#170,.T.);
#1027=EDGE_CURVE('',#1250,#1251,#1454,.T.);
#1028=EDGE_CURVE('',#1249,#1251,#171,.T.);
#1029=EDGE_CURVE('',#1252,#1250,#1455,.T.);
#1030=EDGE_CURVE('',#1253,#1252,#1456,.F.);
#1031=EDGE_CURVE('',#1251,#1253,#1457,.F.);
#1032=EDGE_CURVE('',#1254,#1255,#1458,.T.);
#1033=EDGE_CURVE('',#1256,#1254,#172,.T.);
#1034=EDGE_CURVE('',#1256,#1257,#1459,.T.);
#1035=EDGE_CURVE('',#1255,#1257,#173,.T.);
#1036=EDGE_CURVE('',#1258,#1256,#174,.T.);
#1037=EDGE_CURVE('',#1258,#1259,#1460,.T.);
#1038=EDGE_CURVE('',#1257,#1259,#175,.T.);
#1039=EDGE_CURVE('',#1260,#1261,#176,.T.);
#1040=EDGE_CURVE('',#1260,#1262,#1461,.T.);
#1041=EDGE_CURVE('',#1263,#1262,#1462,.T.);
#1042=EDGE_CURVE('',#1264,#1263,#1463,.T.);
#1043=EDGE_CURVE('',#1265,#1264,#1464,.F.);
#1044=EDGE_CURVE('',#1266,#1265,#1465,.F.);
#1045=EDGE_CURVE('',#1267,#1266,#177,.T.);
#1046=EDGE_CURVE('',#1268,#1267,#178,.T.);
#1047=EDGE_CURVE('',#1269,#1268,#1466,.F.);
#1048=EDGE_CURVE('',#1261,#1269,#179,.T.);
#1049=EDGE_CURVE('',#1244,#1270,#1467,.F.);
#1050=EDGE_CURVE('',#1271,#1270,#180,.T.);
#1051=EDGE_CURVE('',#1272,#1271,#181,.T.);
#1052=EDGE_CURVE('',#1273,#1272,#1468,.T.);
#1053=EDGE_CURVE('',#1274,#1273,#182,.T.);
#1054=EDGE_CURVE('',#1275,#1274,#183,.T.);
#1055=EDGE_CURVE('',#1233,#1275,#1469,.T.);
#1056=EDGE_CURVE('',#1275,#1213,#81,.T.);
#1057=EDGE_CURVE('',#1212,#1233,#49,.T.);
#1058=EDGE_CURVE('',#1270,#1247,#82,.F.);
#1059=EDGE_CURVE('',#1249,#1271,#83,.T.);
#1060=EDGE_CURVE('',#1259,#1275,#84,.T.);
#1061=EDGE_CURVE('',#1274,#1257,#85,.T.);
#1062=EDGE_CURVE('',#1251,#1272,#184,.T.);
#1063=EDGE_CURVE('',#1247,#1188,#86,.F.);
#1064=EDGE_CURVE('',#1189,#1246,#87,.T.);
#1065=EDGE_CURVE('',#1273,#1255,#88,.T.);
#1066=EDGE_CURVE('',#1253,#1273,#89,.T.);
#1067=EDGE_CURVE('',#1246,#1260,#90,.F.);
#1068=EDGE_CURVE('',#1261,#1248,#91,.T.);
#1069=EDGE_CURVE('',#1253,#1255,#92,.F.);
#1070=EDGE_CURVE('',#1269,#1250,#185,.F.);
#1071=EDGE_CURVE('',#1252,#1254,#93,.T.);
#1072=EDGE_CURVE('',#1268,#1252,#94,.T.);
#1073=EDGE_CURVE('',#1268,#1254,#95,.F.);
#1074=EDGE_CURVE('',#1267,#1256,#96,.T.);
#1075=EDGE_CURVE('',#1266,#1258,#97,.T.);
#1076=EDGE_CURVE('',#1214,#1266,#98,.F.);
#1077=EDGE_CURVE('',#1265,#1215,#99,.T.);
#1078=EDGE_CURVE('',#1265,#1219,#100,.F.);
#1079=EDGE_CURVE('',#1262,#1184,#101,.T.);
#1080=EDGE_CURVE('',#1185,#1263,#102,.F.);
#1081=EDGE_CURVE('',#1264,#1220,#103,.T.);
#1082=EDGE_CURVE('',#1263,#1180,#104,.T.);
#1083=EDGE_CURVE('',#1181,#1264,#105,.T.);
#1084=EDGE_CURVE('',#1213,#1259,#106,.T.);
#1085=EDGE_CURVE('',#1214,#1258,#107,.T.);
#1086=EDGE_CURVE('',#1208,#1210,#108,.T.);
#1087=EDGE_CURVE('',#1209,#1217,#109,.T.);
#1088=EDGE_CURVE('',#1188,#1270,#110,.T.);
#1089=EDGE_CURVE('',#1237,#1192,#111,.T.);
#1090=EDGE_CURVE('',#1190,#1244,#50,.T.);
#1091=EDGE_CURVE('',#1238,#1191,#51,.F.);
#1092=EDGE_CURVE('',#1260,#1189,#112,.T.);
#1093=EDGE_CURVE('',#1262,#1195,#113,.T.);
#1094=EDGE_CURVE('',#1184,#1195,#114,.T.);
#1095=EDGE_CURVE('',#1186,#1194,#115,.T.);
#1096=EDGE_CURVE('',#1223,#1194,#116,.T.);
#1097=EDGE_CURVE('',#1224,#1193,#117,.T.);
#1098=EDGE_CURVE('',#1180,#1185,#118,.T.);
#1099=EDGE_CURVE('',#1182,#1187,#119,.T.);
#1100=VERTEX_POINT('',#2792);
#1101=VERTEX_POINT('',#2793);
#1102=VERTEX_POINT('',#2795);
#1103=VERTEX_POINT('',#2797);
#1104=VERTEX_POINT('',#2801);
#1105=VERTEX_POINT('',#2802);
#1106=VERTEX_POINT('',#2804);
#1107=VERTEX_POINT('',#2806);
#1108=VERTEX_POINT('',#2810);
#1109=VERTEX_POINT('',#2811);
#1110=VERTEX_POINT('',#2813);
#1111=VERTEX_POINT('',#2815);
#1112=VERTEX_POINT('',#2819);
#1113=VERTEX_POINT('',#2820);
#1114=VERTEX_POINT('',#2822);
#1115=VERTEX_POINT('',#2824);
#1116=VERTEX_POINT('',#2828);
#1117=VERTEX_POINT('',#2829);
#1118=VERTEX_POINT('',#2831);
#1119=VERTEX_POINT('',#2833);
#1120=VERTEX_POINT('',#2837);
#1121=VERTEX_POINT('',#2838);
#1122=VERTEX_POINT('',#2840);
#1123=VERTEX_POINT('',#2842);
#1124=VERTEX_POINT('',#2846);
#1125=VERTEX_POINT('',#2847);
#1126=VERTEX_POINT('',#2849);
#1127=VERTEX_POINT('',#2851);
#1128=VERTEX_POINT('',#2855);
#1129=VERTEX_POINT('',#2856);
#1130=VERTEX_POINT('',#2858);
#1131=VERTEX_POINT('',#2860);
#1132=VERTEX_POINT('',#2864);
#1133=VERTEX_POINT('',#2865);
#1134=VERTEX_POINT('',#2867);
#1135=VERTEX_POINT('',#2869);
#1136=VERTEX_POINT('',#2873);
#1137=VERTEX_POINT('',#2874);
#1138=VERTEX_POINT('',#2876);
#1139=VERTEX_POINT('',#2878);
#1140=VERTEX_POINT('',#2882);
#1141=VERTEX_POINT('',#2883);
#1142=VERTEX_POINT('',#2885);
#1143=VERTEX_POINT('',#2887);
#1144=VERTEX_POINT('',#2890);
#1145=VERTEX_POINT('',#2891);
#1146=VERTEX_POINT('',#2893);
#1147=VERTEX_POINT('',#2895);
#1148=VERTEX_POINT('',#2898);
#1149=VERTEX_POINT('',#2899);
#1150=VERTEX_POINT('',#2901);
#1151=VERTEX_POINT('',#2903);
#1152=VERTEX_POINT('',#2906);
#1153=VERTEX_POINT('',#2907);
#1154=VERTEX_POINT('',#2909);
#1155=VERTEX_POINT('',#2911);
#1156=VERTEX_POINT('',#2914);
#1157=VERTEX_POINT('',#2915);
#1158=VERTEX_POINT('',#2917);
#1159=VERTEX_POINT('',#2919);
#1160=VERTEX_POINT('',#2922);
#1161=VERTEX_POINT('',#2923);
#1162=VERTEX_POINT('',#2925);
#1163=VERTEX_POINT('',#2927);
#1164=VERTEX_POINT('',#2930);
#1165=VERTEX_POINT('',#2931);
#1166=VERTEX_POINT('',#2933);
#1167=VERTEX_POINT('',#2935);
#1168=VERTEX_POINT('',#2938);
#1169=VERTEX_POINT('',#2939);
#1170=VERTEX_POINT('',#2941);
#1171=VERTEX_POINT('',#2943);
#1172=VERTEX_POINT('',#2946);
#1173=VERTEX_POINT('',#2947);
#1174=VERTEX_POINT('',#2949);
#1175=VERTEX_POINT('',#2951);
#1176=VERTEX_POINT('',#2954);
#1177=VERTEX_POINT('',#2955);
#1178=VERTEX_POINT('',#2957);
#1179=VERTEX_POINT('',#2959);
#1180=VERTEX_POINT('',#2962);
#1181=VERTEX_POINT('',#2963);
#1182=VERTEX_POINT('',#2965);
#1183=VERTEX_POINT('',#2967);
#1184=VERTEX_POINT('',#2971);
#1185=VERTEX_POINT('',#2972);
#1186=VERTEX_POINT('',#2974);
#1187=VERTEX_POINT('',#2976);
#1188=VERTEX_POINT('',#2980);
#1189=VERTEX_POINT('',#2981);
#1190=VERTEX_POINT('',#2983);
#1191=VERTEX_POINT('',#2985);
#1192=VERTEX_POINT('',#2987);
#1193=VERTEX_POINT('',#2989);
#1194=VERTEX_POINT('',#2991);
#1195=VERTEX_POINT('',#2993);
#1196=VERTEX_POINT('',#3004);
#1197=VERTEX_POINT('',#3005);
#1198=VERTEX_POINT('',#3011);
#1199=VERTEX_POINT('',#3013);
#1200=VERTEX_POINT('',#3033);
#1201=VERTEX_POINT('',#3035);
#1202=VERTEX_POINT('',#3044);
#1203=VERTEX_POINT('',#3046);
#1204=VERTEX_POINT('',#3057);
#1205=VERTEX_POINT('',#3058);
#1206=VERTEX_POINT('',#3064);
#1207=VERTEX_POINT('',#3066);
#1208=VERTEX_POINT('',#3085);
#1209=VERTEX_POINT('',#3087);
#1210=VERTEX_POINT('',#3095);
#1211=VERTEX_POINT('',#3096);
#1212=VERTEX_POINT('',#3098);
#1213=VERTEX_POINT('',#3100);
#1214=VERTEX_POINT('',#3102);
#1215=VERTEX_POINT('',#3104);
#1216=VERTEX_POINT('',#3106);
#1217=VERTEX_POINT('',#3108);
#1218=VERTEX_POINT('',#3112);
#1219=VERTEX_POINT('',#3113);
#1220=VERTEX_POINT('',#3115);
#1221=VERTEX_POINT('',#3117);
#1222=VERTEX_POINT('',#3121);
#1223=VERTEX_POINT('',#3122);
#1224=VERTEX_POINT('',#3124);
#1225=VERTEX_POINT('',#3130);
#1226=VERTEX_POINT('',#3136);
#1227=VERTEX_POINT('',#3138);
#1228=VERTEX_POINT('',#3144);
#1229=VERTEX_POINT('',#3150);
#1230=VERTEX_POINT('',#3152);
#1231=VERTEX_POINT('',#3154);
#1232=VERTEX_POINT('',#3158);
#1233=VERTEX_POINT('',#3159);
#1234=VERTEX_POINT('',#3161);
#1235=VERTEX_POINT('',#3163);
#1236=VERTEX_POINT('',#3171);
#1237=VERTEX_POINT('',#3172);
#1238=VERTEX_POINT('',#3174);
#1239=VERTEX_POINT('',#3196);
#1240=VERTEX_POINT('',#3199);
#1241=VERTEX_POINT('',#3205);
#1242=VERTEX_POINT('',#3211);
#1243=VERTEX_POINT('',#3213);
#1244=VERTEX_POINT('',#3221);
#1245=VERTEX_POINT('',#3225);
#1246=VERTEX_POINT('',#3473);
#1247=VERTEX_POINT('',#3474);
#1248=VERTEX_POINT('',#3480);
#1249=VERTEX_POINT('',#3482);
#1250=VERTEX_POINT('',#3502);
#1251=VERTEX_POINT('',#3504);
#1252=VERTEX_POINT('',#3513);
#1253=VERTEX_POINT('',#3515);
#1254=VERTEX_POINT('',#3526);
#1255=VERTEX_POINT('',#3527);
#1256=VERTEX_POINT('',#3533);
#1257=VERTEX_POINT('',#3535);
#1258=VERTEX_POINT('',#3554);
#1259=VERTEX_POINT('',#3556);
#1260=VERTEX_POINT('',#3568);
#1261=VERTEX_POINT('',#3569);
#1262=VERTEX_POINT('',#3571);
#1263=VERTEX_POINT('',#3573);
#1264=VERTEX_POINT('',#3575);
#1265=VERTEX_POINT('',#3577);
#1266=VERTEX_POINT('',#3579);
#1267=VERTEX_POINT('',#3585);
#1268=VERTEX_POINT('',#3591);
#1269=VERTEX_POINT('',#3593);
#1270=VERTEX_POINT('',#3601);
#1271=VERTEX_POINT('',#3607);
#1272=VERTEX_POINT('',#3613);
#1273=VERTEX_POINT('',#3615);
#1274=VERTEX_POINT('',#3621);
#1275=VERTEX_POINT('',#3627);
#1276=LINE('',#2791,#1470);
#1277=LINE('',#2794,#1471);
#1278=LINE('',#2796,#1472);
#1279=LINE('',#2798,#1473);
#1280=LINE('',#2800,#1474);
#1281=LINE('',#2803,#1475);
#1282=LINE('',#2805,#1476);
#1283=LINE('',#2807,#1477);
#1284=LINE('',#2809,#1478);
#1285=LINE('',#2812,#1479);
#1286=LINE('',#2814,#1480);
#1287=LINE('',#2816,#1481);
#1288=LINE('',#2818,#1482);
#1289=LINE('',#2821,#1483);
#1290=LINE('',#2823,#1484);
#1291=LINE('',#2825,#1485);
#1292=LINE('',#2827,#1486);
#1293=LINE('',#2830,#1487);
#1294=LINE('',#2832,#1488);
#1295=LINE('',#2834,#1489);
#1296=LINE('',#2836,#1490);
#1297=LINE('',#2839,#1491);
#1298=LINE('',#2841,#1492);
#1299=LINE('',#2843,#1493);
#1300=LINE('',#2845,#1494);
#1301=LINE('',#2848,#1495);
#1302=LINE('',#2850,#1496);
#1303=LINE('',#2852,#1497);
#1304=LINE('',#2854,#1498);
#1305=LINE('',#2857,#1499);
#1306=LINE('',#2859,#1500);
#1307=LINE('',#2861,#1501);
#1308=LINE('',#2863,#1502);
#1309=LINE('',#2866,#1503);
#1310=LINE('',#2868,#1504);
#1311=LINE('',#2870,#1505);
#1312=LINE('',#2872,#1506);
#1313=LINE('',#2875,#1507);
#1314=LINE('',#2877,#1508);
#1315=LINE('',#2879,#1509);
#1316=LINE('',#2881,#1510);
#1317=LINE('',#2884,#1511);
#1318=LINE('',#2886,#1512);
#1319=LINE('',#2888,#1513);
#1320=LINE('',#2889,#1514);
#1321=LINE('',#2892,#1515);
#1322=LINE('',#2894,#1516);
#1323=LINE('',#2896,#1517);
#1324=LINE('',#2897,#1518);
#1325=LINE('',#2900,#1519);
#1326=LINE('',#2902,#1520);
#1327=LINE('',#2904,#1521);
#1328=LINE('',#2905,#1522);
#1329=LINE('',#2908,#1523);
#1330=LINE('',#2910,#1524);
#1331=LINE('',#2912,#1525);
#1332=LINE('',#2913,#1526);
#1333=LINE('',#2916,#1527);
#1334=LINE('',#2918,#1528);
#1335=LINE('',#2920,#1529);
#1336=LINE('',#2921,#1530);
#1337=LINE('',#2924,#1531);
#1338=LINE('',#2926,#1532);
#1339=LINE('',#2928,#1533);
#1340=LINE('',#2929,#1534);
#1341=LINE('',#2932,#1535);
#1342=LINE('',#2934,#1536);
#1343=LINE('',#2936,#1537);
#1344=LINE('',#2937,#1538);
#1345=LINE('',#2940,#1539);
#1346=LINE('',#2942,#1540);
#1347=LINE('',#2944,#1541);
#1348=LINE('',#2945,#1542);
#1349=LINE('',#2948,#1543);
#1350=LINE('',#2950,#1544);
#1351=LINE('',#2952,#1545);
#1352=LINE('',#2953,#1546);
#1353=LINE('',#2956,#1547);
#1354=LINE('',#2958,#1548);
#1355=LINE('',#2960,#1549);
#1356=LINE('',#2961,#1550);
#1357=LINE('',#2964,#1551);
#1358=LINE('',#2966,#1552);
#1359=LINE('',#2968,#1553);
#1360=LINE('',#2970,#1554);
#1361=LINE('',#2973,#1555);
#1362=LINE('',#2975,#1556);
#1363=LINE('',#2977,#1557);
#1364=LINE('',#2979,#1558);
#1365=LINE('',#2982,#1559);
#1366=LINE('',#2984,#1560);
#1367=LINE('',#2986,#1561);
#1368=LINE('',#2988,#1562);
#1369=LINE('',#2990,#1563);
#1370=LINE('',#2992,#1564);
#1371=LINE('',#2994,#1565);
#1372=LINE('',#3003,#1566);
#1373=LINE('',#3012,#1567);
#1374=LINE('',#3034,#1568);
#1375=LINE('',#3043,#1569);
#1376=LINE('',#3045,#1570);
#1377=LINE('',#3047,#1571);
#1378=LINE('',#3056,#1572);
#1379=LINE('',#3065,#1573);
#1380=LINE('',#3086,#1574);
#1381=LINE('',#3094,#1575);
#1382=LINE('',#3097,#1576);
#1383=LINE('',#3099,#1577);
#1384=LINE('',#3101,#1578);
#1385=LINE('',#3103,#1579);
#1386=LINE('',#3105,#1580);
#1387=LINE('',#3107,#1581);
#1388=LINE('',#3109,#1582);
#1389=LINE('',#3111,#1583);
#1390=LINE('',#3114,#1584);
#1391=LINE('',#3116,#1585);
#1392=LINE('',#3118,#1586);
#1393=LINE('',#3120,#1587);
#1394=LINE('',#3123,#1588);
#1395=LINE('',#3137,#1589);
#1396=LINE('',#3151,#1590);
#1397=LINE('',#3153,#1591);
#1398=LINE('',#3155,#1592);
#1399=LINE('',#3157,#1593);
#1400=LINE('',#3160,#1594);
#1401=LINE('',#3162,#1595);
#1402=LINE('',#3164,#1596);
#1403=LINE('',#3173,#1597);
#1404=LINE('',#3175,#1598);
#1405=LINE('',#3176,#1599);
#1406=LINE('',#3177,#1600);
#1407=LINE('',#3178,#1601);
#1408=LINE('',#3179,#1602);
#1409=LINE('',#3180,#1603);
#1410=LINE('',#3181,#1604);
#1411=LINE('',#3182,#1605);
#1412=LINE('',#3183,#1606);
#1413=LINE('',#3184,#1607);
#1414=LINE('',#3185,#1608);
#1415=LINE('',#3186,#1609);
#1416=LINE('',#3187,#1610);
#1417=LINE('',#3188,#1611);
#1418=LINE('',#3189,#1612);
#1419=LINE('',#3190,#1613);
#1420=LINE('',#3191,#1614);
#1421=LINE('',#3192,#1615);
#1422=LINE('',#3193,#1616);
#1423=LINE('',#3194,#1617);
#1424=LINE('',#3195,#1618);
#1425=LINE('',#3197,#1619);
#1426=LINE('',#3198,#1620);
#1427=LINE('',#3212,#1621);
#1428=LINE('',#3220,#1622);
#1429=LINE('',#3222,#1623);
#1430=LINE('',#3224,#1624);
#1431=LINE('',#3226,#1625);
#1432=LINE('',#3228,#1626);
#1433=LINE('',#3230,#1627);
#1434=LINE('',#3232,#1628);
#1435=LINE('',#3234,#1629);
#1436=LINE('',#3236,#1630);
#1437=LINE('',#3238,#1631);
#1438=LINE('',#3240,#1632);
#1439=LINE('',#3242,#1633);
#1440=LINE('',#3244,#1634);
#1441=LINE('',#3246,#1635);
#1442=LINE('',#3248,#1636);
#1443=LINE('',#3250,#1637);
#1444=LINE('',#3252,#1638);
#1445=LINE('',#3254,#1639);
#1446=LINE('',#3256,#1640);
#1447=LINE('',#3258,#1641);
#1448=LINE('',#3260,#1642);
#1449=LINE('',#3262,#1643);
#1450=LINE('',#3264,#1644);
#1451=LINE('',#3266,#1645);
#1452=LINE('',#3472,#1646);
#1453=LINE('',#3481,#1647);
#1454=LINE('',#3503,#1648);
#1455=LINE('',#3512,#1649);
#1456=LINE('',#3514,#1650);
#1457=LINE('',#3516,#1651);
#1458=LINE('',#3525,#1652);
#1459=LINE('',#3534,#1653);
#1460=LINE('',#3555,#1654);
#1461=LINE('',#3570,#1655);
#1462=LINE('',#3572,#1656);
#1463=LINE('',#3574,#1657);
#1464=LINE('',#3576,#1658);
#1465=LINE('',#3578,#1659);
#1466=LINE('',#3592,#1660);
#1467=LINE('',#3600,#1661);
#1468=LINE('',#3614,#1662);
#1469=LINE('',#3628,#1663);
#1470=VECTOR('',#2265,1.);
#1471=VECTOR('',#2266,1.);
#1472=VECTOR('',#2267,1.);
#1473=VECTOR('',#2268,1.);
#1474=VECTOR('',#2271,1.);
#1475=VECTOR('',#2272,1.);
#1476=VECTOR('',#2273,1.);
#1477=VECTOR('',#2274,1.);
#1478=VECTOR('',#2277,1.);
#1479=VECTOR('',#2278,1.);
#1480=VECTOR('',#2279,1.);
#1481=VECTOR('',#2280,1.);
#1482=VECTOR('',#2283,1.);
#1483=VECTOR('',#2284,1.);
#1484=VECTOR('',#2285,1.);
#1485=VECTOR('',#2286,1.);
#1486=VECTOR('',#2289,1.);
#1487=VECTOR('',#2290,1.);
#1488=VECTOR('',#2291,1.);
#1489=VECTOR('',#2292,1.);
#1490=VECTOR('',#2295,1.);
#1491=VECTOR('',#2296,1.);
#1492=VECTOR('',#2297,1.);
#1493=VECTOR('',#2298,1.);
#1494=VECTOR('',#2301,1.);
#1495=VECTOR('',#2302,1.);
#1496=VECTOR('',#2303,1.);
#1497=VECTOR('',#2304,1.);
#1498=VECTOR('',#2307,1.);
#1499=VECTOR('',#2308,1.);
#1500=VECTOR('',#2309,1.);
#1501=VECTOR('',#2310,1.);
#1502=VECTOR('',#2313,1.);
#1503=VECTOR('',#2314,1.);
#1504=VECTOR('',#2315,1.);
#1505=VECTOR('',#2316,1.);
#1506=VECTOR('',#2319,1.);
#1507=VECTOR('',#2320,1.);
#1508=VECTOR('',#2321,1.);
#1509=VECTOR('',#2322,1.);
#1510=VECTOR('',#2325,1.);
#1511=VECTOR('',#2326,1.);
#1512=VECTOR('',#2327,1.);
#1513=VECTOR('',#2328,1.);
#1514=VECTOR('',#2329,1.);
#1515=VECTOR('',#2330,1.);
#1516=VECTOR('',#2331,1.);
#1517=VECTOR('',#2332,1.);
#1518=VECTOR('',#2333,1.);
#1519=VECTOR('',#2334,1.);
#1520=VECTOR('',#2335,1.);
#1521=VECTOR('',#2336,1.);
#1522=VECTOR('',#2337,1.);
#1523=VECTOR('',#2338,1.);
#1524=VECTOR('',#2339,1.);
#1525=VECTOR('',#2340,1.);
#1526=VECTOR('',#2341,1.);
#1527=VECTOR('',#2342,1.);
#1528=VECTOR('',#2343,1.);
#1529=VECTOR('',#2344,1.);
#1530=VECTOR('',#2345,1.);
#1531=VECTOR('',#2346,1.);
#1532=VECTOR('',#2347,1.);
#1533=VECTOR('',#2348,1.);
#1534=VECTOR('',#2349,1.);
#1535=VECTOR('',#2350,1.);
#1536=VECTOR('',#2351,1.);
#1537=VECTOR('',#2352,1.);
#1538=VECTOR('',#2353,1.);
#1539=VECTOR('',#2354,1.);
#1540=VECTOR('',#2355,1.);
#1541=VECTOR('',#2356,1.);
#1542=VECTOR('',#2357,1.);
#1543=VECTOR('',#2358,1.);
#1544=VECTOR('',#2359,1.);
#1545=VECTOR('',#2360,1.);
#1546=VECTOR('',#2361,1.);
#1547=VECTOR('',#2362,1.);
#1548=VECTOR('',#2363,1.);
#1549=VECTOR('',#2364,1.);
#1550=VECTOR('',#2365,1.);
#1551=VECTOR('',#2366,1.);
#1552=VECTOR('',#2367,1.);
#1553=VECTOR('',#2368,1.);
#1554=VECTOR('',#2371,1.);
#1555=VECTOR('',#2372,1.);
#1556=VECTOR('',#2373,1.);
#1557=VECTOR('',#2374,1.);
#1558=VECTOR('',#2377,1.);
#1559=VECTOR('',#2378,1.);
#1560=VECTOR('',#2379,1.);
#1561=VECTOR('',#2380,1.);
#1562=VECTOR('',#2381,1.);
#1563=VECTOR('',#2382,1.);
#1564=VECTOR('',#2383,1.);
#1565=VECTOR('',#2384,1.);
#1566=VECTOR('',#2385,1.);
#1567=VECTOR('',#2386,1.);
#1568=VECTOR('',#2387,1.);
#1569=VECTOR('',#2390,1.);
#1570=VECTOR('',#2391,1.);
#1571=VECTOR('',#2392,1.);
#1572=VECTOR('',#2393,1.);
#1573=VECTOR('',#2394,1.);
#1574=VECTOR('',#2395,1.);
#1575=VECTOR('',#2398,1.);
#1576=VECTOR('',#2399,1.);
#1577=VECTOR('',#2400,1.);
#1578=VECTOR('',#2401,1.);
#1579=VECTOR('',#2402,1.);
#1580=VECTOR('',#2403,1.);
#1581=VECTOR('',#2404,1.);
#1582=VECTOR('',#2405,1.);
#1583=VECTOR('',#2408,1.);
#1584=VECTOR('',#2409,1.);
#1585=VECTOR('',#2410,1.);
#1586=VECTOR('',#2411,1.);
#1587=VECTOR('',#2414,1.);
#1588=VECTOR('',#2415,1.);
#1589=VECTOR('',#2416,1.);
#1590=VECTOR('',#2417,1.);
#1591=VECTOR('',#2418,1.);
#1592=VECTOR('',#2419,1.);
#1593=VECTOR('',#2422,1.);
#1594=VECTOR('',#2423,1.);
#1595=VECTOR('',#2424,1.);
#1596=VECTOR('',#2425,1.);
#1597=VECTOR('',#2428,1.);
#1598=VECTOR('',#2429,1.);
#1599=VECTOR('',#2430,1.);
#1600=VECTOR('',#2431,1.);
#1601=VECTOR('',#2432,1.);
#1602=VECTOR('',#2433,1.);
#1603=VECTOR('',#2434,1.);
#1604=VECTOR('',#2435,1.);
#1605=VECTOR('',#2436,1.);
#1606=VECTOR('',#2437,1.);
#1607=VECTOR('',#2438,1.);
#1608=VECTOR('',#2439,1.);
#1609=VECTOR('',#2440,1.);
#1610=VECTOR('',#2441,1.);
#1611=VECTOR('',#2442,1.);
#1612=VECTOR('',#2443,1.);
#1613=VECTOR('',#2444,1.);
#1614=VECTOR('',#2445,1.);
#1615=VECTOR('',#2446,1.);
#1616=VECTOR('',#2447,1.);
#1617=VECTOR('',#2448,1.);
#1618=VECTOR('',#2449,1.);
#1619=VECTOR('',#2450,1.);
#1620=VECTOR('',#2451,1.);
#1621=VECTOR('',#2452,1.);
#1622=VECTOR('',#2455,1.);
#1623=VECTOR('',#2456,1.);
#1624=VECTOR('',#2459,1.);
#1625=VECTOR('',#2460,1.);
#1626=VECTOR('',#2463,1.);
#1627=VECTOR('',#2466,1.);
#1628=VECTOR('',#2469,1.);
#1629=VECTOR('',#2472,1.);
#1630=VECTOR('',#2475,1.);
#1631=VECTOR('',#2478,1.);
#1632=VECTOR('',#2481,1.);
#1633=VECTOR('',#2484,1.);
#1634=VECTOR('',#2487,1.);
#1635=VECTOR('',#2490,1.);
#1636=VECTOR('',#2493,1.);
#1637=VECTOR('',#2496,1.);
#1638=VECTOR('',#2499,1.);
#1639=VECTOR('',#2502,1.);
#1640=VECTOR('',#2505,1.);
#1641=VECTOR('',#2508,1.);
#1642=VECTOR('',#2511,1.);
#1643=VECTOR('',#2514,1.);
#1644=VECTOR('',#2517,1.);
#1645=VECTOR('',#2520,1.);
#1646=VECTOR('',#2611,1.);
#1647=VECTOR('',#2612,1.);
#1648=VECTOR('',#2613,1.);
#1649=VECTOR('',#2616,1.);
#1650=VECTOR('',#2617,1.);
#1651=VECTOR('',#2618,1.);
#1652=VECTOR('',#2619,1.);
#1653=VECTOR('',#2620,1.);
#1654=VECTOR('',#2621,1.);
#1655=VECTOR('',#2624,1.);
#1656=VECTOR('',#2625,1.);
#1657=VECTOR('',#2626,1.);
#1658=VECTOR('',#2627,1.);
#1659=VECTOR('',#2628,1.);
#1660=VECTOR('',#2629,1.);
#1661=VECTOR('',#2632,1.);
#1662=VECTOR('',#2633,1.);
#1663=VECTOR('',#2634,1.);
#1664=EDGE_LOOP('',(#194,#195,#196,#197));
#1665=EDGE_LOOP('',(#198,#199,#200,#201));
#1666=EDGE_LOOP('',(#202,#203,#204,#205));
#1667=EDGE_LOOP('',(#206,#207,#208,#209));
#1668=EDGE_LOOP('',(#210,#211,#212,#213));
#1669=EDGE_LOOP('',(#214,#215,#216,#217));
#1670=EDGE_LOOP('',(#218,#219,#220,#221));
#1671=EDGE_LOOP('',(#222,#223,#224,#225));
#1672=EDGE_LOOP('',(#226,#227,#228,#229));
#1673=EDGE_LOOP('',(#230,#231,#232,#233));
#1674=EDGE_LOOP('',(#234,#235,#236,#237));
#1675=EDGE_LOOP('',(#238,#239,#240,#241));
#1676=EDGE_LOOP('',(#242,#243,#244,#245));
#1677=EDGE_LOOP('',(#246,#247,#248,#249));
#1678=EDGE_LOOP('',(#250,#251,#252,#253));
#1679=EDGE_LOOP('',(#254,#255,#256,#257));
#1680=EDGE_LOOP('',(#258,#259,#260,#261));
#1681=EDGE_LOOP('',(#262,#263,#264,#265));
#1682=EDGE_LOOP('',(#266,#267,#268,#269));
#1683=EDGE_LOOP('',(#270,#271,#272,#273));
#1684=EDGE_LOOP('',(#274,#275,#276,#277));
#1685=EDGE_LOOP('',(#278,#279,#280,#281));
#1686=EDGE_LOOP('',(#282,#283,#284,#285,#286,#287,#288,#289));
#1687=EDGE_LOOP('',(#290,#291,#292,#293));
#1688=EDGE_LOOP('',(#294,#295,#296,#297));
#1689=EDGE_LOOP('',(#298,#299,#300,#301));
#1690=EDGE_LOOP('',(#302,#303,#304,#305));
#1691=EDGE_LOOP('',(#306,#307,#308,#309));
#1692=EDGE_LOOP('',(#310,#311,#312,#313,#314,#315,#316,#317));
#1693=EDGE_LOOP('',(#318,#319,#320,#321));
#1694=EDGE_LOOP('',(#322,#323,#324,#325,#326,#327,#328,#329,#330,#331));
#1695=EDGE_LOOP('',(#332,#333,#334,#335));
#1696=EDGE_LOOP('',(#336,#337,#338,#339,#340,#341,#342,#343,#344,#345,#346,
#347,#348,#349,#350,#351,#352,#353,#354,#355,#356,#357,#358,#359,#360,#361,
#362,#363,#364,#365,#366,#367,#368,#369,#370,#371,#372,#373,#374,#375,#376,
#377,#378,#379,#380,#381,#382,#383,#384,#385));
#1697=EDGE_LOOP('',(#386,#387,#388,#389));
#1698=EDGE_LOOP('',(#390,#391,#392,#393));
#1699=EDGE_LOOP('',(#394,#395,#396,#397));
#1700=EDGE_LOOP('',(#398,#399,#400,#401));
#1701=EDGE_LOOP('',(#402,#403,#404,#405));
#1702=EDGE_LOOP('',(#406,#407,#408,#409));
#1703=EDGE_LOOP('',(#410,#411,#412,#413));
#1704=EDGE_LOOP('',(#414,#415,#416,#417));
#1705=EDGE_LOOP('',(#418,#419,#420,#421));
#1706=EDGE_LOOP('',(#422,#423,#424,#425));
#1707=EDGE_LOOP('',(#426,#427,#428,#429));
#1708=EDGE_LOOP('',(#430,#431,#432,#433));
#1709=EDGE_LOOP('',(#434,#435,#436,#437));
#1710=EDGE_LOOP('',(#438,#439,#440,#441));
#1711=EDGE_LOOP('',(#442,#443,#444,#445));
#1712=EDGE_LOOP('',(#446,#447,#448,#449));
#1713=EDGE_LOOP('',(#450,#451,#452,#453));
#1714=EDGE_LOOP('',(#454,#455,#456,#457));
#1715=EDGE_LOOP('',(#458,#459,#460,#461));
#1716=EDGE_LOOP('',(#462,#463,#464,#465));
#1717=EDGE_LOOP('',(#466,#467,#468,#469));
#1718=EDGE_LOOP('',(#470,#471,#472,#473));
#1719=EDGE_LOOP('',(#474,#475,#476,#477));
#1720=EDGE_LOOP('',(#478,#479,#480,#481));
#1721=EDGE_LOOP('',(#482,#483,#484,#485));
#1722=EDGE_LOOP('',(#486,#487,#488,#489));
#1723=EDGE_LOOP('',(#490,#491,#492,#493));
#1724=EDGE_LOOP('',(#494,#495,#496,#497));
#1725=EDGE_LOOP('',(#498,#499,#500,#501));
#1726=EDGE_LOOP('',(#502,#503,#504,#505));
#1727=EDGE_LOOP('',(#506,#507,#508));
#1728=EDGE_LOOP('',(#509,#510,#511,#512));
#1729=EDGE_LOOP('',(#513,#514,#515,#516));
#1730=EDGE_LOOP('',(#517,#518,#519,#520));
#1731=EDGE_LOOP('',(#521,#522,#523));
#1732=EDGE_LOOP('',(#524,#525,#526,#527));
#1733=EDGE_LOOP('',(#528,#529,#530,#531));
#1734=EDGE_LOOP('',(#532,#533,#534,#535));
#1735=EDGE_LOOP('',(#536,#537,#538,#539));
#1736=EDGE_LOOP('',(#540,#541,#542));
#1737=EDGE_LOOP('',(#543,#544,#545,#546));
#1738=EDGE_LOOP('',(#547,#548,#549,#550));
#1739=EDGE_LOOP('',(#551,#552,#553,#554));
#1740=EDGE_LOOP('',(#555,#556,#557));
#1741=EDGE_LOOP('',(#558,#559,#560,#561));
#1742=EDGE_LOOP('',(#562,#563,#564,#565));
#1743=EDGE_LOOP('',(#566,#567,#568,#569));
#1744=EDGE_LOOP('',(#570,#571,#572,#573));
#1745=EDGE_LOOP('',(#574,#575,#576,#577));
#1746=EDGE_LOOP('',(#578,#579,#580,#581));
#1747=EDGE_LOOP('',(#582,#583,#584,#585,#586,#587,#588,#589,#590,#591));
#1748=EDGE_LOOP('',(#592,#593,#594,#595,#596,#597,#598,#599,#600,#601,#602,
#603,#604,#605,#606,#607,#608,#609,#610,#611,#612,#613,#614,#615,#616,#617,
#618,#619,#620,#621,#622,#623,#624,#625,#626,#627,#628,#629,#630,#631,#632,
#633,#634,#635,#636,#637,#638,#639,#640,#641));
#1749=EDGE_LOOP('',(#642,#643,#644,#645));
#1750=EDGE_LOOP('',(#646,#647,#648,#649));
#1751=EDGE_LOOP('',(#650,#651,#652,#653));
#1752=EDGE_LOOP('',(#654,#655,#656,#657));
#1753=EDGE_LOOP('',(#658,#659,#660,#661));
#1754=EDGE_LOOP('',(#662,#663,#664,#665));
#1755=EDGE_LOOP('',(#666,#667,#668,#669));
#1756=EDGE_LOOP('',(#670,#671,#672,#673));
#1757=EDGE_LOOP('',(#674,#675,#676));
#1758=EDGE_LOOP('',(#677,#678,#679,#680));
#1759=EDGE_LOOP('',(#681,#682,#683,#684));
#1760=EDGE_LOOP('',(#685,#686,#687,#688));
#1761=EDGE_LOOP('',(#689,#690,#691));
#1762=EDGE_LOOP('',(#692,#693,#694,#695));
#1763=EDGE_LOOP('',(#696,#697,#698,#699));
#1764=EDGE_LOOP('',(#700,#701,#702,#703));
#1765=EDGE_LOOP('',(#704,#705,#706));
#1766=EDGE_LOOP('',(#707,#708,#709,#710));
#1767=EDGE_LOOP('',(#711,#712,#713,#714));
#1768=EDGE_LOOP('',(#715,#716,#717,#718));
#1769=EDGE_LOOP('',(#719,#720,#721));
#1770=EDGE_LOOP('',(#722,#723,#724,#725));
#1771=EDGE_LOOP('',(#726,#727,#728));
#1772=EDGE_LOOP('',(#729,#730,#731,#732));
#1773=EDGE_LOOP('',(#733,#734,#735));
#1774=EDGE_LOOP('',(#736,#737,#738));
#1775=EDGE_LOOP('',(#739,#740,#741,#742));
#1776=EDGE_LOOP('',(#743,#744,#745));
#1777=EDGE_LOOP('',(#746,#747,#748));
#1778=EDGE_LOOP('',(#749,#750,#751));
#1779=EDGE_LOOP('',(#752,#753,#754,#755));
#1780=EDGE_LOOP('',(#756,#757,#758,#759));
#1781=EDGE_LOOP('',(#760,#761,#762,#763));
#1782=EDGE_LOOP('',(#764,#765,#766));
#1783=EDGE_LOOP('',(#767,#768,#769,#770));
#1784=EDGE_LOOP('',(#771,#772,#773));
#1785=EDGE_LOOP('',(#774,#775,#776,#777));
#1786=EDGE_LOOP('',(#778,#779,#780));
#1787=EDGE_LOOP('',(#781,#782,#783,#784));
#1788=EDGE_LOOP('',(#785,#786,#787));
#1789=EDGE_LOOP('',(#788,#789,#790));
#1790=EDGE_LOOP('',(#791,#792,#793,#794));
#1791=EDGE_LOOP('',(#795,#796,#797));
#1792=FACE_BOUND('',#1664,.T.);
#1793=FACE_BOUND('',#1665,.T.);
#1794=FACE_BOUND('',#1666,.T.);
#1795=FACE_BOUND('',#1667,.T.);
#1796=FACE_BOUND('',#1668,.T.);
#1797=FACE_BOUND('',#1669,.T.);
#1798=FACE_BOUND('',#1670,.T.);
#1799=FACE_BOUND('',#1671,.T.);
#1800=FACE_BOUND('',#1672,.T.);
#1801=FACE_BOUND('',#1673,.T.);
#1802=FACE_BOUND('',#1674,.T.);
#1803=FACE_BOUND('',#1675,.T.);
#1804=FACE_BOUND('',#1676,.T.);
#1805=FACE_BOUND('',#1677,.T.);
#1806=FACE_BOUND('',#1678,.T.);
#1807=FACE_BOUND('',#1679,.T.);
#1808=FACE_BOUND('',#1680,.T.);
#1809=FACE_BOUND('',#1681,.T.);
#1810=FACE_BOUND('',#1682,.T.);
#1811=FACE_BOUND('',#1683,.T.);
#1812=FACE_BOUND('',#1684,.T.);
#1813=FACE_BOUND('',#1685,.T.);
#1814=FACE_BOUND('',#1686,.T.);
#1815=FACE_BOUND('',#1687,.T.);
#1816=FACE_BOUND('',#1688,.T.);
#1817=FACE_BOUND('',#1689,.T.);
#1818=FACE_BOUND('',#1690,.T.);
#1819=FACE_BOUND('',#1691,.T.);
#1820=FACE_BOUND('',#1692,.T.);
#1821=FACE_BOUND('',#1693,.T.);
#1822=FACE_BOUND('',#1694,.T.);
#1823=FACE_BOUND('',#1695,.T.);
#1824=FACE_BOUND('',#1696,.T.);
#1825=FACE_BOUND('',#1697,.T.);
#1826=FACE_BOUND('',#1698,.T.);
#1827=FACE_BOUND('',#1699,.T.);
#1828=FACE_BOUND('',#1700,.T.);
#1829=FACE_BOUND('',#1701,.T.);
#1830=FACE_BOUND('',#1702,.T.);
#1831=FACE_BOUND('',#1703,.T.);
#1832=FACE_BOUND('',#1704,.T.);
#1833=FACE_BOUND('',#1705,.T.);
#1834=FACE_BOUND('',#1706,.T.);
#1835=FACE_BOUND('',#1707,.T.);
#1836=FACE_BOUND('',#1708,.T.);
#1837=FACE_BOUND('',#1709,.T.);
#1838=FACE_BOUND('',#1710,.T.);
#1839=FACE_BOUND('',#1711,.T.);
#1840=FACE_BOUND('',#1712,.T.);
#1841=FACE_BOUND('',#1713,.T.);
#1842=FACE_BOUND('',#1714,.T.);
#1843=FACE_BOUND('',#1715,.T.);
#1844=FACE_BOUND('',#1716,.T.);
#1845=FACE_BOUND('',#1717,.T.);
#1846=FACE_BOUND('',#1718,.T.);
#1847=FACE_BOUND('',#1719,.T.);
#1848=FACE_BOUND('',#1720,.T.);
#1849=FACE_BOUND('',#1721,.T.);
#1850=FACE_BOUND('',#1722,.T.);
#1851=FACE_BOUND('',#1723,.T.);
#1852=FACE_BOUND('',#1724,.T.);
#1853=FACE_BOUND('',#1725,.T.);
#1854=FACE_BOUND('',#1726,.T.);
#1855=FACE_BOUND('',#1727,.T.);
#1856=FACE_BOUND('',#1728,.T.);
#1857=FACE_BOUND('',#1729,.T.);
#1858=FACE_BOUND('',#1730,.T.);
#1859=FACE_BOUND('',#1731,.T.);
#1860=FACE_BOUND('',#1732,.T.);
#1861=FACE_BOUND('',#1733,.T.);
#1862=FACE_BOUND('',#1734,.T.);
#1863=FACE_BOUND('',#1735,.T.);
#1864=FACE_BOUND('',#1736,.T.);
#1865=FACE_BOUND('',#1737,.T.);
#1866=FACE_BOUND('',#1738,.T.);
#1867=FACE_BOUND('',#1739,.T.);
#1868=FACE_BOUND('',#1740,.T.);
#1869=FACE_BOUND('',#1741,.T.);
#1870=FACE_BOUND('',#1742,.T.);
#1871=FACE_BOUND('',#1743,.T.);
#1872=FACE_BOUND('',#1744,.T.);
#1873=FACE_BOUND('',#1745,.T.);
#1874=FACE_BOUND('',#1746,.T.);
#1875=FACE_BOUND('',#1747,.T.);
#1876=FACE_BOUND('',#1748,.T.);
#1877=FACE_BOUND('',#1749,.T.);
#1878=FACE_BOUND('',#1750,.T.);
#1879=FACE_BOUND('',#1751,.T.);
#1880=FACE_BOUND('',#1752,.T.);
#1881=FACE_BOUND('',#1753,.T.);
#1882=FACE_BOUND('',#1754,.T.);
#1883=FACE_BOUND('',#1755,.T.);
#1884=FACE_BOUND('',#1756,.T.);
#1885=FACE_BOUND('',#1757,.T.);
#1886=FACE_BOUND('',#1758,.T.);
#1887=FACE_BOUND('',#1759,.T.);
#1888=FACE_BOUND('',#1760,.T.);
#1889=FACE_BOUND('',#1761,.T.);
#1890=FACE_BOUND('',#1762,.T.);
#1891=FACE_BOUND('',#1763,.T.);
#1892=FACE_BOUND('',#1764,.T.);
#1893=FACE_BOUND('',#1765,.T.);
#1894=FACE_BOUND('',#1766,.T.);
#1895=FACE_BOUND('',#1767,.T.);
#1896=FACE_BOUND('',#1768,.T.);
#1897=FACE_BOUND('',#1769,.T.);
#1898=FACE_BOUND('',#1770,.T.);
#1899=FACE_BOUND('',#1771,.T.);
#1900=FACE_BOUND('',#1772,.T.);
#1901=FACE_BOUND('',#1773,.T.);
#1902=FACE_BOUND('',#1774,.T.);
#1903=FACE_BOUND('',#1775,.T.);
#1904=FACE_BOUND('',#1776,.T.);
#1905=FACE_BOUND('',#1777,.T.);
#1906=FACE_BOUND('',#1778,.T.);
#1907=FACE_BOUND('',#1779,.T.);
#1908=FACE_BOUND('',#1780,.T.);
#1909=FACE_BOUND('',#1781,.T.);
#1910=FACE_BOUND('',#1782,.T.);
#1911=FACE_BOUND('',#1783,.T.);
#1912=FACE_BOUND('',#1784,.T.);
#1913=FACE_BOUND('',#1785,.T.);
#1914=FACE_BOUND('',#1786,.T.);
#1915=FACE_BOUND('',#1787,.T.);
#1916=FACE_BOUND('',#1788,.T.);
#1917=FACE_BOUND('',#1789,.T.);
#1918=FACE_BOUND('',#1790,.T.);
#1919=FACE_BOUND('',#1791,.T.);
#1920=PLANE('',#2095);
#1921=PLANE('',#2096);
#1922=PLANE('',#2097);
#1923=PLANE('',#2098);
#1924=PLANE('',#2099);
#1925=PLANE('',#2100);
#1926=PLANE('',#2101);
#1927=PLANE('',#2102);
#1928=PLANE('',#2103);
#1929=PLANE('',#2104);
#1930=PLANE('',#2105);
#1931=PLANE('',#2106);
#1932=PLANE('',#2107);
#1933=PLANE('',#2108);
#1934=PLANE('',#2109);
#1935=PLANE('',#2110);
#1936=PLANE('',#2111);
#1937=PLANE('',#2112);
#1938=PLANE('',#2113);
#1939=PLANE('',#2114);
#1940=PLANE('',#2115);
#1941=PLANE('',#2116);
#1942=PLANE('',#2117);
#1943=PLANE('',#2118);
#1944=PLANE('',#2119);
#1945=PLANE('',#2120);
#1946=PLANE('',#2121);
#1947=PLANE('',#2122);
#1948=PLANE('',#2123);
#1949=PLANE('',#2124);
#1950=PLANE('',#2125);
#1951=PLANE('',#2126);
#1952=PLANE('',#2127);
#1953=PLANE('',#2128);
#1954=PLANE('',#2129);
#1955=PLANE('',#2130);
#1956=PLANE('',#2131);
#1957=PLANE('',#2132);
#1958=PLANE('',#2133);
#1959=PLANE('',#2134);
#1960=PLANE('',#2135);
#1961=PLANE('',#2181);
#1962=PLANE('',#2182);
#1963=PLANE('',#2183);
#1964=ADVANCED_FACE('',(#1792),#1920,.T.);
#1965=ADVANCED_FACE('',(#1793),#1921,.T.);
#1966=ADVANCED_FACE('',(#1794),#1922,.T.);
#1967=ADVANCED_FACE('',(#1795),#1923,.T.);
#1968=ADVANCED_FACE('',(#1796),#1924,.T.);
#1969=ADVANCED_FACE('',(#1797),#1925,.T.);
#1970=ADVANCED_FACE('',(#1798),#1926,.T.);
#1971=ADVANCED_FACE('',(#1799),#1927,.T.);
#1972=ADVANCED_FACE('',(#1800),#1928,.T.);
#1973=ADVANCED_FACE('',(#1801),#1929,.T.);
#1974=ADVANCED_FACE('',(#1802,#1803,#1804,#1805,#1806,#1807,#1808,#1809,
#1810,#1811,#1812),#1930,.F.);
#1975=ADVANCED_FACE('',(#1813),#1931,.F.);
#1976=ADVANCED_FACE('',(#1814),#1932,.T.);
#1977=ADVANCED_FACE('',(#1815),#186,.T.);
#1978=ADVANCED_FACE('',(#1816),#187,.T.);
#1979=ADVANCED_FACE('',(#1817),#1933,.T.);
#1980=ADVANCED_FACE('',(#1818),#188,.T.);
#1981=ADVANCED_FACE('',(#1819),#189,.T.);
#1982=ADVANCED_FACE('',(#1820),#1934,.T.);
#1983=ADVANCED_FACE('',(#1821),#1935,.T.);
#1984=ADVANCED_FACE('',(#1822),#1936,.T.);
#1985=ADVANCED_FACE('',(#1823),#1937,.F.);
#1986=ADVANCED_FACE('',(#1824),#1938,.F.);
#1987=ADVANCED_FACE('',(#1825),#1939,.T.);
#1988=ADVANCED_FACE('',(#1826),#1940,.T.);
#1989=ADVANCED_FACE('',(#1827),#1941,.F.);
#1990=ADVANCED_FACE('',(#1828),#1942,.T.);
#1991=ADVANCED_FACE('',(#1829),#1943,.F.);
#1992=ADVANCED_FACE('',(#1830),#1944,.T.);
#1993=ADVANCED_FACE('',(#1831),#1945,.F.);
#1994=ADVANCED_FACE('',(#1832),#1946,.T.);
#1995=ADVANCED_FACE('',(#1833),#1947,.F.);
#1996=ADVANCED_FACE('',(#1834),#1948,.T.);
#1997=ADVANCED_FACE('',(#1835),#1949,.F.);
#1998=ADVANCED_FACE('',(#1836),#1950,.T.);
#1999=ADVANCED_FACE('',(#1837),#1951,.F.);
#2000=ADVANCED_FACE('',(#1838),#1952,.T.);
#2001=ADVANCED_FACE('',(#1839),#1953,.F.);
#2002=ADVANCED_FACE('',(#1840),#1954,.T.);
#2003=ADVANCED_FACE('',(#1841),#1955,.F.);
#2004=ADVANCED_FACE('',(#1842),#1956,.T.);
#2005=ADVANCED_FACE('',(#1843),#1957,.T.);
#2006=ADVANCED_FACE('',(#1844),#1958,.F.);
#2007=ADVANCED_FACE('',(#1845),#1959,.F.);
#2008=ADVANCED_FACE('',(#1846),#1960,.T.);
#2009=ADVANCED_FACE('',(#1847),#120,.T.);
#2010=ADVANCED_FACE('',(#1848),#32,.T.);
#2011=ADVANCED_FACE('',(#1849),#33,.T.);
#2012=ADVANCED_FACE('',(#1850),#34,.T.);
#2013=ADVANCED_FACE('',(#1851),#121,.T.);
#2014=ADVANCED_FACE('',(#1852),#35,.T.);
#2015=ADVANCED_FACE('',(#1853),#122,.T.);
#2016=ADVANCED_FACE('',(#1854),#36,.T.);
#2017=ADVANCED_FACE('',(#1855),#12,.T.);
#2018=ADVANCED_FACE('',(#1856),#37,.T.);
#2019=ADVANCED_FACE('',(#1857),#123,.T.);
#2020=ADVANCED_FACE('',(#1858),#124,.T.);
#2021=ADVANCED_FACE('',(#1859),#13,.T.);
#2022=ADVANCED_FACE('',(#1860),#38,.T.);
#2023=ADVANCED_FACE('',(#1861),#39,.T.);
#2024=ADVANCED_FACE('',(#1862),#125,.T.);
#2025=ADVANCED_FACE('',(#1863),#126,.T.);
#2026=ADVANCED_FACE('',(#1864),#14,.T.);
#2027=ADVANCED_FACE('',(#1865),#127,.T.);
#2028=ADVANCED_FACE('',(#1866),#128,.T.);
#2029=ADVANCED_FACE('',(#1867),#129,.T.);
#2030=ADVANCED_FACE('',(#1868),#15,.T.);
#2031=ADVANCED_FACE('',(#1869),#130,.T.);
#2032=ADVANCED_FACE('',(#1870),#190,.F.);
#2033=ADVANCED_FACE('',(#1871),#191,.F.);
#2034=ADVANCED_FACE('',(#1872),#1961,.T.);
#2035=ADVANCED_FACE('',(#1873),#192,.F.);
#2036=ADVANCED_FACE('',(#1874),#193,.F.);
#2037=ADVANCED_FACE('',(#1875),#1962,.T.);
#2038=ADVANCED_FACE('',(#1876),#1963,.F.);
#2039=ADVANCED_FACE('',(#1877),#131,.T.);
#2040=ADVANCED_FACE('',(#1878),#40,.T.);
#2041=ADVANCED_FACE('',(#1879),#41,.T.);
#2042=ADVANCED_FACE('',(#1880),#42,.T.);
#2043=ADVANCED_FACE('',(#1881),#132,.T.);
#2044=ADVANCED_FACE('',(#1882),#43,.T.);
#2045=ADVANCED_FACE('',(#1883),#133,.T.);
#2046=ADVANCED_FACE('',(#1884),#44,.T.);
#2047=ADVANCED_FACE('',(#1885),#16,.T.);
#2048=ADVANCED_FACE('',(#1886),#45,.T.);
#2049=ADVANCED_FACE('',(#1887),#134,.T.);
#2050=ADVANCED_FACE('',(#1888),#135,.T.);
#2051=ADVANCED_FACE('',(#1889),#17,.T.);
#2052=ADVANCED_FACE('',(#1890),#46,.T.);
#2053=ADVANCED_FACE('',(#1891),#47,.T.);
#2054=ADVANCED_FACE('',(#1892),#136,.T.);
#2055=ADVANCED_FACE('',(#1893),#18,.T.);
#2056=ADVANCED_FACE('',(#1894),#137,.T.);
#2057=ADVANCED_FACE('',(#1895),#138,.T.);
#2058=ADVANCED_FACE('',(#1896),#139,.T.);
#2059=ADVANCED_FACE('',(#1897),#19,.T.);
#2060=ADVANCED_FACE('',(#1898),#140,.T.);
#2061=ADVANCED_FACE('',(#1899),#20,.T.);
#2062=ADVANCED_FACE('',(#1900),#141,.T.);
#2063=ADVANCED_FACE('',(#1901),#21,.T.);
#2064=ADVANCED_FACE('',(#1902),#22,.T.);
#2065=ADVANCED_FACE('',(#1903),#142,.T.);
#2066=ADVANCED_FACE('',(#1904),#23,.T.);
#2067=ADVANCED_FACE('',(#1905),#24,.T.);
#2068=ADVANCED_FACE('',(#1906),#25,.T.);
#2069=ADVANCED_FACE('',(#1907),#143,.T.);
#2070=ADVANCED_FACE('',(#1908),#144,.T.);
#2071=ADVANCED_FACE('',(#1909),#145,.T.);
#2072=ADVANCED_FACE('',(#1910),#26,.T.);
#2073=ADVANCED_FACE('',(#1911),#146,.T.);
#2074=ADVANCED_FACE('',(#1912),#27,.T.);
#2075=ADVANCED_FACE('',(#1913),#147,.T.);
#2076=ADVANCED_FACE('',(#1914),#28,.T.);
#2077=ADVANCED_FACE('',(#1915),#148,.T.);
#2078=ADVANCED_FACE('',(#1916),#29,.T.);
#2079=ADVANCED_FACE('',(#1917),#30,.T.);
#2080=ADVANCED_FACE('',(#1918),#149,.T.);
#2081=ADVANCED_FACE('',(#1919),#31,.T.);
#2082=CLOSED_SHELL('',(#1964,#1965,#1966,#1967,#1968,#1969,#1970,#1971,
#1972,#1973,#1974,#1975,#1976,#1977,#1978,#1979,#1980,#1981,#1982,#1983,
#1984,#1985,#1986,#1987,#1988,#1989,#1990,#1991,#1992,#1993,#1994,#1995,
#1996,#1997,#1998,#1999,#2000,#2001,#2002,#2003,#2004,#2005,#2006,#2007,
#2008,#2009,#2010,#2011,#2012,#2013,#2014,#2015,#2016,#2017,#2018,#2019,
#2020,#2021,#2022,#2023,#2024,#2025,#2026,#2027,#2028,#2029,#2030,#2031,
#2032,#2033,#2034,#2035,#2036,#2037,#2038,#2039,#2040,#2041,#2042,#2043,
#2044,#2045,#2046,#2047,#2048,#2049,#2050,#2051,#2052,#2053,#2054,#2055,
#2056,#2057,#2058,#2059,#2060,#2061,#2062,#2063,#2064,#2065,#2066,#2067,
#2068,#2069,#2070,#2071,#2072,#2073,#2074,#2075,#2076,#2077,#2078,#2079,
#2080,#2081));
#2083=STYLED_ITEM('',(#2084),#2091);
#2084=PRESENTATION_STYLE_ASSIGNMENT((#2085));
#2085=SURFACE_STYLE_USAGE(.BOTH.,#2086);
#2086=SURFACE_SIDE_STYLE('',(#2087));
#2087=SURFACE_STYLE_FILL_AREA(#2088);
#2088=FILL_AREA_STYLE('',(#2089));
#2089=FILL_AREA_STYLE_COLOUR('',#2090);
#2090=COLOUR_RGB('',0.447058823529412,0.243137254901961,0.);
#2091=MANIFOLD_SOLID_BREP('Part 1',#2082);
#2092=SHAPE_DEFINITION_REPRESENTATION(#3864,#2093);
#2093=SHAPE_REPRESENTATION('Part 1',(#2094),#3859);
#2094=AXIS2_PLACEMENT_3D('',#2789,#2261,#2262);
#2095=AXIS2_PLACEMENT_3D('',#2790,#2263,#2264);
#2096=AXIS2_PLACEMENT_3D('',#2799,#2269,#2270);
#2097=AXIS2_PLACEMENT_3D('',#2808,#2275,#2276);
#2098=AXIS2_PLACEMENT_3D('',#2817,#2281,#2282);
#2099=AXIS2_PLACEMENT_3D('',#2826,#2287,#2288);
#2100=AXIS2_PLACEMENT_3D('',#2835,#2293,#2294);
#2101=AXIS2_PLACEMENT_3D('',#2844,#2299,#2300);
#2102=AXIS2_PLACEMENT_3D('',#2853,#2305,#2306);
#2103=AXIS2_PLACEMENT_3D('',#2862,#2311,#2312);
#2104=AXIS2_PLACEMENT_3D('',#2871,#2317,#2318);
#2105=AXIS2_PLACEMENT_3D('',#2880,#2323,#2324);
#2106=AXIS2_PLACEMENT_3D('',#2969,#2369,#2370);
#2107=AXIS2_PLACEMENT_3D('',#2978,#2375,#2376);
#2108=AXIS2_PLACEMENT_3D('',#3042,#2388,#2389);
#2109=AXIS2_PLACEMENT_3D('',#3093,#2396,#2397);
#2110=AXIS2_PLACEMENT_3D('',#3110,#2406,#2407);
#2111=AXIS2_PLACEMENT_3D('',#3119,#2412,#2413);
#2112=AXIS2_PLACEMENT_3D('',#3156,#2420,#2421);
#2113=AXIS2_PLACEMENT_3D('',#3165,#2426,#2427);
#2114=AXIS2_PLACEMENT_3D('',#3219,#2453,#2454);
#2115=AXIS2_PLACEMENT_3D('',#3223,#2457,#2458);
#2116=AXIS2_PLACEMENT_3D('',#3227,#2461,#2462);
#2117=AXIS2_PLACEMENT_3D('',#3229,#2464,#2465);
#2118=AXIS2_PLACEMENT_3D('',#3231,#2467,#2468);
#2119=AXIS2_PLACEMENT_3D('',#3233,#2470,#2471);
#2120=AXIS2_PLACEMENT_3D('',#3235,#2473,#2474);
#2121=AXIS2_PLACEMENT_3D('',#3237,#2476,#2477);
#2122=AXIS2_PLACEMENT_3D('',#3239,#2479,#2480);
#2123=AXIS2_PLACEMENT_3D('',#3241,#2482,#2483);
#2124=AXIS2_PLACEMENT_3D('',#3243,#2485,#2486);
#2125=AXIS2_PLACEMENT_3D('',#3245,#2488,#2489);
#2126=AXIS2_PLACEMENT_3D('',#3247,#2491,#2492);
#2127=AXIS2_PLACEMENT_3D('',#3249,#2494,#2495);
#2128=AXIS2_PLACEMENT_3D('',#3251,#2497,#2498);
#2129=AXIS2_PLACEMENT_3D('',#3253,#2500,#2501);
#2130=AXIS2_PLACEMENT_3D('',#3255,#2503,#2504);
#2131=AXIS2_PLACEMENT_3D('',#3257,#2506,#2507);
#2132=AXIS2_PLACEMENT_3D('',#3259,#2509,#2510);
#2133=AXIS2_PLACEMENT_3D('',#3261,#2512,#2513);
#2134=AXIS2_PLACEMENT_3D('',#3263,#2515,#2516);
#2135=AXIS2_PLACEMENT_3D('',#3265,#2518,#2519);
#2136=AXIS2_PLACEMENT_3D('',#3267,#2521,#2522);
#2137=AXIS2_PLACEMENT_3D('',#3268,#2523,#2524);
#2138=AXIS2_PLACEMENT_3D('',#3269,#2525,#2526);
#2139=AXIS2_PLACEMENT_3D('',#3285,#2527,#2528);
#2140=AXIS2_PLACEMENT_3D('',#3286,#2529,#2530);
#2141=AXIS2_PLACEMENT_3D('',#3302,#2531,#2532);
#2142=AXIS2_PLACEMENT_3D('',#3303,#2533,#2534);
#2143=AXIS2_PLACEMENT_3D('',#3335,#2535,#2536);
#2144=AXIS2_PLACEMENT_3D('',#3336,#2537,#2538);
#2145=AXIS2_PLACEMENT_3D('',#3337,#2539,#2540);
#2146=AXIS2_PLACEMENT_3D('',#3353,#2541,#2542);
#2147=AXIS2_PLACEMENT_3D('',#3354,#2543,#2544);
#2148=AXIS2_PLACEMENT_3D('',#3355,#2545,#2546);
#2149=AXIS2_PLACEMENT_3D('',#3371,#2547,#2548);
#2150=AXIS2_PLACEMENT_3D('',#3372,#2549,#2550);
#2151=AXIS2_PLACEMENT_3D('',#3373,#2551,#2552);
#2152=AXIS2_PLACEMENT_3D('',#3374,#2553,#2554);
#2153=AXIS2_PLACEMENT_3D('',#3406,#2555,#2556);
#2154=AXIS2_PLACEMENT_3D('',#3407,#2557,#2558);
#2155=AXIS2_PLACEMENT_3D('',#3408,#2559,#2560);
#2156=AXIS2_PLACEMENT_3D('',#3409,#2561,#2562);
#2157=AXIS2_PLACEMENT_3D('',#3410,#2563,#2564);
#2158=AXIS2_PLACEMENT_3D('',#3411,#2565,#2566);
#2159=AXIS2_PLACEMENT_3D('',#3427,#2567,#2568);
#2160=AXIS2_PLACEMENT_3D('',#3443,#2569,#2570);
#2161=AXIS2_PLACEMENT_3D('',#3444,#2571,#2572);
#2162=AXIS2_PLACEMENT_3D('',#3445,#2573,#2574);
#2163=AXIS2_PLACEMENT_3D('',#3446,#2575,#2576);
#2164=AXIS2_PLACEMENT_3D('',#3447,#2577,#2578);
#2165=AXIS2_PLACEMENT_3D('',#3448,#2579,#2580);
#2166=AXIS2_PLACEMENT_3D('',#3449,#2581,#2582);
#2167=AXIS2_PLACEMENT_3D('',#3450,#2583,#2584);
#2168=AXIS2_PLACEMENT_3D('',#3451,#2585,#2586);
#2169=AXIS2_PLACEMENT_3D('',#3452,#2587,#2588);
#2170=AXIS2_PLACEMENT_3D('',#3453,#2589,#2590);
#2171=AXIS2_PLACEMENT_3D('',#3454,#2591,#2592);
#2172=AXIS2_PLACEMENT_3D('',#3455,#2593,#2594);
#2173=AXIS2_PLACEMENT_3D('',#3456,#2595,#2596);
#2174=AXIS2_PLACEMENT_3D('',#3457,#2597,#2598);
#2175=AXIS2_PLACEMENT_3D('',#3458,#2599,#2600);
#2176=AXIS2_PLACEMENT_3D('',#3459,#2601,#2602);
#2177=AXIS2_PLACEMENT_3D('',#3460,#2603,#2604);
#2178=AXIS2_PLACEMENT_3D('',#3461,#2605,#2606);
#2179=AXIS2_PLACEMENT_3D('',#3462,#2607,#2608);
#2180=AXIS2_PLACEMENT_3D('',#3463,#2609,#2610);
#2181=AXIS2_PLACEMENT_3D('',#3511,#2614,#2615);
#2182=AXIS2_PLACEMENT_3D('',#3562,#2622,#2623);
#2183=AXIS2_PLACEMENT_3D('',#3599,#2630,#2631);
#2184=AXIS2_PLACEMENT_3D('',#3629,#2635,#2636);
#2185=AXIS2_PLACEMENT_3D('',#3630,#2637,#2638);
#2186=AXIS2_PLACEMENT_3D('',#3631,#2639,#2640);
#2187=AXIS2_PLACEMENT_3D('',#3647,#2641,#2642);
#2188=AXIS2_PLACEMENT_3D('',#3648,#2643,#2644);
#2189=AXIS2_PLACEMENT_3D('',#3664,#2645,#2646);
#2190=AXIS2_PLACEMENT_3D('',#3665,#2647,#2648);
#2191=AXIS2_PLACEMENT_3D('',#3697,#2649,#2650);
#2192=AXIS2_PLACEMENT_3D('',#3698,#2651,#2652);
#2193=AXIS2_PLACEMENT_3D('',#3699,#2653,#2654);
#2194=AXIS2_PLACEMENT_3D('',#3715,#2655,#2656);
#2195=AXIS2_PLACEMENT_3D('',#3716,#2657,#2658);
#2196=AXIS2_PLACEMENT_3D('',#3717,#2659,#2660);
#2197=AXIS2_PLACEMENT_3D('',#3733,#2661,#2662);
#2198=AXIS2_PLACEMENT_3D('',#3734,#2663,#2664);
#2199=AXIS2_PLACEMENT_3D('',#3735,#2665,#2666);
#2200=AXIS2_PLACEMENT_3D('',#3736,#2667,#2668);
#2201=AXIS2_PLACEMENT_3D('',#3768,#2669,#2670);
#2202=AXIS2_PLACEMENT_3D('',#3769,#2671,#2672);
#2203=AXIS2_PLACEMENT_3D('',#3770,#2673,#2674);
#2204=AXIS2_PLACEMENT_3D('',#3771,#2675,#2676);
#2205=AXIS2_PLACEMENT_3D('',#3772,#2677,#2678);
#2206=AXIS2_PLACEMENT_3D('',#3773,#2679,#2680);
#2207=AXIS2_PLACEMENT_3D('',#3789,#2681,#2682);
#2208=AXIS2_PLACEMENT_3D('',#3805,#2683,#2684);
#2209=AXIS2_PLACEMENT_3D('',#3806,#2685,#2686);
#2210=AXIS2_PLACEMENT_3D('',#3807,#2687,#2688);
#2211=AXIS2_PLACEMENT_3D('',#3808,#2689,#2690);
#2212=AXIS2_PLACEMENT_3D('',#3809,#2691,#2692);
#2213=AXIS2_PLACEMENT_3D('',#3810,#2693,#2694);
#2214=AXIS2_PLACEMENT_3D('',#3811,#2695,#2696);
#2215=AXIS2_PLACEMENT_3D('',#3812,#2697,#2698);
#2216=AXIS2_PLACEMENT_3D('',#3813,#2699,#2700);
#2217=AXIS2_PLACEMENT_3D('',#3814,#2701,#2702);
#2218=AXIS2_PLACEMENT_3D('',#3815,#2703,#2704);
#2219=AXIS2_PLACEMENT_3D('',#3816,#2705,#2706);
#2220=AXIS2_PLACEMENT_3D('',#3817,#2707,#2708);
#2221=AXIS2_PLACEMENT_3D('',#3818,#2709,#2710);
#2222=AXIS2_PLACEMENT_3D('',#3819,#2711,#2712);
#2223=AXIS2_PLACEMENT_3D('',#3820,#2713,#2714);
#2224=AXIS2_PLACEMENT_3D('',#3821,#2715,#2716);
#2225=AXIS2_PLACEMENT_3D('',#3822,#2717,#2718);
#2226=AXIS2_PLACEMENT_3D('',#3823,#2719,#2720);
#2227=AXIS2_PLACEMENT_3D('',#3824,#2721,#2722);
#2228=AXIS2_PLACEMENT_3D('',#3825,#2723,#2724);
#2229=AXIS2_PLACEMENT_3D('',#3826,#2725,#2726);
#2230=AXIS2_PLACEMENT_3D('',#3827,#2727,#2728);
#2231=AXIS2_PLACEMENT_3D('',#3828,#2729,#2730);
#2232=AXIS2_PLACEMENT_3D('',#3829,#2731,#2732);
#2233=AXIS2_PLACEMENT_3D('',#3830,#2733,#2734);
#2234=AXIS2_PLACEMENT_3D('',#3831,#2735,#2736);
#2235=AXIS2_PLACEMENT_3D('',#3832,#2737,#2738);
#2236=AXIS2_PLACEMENT_3D('',#3833,#2739,#2740);
#2237=AXIS2_PLACEMENT_3D('',#3834,#2741,#2742);
#2238=AXIS2_PLACEMENT_3D('',#3835,#2743,#2744);
#2239=AXIS2_PLACEMENT_3D('',#3836,#2745,#2746);
#2240=AXIS2_PLACEMENT_3D('',#3837,#2747,#2748);
#2241=AXIS2_PLACEMENT_3D('',#3838,#2749,#2750);
#2242=AXIS2_PLACEMENT_3D('',#3839,#2751,#2752);
#2243=AXIS2_PLACEMENT_3D('',#3840,#2753,#2754);
#2244=AXIS2_PLACEMENT_3D('',#3841,#2755,#2756);
#2245=AXIS2_PLACEMENT_3D('',#3842,#2757,#2758);
#2246=AXIS2_PLACEMENT_3D('',#3843,#2759,#2760);
#2247=AXIS2_PLACEMENT_3D('',#3844,#2761,#2762);
#2248=AXIS2_PLACEMENT_3D('',#3845,#2763,#2764);
#2249=AXIS2_PLACEMENT_3D('',#3846,#2765,#2766);
#2250=AXIS2_PLACEMENT_3D('',#3847,#2767,#2768);
#2251=AXIS2_PLACEMENT_3D('',#3848,#2769,#2770);
#2252=AXIS2_PLACEMENT_3D('',#3849,#2771,#2772);
#2253=AXIS2_PLACEMENT_3D('',#3850,#2773,#2774);
#2254=AXIS2_PLACEMENT_3D('',#3851,#2775,#2776);
#2255=AXIS2_PLACEMENT_3D('',#3852,#2777,#2778);
#2256=AXIS2_PLACEMENT_3D('',#3853,#2779,#2780);
#2257=AXIS2_PLACEMENT_3D('',#3854,#2781,#2782);
#2258=AXIS2_PLACEMENT_3D('',#3855,#2783,#2784);
#2259=AXIS2_PLACEMENT_3D('',#3856,#2785,#2786);
#2260=AXIS2_PLACEMENT_3D('',#3857,#2787,#2788);
#2261=DIRECTION('',(0.,0.,1.));
#2262=DIRECTION('',(1.,0.,0.));
#2263=DIRECTION('',(0.,0.,1.));
#2264=DIRECTION('',(1.,0.,0.));
#2265=DIRECTION('',(3.08395284618099E-16,-1.,0.));
#2266=DIRECTION('',(1.,-2.80346274917456E-16,0.));
#2267=DIRECTION('',(0.,-1.,0.));
#2268=DIRECTION('',(1.,2.80346274917456E-16,0.));
#2269=DIRECTION('',(0.,0.,1.));
#2270=DIRECTION('',(1.,0.,0.));
#2271=DIRECTION('',(3.08395284618099E-16,-1.,0.));
#2272=DIRECTION('',(1.,-2.80346274917456E-16,0.));
#2273=DIRECTION('',(0.,-1.,0.));
#2274=DIRECTION('',(1.,2.80346274917456E-16,0.));
#2275=DIRECTION('',(0.,0.,1.));
#2276=DIRECTION('',(1.,0.,0.));
#2277=DIRECTION('',(0.,-1.,0.));
#2278=DIRECTION('',(1.,-2.80346274917456E-16,0.));
#2279=DIRECTION('',(0.,-1.,0.));
#2280=DIRECTION('',(1.,2.80346274917456E-16,0.));
#2281=DIRECTION('',(0.,0.,1.));
#2282=DIRECTION('',(1.,0.,0.));
#2283=DIRECTION('',(7.70988211545247E-17,-1.,0.));
#2284=DIRECTION('',(1.,-2.80346274917456E-16,0.));
#2285=DIRECTION('',(0.,-1.,0.));
#2286=DIRECTION('',(1.,2.80346274917456E-16,0.));
#2287=DIRECTION('',(0.,0.,1.));
#2288=DIRECTION('',(1.,0.,0.));
#2289=DIRECTION('',(7.70988211545247E-17,-1.,0.));
#2290=DIRECTION('',(1.,-2.80346274917456E-16,0.));
#2291=DIRECTION('',(6.26427921880514E-17,-1.,0.));
#2292=DIRECTION('',(1.,2.80346274917456E-16,0.));
#2293=DIRECTION('',(0.,0.,1.));
#2294=DIRECTION('',(1.,0.,0.));
#2295=DIRECTION('',(0.,-1.,0.));
#2296=DIRECTION('',(1.,-2.80346274917456E-16,0.));
#2297=DIRECTION('',(0.,-1.,0.));
#2298=DIRECTION('',(1.,2.80346274917456E-16,0.));
#2299=DIRECTION('',(0.,0.,1.));
#2300=DIRECTION('',(1.,0.,0.));
#2301=DIRECTION('',(0.,-1.,0.));
#2302=DIRECTION('',(1.,-2.80346274917456E-16,0.));
#2303=DIRECTION('',(0.,-1.,0.));
#2304=DIRECTION('',(1.,2.80346274917456E-16,0.));
#2305=DIRECTION('',(0.,0.,1.));
#2306=DIRECTION('',(1.,0.,0.));
#2307=DIRECTION('',(0.,-1.,0.));
#2308=DIRECTION('',(1.,-2.80346274917456E-16,0.));
#2309=DIRECTION('',(0.,-1.,0.));
#2310=DIRECTION('',(1.,2.80346274917456E-16,0.));
#2311=DIRECTION('',(0.,0.,1.));
#2312=DIRECTION('',(1.,0.,0.));
#2313=DIRECTION('',(0.,-1.,0.));
#2314=DIRECTION('',(1.,-2.80346274917456E-16,0.));
#2315=DIRECTION('',(0.,-1.,0.));
#2316=DIRECTION('',(1.,2.80346274917456E-16,0.));
#2317=DIRECTION('',(0.,0.,1.));
#2318=DIRECTION('',(1.,0.,0.));
#2319=DIRECTION('',(0.,-1.,0.));
#2320=DIRECTION('',(1.,-2.80346274917456E-16,0.));
#2321=DIRECTION('',(0.,-1.,0.));
#2322=DIRECTION('',(1.,2.80346274917456E-16,0.));
#2323=DIRECTION('',(0.,0.,1.));
#2324=DIRECTION('',(1.,0.,0.));
#2325=DIRECTION('',(1.,0.,0.));
#2326=DIRECTION('',(0.,-1.,0.));
#2327=DIRECTION('',(1.,0.,0.));
#2328=DIRECTION('',(0.,-1.,0.));
#2329=DIRECTION('',(1.,0.,0.));
#2330=DIRECTION('',(3.08395284618099E-16,-1.,0.));
#2331=DIRECTION('',(1.,0.,0.));
#2332=DIRECTION('',(0.,-1.,0.));
#2333=DIRECTION('',(1.,0.,0.));
#2334=DIRECTION('',(3.08395284618099E-16,-1.,0.));
#2335=DIRECTION('',(1.,0.,0.));
#2336=DIRECTION('',(0.,-1.,0.));
#2337=DIRECTION('',(1.,0.,0.));
#2338=DIRECTION('',(0.,-1.,0.));
#2339=DIRECTION('',(1.,0.,0.));
#2340=DIRECTION('',(0.,-1.,0.));
#2341=DIRECTION('',(1.,0.,0.));
#2342=DIRECTION('',(7.70988211545247E-17,-1.,0.));
#2343=DIRECTION('',(1.,0.,0.));
#2344=DIRECTION('',(6.26427921880514E-17,-1.,0.));
#2345=DIRECTION('',(1.,0.,0.));
#2346=DIRECTION('',(7.70988211545247E-17,-1.,0.));
#2347=DIRECTION('',(1.,0.,0.));
#2348=DIRECTION('',(0.,-1.,0.));
#2349=DIRECTION('',(1.,0.,0.));
#2350=DIRECTION('',(0.,-1.,0.));
#2351=DIRECTION('',(1.,0.,0.));
#2352=DIRECTION('',(0.,-1.,0.));
#2353=DIRECTION('',(1.,0.,0.));
#2354=DIRECTION('',(0.,-1.,0.));
#2355=DIRECTION('',(1.,0.,0.));
#2356=DIRECTION('',(0.,-1.,0.));
#2357=DIRECTION('',(1.,0.,0.));
#2358=DIRECTION('',(0.,-1.,0.));
#2359=DIRECTION('',(1.,0.,0.));
#2360=DIRECTION('',(0.,-1.,0.));
#2361=DIRECTION('',(1.,0.,0.));
#2362=DIRECTION('',(0.,-1.,0.));
#2363=DIRECTION('',(1.,0.,0.));
#2364=DIRECTION('',(0.,-1.,0.));
#2365=DIRECTION('',(1.,0.,0.));
#2366=DIRECTION('',(0.,1.,0.));
#2367=DIRECTION('',(1.,0.,0.));
#2368=DIRECTION('',(0.,1.,0.));
#2369=DIRECTION('',(-1.,0.,0.));
#2370=DIRECTION('',(0.,0.,1.));
#2371=DIRECTION('',(0.,0.,1.));
#2372=DIRECTION('',(0.,1.,0.));
#2373=DIRECTION('',(0.,0.,1.));
#2374=DIRECTION('',(0.,1.,0.));
#2375=DIRECTION('',(0.,0.,1.));
#2376=DIRECTION('',(1.,0.,0.));
#2377=DIRECTION('',(0.,-1.,0.));
#2378=DIRECTION('',(1.,-2.80346274917456E-16,0.));
#2379=DIRECTION('',(0.,-1.,0.));
#2380=DIRECTION('',(1.,2.80346274917456E-16,0.));
#2381=DIRECTION('',(0.,1.,0.));
#2382=DIRECTION('',(1.,0.,0.));
#2383=DIRECTION('',(0.,1.,0.));
#2384=DIRECTION('',(1.,0.,0.));
#2385=DIRECTION('',(0.,1.,0.));
#2386=DIRECTION('',(0.,1.,0.));
#2387=DIRECTION('',(0.,1.,0.));
#2388=DIRECTION('',(0.,0.,1.));
#2389=DIRECTION('',(1.,0.,0.));
#2390=DIRECTION('',(1.,2.80346274917456E-16,0.));
#2391=DIRECTION('',(0.,1.,0.));
#2392=DIRECTION('',(1.,0.,0.));
#2393=DIRECTION('',(0.,1.,0.));
#2394=DIRECTION('',(0.,1.,0.));
#2395=DIRECTION('',(0.,1.,0.));
#2396=DIRECTION('',(0.,0.,1.));
#2397=DIRECTION('',(1.,0.,0.));
#2398=DIRECTION('',(1.,2.80346274917456E-16,0.));
#2399=DIRECTION('',(0.,-1.,0.));
#2400=DIRECTION('',(1.,-2.80346274917456E-16,0.));
#2401=DIRECTION('',(0.,-1.,0.));
#2402=DIRECTION('',(1.,0.,0.));
#2403=DIRECTION('',(0.,1.,0.));
#2404=DIRECTION('',(1.,0.,0.));
#2405=DIRECTION('',(0.,1.,0.));
#2406=DIRECTION('',(-1.,0.,0.));
#2407=DIRECTION('',(0.,0.,1.));
#2408=DIRECTION('',(0.,1.,0.));
#2409=DIRECTION('',(0.,0.,1.));
#2410=DIRECTION('',(0.,1.,0.));
#2411=DIRECTION('',(0.,0.,1.));
#2412=DIRECTION('',(0.,-1.,0.));
#2413=DIRECTION('',(1.,0.,0.));
#2414=DIRECTION('',(0.,0.,1.));
#2415=DIRECTION('',(1.,0.,0.));
#2416=DIRECTION('',(1.,0.,0.));
#2417=DIRECTION('',(1.,0.,0.));
#2418=DIRECTION('',(0.,0.,1.));
#2419=DIRECTION('',(1.,0.,0.));
#2420=DIRECTION('',(-1.,0.,0.));
#2421=DIRECTION('',(0.,0.,1.));
#2422=DIRECTION('',(0.,0.,1.));
#2423=DIRECTION('',(0.,-1.,0.));
#2424=DIRECTION('',(0.,0.,1.));
#2425=DIRECTION('',(0.,-1.,0.));
#2426=DIRECTION('',(2.80346274917456E-16,-1.,0.));
#2427=DIRECTION('',(1.,2.80346274917456E-16,0.));
#2428=DIRECTION('',(1.,2.80346274917456E-16,0.));
#2429=DIRECTION('',(0.,0.,1.));
#2430=DIRECTION('',(0.,0.,1.));
#2431=DIRECTION('',(0.,0.,1.));
#2432=DIRECTION('',(0.,0.,1.));
#2433=DIRECTION('',(0.,0.,1.));
#2434=DIRECTION('',(0.,0.,1.));
#2435=DIRECTION('',(0.,0.,1.));
#2436=DIRECTION('',(0.,0.,1.));
#2437=DIRECTION('',(0.,0.,1.));
#2438=DIRECTION('',(0.,0.,1.));
#2439=DIRECTION('',(0.,0.,1.));
#2440=DIRECTION('',(0.,0.,1.));
#2441=DIRECTION('',(0.,0.,1.));
#2442=DIRECTION('',(0.,0.,1.));
#2443=DIRECTION('',(0.,0.,1.));
#2444=DIRECTION('',(0.,0.,1.));
#2445=DIRECTION('',(0.,0.,1.));
#2446=DIRECTION('',(0.,0.,1.));
#2447=DIRECTION('',(0.,0.,1.));
#2448=DIRECTION('',(0.,0.,1.));
#2449=DIRECTION('',(0.,0.,1.));
#2450=DIRECTION('',(1.,2.80346274917456E-16,0.));
#2451=DIRECTION('',(1.,2.80346274917456E-16,0.));
#2452=DIRECTION('',(1.,2.80346274917456E-16,0.));
#2453=DIRECTION('',(-1.,0.,0.));
#2454=DIRECTION('',(0.,0.,1.));
#2455=DIRECTION('',(0.,-1.,0.));
#2456=DIRECTION('',(0.,0.,1.));
#2457=DIRECTION('',(0.,0.,1.));
#2458=DIRECTION('',(1.,0.,0.));
#2459=DIRECTION('',(0.,-1.,0.));
#2460=DIRECTION('',(1.,-2.80346274917456E-16,0.));
#2461=DIRECTION('',(-1.,0.,0.));
#2462=DIRECTION('',(0.,0.,1.));
#2463=DIRECTION('',(0.,0.,1.));
#2464=DIRECTION('',(-1.,0.,0.));
#2465=DIRECTION('',(0.,0.,1.));
#2466=DIRECTION('',(0.,0.,1.));
#2467=DIRECTION('',(-1.,0.,0.));
#2468=DIRECTION('',(0.,0.,1.));
#2469=DIRECTION('',(0.,0.,1.));
#2470=DIRECTION('',(-1.,0.,0.));
#2471=DIRECTION('',(0.,0.,1.));
#2472=DIRECTION('',(0.,0.,1.));
#2473=DIRECTION('',(-1.,0.,0.));
#2474=DIRECTION('',(0.,0.,1.));
#2475=DIRECTION('',(0.,0.,1.));
#2476=DIRECTION('',(-1.,0.,0.));
#2477=DIRECTION('',(0.,0.,1.));
#2478=DIRECTION('',(0.,0.,1.));
#2479=DIRECTION('',(-1.,0.,0.));
#2480=DIRECTION('',(0.,0.,1.));
#2481=DIRECTION('',(0.,0.,1.));
#2482=DIRECTION('',(-1.,0.,0.));
#2483=DIRECTION('',(0.,0.,1.));
#2484=DIRECTION('',(0.,0.,1.));
#2485=DIRECTION('',(-1.,-7.70988211545247E-17,0.));
#2486=DIRECTION('',(7.70988211545247E-17,-1.,0.));
#2487=DIRECTION('',(0.,0.,1.));
#2488=DIRECTION('',(-1.,0.,0.));
#2489=DIRECTION('',(0.,0.,1.));
#2490=DIRECTION('',(0.,0.,1.));
#2491=DIRECTION('',(-1.,-7.70988211545247E-17,0.));
#2492=DIRECTION('',(7.70988211545247E-17,-1.,0.));
#2493=DIRECTION('',(0.,0.,1.));
#2494=DIRECTION('',(-1.,-6.26427921880514E-17,0.));
#2495=DIRECTION('',(6.26427921880514E-17,-1.,0.));
#2496=DIRECTION('',(0.,0.,1.));
#2497=DIRECTION('',(-1.,0.,0.));
#2498=DIRECTION('',(0.,0.,1.));
#2499=DIRECTION('',(0.,0.,1.));
#2500=DIRECTION('',(-1.,0.,0.));
#2501=DIRECTION('',(0.,0.,1.));
#2502=DIRECTION('',(0.,0.,1.));
#2503=DIRECTION('',(-1.,-3.08395284618099E-16,0.));
#2504=DIRECTION('',(3.08395284618099E-16,-1.,0.));
#2505=DIRECTION('',(0.,0.,1.));
#2506=DIRECTION('',(-1.,0.,0.));
#2507=DIRECTION('',(0.,0.,1.));
#2508=DIRECTION('',(0.,0.,1.));
#2509=DIRECTION('',(-1.,0.,0.));
#2510=DIRECTION('',(0.,0.,1.));
#2511=DIRECTION('',(0.,0.,1.));
#2512=DIRECTION('',(-1.,-3.08395284618099E-16,0.));
#2513=DIRECTION('',(3.08395284618099E-16,-1.,0.));
#2514=DIRECTION('',(0.,0.,1.));
#2515=DIRECTION('',(-1.,0.,0.));
#2516=DIRECTION('',(0.,0.,1.));
#2517=DIRECTION('',(0.,0.,1.));
#2518=DIRECTION('',(-1.,0.,0.));
#2519=DIRECTION('',(0.,0.,1.));
#2520=DIRECTION('',(0.,0.,1.));
#2521=DIRECTION('',(-1.,-2.80346274917456E-16,0.));
#2522=DIRECTION('',(2.80346274917456E-16,-1.,0.));
#2523=DIRECTION('',(-1.,-2.80346274917456E-16,0.));
#2524=DIRECTION('',(2.80346274917456E-16,-1.,0.));
#2525=DIRECTION('',(-0.707106781186548,0.707106781186547,0.));
#2526=DIRECTION('',(0.707106781186548,0.707106781186548,0.));
#2527=DIRECTION('',(0.770846018972328,2.16103809953843E-16,0.637021518501937));
#2528=DIRECTION('',(0.637021518501937,0.,-0.770846018972328));
#2529=DIRECTION('',(-0.999924867446112,2.16824142721472E-14,0.0122580366648068));
#2530=DIRECTION('',(0.0122580366648068,0.,0.999924867446112));
#2531=DIRECTION('',(0.74666648046962,2.09325166405385E-16,-0.665198592108485));
#2532=DIRECTION('',(-0.665198592108485,0.,-0.74666648046962));
#2533=DIRECTION('',(0.999996347798814,0.,-0.00270266332235477));
#2534=DIRECTION('',(-0.00270266332235477,0.,-0.999996347798814));
#2535=DIRECTION('',(0.,1.,0.));
#2536=DIRECTION('',(0.,0.,1.));
#2537=DIRECTION('',(0.,1.,0.));
#2538=DIRECTION('',(0.,0.,1.));
#2539=DIRECTION('',(0.,1.,0.));
#2540=DIRECTION('',(0.,0.,1.));
#2541=DIRECTION('',(0.770846018972311,0.,0.637021518501957));
#2542=DIRECTION('',(0.637021518501957,0.,-0.770846018972311));
#2543=DIRECTION('',(-1.,-2.80346274917456E-16,0.));
#2544=DIRECTION('',(2.80346274917456E-16,-1.,0.));
#2545=DIRECTION('',(-1.,-4.33680868994201E-15,0.));
#2546=DIRECTION('',(4.33680868994201E-15,-1.,0.));
#2547=DIRECTION('',(0.770846018972326,0.,0.63702151850194));
#2548=DIRECTION('',(0.63702151850194,0.,-0.770846018972326));
#2549=DIRECTION('',(-0.999924867446112,0.,0.0122580366647852));
#2550=DIRECTION('',(0.0122580366647852,0.,0.999924867446112));
#2551=DIRECTION('',(0.,1.,0.));
#2552=DIRECTION('',(0.,0.,1.));
#2553=DIRECTION('',(0.,1.,0.));
#2554=DIRECTION('',(0.,0.,1.));
#2555=DIRECTION('',(0.,1.,0.));
#2556=DIRECTION('',(0.,0.,1.));
#2557=DIRECTION('',(0.,-1.,0.));
#2558=DIRECTION('',(0.,0.,-1.));
#2559=DIRECTION('',(1.,0.,0.));
#2560=DIRECTION('',(0.,0.,-1.));
#2561=DIRECTION('',(-1.,0.,4.33680868994202E-15));
#2562=DIRECTION('',(4.33680868994202E-15,0.,1.));
#2563=DIRECTION('',(4.33680868994201E-15,-1.,0.));
#2564=DIRECTION('',(1.,4.33680868994201E-15,0.));
#2565=DIRECTION('',(0.770846018972436,1.97121983235482E-13,0.637021518501806));
#2566=DIRECTION('',(0.637021518501806,0.,-0.770846018972436));
#2567=DIRECTION('',(-0.999996347798814,0.,0.00270266332235477));
#2568=DIRECTION('',(0.00270266332235477,0.,0.999996347798814));
#2569=DIRECTION('',(0.74666648046962,0.,-0.665198592108485));
#2570=DIRECTION('',(-0.665198592108485,0.,-0.74666648046962));
#2571=DIRECTION('',(0.,1.,0.));
#2572=DIRECTION('',(0.,0.,1.));
#2573=DIRECTION('',(0.,-1.,0.));
#2574=DIRECTION('',(0.,0.,-1.));
#2575=DIRECTION('',(0.,-1.,0.));
#2576=DIRECTION('',(0.,0.,-1.));
#2577=DIRECTION('',(1.,0.,0.));
#2578=DIRECTION('',(0.,0.,-1.));
#2579=DIRECTION('',(1.,0.,0.));
#2580=DIRECTION('',(0.,0.,-1.));
#2581=DIRECTION('',(-1.,0.,0.));
#2582=DIRECTION('',(0.,0.,1.));
#2583=DIRECTION('',(0.,0.,1.));
#2584=DIRECTION('',(1.,0.,0.));
#2585=DIRECTION('',(0.,0.,1.));
#2586=DIRECTION('',(1.,0.,0.));
#2587=DIRECTION('',(0.,0.,-1.));
#2588=DIRECTION('',(-1.,0.,0.));
#2589=DIRECTION('',(0.,0.,-1.));
#2590=DIRECTION('',(-1.,0.,0.));
#2591=DIRECTION('',(0.,0.,-1.));
#2592=DIRECTION('',(-1.,0.,0.));
#2593=DIRECTION('',(0.,0.,1.));
#2594=DIRECTION('',(1.,0.,0.));
#2595=DIRECTION('',(0.,0.,-1.));
#2596=DIRECTION('',(-1.,0.,0.));
#2597=DIRECTION('',(-1.,0.,0.));
#2598=DIRECTION('',(0.,0.,1.));
#2599=DIRECTION('',(-1.,0.,0.));
#2600=DIRECTION('',(0.,0.,1.));
#2601=DIRECTION('',(-1.,0.,0.));
#2602=DIRECTION('',(0.,0.,1.));
#2603=DIRECTION('',(0.,-1.,0.));
#2604=DIRECTION('',(0.,0.,-1.));
#2605=DIRECTION('',(0.,-1.,0.));
#2606=DIRECTION('',(0.,0.,-1.));
#2607=DIRECTION('',(0.,-1.,0.));
#2608=DIRECTION('',(0.,0.,-1.));
#2609=DIRECTION('',(0.,-1.,0.));
#2610=DIRECTION('',(0.,0.,-1.));
#2611=DIRECTION('',(0.,-1.,0.));
#2612=DIRECTION('',(0.,-1.,0.));
#2613=DIRECTION('',(0.,-1.,0.));
#2614=DIRECTION('',(0.,0.,1.));
#2615=DIRECTION('',(1.,0.,0.));
#2616=DIRECTION('',(1.,0.,0.));
#2617=DIRECTION('',(0.,-1.,0.));
#2618=DIRECTION('',(1.,-2.80346274917456E-16,0.));
#2619=DIRECTION('',(0.,-1.,0.));
#2620=DIRECTION('',(0.,-1.,0.));
#2621=DIRECTION('',(0.,-1.,0.));
#2622=DIRECTION('',(0.,1.,0.));
#2623=DIRECTION('',(1.,0.,0.));
#2624=DIRECTION('',(1.,0.,0.));
#2625=DIRECTION('',(0.,0.,1.));
#2626=DIRECTION('',(1.,0.,0.));
#2627=DIRECTION('',(0.,0.,1.));
#2628=DIRECTION('',(1.,0.,0.));
#2629=DIRECTION('',(1.,0.,0.));
#2630=DIRECTION('',(2.80346274917456E-16,1.,0.));
#2631=DIRECTION('',(1.,-2.80346274917456E-16,0.));
#2632=DIRECTION('',(1.,-2.80346274917456E-16,0.));
#2633=DIRECTION('',(1.,-2.80346274917456E-16,0.));
#2634=DIRECTION('',(1.,-2.80346274917456E-16,0.));
#2635=DIRECTION('',(-1.,2.80346274917456E-16,0.));
#2636=DIRECTION('',(2.80346274917456E-16,1.,0.));
#2637=DIRECTION('',(-1.,2.80346274917456E-16,0.));
#2638=DIRECTION('',(-2.80346274917456E-16,-1.,0.));
#2639=DIRECTION('',(0.707106781186548,0.707106781186547,0.));
#2640=DIRECTION('',(-0.707106781186548,0.707106781186548,0.));
#2641=DIRECTION('',(0.770846018972328,-2.16103809953843E-16,0.637021518501937));
#2642=DIRECTION('',(0.637021518501937,0.,-0.770846018972328));
#2643=DIRECTION('',(0.999924867446112,2.16824142721472E-14,-0.0122580366648068));
#2644=DIRECTION('',(0.0122580366648068,0.,0.999924867446112));
#2645=DIRECTION('',(0.74666648046962,-2.09325166405385E-16,-0.665198592108485));
#2646=DIRECTION('',(-0.665198592108485,0.,-0.74666648046962));
#2647=DIRECTION('',(-0.999996347798814,0.,0.00270266332235477));
#2648=DIRECTION('',(-0.00270266332235477,0.,-0.999996347798814));
#2649=DIRECTION('',(0.,-1.,0.));
#2650=DIRECTION('',(0.,0.,1.));
#2651=DIRECTION('',(0.,-1.,0.));
#2652=DIRECTION('',(0.,0.,-1.));
#2653=DIRECTION('',(0.,-1.,0.));
#2654=DIRECTION('',(0.,0.,-1.));
#2655=DIRECTION('',(-0.770846018972311,0.,-0.637021518501957));
#2656=DIRECTION('',(0.637021518501957,0.,-0.770846018972311));
#2657=DIRECTION('',(-1.,2.80346274917456E-16,0.));
#2658=DIRECTION('',(2.80346274917456E-16,1.,0.));
#2659=DIRECTION('',(1.,-4.33680868994201E-15,0.));
#2660=DIRECTION('',(4.33680868994201E-15,1.,0.));
#2661=DIRECTION('',(0.770846018972326,0.,0.63702151850194));
#2662=DIRECTION('',(0.63702151850194,0.,-0.770846018972326));
#2663=DIRECTION('',(0.999924867446112,0.,-0.0122580366647852));
#2664=DIRECTION('',(0.0122580366647852,0.,0.999924867446112));
#2665=DIRECTION('',(0.,-1.,0.));
#2666=DIRECTION('',(0.,0.,1.));
#2667=DIRECTION('',(0.,1.,0.));
#2668=DIRECTION('',(0.,0.,1.));
#2669=DIRECTION('',(0.,-1.,0.));
#2670=DIRECTION('',(0.,0.,1.));
#2671=DIRECTION('',(0.,-1.,0.));
#2672=DIRECTION('',(0.,0.,-1.));
#2673=DIRECTION('',(1.,0.,0.));
#2674=DIRECTION('',(0.,0.,-1.));
#2675=DIRECTION('',(1.,0.,-4.33680868994202E-15));
#2676=DIRECTION('',(4.33680868994202E-15,0.,1.));
#2677=DIRECTION('',(4.33680868994201E-15,1.,0.));
#2678=DIRECTION('',(1.,-4.33680868994201E-15,0.));
#2679=DIRECTION('',(-0.770846018972436,1.97121983235482E-13,-0.637021518501806));
#2680=DIRECTION('',(0.637021518501806,0.,-0.770846018972436));
#2681=DIRECTION('',(0.999996347798814,0.,-0.00270266332235477));
#2682=DIRECTION('',(0.00270266332235477,0.,0.999996347798814));
#2683=DIRECTION('',(0.74666648046962,0.,-0.665198592108485));
#2684=DIRECTION('',(-0.665198592108485,0.,-0.74666648046962));
#2685=DIRECTION('',(1.,0.,0.));
#2686=DIRECTION('',(0.,0.,-1.));
#2687=DIRECTION('',(1.,0.,0.));
#2688=DIRECTION('',(0.,0.,-1.));
#2689=DIRECTION('',(1.,0.,0.));
#2690=DIRECTION('',(0.,0.,1.));
#2691=DIRECTION('',(0.,0.,1.));
#2692=DIRECTION('',(1.,0.,0.));
#2693=DIRECTION('',(0.,0.,-1.));
#2694=DIRECTION('',(1.,0.,0.));
#2695=DIRECTION('',(0.,0.,-1.));
#2696=DIRECTION('',(-1.,0.,0.));
#2697=DIRECTION('',(0.,0.,-1.));
#2698=DIRECTION('',(-1.,0.,0.));
#2699=DIRECTION('',(0.,0.,-1.));
#2700=DIRECTION('',(-1.,0.,0.));
#2701=DIRECTION('',(0.,0.,1.));
#2702=DIRECTION('',(1.,0.,0.));
#2703=DIRECTION('',(0.,0.,1.));
#2704=DIRECTION('',(-1.,0.,0.));
#2705=DIRECTION('',(-1.,0.,0.));
#2706=DIRECTION('',(0.,0.,1.));
#2707=DIRECTION('',(-1.,0.,0.));
#2708=DIRECTION('',(0.,0.,1.));
#2709=DIRECTION('',(1.,0.,0.));
#2710=DIRECTION('',(0.,0.,1.));
#2711=DIRECTION('',(0.,1.,0.));
#2712=DIRECTION('',(0.,0.,-1.));
#2713=DIRECTION('',(0.,1.,0.));
#2714=DIRECTION('',(0.,0.,1.));
#2715=DIRECTION('',(0.,0.,1.));
#2716=DIRECTION('',(1.,0.,0.));
#2717=DIRECTION('',(9.73588855840804E-15,1.,-8.67361737988403E-15));
#2718=DIRECTION('',(-1.,9.73588855840804E-15,0.));
#2719=DIRECTION('',(0.,-1.,0.));
#2720=DIRECTION('',(0.,0.,-1.));
#2721=DIRECTION('',(0.,1.,0.));
#2722=DIRECTION('',(0.,0.,1.));
#2723=DIRECTION('',(0.,0.,1.));
#2724=DIRECTION('',(1.,0.,0.));
#2725=DIRECTION('',(0.,0.,1.));
#2726=DIRECTION('',(1.,0.,0.));
#2727=DIRECTION('',(-1.63423908690673E-14,-1.,-8.67361737988368E-15));
#2728=DIRECTION('',(1.,-1.63423908690673E-14,0.));
#2729=DIRECTION('',(0.,1.,0.));
#2730=DIRECTION('',(0.,0.,1.));
#2731=DIRECTION('',(-3.89435542336304E-14,-1.,3.46944695195351E-14));
#2732=DIRECTION('',(1.,-3.89435542336304E-14,0.));
#2733=DIRECTION('',(0.,0.,1.));
#2734=DIRECTION('',(1.,0.,0.));
#2735=DIRECTION('',(0.,0.,1.));
#2736=DIRECTION('',(1.,0.,0.));
#2737=DIRECTION('',(1.,0.,0.));
#2738=DIRECTION('',(0.,0.,-1.));
#2739=DIRECTION('',(0.,0.,1.));
#2740=DIRECTION('',(1.,0.,0.));
#2741=DIRECTION('',(1.,-8.67361737988401E-15,-8.67361737988407E-15));
#2742=DIRECTION('',(-8.67361737988407E-15,0.,-1.));
#2743=DIRECTION('',(-1.,2.80346274917456E-16,0.));
#2744=DIRECTION('',(-2.80346274917456E-16,-1.,0.));
#2745=DIRECTION('',(0.707106781186548,-0.707106781186548,0.));
#2746=DIRECTION('',(-0.707106781186548,-0.707106781186547,0.));
#2747=DIRECTION('',(-1.,-2.80346274917456E-16,0.));
#2748=DIRECTION('',(2.80346274917456E-16,-1.,0.));
#2749=DIRECTION('',(-0.707106781186548,-0.707106781186548,0.));
#2750=DIRECTION('',(0.707106781186548,-0.707106781186547,0.));
#2751=DIRECTION('',(0.,-1.,0.));
#2752=DIRECTION('',(0.,0.,-1.));
#2753=DIRECTION('',(0.,0.,1.));
#2754=DIRECTION('',(1.,0.,0.));
#2755=DIRECTION('',(1.,-1.37043154602013E-12,-1.37043154602013E-12));
#2756=DIRECTION('',(-1.37043154602013E-12,0.,-1.));
#2757=DIRECTION('',(1.,0.,0.));
#2758=DIRECTION('',(0.,0.,-1.));
#2759=DIRECTION('',(1.,0.,0.));
#2760=DIRECTION('',(0.,0.,-1.));
#2761=DIRECTION('',(0.,0.,1.));
#2762=DIRECTION('',(1.,0.,0.));
#2763=DIRECTION('',(0.,-1.,0.));
#2764=DIRECTION('',(0.,0.,-1.));
#2765=DIRECTION('',(0.,-1.,0.));
#2766=DIRECTION('',(0.,0.,-1.));
#2767=DIRECTION('',(0.,-1.,0.));
#2768=DIRECTION('',(0.,0.,-1.));
#2769=DIRECTION('',(0.,0.,1.));
#2770=DIRECTION('',(1.,0.,0.));
#2771=DIRECTION('',(-1.,0.,0.));
#2772=DIRECTION('',(0.,0.,1.));
#2773=DIRECTION('',(1.,0.,0.));
#2774=DIRECTION('',(0.,0.,-1.));
#2775=DIRECTION('',(-1.,0.,0.));
#2776=DIRECTION('',(0.,0.,1.));
#2777=DIRECTION('',(0.,0.,1.));
#2778=DIRECTION('',(1.,0.,0.));
#2779=DIRECTION('',(0.,0.,1.));
#2780=DIRECTION('',(1.,0.,0.));
#2781=DIRECTION('',(0.,-1.,0.));
#2782=DIRECTION('',(0.,0.,-1.));
#2783=DIRECTION('',(0.,1.,0.));
#2784=DIRECTION('',(0.,0.,1.));
#2785=DIRECTION('',(0.,-1.,0.));
#2786=DIRECTION('',(0.,0.,-1.));
#2787=DIRECTION('',(0.,0.,1.));
#2788=DIRECTION('',(1.,0.,0.));
#2789=CARTESIAN_POINT('',(0.,0.,0.));
#2790=CARTESIAN_POINT('',(-0.0008,-0.0098,-0.0028));
#2791=CARTESIAN_POINT('',(-0.02383892,-0.009,-0.0028));
#2792=CARTESIAN_POINT('',(-0.02383892,0.018,-0.0028));
#2793=CARTESIAN_POINT('',(-0.02383892,-0.018,-0.0028));
#2794=CARTESIAN_POINT('',(0.,0.018,-0.0028));
#2795=CARTESIAN_POINT('',(-0.02742292,0.018,-0.0028));
#2796=CARTESIAN_POINT('',(-0.02742292,-0.009,-0.0028));
#2797=CARTESIAN_POINT('',(-0.02742292,-0.018,-0.0028));
#2798=CARTESIAN_POINT('',(0.,-0.018,-0.0028));
#2799=CARTESIAN_POINT('',(-0.0008,-0.0098,-0.0028));
#2800=CARTESIAN_POINT('',(-0.01705492,-0.009,-0.0028));
#2801=CARTESIAN_POINT('',(-0.01705492,0.018,-0.0028));
#2802=CARTESIAN_POINT('',(-0.01705492,-0.018,-0.0028));
#2803=CARTESIAN_POINT('',(0.,0.018,-0.0028));
#2804=CARTESIAN_POINT('',(-0.02063892,0.018,-0.0028));
#2805=CARTESIAN_POINT('',(-0.02063892,-0.009,-0.0028));
#2806=CARTESIAN_POINT('',(-0.02063892,-0.018,-0.0028));
#2807=CARTESIAN_POINT('',(0.,-0.018,-0.0028));
#2808=CARTESIAN_POINT('',(-0.0008,-0.0098,-0.0028));
#2809=CARTESIAN_POINT('',(-0.01027092,-0.009,-0.0028));
#2810=CARTESIAN_POINT('',(-0.01027092,0.018,-0.0028));
#2811=CARTESIAN_POINT('',(-0.01027092,-0.018,-0.0028));
#2812=CARTESIAN_POINT('',(0.,0.018,-0.0028));
#2813=CARTESIAN_POINT('',(-0.01385492,0.018,-0.0028));
#2814=CARTESIAN_POINT('',(-0.01385492,-0.009,-0.0028));
#2815=CARTESIAN_POINT('',(-0.01385492,-0.018,-0.0028));
#2816=CARTESIAN_POINT('',(0.,-0.018,-0.0028));
#2817=CARTESIAN_POINT('',(-0.0008,-0.0098,-0.0028));
#2818=CARTESIAN_POINT('',(-0.00348692,-0.009,-0.0028));
#2819=CARTESIAN_POINT('',(-0.00348692,0.018,-0.0028));
#2820=CARTESIAN_POINT('',(-0.00348692,-0.018,-0.0028));
#2821=CARTESIAN_POINT('',(0.,0.018,-0.0028));
#2822=CARTESIAN_POINT('',(-0.00707092,0.018,-0.0028));
#2823=CARTESIAN_POINT('',(-0.00707092,-0.009,-0.0028));
#2824=CARTESIAN_POINT('',(-0.00707092,-0.018,-0.0028));
#2825=CARTESIAN_POINT('',(0.,-0.018,-0.0028));
#2826=CARTESIAN_POINT('',(-0.0008,-0.0098,-0.0028));
#2827=CARTESIAN_POINT('',(0.00329708,-0.009,-0.0028));
#2828=CARTESIAN_POINT('',(0.00329708,0.018,-0.0028));
#2829=CARTESIAN_POINT('',(0.00329708,-0.018,-0.0028));
#2830=CARTESIAN_POINT('',(0.,0.018,-0.0028));
#2831=CARTESIAN_POINT('',(-0.000286920000000012,0.018,-0.0028));
#2832=CARTESIAN_POINT('',(-0.000286920000000013,-0.009,-0.0028));
#2833=CARTESIAN_POINT('',(-0.000286920000000012,-0.018,-0.0028));
#2834=CARTESIAN_POINT('',(0.,-0.018,-0.0028));
#2835=CARTESIAN_POINT('',(-0.0008,-0.0098,-0.0028));
#2836=CARTESIAN_POINT('',(0.01008108,-0.009,-0.0028));
#2837=CARTESIAN_POINT('',(0.01008108,0.018,-0.0028));
#2838=CARTESIAN_POINT('',(0.01008108,-0.018,-0.0028));
#2839=CARTESIAN_POINT('',(0.,0.018,-0.0028));
#2840=CARTESIAN_POINT('',(0.00649708,0.018,-0.0028));
#2841=CARTESIAN_POINT('',(0.00649708,-0.009,-0.0028));
#2842=CARTESIAN_POINT('',(0.00649708,-0.018,-0.0028));
#2843=CARTESIAN_POINT('',(0.,-0.018,-0.0028));
#2844=CARTESIAN_POINT('',(-0.0008,-0.0098,-0.0028));
#2845=CARTESIAN_POINT('',(0.01686508,-0.009,-0.0028));
#2846=CARTESIAN_POINT('',(0.01686508,0.018,-0.0028));
#2847=CARTESIAN_POINT('',(0.01686508,-0.018,-0.0028));
#2848=CARTESIAN_POINT('',(0.,0.018,-0.0028));
#2849=CARTESIAN_POINT('',(0.01328108,0.018,-0.0028));
#2850=CARTESIAN_POINT('',(0.01328108,-0.009,-0.0028));
#2851=CARTESIAN_POINT('',(0.01328108,-0.018,-0.0028));
#2852=CARTESIAN_POINT('',(0.,-0.018,-0.0028));
#2853=CARTESIAN_POINT('',(-0.0008,-0.0098,-0.0028));
#2854=CARTESIAN_POINT('',(0.02364908,-0.009,-0.0028));
#2855=CARTESIAN_POINT('',(0.02364908,0.018,-0.0028));
#2856=CARTESIAN_POINT('',(0.02364908,-0.018,-0.0028));
#2857=CARTESIAN_POINT('',(0.,0.018,-0.0028));
#2858=CARTESIAN_POINT('',(0.02006508,0.018,-0.0028));
#2859=CARTESIAN_POINT('',(0.02006508,-0.009,-0.0028));
#2860=CARTESIAN_POINT('',(0.02006508,-0.018,-0.0028));
#2861=CARTESIAN_POINT('',(0.,-0.018,-0.0028));
#2862=CARTESIAN_POINT('',(-0.0008,-0.0098,-0.0028));
#2863=CARTESIAN_POINT('',(0.03043308,-0.009,-0.0028));
#2864=CARTESIAN_POINT('',(0.03043308,0.018,-0.0028));
#2865=CARTESIAN_POINT('',(0.03043308,-0.018,-0.0028));
#2866=CARTESIAN_POINT('',(0.,0.018,-0.0028));
#2867=CARTESIAN_POINT('',(0.02684908,0.018,-0.0028));
#2868=CARTESIAN_POINT('',(0.02684908,-0.009,-0.0028));
#2869=CARTESIAN_POINT('',(0.02684908,-0.018,-0.0028));
#2870=CARTESIAN_POINT('',(0.,-0.018,-0.0028));
#2871=CARTESIAN_POINT('',(-0.0008,-0.0098,-0.0028));
#2872=CARTESIAN_POINT('',(0.034651616,-0.009,-0.0028));
#2873=CARTESIAN_POINT('',(0.034651616,0.018,-0.0028));
#2874=CARTESIAN_POINT('',(0.034651616,-0.018,-0.0028));
#2875=CARTESIAN_POINT('',(0.,0.018,-0.0028));
#2876=CARTESIAN_POINT('',(0.03363308,0.018,-0.0028));
#2877=CARTESIAN_POINT('',(0.03363308,-0.009,-0.0028));
#2878=CARTESIAN_POINT('',(0.03363308,-0.018,-0.0028));
#2879=CARTESIAN_POINT('',(0.,-0.018,-0.0028));
#2880=CARTESIAN_POINT('',(5.55111512312578E-18,-0.0196,-0.0036));
#2881=CARTESIAN_POINT('',(5.55111512312578E-18,0.018,-0.0036));
#2882=CARTESIAN_POINT('',(-0.03062292,0.018,-0.0036));
#2883=CARTESIAN_POINT('',(-0.02742292,0.018,-0.0036));
#2884=CARTESIAN_POINT('',(-0.03062292,-0.0196,-0.0036));
#2885=CARTESIAN_POINT('',(-0.03062292,-0.018,-0.0036));
#2886=CARTESIAN_POINT('',(5.55111512312578E-18,-0.018,-0.0036));
#2887=CARTESIAN_POINT('',(-0.02742292,-0.018,-0.0036));
#2888=CARTESIAN_POINT('',(-0.02742292,-0.0196,-0.0036));
#2889=CARTESIAN_POINT('',(5.55111512312578E-18,0.018,-0.0036));
#2890=CARTESIAN_POINT('',(-0.02383892,0.018,-0.0036));
#2891=CARTESIAN_POINT('',(-0.02063892,0.018,-0.0036));
#2892=CARTESIAN_POINT('',(-0.02383892,-0.0196,-0.0036));
#2893=CARTESIAN_POINT('',(-0.02383892,-0.018,-0.0036));
#2894=CARTESIAN_POINT('',(5.55111512312578E-18,-0.018,-0.0036));
#2895=CARTESIAN_POINT('',(-0.02063892,-0.018,-0.0036));
#2896=CARTESIAN_POINT('',(-0.02063892,-0.0196,-0.0036));
#2897=CARTESIAN_POINT('',(5.55111512312578E-18,0.018,-0.0036));
#2898=CARTESIAN_POINT('',(-0.01705492,0.018,-0.0036));
#2899=CARTESIAN_POINT('',(-0.01385492,0.018,-0.0036));
#2900=CARTESIAN_POINT('',(-0.01705492,-0.0196,-0.0036));
#2901=CARTESIAN_POINT('',(-0.01705492,-0.018,-0.0036));
#2902=CARTESIAN_POINT('',(5.55111512312578E-18,-0.018,-0.0036));
#2903=CARTESIAN_POINT('',(-0.01385492,-0.018,-0.0036));
#2904=CARTESIAN_POINT('',(-0.01385492,-0.0196,-0.0036));
#2905=CARTESIAN_POINT('',(5.55111512312578E-18,0.018,-0.0036));
#2906=CARTESIAN_POINT('',(-0.01027092,0.018,-0.0036));
#2907=CARTESIAN_POINT('',(-0.00707092,0.018,-0.0036));
#2908=CARTESIAN_POINT('',(-0.01027092,-0.0196,-0.0036));
#2909=CARTESIAN_POINT('',(-0.01027092,-0.018,-0.0036));
#2910=CARTESIAN_POINT('',(5.55111512312578E-18,-0.018,-0.0036));
#2911=CARTESIAN_POINT('',(-0.00707092,-0.018,-0.0036));
#2912=CARTESIAN_POINT('',(-0.00707092,-0.0196,-0.0036));
#2913=CARTESIAN_POINT('',(5.55111512312578E-18,0.018,-0.0036));
#2914=CARTESIAN_POINT('',(-0.00348692,0.018,-0.0036));
#2915=CARTESIAN_POINT('',(-0.000286920000000012,0.018,-0.0036));
#2916=CARTESIAN_POINT('',(-0.00348692,-0.0196,-0.0036));
#2917=CARTESIAN_POINT('',(-0.00348692,-0.018,-0.0036));
#2918=CARTESIAN_POINT('',(5.55111512312578E-18,-0.018,-0.0036));
#2919=CARTESIAN_POINT('',(-0.000286920000000012,-0.018,-0.0036));
#2920=CARTESIAN_POINT('',(-0.000286920000000012,-0.0196,-0.0036));
#2921=CARTESIAN_POINT('',(5.55111512312578E-18,0.018,-0.0036));
#2922=CARTESIAN_POINT('',(0.00329708,0.018,-0.0036));
#2923=CARTESIAN_POINT('',(0.00649708,0.018,-0.0036));
#2924=CARTESIAN_POINT('',(0.00329708,-0.0196,-0.0036));
#2925=CARTESIAN_POINT('',(0.00329708,-0.018,-0.0036));
#2926=CARTESIAN_POINT('',(5.55111512312578E-18,-0.018,-0.0036));
#2927=CARTESIAN_POINT('',(0.00649708,-0.018,-0.0036));
#2928=CARTESIAN_POINT('',(0.00649708,-0.0196,-0.0036));
#2929=CARTESIAN_POINT('',(5.55111512312578E-18,0.018,-0.0036));
#2930=CARTESIAN_POINT('',(0.01008108,0.018,-0.0036));
#2931=CARTESIAN_POINT('',(0.01328108,0.018,-0.0036));
#2932=CARTESIAN_POINT('',(0.01008108,-0.0196,-0.0036));
#2933=CARTESIAN_POINT('',(0.01008108,-0.018,-0.0036));
#2934=CARTESIAN_POINT('',(5.55111512312578E-18,-0.018,-0.0036));
#2935=CARTESIAN_POINT('',(0.01328108,-0.018,-0.0036));
#2936=CARTESIAN_POINT('',(0.01328108,-0.0196,-0.0036));
#2937=CARTESIAN_POINT('',(5.55111512312578E-18,0.018,-0.0036));
#2938=CARTESIAN_POINT('',(0.01686508,0.018,-0.0036));
#2939=CARTESIAN_POINT('',(0.02006508,0.018,-0.0036));
#2940=CARTESIAN_POINT('',(0.01686508,-0.0196,-0.0036));
#2941=CARTESIAN_POINT('',(0.01686508,-0.018,-0.0036));
#2942=CARTESIAN_POINT('',(5.55111512312578E-18,-0.018,-0.0036));
#2943=CARTESIAN_POINT('',(0.02006508,-0.018,-0.0036));
#2944=CARTESIAN_POINT('',(0.02006508,-0.0196,-0.0036));
#2945=CARTESIAN_POINT('',(5.55111512312578E-18,0.018,-0.0036));
#2946=CARTESIAN_POINT('',(0.02364908,0.018,-0.0036));
#2947=CARTESIAN_POINT('',(0.02684908,0.018,-0.0036));
#2948=CARTESIAN_POINT('',(0.02364908,-0.0196,-0.0036));
#2949=CARTESIAN_POINT('',(0.02364908,-0.018,-0.0036));
#2950=CARTESIAN_POINT('',(5.55111512312578E-18,-0.018,-0.0036));
#2951=CARTESIAN_POINT('',(0.02684908,-0.018,-0.0036));
#2952=CARTESIAN_POINT('',(0.02684908,-0.0196,-0.0036));
#2953=CARTESIAN_POINT('',(5.55111512312578E-18,0.018,-0.0036));
#2954=CARTESIAN_POINT('',(0.03043308,0.018,-0.0036));
#2955=CARTESIAN_POINT('',(0.03363308,0.018,-0.0036));
#2956=CARTESIAN_POINT('',(0.03043308,-0.0196,-0.0036));
#2957=CARTESIAN_POINT('',(0.03043308,-0.018,-0.0036));
#2958=CARTESIAN_POINT('',(5.55111512312578E-18,-0.018,-0.0036));
#2959=CARTESIAN_POINT('',(0.03363308,-0.018,-0.0036));
#2960=CARTESIAN_POINT('',(0.03363308,-0.0196,-0.0036));
#2961=CARTESIAN_POINT('',(-0.036251616,0.01928,-0.0036));
#2962=CARTESIAN_POINT('',(0.035931616,0.01928,-0.0036));
#2963=CARTESIAN_POINT('',(-0.035931616,0.01928,-0.0036));
#2964=CARTESIAN_POINT('',(0.035931616,-0.0196,-0.0036));
#2965=CARTESIAN_POINT('',(0.035931616,-0.01928,-0.0036));
#2966=CARTESIAN_POINT('',(-0.036251616,-0.01928,-0.0036));
#2967=CARTESIAN_POINT('',(-0.035931616,-0.01928,-0.0036));
#2968=CARTESIAN_POINT('',(-0.035931616,0.,-0.0036));
#2969=CARTESIAN_POINT('',(0.036251616,-0.0196,-0.0018));
#2970=CARTESIAN_POINT('',(0.036251616,0.01928,-0.0036));
#2971=CARTESIAN_POINT('',(0.036251616,0.01928,0.00328));
#2972=CARTESIAN_POINT('',(0.036251616,0.01928,-0.00328));
#2973=CARTESIAN_POINT('',(0.036251616,-0.01928,0.00328));
#2974=CARTESIAN_POINT('',(0.036251616,-0.01928,0.00328));
#2975=CARTESIAN_POINT('',(0.036251616,-0.01928,-0.0036));
#2976=CARTESIAN_POINT('',(0.036251616,-0.01928,-0.00328));
#2977=CARTESIAN_POINT('',(0.036251616,-0.0196,-0.00328));
#2978=CARTESIAN_POINT('',(0.0251928231104784,-0.0196,0.0036));
#2979=CARTESIAN_POINT('',(0.0142551536718905,0.0196,0.0036));
#2980=CARTESIAN_POINT('',(0.0142551536718905,0.01832,0.0036));
#2981=CARTESIAN_POINT('',(0.0142551536718905,0.01928,0.0036));
#2982=CARTESIAN_POINT('',(0.034651616,0.01832,0.0036));
#2983=CARTESIAN_POINT('',(0.034971616,0.01832,0.0036));
#2984=CARTESIAN_POINT('',(0.034971616,-0.0196,0.0036));
#2985=CARTESIAN_POINT('',(0.034971616,-0.01832,0.0036));
#2986=CARTESIAN_POINT('',(0.0145968233649622,-0.01832,0.0036));
#2987=CARTESIAN_POINT('',(0.0142551536718905,-0.01832,0.0036));
#2988=CARTESIAN_POINT('',(0.0142551536718905,-0.0196,0.0036));
#2989=CARTESIAN_POINT('',(0.0142551536718905,-0.01928,0.0036));
#2990=CARTESIAN_POINT('',(0.0251928231104784,-0.01928,0.0036));
#2991=CARTESIAN_POINT('',(0.035931616,-0.01928,0.0036));
#2992=CARTESIAN_POINT('',(0.035931616,0.01928,0.0036));
#2993=CARTESIAN_POINT('',(0.035931616,0.01928,0.0036));
#2994=CARTESIAN_POINT('',(0.0251928231104784,0.01928,0.0036));
#2995=CARTESIAN_POINT('',(0.012083872000618,-0.01928,0.00285814921875252));
#2996=CARTESIAN_POINT('',(0.012083872000618,-0.01832,0.00285814921875252));
#2997=CARTESIAN_POINT('',(0.012884720759225,-0.01928,0.00284833164768746));
#2998=CARTESIAN_POINT('',(0.012884720759225,-0.01832,0.00284833164768746));
#2999=CARTESIAN_POINT('',(0.0136606135005688,-0.01928,0.00320380464926459));
#3000=CARTESIAN_POINT('',(0.0136606135005688,-0.01832,0.00320380464926459));
#3001=CARTESIAN_POINT('',(0.0140513067860573,-0.01928,0.00352667072614342));
#3002=CARTESIAN_POINT('',(0.0140513067860573,-0.01832,0.00352667072614342));
#3003=CARTESIAN_POINT('',(0.0140513067859698,-0.01928,0.00352667072607114));
#3004=CARTESIAN_POINT('',(0.0140513067859698,-0.01928,0.00352667072607114));
#3005=CARTESIAN_POINT('',(0.0140513067859698,-0.01832,0.00352667072607114));
#3006=CARTESIAN_POINT('',(0.0140513067859698,-0.01832,0.00352667072607114));
#3007=CARTESIAN_POINT('',(0.0137773876053607,-0.01832,0.00330030591636691));
#3008=CARTESIAN_POINT('',(0.0131288145942379,-0.01832,0.0029850643291317));
#3009=CARTESIAN_POINT('',(0.0124395395992597,-0.01832,0.00285378910470142));
#3010=CARTESIAN_POINT('',(0.012083872000618,-0.01832,0.00285814921875252));
#3011=CARTESIAN_POINT('',(0.012083872000618,-0.01832,0.00285814921875252));
#3012=CARTESIAN_POINT('',(0.012083872000618,-0.0196,0.00285814921875252));
#3013=CARTESIAN_POINT('',(0.012083872000618,-0.01928,0.00285814921875252));
#3014=CARTESIAN_POINT('',(0.012083872000618,-0.01928,0.00285814921875252));
#3015=CARTESIAN_POINT('',(0.0124335442750648,-0.01928,0.00285386260112719));
#3016=CARTESIAN_POINT('',(0.0131318128437771,-0.01928,0.00298502775867043));
#3017=CARTESIAN_POINT('',(0.0137773876917054,-0.01928,0.00330030598774428));
#3018=CARTESIAN_POINT('',(0.0140513067859697,-0.01928,0.00352667072607108));
#3019=CARTESIAN_POINT('',(0.0100849175028934,-0.01928,0.0036));
#3020=CARTESIAN_POINT('',(0.0100849175028934,-0.01832,0.0036));
#3021=CARTESIAN_POINT('',(0.0103679193962019,-0.01928,0.00327618766345979));
#3022=CARTESIAN_POINT('',(0.0103679193962019,-0.01832,0.00327618766345979));
#3023=CARTESIAN_POINT('',(0.0112388456039504,-0.01928,0.00286850836161444));
#3024=CARTESIAN_POINT('',(0.0112388456039504,-0.01832,0.00286850836161444));
#3025=CARTESIAN_POINT('',(0.012083872000618,-0.01928,0.00285814921875252));
#3026=CARTESIAN_POINT('',(0.012083872000618,-0.01832,0.00285814921875252));
#3027=CARTESIAN_POINT('',(0.012083872000618,-0.01832,0.00285814921875252));
#3028=CARTESIAN_POINT('',(0.0117219798015203,-0.01832,0.00286258885888547));
#3029=CARTESIAN_POINT('',(0.011179417805548,-0.01832,0.00297184361145078));
#3030=CARTESIAN_POINT('',(0.010515685335995,-0.01832,0.00326394732614715));
#3031=CARTESIAN_POINT('',(0.0102055888745426,-0.01832,0.00346192714702213));
#3032=CARTESIAN_POINT('',(0.0100849175028934,-0.01832,0.0036));
#3033=CARTESIAN_POINT('',(0.0100849175028934,-0.01832,0.0036));
#3034=CARTESIAN_POINT('',(0.0100849175028934,-0.0196,0.0036));
#3035=CARTESIAN_POINT('',(0.0100849175028934,-0.01928,0.0036));
#3036=CARTESIAN_POINT('',(0.0100849175028934,-0.01928,0.0036));
#3037=CARTESIAN_POINT('',(0.0102050221942273,-0.01928,0.00346257554578312));
#3038=CARTESIAN_POINT('',(0.0105158260322941,-0.01928,0.00326365376954803));
#3039=CARTESIAN_POINT('',(0.0111798488613097,-0.01928,0.00297201395194639));
#3040=CARTESIAN_POINT('',(0.011719404170991,-0.01928,0.00286261721446315));
#3041=CARTESIAN_POINT('',(0.012083872000618,-0.01928,0.00285814921875252));
#3042=CARTESIAN_POINT('',(1.28009309625546E-5,-0.0196,0.0036));
#3043=CARTESIAN_POINT('',(-0.0100593156409683,-0.01832,0.0036));
#3044=CARTESIAN_POINT('',(-0.00993819219003466,-0.01832,0.0036));
#3045=CARTESIAN_POINT('',(-0.00993819219003466,-0.0196,0.0036));
#3046=CARTESIAN_POINT('',(-0.00993819219003466,-0.01928,0.0036));
#3047=CARTESIAN_POINT('',(1.28009309625546E-5,-0.01928,0.0036));
#3048=CARTESIAN_POINT('',(-0.012083872,-0.01928,0.00285795740783215));
#3049=CARTESIAN_POINT('',(-0.012083872,-0.01832,0.00285795740783215));
#3050=CARTESIAN_POINT('',(-0.0112921094443214,-0.01928,0.00285581753239765));
#3051=CARTESIAN_POINT('',(-0.0112921094443214,-0.01832,0.00285581753239765));
#3052=CARTESIAN_POINT('',(-0.0105285676878852,-0.01928,0.00320724630499487));
#3053=CARTESIAN_POINT('',(-0.0105285676878852,-0.01832,0.00320724630499487));
#3054=CARTESIAN_POINT('',(-0.0101420390758662,-0.01928,0.00352667072614478));
#3055=CARTESIAN_POINT('',(-0.0101420390758662,-0.01832,0.00352667072614478));
#3056=CARTESIAN_POINT('',(-0.0101420390759553,-0.01928,0.00352667072607114));
#3057=CARTESIAN_POINT('',(-0.0101420390759553,-0.01928,0.00352667072607114));
#3058=CARTESIAN_POINT('',(-0.0101420390759553,-0.01832,0.00352667072607114));
#3059=CARTESIAN_POINT('',(-0.0101420390759553,-0.01832,0.00352667072607114));
#3060=CARTESIAN_POINT('',(-0.0104115449479752,-0.01832,0.00330395304234251));
#3061=CARTESIAN_POINT('',(-0.0110468757543571,-0.01832,0.00299172926189879));
#3062=CARTESIAN_POINT('',(-0.0117342818803961,-0.01832,0.00285701257998733));
#3063=CARTESIAN_POINT('',(-0.012083872,-0.01832,0.00285795740783215));
#3064=CARTESIAN_POINT('',(-0.012083872,-0.01832,0.00285795740783215));
#3065=CARTESIAN_POINT('',(-0.012083872,-0.0196,0.00285795740783215));
#3066=CARTESIAN_POINT('',(-0.012083872,-0.01928,0.00285795740783215));
#3067=CARTESIAN_POINT('',(-0.012083872,-0.01928,0.00285795740783215));
#3068=CARTESIAN_POINT('',(-0.0117367389181263,-0.01928,0.00285701922055734));
#3069=CARTESIAN_POINT('',(-0.0110456469791397,-0.01928,0.0029917260205785));
#3070=CARTESIAN_POINT('',(-0.0104115449104495,-0.01928,0.00330395307337636));
#3071=CARTESIAN_POINT('',(-0.0101420390759553,-0.01928,0.00352667072607114));
#3072=CARTESIAN_POINT('',(-0.0140273084404648,-0.01928,0.00351893327413311));
#3073=CARTESIAN_POINT('',(-0.0140273084404648,-0.01832,0.00351893327413311));
#3074=CARTESIAN_POINT('',(-0.0136790079559625,-0.01928,0.00320863543940808));
#3075=CARTESIAN_POINT('',(-0.0136790079559625,-0.01832,0.00320863543940808));
#3076=CARTESIAN_POINT('',(-0.012867614006883,-0.01928,0.00286007560634442));
#3077=CARTESIAN_POINT('',(-0.012867614006883,-0.01832,0.00286007560634442));
#3078=CARTESIAN_POINT('',(-0.012083872,-0.01928,0.00285795740783215));
#3079=CARTESIAN_POINT('',(-0.012083872,-0.01832,0.00285795740783215));
#3080=CARTESIAN_POINT('',(-0.012083872,-0.01832,0.00285795740783215));
#3081=CARTESIAN_POINT('',(-0.0124310275648619,-0.01832,0.00285889878793713));
#3082=CARTESIAN_POINT('',(-0.0131191420760874,-0.01832,0.00299653957365973));
#3083=CARTESIAN_POINT('',(-0.0137658414124117,-0.01832,0.00328599460138822));
#3084=CARTESIAN_POINT('',(-0.014027308440035,-0.01832,0.00351893327375026));
#3085=CARTESIAN_POINT('',(-0.014027308440035,-0.01832,0.00351893327375026));
#3086=CARTESIAN_POINT('',(-0.014027308440035,-0.01832,0.00351893327375027));
#3087=CARTESIAN_POINT('',(-0.014027308440035,-0.01928,0.00351893327375027));
#3088=CARTESIAN_POINT('',(-0.014027308440035,-0.01928,0.00351893327375027));
#3089=CARTESIAN_POINT('',(-0.0137658410075293,-0.01928,0.00328599424068202));
#3090=CARTESIAN_POINT('',(-0.0131178400878276,-0.01928,0.00299653769479796));
#3091=CARTESIAN_POINT('',(-0.0124336313016497,-0.01928,0.00285890269292074));
#3092=CARTESIAN_POINT('',(-0.012083872,-0.01928,0.00285795740783215));
#3093=CARTESIAN_POINT('',(-0.0251800221795158,-0.0196,0.0036));
#3094=CARTESIAN_POINT('',(-0.034651616,-0.01832,0.0036));
#3095=CARTESIAN_POINT('',(-0.0142401719895098,-0.01832,0.0036));
#3096=CARTESIAN_POINT('',(-0.034971616,-0.01832,0.0036));
#3097=CARTESIAN_POINT('',(-0.034971616,0.01832,0.0036));
#3098=CARTESIAN_POINT('',(-0.034971616,0.01832,0.0036));
#3099=CARTESIAN_POINT('',(-0.034651616,0.01832,0.0036));
#3100=CARTESIAN_POINT('',(-0.0142401719895098,0.01832,0.0036));
#3101=CARTESIAN_POINT('',(-0.0142401719895098,-0.0196,0.0036));
#3102=CARTESIAN_POINT('',(-0.0142401719895098,0.01928,0.0036));
#3103=CARTESIAN_POINT('',(-0.0251800221795158,0.01928,0.0036));
#3104=CARTESIAN_POINT('',(-0.035931616,0.01928,0.0036));
#3105=CARTESIAN_POINT('',(-0.035931616,-0.0196,0.0036));
#3106=CARTESIAN_POINT('',(-0.035931616,-0.01928,0.0036));
#3107=CARTESIAN_POINT('',(-0.0251800221795158,-0.01928,0.0036));
#3108=CARTESIAN_POINT('',(-0.0142401719895098,-0.01928,0.0036));
#3109=CARTESIAN_POINT('',(-0.0142401719895098,-0.0196,0.0036));
#3110=CARTESIAN_POINT('',(-0.036251616,-0.0196,-0.0018));
#3111=CARTESIAN_POINT('',(-0.036251616,-0.0196,0.00328));
#3112=CARTESIAN_POINT('',(-0.036251616,-0.01928,0.00328));
#3113=CARTESIAN_POINT('',(-0.036251616,0.01928,0.00328));
#3114=CARTESIAN_POINT('',(-0.036251616,0.01928,-0.0018));
#3115=CARTESIAN_POINT('',(-0.036251616,0.01928,-0.00328));
#3116=CARTESIAN_POINT('',(-0.036251616,-0.0196,-0.00328));
#3117=CARTESIAN_POINT('',(-0.036251616,-0.01928,-0.00328));
#3118=CARTESIAN_POINT('',(-0.036251616,-0.01928,-0.0018));
#3119=CARTESIAN_POINT('',(5.55111512312578E-18,-0.0196,-4.16333634234434E-18));
#3120=CARTESIAN_POINT('',(0.035931616,-0.0196,0.0036));
#3121=CARTESIAN_POINT('',(0.035931616,-0.0196,-0.00328));
#3122=CARTESIAN_POINT('',(0.035931616,-0.0196,0.00328));
#3123=CARTESIAN_POINT('',(5.55111512312578E-18,-0.0196,0.00328));
#3124=CARTESIAN_POINT('',(0.01425515367189,-0.0196,0.00327999999999964));
#3125=CARTESIAN_POINT('',(0.01425515367189,-0.0196,0.00327999999999963));
#3126=CARTESIAN_POINT('',(0.0139522352704789,-0.0196,0.00302967044610736));
#3127=CARTESIAN_POINT('',(0.0132366963341809,-0.0196,0.00267676758580002));
#3128=CARTESIAN_POINT('',(0.0124733588384077,-0.0196,0.00253335047185512));
#3129=CARTESIAN_POINT('',(0.0120799494288853,-0.0196,0.00253817326116976));
#3130=CARTESIAN_POINT('',(0.0120799494288853,-0.0196,0.00253817326116976));
#3131=CARTESIAN_POINT('',(0.0120799494288853,-0.0196,0.00253817326116976));
#3132=CARTESIAN_POINT('',(0.0116959858821418,-0.0196,0.00254288025405208));
#3133=CARTESIAN_POINT('',(0.0109425080690306,-0.0196,0.00269756047493448));
#3134=CARTESIAN_POINT('',(0.0102419933008901,-0.0196,0.00302269331459305));
#3135=CARTESIAN_POINT('',(0.00995317387241534,-0.0196,0.00328));
#3136=CARTESIAN_POINT('',(0.00995317387241534,-0.0196,0.00328));
#3137=CARTESIAN_POINT('',(5.55111512312578E-18,-0.0196,0.00328));
#3138=CARTESIAN_POINT('',(-0.00993819219003466,-0.0196,0.00328));
#3139=CARTESIAN_POINT('',(-0.00993819219003466,-0.0196,0.00328));
#3140=CARTESIAN_POINT('',(-0.0102362762824031,-0.0196,0.00303366548378237));
#3141=CARTESIAN_POINT('',(-0.010936984389485,-0.0196,0.00268429174947083));
#3142=CARTESIAN_POINT('',(-0.0116980662864513,-0.0196,0.00253691353236376));
#3143=CARTESIAN_POINT('',(-0.0120847368522632,-0.0196,0.00253795857653652));
#3144=CARTESIAN_POINT('',(-0.0120847368522632,-0.0196,0.00253795857653652));
#3145=CARTESIAN_POINT('',(-0.0120847368522632,-0.0196,0.00253795857653652));
#3146=CARTESIAN_POINT('',(-0.0124733083562796,-0.0196,0.00253900875832402));
#3147=CARTESIAN_POINT('',(-0.0132351616659789,-0.0196,0.00269080960677877));
#3148=CARTESIAN_POINT('',(-0.0139489863371803,-0.0196,0.00302058526659732));
#3149=CARTESIAN_POINT('',(-0.0142401719895098,-0.0196,0.00328));
#3150=CARTESIAN_POINT('',(-0.0142401719895098,-0.0196,0.00328));
#3151=CARTESIAN_POINT('',(5.55111512312578E-18,-0.0196,0.00328));
#3152=CARTESIAN_POINT('',(-0.035931616,-0.0196,0.00328));
#3153=CARTESIAN_POINT('',(-0.035931616,-0.0196,-4.16333634234434E-18));
#3154=CARTESIAN_POINT('',(-0.035931616,-0.0196,-0.00328));
#3155=CARTESIAN_POINT('',(0.036251616,-0.0196,-0.00328));
#3156=CARTESIAN_POINT('',(-0.034651616,-0.009,-0.0028));
#3157=CARTESIAN_POINT('',(-0.034651616,0.018,-0.0028));
#3158=CARTESIAN_POINT('',(-0.034651616,0.018,-0.0028));
#3159=CARTESIAN_POINT('',(-0.034651616,0.018,0.00328));
#3160=CARTESIAN_POINT('',(-0.034651616,-0.01832,0.00328));
#3161=CARTESIAN_POINT('',(-0.034651616,-0.018,0.00328));
#3162=CARTESIAN_POINT('',(-0.034651616,-0.018,-0.0028));
#3163=CARTESIAN_POINT('',(-0.034651616,-0.018,-0.0028));
#3164=CARTESIAN_POINT('',(-0.034651616,-0.009,-0.0028));
#3165=CARTESIAN_POINT('',(0.,-0.018,-0.0028));
#3166=CARTESIAN_POINT('',(0.0120799494288853,-0.018,0.00253817326116976));
#3167=CARTESIAN_POINT('',(0.0124733588384078,-0.018,0.00253335047185512));
#3168=CARTESIAN_POINT('',(0.0132366963341812,-0.018,0.00267676758580009));
#3169=CARTESIAN_POINT('',(0.0139522352704793,-0.018,0.00302967044610757));
#3170=CARTESIAN_POINT('',(0.0142551536718904,-0.018,0.00327999999999999));
#3171=CARTESIAN_POINT('',(0.0120799494288853,-0.018,0.00253817326116976));
#3172=CARTESIAN_POINT('',(0.0142551536718904,-0.018,0.00328));
#3173=CARTESIAN_POINT('',(0.034651616,-0.018,0.00328));
#3174=CARTESIAN_POINT('',(0.034651616,-0.018,0.00328));
#3175=CARTESIAN_POINT('',(0.034651616,-0.018,-0.0028));
#3176=CARTESIAN_POINT('',(0.03363308,-0.018,-0.0228));
#3177=CARTESIAN_POINT('',(0.03043308,-0.018,-0.0228));
#3178=CARTESIAN_POINT('',(0.02684908,-0.018,-0.0228));
#3179=CARTESIAN_POINT('',(0.02364908,-0.018,-0.0228));
#3180=CARTESIAN_POINT('',(0.02006508,-0.018,-0.0228));
#3181=CARTESIAN_POINT('',(0.01686508,-0.018,-0.0228));
#3182=CARTESIAN_POINT('',(0.01328108,-0.018,-0.0228));
#3183=CARTESIAN_POINT('',(0.01008108,-0.018,-0.0228));
#3184=CARTESIAN_POINT('',(0.00649708,-0.018,-0.0228));
#3185=CARTESIAN_POINT('',(0.00329708,-0.018,-0.0228));
#3186=CARTESIAN_POINT('',(-0.000286920000000012,-0.018,-0.0228));
#3187=CARTESIAN_POINT('',(-0.00348692,-0.018,-0.0228));
#3188=CARTESIAN_POINT('',(-0.00707092,-0.018,-0.0228));
#3189=CARTESIAN_POINT('',(-0.01027092,-0.018,-0.0228));
#3190=CARTESIAN_POINT('',(-0.01385492,-0.018,-0.0228));
#3191=CARTESIAN_POINT('',(-0.01705492,-0.018,-0.0228));
#3192=CARTESIAN_POINT('',(-0.02063892,-0.018,-0.0228));
#3193=CARTESIAN_POINT('',(-0.02383892,-0.018,-0.0228));
#3194=CARTESIAN_POINT('',(-0.02742292,-0.018,-0.0228));
#3195=CARTESIAN_POINT('',(-0.03062292,-0.018,-0.0228));
#3196=CARTESIAN_POINT('',(-0.03062292,-0.018,-0.0028));
#3197=CARTESIAN_POINT('',(0.,-0.018,-0.0028));
#3198=CARTESIAN_POINT('',(-0.0141084283590317,-0.018,0.00328));
#3199=CARTESIAN_POINT('',(-0.0142401719895098,-0.018,0.00328));
#3200=CARTESIAN_POINT('',(-0.0142401719895098,-0.018,0.00328));
#3201=CARTESIAN_POINT('',(-0.0139489863371798,-0.018,0.00302058526659799));
#3202=CARTESIAN_POINT('',(-0.0132351616659792,-0.018,0.00269080960677843));
#3203=CARTESIAN_POINT('',(-0.0124733083562796,-0.018,0.00253900875832402));
#3204=CARTESIAN_POINT('',(-0.0120847368522632,-0.018,0.00253795857653652));
#3205=CARTESIAN_POINT('',(-0.0120847368522632,-0.018,0.00253795857653652));
#3206=CARTESIAN_POINT('',(-0.0120847368522632,-0.018,0.00253795857653652));
#3207=CARTESIAN_POINT('',(-0.0116980662864513,-0.018,0.00253691353236376));
#3208=CARTESIAN_POINT('',(-0.010936984389485,-0.018,0.00268429174947082));
#3209=CARTESIAN_POINT('',(-0.0102362762824031,-0.018,0.00303366548378238));
#3210=CARTESIAN_POINT('',(-0.00993819219003465,-0.018,0.00328));
#3211=CARTESIAN_POINT('',(-0.00993819219003466,-0.018,0.00328));
#3212=CARTESIAN_POINT('',(0.0100849175028934,-0.018,0.00328));
#3213=CARTESIAN_POINT('',(0.00995317387241534,-0.018,0.00328));
#3214=CARTESIAN_POINT('',(0.00995317387241534,-0.018,0.00328));
#3215=CARTESIAN_POINT('',(0.0102408079354502,-0.018,0.00302374934622479));
#3216=CARTESIAN_POINT('',(0.0109444963751243,-0.018,0.00269651480220987));
#3217=CARTESIAN_POINT('',(0.0116962565086098,-0.018,0.00254287693645365));
#3218=CARTESIAN_POINT('',(0.0120799494288853,-0.018,0.00253817326116976));
#3219=CARTESIAN_POINT('',(0.034651616,-0.009,-0.0028));
#3220=CARTESIAN_POINT('',(0.034651616,-0.009,0.00328));
#3221=CARTESIAN_POINT('',(0.034651616,0.018,0.00328));
#3222=CARTESIAN_POINT('',(0.034651616,0.018,-0.0028));
#3223=CARTESIAN_POINT('',(-0.0008,-0.0098,-0.0028));
#3224=CARTESIAN_POINT('',(-0.03062292,-0.00366136059165001,-0.0028));
#3225=CARTESIAN_POINT('',(-0.03062292,0.018,-0.0028));
#3226=CARTESIAN_POINT('',(0.,0.018,-0.0028));
#3227=CARTESIAN_POINT('',(0.03043308,-0.009,-0.0228));
#3228=CARTESIAN_POINT('',(0.03043308,0.018,-0.0228));
#3229=CARTESIAN_POINT('',(0.03363308,-0.009,-0.0228));
#3230=CARTESIAN_POINT('',(0.03363308,0.018,-0.0228));
#3231=CARTESIAN_POINT('',(0.02364908,-0.009,-0.0228));
#3232=CARTESIAN_POINT('',(0.02364908,0.018,-0.0228));
#3233=CARTESIAN_POINT('',(0.02684908,-0.009,-0.0228));
#3234=CARTESIAN_POINT('',(0.02684908,0.018,-0.0228));
#3235=CARTESIAN_POINT('',(0.01686508,-0.009,-0.0228));
#3236=CARTESIAN_POINT('',(0.01686508,0.018,-0.0228));
#3237=CARTESIAN_POINT('',(0.02006508,-0.009,-0.0228));
#3238=CARTESIAN_POINT('',(0.02006508,0.018,-0.0228));
#3239=CARTESIAN_POINT('',(0.01008108,-0.009,-0.0228));
#3240=CARTESIAN_POINT('',(0.01008108,0.018,-0.0228));
#3241=CARTESIAN_POINT('',(0.01328108,-0.009,-0.0228));
#3242=CARTESIAN_POINT('',(0.01328108,0.018,-0.0228));
#3243=CARTESIAN_POINT('',(0.00329708,-0.009,-0.0228));
#3244=CARTESIAN_POINT('',(0.00329708,0.018,-0.0228));
#3245=CARTESIAN_POINT('',(0.00649708,-0.009,-0.0228));
#3246=CARTESIAN_POINT('',(0.00649708,0.018,-0.0228));
#3247=CARTESIAN_POINT('',(-0.00348692,-0.009,-0.0228));
#3248=CARTESIAN_POINT('',(-0.00348692,0.018,-0.0228));
#3249=CARTESIAN_POINT('',(-0.000286920000000013,-0.009,-0.0228));
#3250=CARTESIAN_POINT('',(-0.000286920000000012,0.018,-0.0228));
#3251=CARTESIAN_POINT('',(-0.01027092,-0.009,-0.0228));
#3252=CARTESIAN_POINT('',(-0.01027092,0.018,-0.0228));
#3253=CARTESIAN_POINT('',(-0.00707092,-0.009,-0.0228));
#3254=CARTESIAN_POINT('',(-0.00707092,0.018,-0.0228));
#3255=CARTESIAN_POINT('',(-0.01705492,-0.009,-0.0228));
#3256=CARTESIAN_POINT('',(-0.01705492,0.018,-0.0228));
#3257=CARTESIAN_POINT('',(-0.01385492,-0.009,-0.0228));
#3258=CARTESIAN_POINT('',(-0.01385492,0.018,-0.0228));
#3259=CARTESIAN_POINT('',(-0.02063892,-0.009,-0.0228));
#3260=CARTESIAN_POINT('',(-0.02063892,0.018,-0.0228));
#3261=CARTESIAN_POINT('',(-0.02383892,-0.009,-0.0228));
#3262=CARTESIAN_POINT('',(-0.02383892,0.018,-0.0228));
#3263=CARTESIAN_POINT('',(-0.03062292,-0.00366136059165001,-0.0228));
#3264=CARTESIAN_POINT('',(-0.03062292,0.018,-0.0228));
#3265=CARTESIAN_POINT('',(-0.02742292,-0.009,-0.0228));
#3266=CARTESIAN_POINT('',(-0.02742292,0.018,-0.0228));
#3267=CARTESIAN_POINT('',(8.9710807973586E-20,-0.01832,0.00328));
#3268=CARTESIAN_POINT('',(-0.0142401719895098,-0.01832,0.00328));
#3269=CARTESIAN_POINT('',(-0.034971616,-0.01832,0.00328));
#3270=CARTESIAN_POINT('',(0.012083872000618,-0.01832,0.00285814921875252));
#3271=CARTESIAN_POINT('',(0.012083872000618,-0.018,0.00285814921875252));
#3272=CARTESIAN_POINT('',(0.0120799494288853,-0.018,0.00253817326116976));
#3273=CARTESIAN_POINT('',(0.0124355761261639,-0.0183200000000007,0.00285383769275047));
#3274=CARTESIAN_POINT('',(0.0124355761261142,-0.018000000000042,0.0028538376867078));
#3275=CARTESIAN_POINT('',(0.0124733588403684,-0.018,0.00253335046047532));
#3276=CARTESIAN_POINT('',(0.013128330089922,-0.018320000000001,0.00297986019608712));
#3277=CARTESIAN_POINT('',(0.0131283301099347,-0.0180000000000185,0.00297986017496304));
#3278=CARTESIAN_POINT('',(0.0132366963639136,-0.018,0.00267676754488476));
#3279=CARTESIAN_POINT('',(0.0137952122623003,-0.0183199999999973,0.0033150360826627));
#3280=CARTESIAN_POINT('',(0.0137952122223245,-0.0179999999999209,0.00331503613095351));
#3281=CARTESIAN_POINT('',(0.0139522352090539,-0.018,0.00302967053931803));
#3282=CARTESIAN_POINT('',(0.0140513067859698,-0.01832,0.0035266707260711));
#3283=CARTESIAN_POINT('',(0.0140513067859698,-0.018,0.0035266707260711));
#3284=CARTESIAN_POINT('',(0.0142551536718904,-0.018,0.00327999999999995));
#3285=CARTESIAN_POINT('',(0.0142551536718904,-0.01832,0.00327999999999996));
#3286=CARTESIAN_POINT('',(0.0120799494288853,-0.01832,0.00253817326116976));
#3287=CARTESIAN_POINT('',(-0.0120847368522632,-0.018,0.00253795857653652));
#3288=CARTESIAN_POINT('',(-0.012083872,-0.018,0.00285795740783215));
#3289=CARTESIAN_POINT('',(-0.012083872,-0.01832,0.00285795740783215));
#3290=CARTESIAN_POINT('',(-0.012473345128016,-0.018,0.00253900888254949));
#3291=CARTESIAN_POINT('',(-0.0124307526131639,-0.0180000000000014,0.00285889493075563));
#3292=CARTESIAN_POINT('',(-0.0124307526132128,-0.018320000000002,0.00285889491276667));
#3293=CARTESIAN_POINT('',(-0.0132346330383627,-0.018,0.00269023911716071));
#3294=CARTESIAN_POINT('',(-0.0131278255605068,-0.0179999999999955,0.00298989675006388));
#3295=CARTESIAN_POINT('',(-0.0131278255411093,-0.018319999999999,0.00298989678080776));
#3296=CARTESIAN_POINT('',(-0.013950423330897,-0.018,0.00302186570827744));
#3297=CARTESIAN_POINT('',(-0.0137998766019232,-0.0180000000000076,0.00331631633001858));
#3298=CARTESIAN_POINT('',(-0.0137998766406694,-0.01832,0.00331631628651977));
#3299=CARTESIAN_POINT('',(-0.0142401719895098,-0.018,0.00327999999999999));
#3300=CARTESIAN_POINT('',(-0.0140273084400351,-0.018,0.00351893327375027));
#3301=CARTESIAN_POINT('',(-0.0140273084400351,-0.01832,0.00351893327375027));
#3302=CARTESIAN_POINT('',(-0.0142401719895098,-0.01832,0.00328));
#3303=CARTESIAN_POINT('',(-0.0120847368522632,-0.01832,0.00253795857653652));
#3304=CARTESIAN_POINT('',(0.0120799494288853,-0.018,0.00253817326116976));
#3305=CARTESIAN_POINT('',(0.012083872000618,-0.018,0.00285814921875252));
#3306=CARTESIAN_POINT('',(0.012083872000618,-0.01832,0.00285814921875252));
#3307=CARTESIAN_POINT('',(0.0118739414561246,-0.018,0.00254069871699586));
#3308=CARTESIAN_POINT('',(0.0118997029081692,-0.0180000000000437,0.00286040694917357));
#3309=CARTESIAN_POINT('',(0.01189970290803,-0.0183200000000032,0.00286040693987033));
#3310=CARTESIAN_POINT('',(0.0114669989611062,-0.018,0.00258690649077659));
#3311=CARTESIAN_POINT('',(0.0115297508814487,-0.0179999999999797,0.00290218393431168));
#3312=CARTESIAN_POINT('',(0.0115297508815134,-0.0183199999999985,0.00290218393863779));
#3313=CARTESIAN_POINT('',(0.0108713938117117,-0.018,0.00275350211437928));
#3314=CARTESIAN_POINT('',(0.0109810637411611,-0.0180000000000056,0.00305488303625773));
#3315=CARTESIAN_POINT('',(0.0109810637411434,-0.0183200000000004,0.0030548830350712));
#3316=CARTESIAN_POINT('',(0.0104014871321698,-0.018,0.00296444622920909));
#3317=CARTESIAN_POINT('',(0.0105475093570285,-0.0179999999999993,0.00325144207366412));
#3318=CARTESIAN_POINT('',(0.0105475093570308,-0.0183199999999999,0.00325144207381637));
#3319=CARTESIAN_POINT('',(0.0101003928257971,-0.018,0.00315738470857789));
#3320=CARTESIAN_POINT('',(0.0102868591143274,-0.0180000000000001,0.00341746063553031));
#3321=CARTESIAN_POINT('',(0.0102868591143272,-0.01832,0.00341746063551719));
#3322=CARTESIAN_POINT('',(0.00993962037495873,-0.018,0.00328813176431645));
#3323=CARTESIAN_POINT('',(0.0101504936182193,-0.018,0.00353060894275158));
#3324=CARTESIAN_POINT('',(0.0101504936182193,-0.01832,0.00353060894275419));
#3325=CARTESIAN_POINT('',(0.00986813150661485,-0.018,0.00336177340472766));
#3326=CARTESIAN_POINT('',(0.0101090791357975,-0.018,0.00357235412557191));
#3327=CARTESIAN_POINT('',(0.0101090791357976,-0.01832,0.00357235412557193));
#3328=CARTESIAN_POINT('',(0.00983427829950965,-0.018,0.00340050843212976));
#3329=CARTESIAN_POINT('',(0.0100752259286923,-0.018,0.00361108915297397));
#3330=CARTESIAN_POINT('',(0.0100752259286923,-0.01832,0.00361108915297397));
#3331=CARTESIAN_POINT('',(0.0100849175028934,-0.01832,0.0036));
#3332=CARTESIAN_POINT('',(0.0100849175028934,-0.0181440566261503,0.0036));
#3333=CARTESIAN_POINT('',(0.0100148993862594,-0.018,0.0034419632203577));
#3334=CARTESIAN_POINT('',(0.00995317387241534,-0.018,0.00328));
#3335=CARTESIAN_POINT('',(0.0142551536718905,-0.0188,0.00328));
#3336=CARTESIAN_POINT('',(0.0142551536718905,-0.01832,0.00328));
#3337=CARTESIAN_POINT('',(0.0142551536718905,-0.01928,0.00328));
#3338=CARTESIAN_POINT('',(-0.012083872,-0.01832,0.00285795740783215));
#3339=CARTESIAN_POINT('',(-0.012083872,-0.018,0.00285795740783215));
#3340=CARTESIAN_POINT('',(-0.0120847368522632,-0.018,0.00253795857653652));
#3341=CARTESIAN_POINT('',(-0.0117386339773699,-0.018320000000002,0.00285702434228315));
#3342=CARTESIAN_POINT('',(-0.0117386339773346,-0.0180000000000014,0.00285702435546739));
#3343=CARTESIAN_POINT('',(-0.0116979687560712,-0.018,0.00253691328658439));
#3344=CARTESIAN_POINT('',(-0.0110462553400607,-0.0183199999999993,0.00298676391636525));
#3345=CARTESIAN_POINT('',(-0.0110462553220405,-0.0180000000000158,0.00298676388793854));
#3346=CARTESIAN_POINT('',(-0.010936983055576,-0.018,0.00268406779584651));
#3347=CARTESIAN_POINT('',(-0.0103931996395707,-0.0183199999999993,0.00331911347120538));
#3348=CARTESIAN_POINT('',(-0.0103931996756463,-0.0179999999999669,0.00331911351487457));
#3349=CARTESIAN_POINT('',(-0.0102352745739821,-0.018,0.00303449342215016));
#3350=CARTESIAN_POINT('',(-0.0101420390759553,-0.01832,0.00352667072607113));
#3351=CARTESIAN_POINT('',(-0.0101420390759553,-0.018,0.00352667072607113));
#3352=CARTESIAN_POINT('',(-0.00993819219003466,-0.018,0.00327999999999999));
#3353=CARTESIAN_POINT('',(-0.00993819219003466,-0.01832,0.00328));
#3354=CARTESIAN_POINT('',(8.9710807973586E-20,-0.01832,0.00328));
#3355=CARTESIAN_POINT('',(-0.00993819219003466,-0.01832,0.00328));
#3356=CARTESIAN_POINT('',(0.0120799494288853,-0.0196,0.00253817326116976));
#3357=CARTESIAN_POINT('',(0.012083872000618,-0.0196,0.00285814921875252));
#3358=CARTESIAN_POINT('',(0.012083872000618,-0.01928,0.00285814921875252));
#3359=CARTESIAN_POINT('',(0.0124733588403684,-0.0196,0.00253335046047532));
#3360=CARTESIAN_POINT('',(0.0124355761260625,-0.0195999999999628,0.00285383768669839));
#3361=CARTESIAN_POINT('',(0.0124355761261639,-0.0192800000000027,0.00285383769275047));
#3362=CARTESIAN_POINT('',(0.0132366963639261,-0.0196,0.00267676754489564));
#3363=CARTESIAN_POINT('',(0.0131283301099429,-0.0196000000000193,0.0029798601749714));
#3364=CARTESIAN_POINT('',(0.0131283300899329,-0.0192799999999986,0.00297986019609617));
#3365=CARTESIAN_POINT('',(0.0139522352090287,-0.0196,0.00302967053929622));
#3366=CARTESIAN_POINT('',(0.0137952122223597,-0.0195999999999986,0.00331503613094617));
#3367=CARTESIAN_POINT('',(0.0137952122622783,-0.01928,0.00331503608264455));
#3368=CARTESIAN_POINT('',(0.0142551536718904,-0.0196,0.00327999999999995));
#3369=CARTESIAN_POINT('',(0.0140513067859698,-0.0196,0.0035266707260711));
#3370=CARTESIAN_POINT('',(0.0140513067859698,-0.01928,0.0035266707260711));
#3371=CARTESIAN_POINT('',(0.01425515367189,-0.01928,0.00327999999999964));
#3372=CARTESIAN_POINT('',(0.0120799494288853,-0.01928,0.00253817326116976));
#3373=CARTESIAN_POINT('',(-0.00993819219003466,-0.01832,0.00328));
#3374=CARTESIAN_POINT('',(-0.00993819219003471,-0.01832,0.00327999999999996));
#3375=CARTESIAN_POINT('',(0.012083872000618,-0.01928,0.00285814921875252));
#3376=CARTESIAN_POINT('',(0.012083872000618,-0.0196,0.00285814921875252));
#3377=CARTESIAN_POINT('',(0.0120799494288853,-0.0196,0.00253817326116976));
#3378=CARTESIAN_POINT('',(0.01189970290803,-0.0192800000000043,0.00286040693987033));
#3379=CARTESIAN_POINT('',(0.0118997029081156,-0.0195999999999616,0.00286040694916372));
#3380=CARTESIAN_POINT('',(0.0118739414561246,-0.0196,0.00254069871699586));
#3381=CARTESIAN_POINT('',(0.0115297508815134,-0.019279999999998,0.00290218393863779));
#3382=CARTESIAN_POINT('',(0.0115297508814736,-0.0196000000000179,0.00290218393431626));
#3383=CARTESIAN_POINT('',(0.0114669989611062,-0.0196,0.00258690649077659));
#3384=CARTESIAN_POINT('',(0.0109810637411434,-0.0192800000000005,0.0030548830350712));
#3385=CARTESIAN_POINT('',(0.0109810637411543,-0.0195999999999951,0.00305488303625647));
#3386=CARTESIAN_POINT('',(0.0108713938117117,-0.0196,0.00275350211437928));
#3387=CARTESIAN_POINT('',(0.0105475093570308,-0.0192799999999999,0.00325144207381638));
#3388=CARTESIAN_POINT('',(0.0105475093570294,-0.0196000000000006,0.00325144207366428));
#3389=CARTESIAN_POINT('',(0.0104014871321698,-0.0196,0.00296444622920909));
#3390=CARTESIAN_POINT('',(0.0102868591143272,-0.01928,0.00341746063551718));
#3391=CARTESIAN_POINT('',(0.0102868591143273,-0.0195999999999999,0.00341746063553029));
#3392=CARTESIAN_POINT('',(0.0101003928257971,-0.0196,0.00315738470857789));
#3393=CARTESIAN_POINT('',(0.0101504936182193,-0.01928,0.00353060894275422));
#3394=CARTESIAN_POINT('',(0.0101504936182193,-0.0196,0.00353060894275159));
#3395=CARTESIAN_POINT('',(0.00993962037495869,-0.0196,0.00328813176431645));
#3396=CARTESIAN_POINT('',(0.0101090791357976,-0.01928,0.00357235412557188));
#3397=CARTESIAN_POINT('',(0.0101090791357975,-0.0196,0.00357235412557191));
#3398=CARTESIAN_POINT('',(0.00986813150661494,-0.0196,0.00336177340472766));
#3399=CARTESIAN_POINT('',(0.0100752259286923,-0.01928,0.00361108915297397));
#3400=CARTESIAN_POINT('',(0.0100752259286923,-0.0196,0.00361108915297397));
#3401=CARTESIAN_POINT('',(0.00983427829950965,-0.0196,0.00340050843212976));
#3402=CARTESIAN_POINT('',(0.0100849175028934,-0.01928,0.0036));
#3403=CARTESIAN_POINT('',(0.0100849175028934,-0.0194559433738497,0.0036));
#3404=CARTESIAN_POINT('',(0.0100148993862594,-0.0196,0.0034419632203577));
#3405=CARTESIAN_POINT('',(0.00995317387241534,-0.0196,0.00328));
#3406=CARTESIAN_POINT('',(-0.00993819219003466,-0.0188,0.00328));
#3407=CARTESIAN_POINT('',(-0.00993819219003466,-0.01928,0.00328));
#3408=CARTESIAN_POINT('',(1.28009309625546E-5,-0.01928,0.00328));
#3409=CARTESIAN_POINT('',(-0.00993819219003466,-0.01928,0.00328));
#3410=CARTESIAN_POINT('',(-0.00993819219003466,-0.01928,0.00328));
#3411=CARTESIAN_POINT('',(-0.00993819219003471,-0.01928,0.00327999999999996));
#3412=CARTESIAN_POINT('',(-0.0120847368522632,-0.0196,0.00253795857653652));
#3413=CARTESIAN_POINT('',(-0.012083872,-0.0196,0.00285795740783215));
#3414=CARTESIAN_POINT('',(-0.012083872,-0.01928,0.00285795740783215));
#3415=CARTESIAN_POINT('',(-0.0116979687560712,-0.0196,0.00253691328658439));
#3416=CARTESIAN_POINT('',(-0.0117386339773346,-0.0196,0.00285702435546739));
#3417=CARTESIAN_POINT('',(-0.0117386339773699,-0.01928,0.00285702434228315));
#3418=CARTESIAN_POINT('',(-0.0109369830555739,-0.0196,0.00268406779584855));
#3419=CARTESIAN_POINT('',(-0.0110462553220318,-0.0196000000000028,0.00298676388793741));
#3420=CARTESIAN_POINT('',(-0.011046255340059,-0.01928,0.00298676391636662));
#3421=CARTESIAN_POINT('',(-0.0102352745739864,-0.0196,0.00303449342214607));
#3422=CARTESIAN_POINT('',(-0.0103931996756638,-0.0195999999999943,0.00331911351487681));
#3423=CARTESIAN_POINT('',(-0.010393199639574,-0.01928,0.00331911347120265));
#3424=CARTESIAN_POINT('',(-0.00993819219003466,-0.0196,0.00327999999999999));
#3425=CARTESIAN_POINT('',(-0.0101420390759553,-0.0196,0.00352667072607113));
#3426=CARTESIAN_POINT('',(-0.0101420390759553,-0.01928,0.00352667072607113));
#3427=CARTESIAN_POINT('',(-0.0120847368522632,-0.01928,0.00253795857653652));
#3428=CARTESIAN_POINT('',(-0.012083872,-0.01928,0.00285795740783215));
#3429=CARTESIAN_POINT('',(-0.012083872,-0.0196,0.00285795740783215));
#3430=CARTESIAN_POINT('',(-0.0120847368522632,-0.0196,0.00253795857653652));
#3431=CARTESIAN_POINT('',(-0.0124307526132128,-0.01928,0.00285889491276667));
#3432=CARTESIAN_POINT('',(-0.0124307526131639,-0.0196,0.00285889493075563));
#3433=CARTESIAN_POINT('',(-0.012473345128016,-0.0196,0.00253900888254949));
#3434=CARTESIAN_POINT('',(-0.0131278255411068,-0.01928,0.00298989678080547));
#3435=CARTESIAN_POINT('',(-0.0131278255605057,-0.0195999999999988,0.00298989675006222));
#3436=CARTESIAN_POINT('',(-0.0132346330383588,-0.0196,0.00269023911715752));
#3437=CARTESIAN_POINT('',(-0.0137998766406745,-0.01928,0.00331631628652438));
#3438=CARTESIAN_POINT('',(-0.0137998766019256,-0.0196000000000024,0.0033163163300219));
#3439=CARTESIAN_POINT('',(-0.0139504233309048,-0.0196,0.00302186570828383));
#3440=CARTESIAN_POINT('',(-0.014027308440035,-0.01928,0.00351893327375027));
#3441=CARTESIAN_POINT('',(-0.014027308440035,-0.0196,0.00351893327375027));
#3442=CARTESIAN_POINT('',(-0.0142401719895098,-0.0196,0.00327999999999999));
#3443=CARTESIAN_POINT('',(-0.0142401719895098,-0.01928,0.00328));
#3444=CARTESIAN_POINT('',(-0.035931616,-0.0196,0.00328));
#3445=CARTESIAN_POINT('',(-0.035931616,0.01928,0.00328));
#3446=CARTESIAN_POINT('',(-0.035931616,-0.01928,0.00328));
#3447=CARTESIAN_POINT('',(-0.0251800221795158,-0.01928,0.00328));
#3448=CARTESIAN_POINT('',(-0.0142401719895098,-0.01928,0.00328));
#3449=CARTESIAN_POINT('',(-0.035931616,-0.01928,0.00328));
#3450=CARTESIAN_POINT('',(-0.035931616,-0.01928,0.00328));
#3451=CARTESIAN_POINT('',(-0.035931616,-0.01928,0.00328));
#3452=CARTESIAN_POINT('',(0.035931616,-0.01928,-4.16333634234434E-18));
#3453=CARTESIAN_POINT('',(0.035931616,-0.01928,0.00328));
#3454=CARTESIAN_POINT('',(0.035931616,-0.01928,-0.00328));
#3455=CARTESIAN_POINT('',(-0.035931616,-0.01928,-0.0018));
#3456=CARTESIAN_POINT('',(-0.035931616,-0.01928,-0.00328));
#3457=CARTESIAN_POINT('',(5.55111512312578E-18,-0.01928,-0.00328));
#3458=CARTESIAN_POINT('',(0.035931616,-0.01928,-0.00328));
#3459=CARTESIAN_POINT('',(-0.035931616,-0.01928,-0.00328));
#3460=CARTESIAN_POINT('',(-0.035931616,-0.01928,-0.00328));
#3461=CARTESIAN_POINT('',(-0.035931616,-0.01928,-0.00328));
#3462=CARTESIAN_POINT('',(-0.035931616,-0.0196,-0.00328));
#3463=CARTESIAN_POINT('',(-0.035931616,0.01928,-0.00328));
#3464=CARTESIAN_POINT('',(0.012083872000618,0.01928,0.00285814921875252));
#3465=CARTESIAN_POINT('',(0.012083872000618,0.01832,0.00285814921875252));
#3466=CARTESIAN_POINT('',(0.012884720759225,0.01928,0.00284833164768746));
#3467=CARTESIAN_POINT('',(0.012884720759225,0.01832,0.00284833164768746));
#3468=CARTESIAN_POINT('',(0.0136606135005688,0.01928,0.00320380464926459));
#3469=CARTESIAN_POINT('',(0.0136606135005688,0.01832,0.00320380464926459));
#3470=CARTESIAN_POINT('',(0.0140513067860573,0.01928,0.00352667072614342));
#3471=CARTESIAN_POINT('',(0.0140513067860573,0.01832,0.00352667072614342));
#3472=CARTESIAN_POINT('',(0.0140513067859698,0.01928,0.00352667072607114));
#3473=CARTESIAN_POINT('',(0.0140513067859698,0.01928,0.00352667072607114));
#3474=CARTESIAN_POINT('',(0.0140513067859698,0.01832,0.00352667072607114));
#3475=CARTESIAN_POINT('',(0.012083872000618,0.01928,0.00285814921875252));
#3476=CARTESIAN_POINT('',(0.0124335442750648,0.01928,0.00285386260112719));
#3477=CARTESIAN_POINT('',(0.0131318128437771,0.01928,0.00298502775867043));
#3478=CARTESIAN_POINT('',(0.0137773876917054,0.01928,0.00330030598774428));
#3479=CARTESIAN_POINT('',(0.0140513067859697,0.01928,0.00352667072607108));
#3480=CARTESIAN_POINT('',(0.012083872000618,0.01928,0.00285814921875252));
#3481=CARTESIAN_POINT('',(0.012083872000618,0.0196,0.00285814921875252));
#3482=CARTESIAN_POINT('',(0.012083872000618,0.01832,0.00285814921875252));
#3483=CARTESIAN_POINT('',(0.0140513067859698,0.01832,0.00352667072607114));
#3484=CARTESIAN_POINT('',(0.0137773876053607,0.01832,0.00330030591636691));
#3485=CARTESIAN_POINT('',(0.0131288145942379,0.01832,0.0029850643291317));
#3486=CARTESIAN_POINT('',(0.0124395395992597,0.01832,0.00285378910470142));
#3487=CARTESIAN_POINT('',(0.012083872000618,0.01832,0.00285814921875252));
#3488=CARTESIAN_POINT('',(0.0100849175028934,0.01928,0.0036));
#3489=CARTESIAN_POINT('',(0.0100849175028934,0.01832,0.0036));
#3490=CARTESIAN_POINT('',(0.0103679193962019,0.01928,0.00327618766345979));
#3491=CARTESIAN_POINT('',(0.0103679193962019,0.01832,0.00327618766345979));
#3492=CARTESIAN_POINT('',(0.0112388456039504,0.01928,0.00286850836161444));
#3493=CARTESIAN_POINT('',(0.0112388456039504,0.01832,0.00286850836161444));
#3494=CARTESIAN_POINT('',(0.012083872000618,0.01928,0.00285814921875252));
#3495=CARTESIAN_POINT('',(0.012083872000618,0.01832,0.00285814921875252));
#3496=CARTESIAN_POINT('',(0.0100849175028934,0.01928,0.0036));
#3497=CARTESIAN_POINT('',(0.0102050221942273,0.01928,0.00346257554578312));
#3498=CARTESIAN_POINT('',(0.0105158260322941,0.01928,0.00326365376954803));
#3499=CARTESIAN_POINT('',(0.0111798488613097,0.01928,0.00297201395194639));
#3500=CARTESIAN_POINT('',(0.011719404170991,0.01928,0.00286261721446315));
#3501=CARTESIAN_POINT('',(0.012083872000618,0.01928,0.00285814921875252));
#3502=CARTESIAN_POINT('',(0.0100849175028934,0.01928,0.0036));
#3503=CARTESIAN_POINT('',(0.0100849175028934,0.0196,0.0036));
#3504=CARTESIAN_POINT('',(0.0100849175028934,0.01832,0.0036));
#3505=CARTESIAN_POINT('',(0.012083872000618,0.01832,0.00285814921875252));
#3506=CARTESIAN_POINT('',(0.0117219798015203,0.01832,0.00286258885888547));
#3507=CARTESIAN_POINT('',(0.011179417805548,0.01832,0.00297184361145078));
#3508=CARTESIAN_POINT('',(0.010515685335995,0.01832,0.00326394732614715));
#3509=CARTESIAN_POINT('',(0.0102055888745426,0.01832,0.00346192714702213));
#3510=CARTESIAN_POINT('',(0.0100849175028934,0.01832,0.0036));
#3511=CARTESIAN_POINT('',(1.28009309625546E-5,0.0196,0.0036));
#3512=CARTESIAN_POINT('',(1.28009309625546E-5,0.01928,0.0036));
#3513=CARTESIAN_POINT('',(-0.00993819219003466,0.01928,0.0036));
#3514=CARTESIAN_POINT('',(-0.00993819219003466,0.0196,0.0036));
#3515=CARTESIAN_POINT('',(-0.00993819219003466,0.01832,0.0036));
#3516=CARTESIAN_POINT('',(-0.0100593156409683,0.01832,0.0036));
#3517=CARTESIAN_POINT('',(-0.012083872,0.01928,0.00285795740783215));
#3518=CARTESIAN_POINT('',(-0.012083872,0.01832,0.00285795740783215));
#3519=CARTESIAN_POINT('',(-0.0112921094443214,0.01928,0.00285581753239765));
#3520=CARTESIAN_POINT('',(-0.0112921094443214,0.01832,0.00285581753239765));
#3521=CARTESIAN_POINT('',(-0.0105285676878852,0.01928,0.00320724630499487));
#3522=CARTESIAN_POINT('',(-0.0105285676878852,0.01832,0.00320724630499487));
#3523=CARTESIAN_POINT('',(-0.0101420390758662,0.01928,0.00352667072614478));
#3524=CARTESIAN_POINT('',(-0.0101420390758662,0.01832,0.00352667072614478));
#3525=CARTESIAN_POINT('',(-0.0101420390759553,0.01928,0.00352667072607114));
#3526=CARTESIAN_POINT('',(-0.0101420390759553,0.01928,0.00352667072607114));
#3527=CARTESIAN_POINT('',(-0.0101420390759553,0.01832,0.00352667072607114));
#3528=CARTESIAN_POINT('',(-0.012083872,0.01928,0.00285795740783215));
#3529=CARTESIAN_POINT('',(-0.0117367389181263,0.01928,0.00285701922055734));
#3530=CARTESIAN_POINT('',(-0.0110456469791397,0.01928,0.0029917260205785));
#3531=CARTESIAN_POINT('',(-0.0104115449104495,0.01928,0.00330395307337636));
#3532=CARTESIAN_POINT('',(-0.0101420390759553,0.01928,0.00352667072607114));
#3533=CARTESIAN_POINT('',(-0.012083872,0.01928,0.00285795740783215));
#3534=CARTESIAN_POINT('',(-0.012083872,0.0196,0.00285795740783215));
#3535=CARTESIAN_POINT('',(-0.012083872,0.01832,0.00285795740783215));
#3536=CARTESIAN_POINT('',(-0.0101420390759553,0.01832,0.00352667072607114));
#3537=CARTESIAN_POINT('',(-0.0104115449479752,0.01832,0.00330395304234251));
#3538=CARTESIAN_POINT('',(-0.0110468757543571,0.01832,0.00299172926189879));
#3539=CARTESIAN_POINT('',(-0.0117342818803961,0.01832,0.00285701257998733));
#3540=CARTESIAN_POINT('',(-0.012083872,0.01832,0.00285795740783215));
#3541=CARTESIAN_POINT('',(-0.0140273084404648,0.01928,0.00351893327413311));
#3542=CARTESIAN_POINT('',(-0.0140273084404648,0.01832,0.00351893327413311));
#3543=CARTESIAN_POINT('',(-0.0136790079559625,0.01928,0.00320863543940808));
#3544=CARTESIAN_POINT('',(-0.0136790079559625,0.01832,0.00320863543940808));
#3545=CARTESIAN_POINT('',(-0.012867614006883,0.01928,0.00286007560634442));
#3546=CARTESIAN_POINT('',(-0.012867614006883,0.01832,0.00286007560634442));
#3547=CARTESIAN_POINT('',(-0.012083872,0.01928,0.00285795740783215));
#3548=CARTESIAN_POINT('',(-0.012083872,0.01832,0.00285795740783215));
#3549=CARTESIAN_POINT('',(-0.014027308440035,0.01928,0.00351893327375027));
#3550=CARTESIAN_POINT('',(-0.0137658410075293,0.01928,0.00328599424068202));
#3551=CARTESIAN_POINT('',(-0.0131178400878276,0.01928,0.00299653769479796));
#3552=CARTESIAN_POINT('',(-0.0124336313016497,0.01928,0.00285890269292074));
#3553=CARTESIAN_POINT('',(-0.012083872,0.01928,0.00285795740783215));
#3554=CARTESIAN_POINT('',(-0.014027308440035,0.01928,0.00351893327375027));
#3555=CARTESIAN_POINT('',(-0.0140273084400351,0.01928,0.00351893327375027));
#3556=CARTESIAN_POINT('',(-0.014027308440035,0.01832,0.00351893327375027));
#3557=CARTESIAN_POINT('',(-0.012083872,0.01832,0.00285795740783215));
#3558=CARTESIAN_POINT('',(-0.0124310275648619,0.01832,0.00285889878793713));
#3559=CARTESIAN_POINT('',(-0.0131191420760874,0.01832,0.00299653957365973));
#3560=CARTESIAN_POINT('',(-0.0137658414124117,0.01832,0.00328599460138822));
#3561=CARTESIAN_POINT('',(-0.014027308440035,0.01832,0.00351893327375027));
#3562=CARTESIAN_POINT('',(5.55111512312578E-18,0.0196,-4.16333634234434E-18));
#3563=CARTESIAN_POINT('',(0.01425515367189,0.0196,0.00327999999999963));
#3564=CARTESIAN_POINT('',(0.0139522352704789,0.0196,0.00302967044610736));
#3565=CARTESIAN_POINT('',(0.0132366963341809,0.0196,0.00267676758580002));
#3566=CARTESIAN_POINT('',(0.0124733588384077,0.0196,0.00253335047185512));
#3567=CARTESIAN_POINT('',(0.0120799494288853,0.0196,0.00253817326116976));
#3568=CARTESIAN_POINT('',(0.01425515367189,0.0196,0.00327999999999964));
#3569=CARTESIAN_POINT('',(0.0120799494288853,0.0196,0.00253817326116976));
#3570=CARTESIAN_POINT('',(5.55111512312578E-18,0.0196,0.00328));
#3571=CARTESIAN_POINT('',(0.035931616,0.0196,0.00328));
#3572=CARTESIAN_POINT('',(0.035931616,0.0196,0.0036));
#3573=CARTESIAN_POINT('',(0.035931616,0.0196,-0.00328));
#3574=CARTESIAN_POINT('',(0.036251616,0.0196,-0.00328));
#3575=CARTESIAN_POINT('',(-0.035931616,0.0196,-0.00328));
#3576=CARTESIAN_POINT('',(-0.035931616,0.0196,-4.16333634234434E-18));
#3577=CARTESIAN_POINT('',(-0.035931616,0.0196,0.00328));
#3578=CARTESIAN_POINT('',(5.55111512312578E-18,0.0196,0.00328));
#3579=CARTESIAN_POINT('',(-0.0142401719895098,0.0196,0.00328));
#3580=CARTESIAN_POINT('',(-0.0120847368522632,0.0196,0.00253795857653652));
#3581=CARTESIAN_POINT('',(-0.0124733083562796,0.0196,0.00253900875832402));
#3582=CARTESIAN_POINT('',(-0.0132351616659789,0.0196,0.00269080960677877));
#3583=CARTESIAN_POINT('',(-0.0139489863371803,0.0196,0.00302058526659732));
#3584=CARTESIAN_POINT('',(-0.0142401719895098,0.0196,0.00328));
#3585=CARTESIAN_POINT('',(-0.0120847368522632,0.0196,0.00253795857653652));
#3586=CARTESIAN_POINT('',(-0.00993819219003466,0.0196,0.00328));
#3587=CARTESIAN_POINT('',(-0.0102362762824031,0.0196,0.00303366548378237));
#3588=CARTESIAN_POINT('',(-0.010936984389485,0.0196,0.00268429174947083));
#3589=CARTESIAN_POINT('',(-0.0116980662864513,0.0196,0.00253691353236376));
#3590=CARTESIAN_POINT('',(-0.0120847368522632,0.0196,0.00253795857653652));
#3591=CARTESIAN_POINT('',(-0.00993819219003466,0.0196,0.00328));
#3592=CARTESIAN_POINT('',(5.55111512312578E-18,0.0196,0.00328));
#3593=CARTESIAN_POINT('',(0.00995317387241534,0.0196,0.00328));
#3594=CARTESIAN_POINT('',(0.0120799494288853,0.0196,0.00253817326116976));
#3595=CARTESIAN_POINT('',(0.0116959858821418,0.0196,0.00254288025405208));
#3596=CARTESIAN_POINT('',(0.0109425080690306,0.0196,0.00269756047493448));
#3597=CARTESIAN_POINT('',(0.0102419933008901,0.0196,0.00302269331459305));
#3598=CARTESIAN_POINT('',(0.00995317387241534,0.0196,0.00328));
#3599=CARTESIAN_POINT('',(0.,0.018,-0.0028));
#3600=CARTESIAN_POINT('',(0.0145968233649622,0.018,0.00328));
#3601=CARTESIAN_POINT('',(0.0142551536718904,0.018,0.00328));
#3602=CARTESIAN_POINT('',(0.0120799494288853,0.018,0.00253817326116976));
#3603=CARTESIAN_POINT('',(0.0124733588384078,0.018,0.00253335047185512));
#3604=CARTESIAN_POINT('',(0.0132366963341812,0.018,0.00267676758580009));
#3605=CARTESIAN_POINT('',(0.0139522352704793,0.018,0.00302967044610757));
#3606=CARTESIAN_POINT('',(0.0142551536718904,0.018,0.00327999999999999));
#3607=CARTESIAN_POINT('',(0.0120799494288853,0.018,0.00253817326116976));
#3608=CARTESIAN_POINT('',(0.00995317387241534,0.018,0.00328));
#3609=CARTESIAN_POINT('',(0.0102408079354502,0.018,0.00302374934622479));
#3610=CARTESIAN_POINT('',(0.0109444963751243,0.018,0.00269651480220987));
#3611=CARTESIAN_POINT('',(0.0116962565086098,0.018,0.00254287693645365));
#3612=CARTESIAN_POINT('',(0.0120799494288853,0.018,0.00253817326116976));
#3613=CARTESIAN_POINT('',(0.00995317387241534,0.018,0.00328));
#3614=CARTESIAN_POINT('',(0.0100849175028934,0.018,0.00328));
#3615=CARTESIAN_POINT('',(-0.00993819219003466,0.018,0.00328));
#3616=CARTESIAN_POINT('',(-0.0120847368522632,0.018,0.00253795857653652));
#3617=CARTESIAN_POINT('',(-0.0116980662864513,0.018,0.00253691353236376));
#3618=CARTESIAN_POINT('',(-0.010936984389485,0.018,0.00268429174947082));
#3619=CARTESIAN_POINT('',(-0.0102362762824031,0.018,0.00303366548378238));
#3620=CARTESIAN_POINT('',(-0.00993819219003465,0.018,0.00328));
#3621=CARTESIAN_POINT('',(-0.0120847368522632,0.018,0.00253795857653652));
#3622=CARTESIAN_POINT('',(-0.0142401719895098,0.018,0.00328));
#3623=CARTESIAN_POINT('',(-0.0139489863371798,0.018,0.00302058526659799));
#3624=CARTESIAN_POINT('',(-0.0132351616659792,0.018,0.00269080960677843));
#3625=CARTESIAN_POINT('',(-0.0124733083562796,0.018,0.00253900875832402));
#3626=CARTESIAN_POINT('',(-0.0120847368522632,0.018,0.00253795857653652));
#3627=CARTESIAN_POINT('',(-0.0142401719895098,0.018,0.00328));
#3628=CARTESIAN_POINT('',(-0.0141084283590317,0.018,0.00328));
#3629=CARTESIAN_POINT('',(8.9710807973586E-20,0.01832,0.00328));
#3630=CARTESIAN_POINT('',(-0.0142401719895098,0.01832,0.00328));
#3631=CARTESIAN_POINT('',(-0.034971616,0.01832,0.00328));
#3632=CARTESIAN_POINT('',(0.0120799494288853,0.018,0.00253817326116976));
#3633=CARTESIAN_POINT('',(0.012083872000618,0.018,0.00285814921875252));
#3634=CARTESIAN_POINT('',(0.012083872000618,0.01832,0.00285814921875252));
#3635=CARTESIAN_POINT('',(0.0124733588403684,0.018,0.00253335046047532));
#3636=CARTESIAN_POINT('',(0.0124355761261142,0.018000000000042,0.0028538376867078));
#3637=CARTESIAN_POINT('',(0.0124355761261639,0.0183200000000007,0.00285383769275047));
#3638=CARTESIAN_POINT('',(0.0132366963639231,0.018,0.00267676754489331));
#3639=CARTESIAN_POINT('',(0.013128330109941,0.0180000000000168,0.00297986017497033));
#3640=CARTESIAN_POINT('',(0.0131283300899299,0.018320000000001,0.00297986019609363));
#3641=CARTESIAN_POINT('',(0.0139522352090349,0.018,0.00302967053930094));
#3642=CARTESIAN_POINT('',(0.013795212222312,0.0179999999999243,0.00331503613093896));
#3643=CARTESIAN_POINT('',(0.0137952122622845,0.0183199999999973,0.00331503608264969));
#3644=CARTESIAN_POINT('',(0.0142551536718905,0.018,0.00327999999999999));
#3645=CARTESIAN_POINT('',(0.0140513067859698,0.018,0.00352667072607113));
#3646=CARTESIAN_POINT('',(0.0140513067859698,0.01832,0.00352667072607113));
#3647=CARTESIAN_POINT('',(0.0142551536718905,0.01832,0.00328));
#3648=CARTESIAN_POINT('',(0.0120799494288853,0.01832,0.00253817326116976));
#3649=CARTESIAN_POINT('',(-0.012083872,0.01832,0.00285795740783215));
#3650=CARTESIAN_POINT('',(-0.012083872,0.018,0.00285795740783215));
#3651=CARTESIAN_POINT('',(-0.0120847368522632,0.018,0.00253795857653652));
#3652=CARTESIAN_POINT('',(-0.0124307526132128,0.018320000000002,0.00285889491276667));
#3653=CARTESIAN_POINT('',(-0.0124307526131639,0.0180000000000014,0.00285889493075563));
#3654=CARTESIAN_POINT('',(-0.012473345128016,0.018,0.00253900888254949));
#3655=CARTESIAN_POINT('',(-0.0131278255411087,0.0183199999999976,0.00298989678080724));
#3656=CARTESIAN_POINT('',(-0.0131278255604795,0.0179999999999593,0.00298989675005746));
#3657=CARTESIAN_POINT('',(-0.0132346330383618,0.018,0.00269023911715949));
#3658=CARTESIAN_POINT('',(-0.0137998766406705,0.0183200000000027,0.00331631628652081));
#3659=CARTESIAN_POINT('',(-0.013799876601978,0.01800000000008,0.00331631633003142));
#3660=CARTESIAN_POINT('',(-0.0139504233308987,0.018,0.00302186570827987));
#3661=CARTESIAN_POINT('',(-0.014027308440035,0.01832,0.00351893327375027));
#3662=CARTESIAN_POINT('',(-0.0140273084400351,0.018,0.00351893327375027));
#3663=CARTESIAN_POINT('',(-0.0142401719895098,0.018,0.00327999999999999));
#3664=CARTESIAN_POINT('',(-0.0142401719895098,0.01832,0.00328));
#3665=CARTESIAN_POINT('',(-0.0120847368522632,0.01832,0.00253795857653652));
#3666=CARTESIAN_POINT('',(0.012083872000618,0.01832,0.00285814921875252));
#3667=CARTESIAN_POINT('',(0.012083872000618,0.018,0.00285814921875252));
#3668=CARTESIAN_POINT('',(0.0120799494288853,0.018,0.00253817326116976));
#3669=CARTESIAN_POINT('',(0.01189970290803,0.0183200000000032,0.00286040693987033));
#3670=CARTESIAN_POINT('',(0.0118997029081692,0.0180000000000437,0.00286040694917357));
#3671=CARTESIAN_POINT('',(0.0118739414561246,0.018,0.00254069871699586));
#3672=CARTESIAN_POINT('',(0.0115297508815134,0.0183199999999985,0.0029021839386378));
#3673=CARTESIAN_POINT('',(0.0115297508814487,0.0179999999999797,0.00290218393431168));
#3674=CARTESIAN_POINT('',(0.0114669989611062,0.018,0.00258690649077659));
#3675=CARTESIAN_POINT('',(0.0109810637411434,0.0183200000000004,0.00305488303507119));
#3676=CARTESIAN_POINT('',(0.0109810637411612,0.0180000000000056,0.00305488303625773));
#3677=CARTESIAN_POINT('',(0.0108713938117117,0.018,0.00275350211437928));
#3678=CARTESIAN_POINT('',(0.0105475093570307,0.0183199999999999,0.0032514420738164));
#3679=CARTESIAN_POINT('',(0.0105475093570285,0.0179999999999993,0.00325144207366413));
#3680=CARTESIAN_POINT('',(0.0104014871321698,0.018,0.00296444622920909));
#3681=CARTESIAN_POINT('',(0.0102868591143272,0.01832,0.00341746063551715));
#3682=CARTESIAN_POINT('',(0.0102868591143274,0.0180000000000001,0.0034174606355303));
#3683=CARTESIAN_POINT('',(0.0101003928257972,0.018,0.00315738470857789));
#3684=CARTESIAN_POINT('',(0.0101504936182193,0.01832,0.00353060894275426));
#3685=CARTESIAN_POINT('',(0.0101504936182192,0.018,0.0035306089427516));
#3686=CARTESIAN_POINT('',(0.00993962037495861,0.018,0.00328813176431647));
#3687=CARTESIAN_POINT('',(0.0101090791357977,0.01832,0.00357235412557178));
#3688=CARTESIAN_POINT('',(0.0101090791357976,0.018,0.00357235412557185));
#3689=CARTESIAN_POINT('',(0.00986813150661512,0.018,0.00336177340472763));
#3690=CARTESIAN_POINT('',(0.0100752259286923,0.01832,0.00361108915297397));
#3691=CARTESIAN_POINT('',(0.0100752259286923,0.018,0.00361108915297397));
#3692=CARTESIAN_POINT('',(0.00983427829950965,0.018,0.00340050843212976));
#3693=CARTESIAN_POINT('',(0.0100849175028934,0.01832,0.0036));
#3694=CARTESIAN_POINT('',(0.0100849175028934,0.0181440566261503,0.0036));
#3695=CARTESIAN_POINT('',(0.0100148993862594,0.018,0.0034419632203577));
#3696=CARTESIAN_POINT('',(0.00995317387241534,0.018,0.00328));
#3697=CARTESIAN_POINT('',(0.0142551536718905,0.0188,0.00328));
#3698=CARTESIAN_POINT('',(0.0142551536718905,0.01832,0.00328));
#3699=CARTESIAN_POINT('',(0.0142551536718905,0.01928,0.00328));
#3700=CARTESIAN_POINT('',(-0.0120847368522632,0.018,0.00253795857653652));
#3701=CARTESIAN_POINT('',(-0.012083872,0.018,0.00285795740783215));
#3702=CARTESIAN_POINT('',(-0.012083872,0.01832,0.00285795740783215));
#3703=CARTESIAN_POINT('',(-0.0116979687560712,0.018,0.00253691328658439));
#3704=CARTESIAN_POINT('',(-0.0117386339773346,0.0180000000000014,0.00285702435546739));
#3705=CARTESIAN_POINT('',(-0.0117386339773699,0.018320000000002,0.00285702434228315));
#3706=CARTESIAN_POINT('',(-0.010936983055576,0.018,0.00268406779584651));
#3707=CARTESIAN_POINT('',(-0.0110462553220405,0.0180000000000158,0.00298676388793854));
#3708=CARTESIAN_POINT('',(-0.0110462553400607,0.0183199999999993,0.00298676391636525));
#3709=CARTESIAN_POINT('',(-0.0102352745739821,0.018,0.00303449342215016));
#3710=CARTESIAN_POINT('',(-0.0103931996756463,0.0179999999999669,0.00331911351487457));
#3711=CARTESIAN_POINT('',(-0.0103931996395707,0.0183199999999993,0.00331911347120538));
#3712=CARTESIAN_POINT('',(-0.00993819219003466,0.018,0.00327999999999999));
#3713=CARTESIAN_POINT('',(-0.0101420390759553,0.018,0.00352667072607113));
#3714=CARTESIAN_POINT('',(-0.0101420390759553,0.01832,0.00352667072607113));
#3715=CARTESIAN_POINT('',(-0.00993819219003466,0.01832,0.00328));
#3716=CARTESIAN_POINT('',(8.9710807973586E-20,0.01832,0.00328));
#3717=CARTESIAN_POINT('',(-0.00993819219003466,0.01832,0.00328));
#3718=CARTESIAN_POINT('',(0.012083872000618,0.01928,0.00285814921875252));
#3719=CARTESIAN_POINT('',(0.012083872000618,0.0196,0.00285814921875252));
#3720=CARTESIAN_POINT('',(0.0120799494288853,0.0196,0.00253817326116976));
#3721=CARTESIAN_POINT('',(0.0124355761261639,0.0192800000000027,0.00285383769275047));
#3722=CARTESIAN_POINT('',(0.0124355761260625,0.0195999999999628,0.00285383768669839));
#3723=CARTESIAN_POINT('',(0.0124733588403684,0.0196,0.00253335046047532));
#3724=CARTESIAN_POINT('',(0.0131283300899287,0.0192799999999986,0.00297986019609266));
#3725=CARTESIAN_POINT('',(0.0131283301099282,0.0196000000000034,0.00297986017496527));
#3726=CARTESIAN_POINT('',(0.0132366963639209,0.0196,0.00267676754489139));
#3727=CARTESIAN_POINT('',(0.0137952122622868,0.01928,0.00331503608265161));
#3728=CARTESIAN_POINT('',(0.0137952122223891,0.0196000000000304,0.00331503613095845));
#3729=CARTESIAN_POINT('',(0.0139522352090393,0.0196,0.00302967053930474));
#3730=CARTESIAN_POINT('',(0.0140513067859698,0.01928,0.0035266707260711));
#3731=CARTESIAN_POINT('',(0.0140513067859698,0.0196,0.0035266707260711));
#3732=CARTESIAN_POINT('',(0.0142551536718904,0.0196,0.00327999999999995));
#3733=CARTESIAN_POINT('',(0.0142551536718904,0.01928,0.00327999999999996));
#3734=CARTESIAN_POINT('',(0.0120799494288853,0.01928,0.00253817326116976));
#3735=CARTESIAN_POINT('',(-0.00993819219003466,0.01832,0.00328));
#3736=CARTESIAN_POINT('',(-0.00993819219003471,0.01832,0.00327999999999996));
#3737=CARTESIAN_POINT('',(0.0120799494288853,0.0196,0.00253817326116976));
#3738=CARTESIAN_POINT('',(0.012083872000618,0.0196,0.00285814921875252));
#3739=CARTESIAN_POINT('',(0.012083872000618,0.01928,0.00285814921875252));
#3740=CARTESIAN_POINT('',(0.0118739414561246,0.0196,0.00254069871699586));
#3741=CARTESIAN_POINT('',(0.0118997029081156,0.0195999999999616,0.00286040694916372));
#3742=CARTESIAN_POINT('',(0.01189970290803,0.0192800000000043,0.00286040693987033));
#3743=CARTESIAN_POINT('',(0.0114669989611062,0.0196,0.00258690649077659));
#3744=CARTESIAN_POINT('',(0.0115297508814736,0.0196000000000179,0.00290218393431626));
#3745=CARTESIAN_POINT('',(0.0115297508815134,0.019279999999998,0.00290218393863779));
#3746=CARTESIAN_POINT('',(0.0108713938117117,0.0196,0.00275350211437928));
#3747=CARTESIAN_POINT('',(0.0109810637411543,0.0195999999999951,0.00305488303625648));
#3748=CARTESIAN_POINT('',(0.0109810637411434,0.0192800000000005,0.0030548830350712));
#3749=CARTESIAN_POINT('',(0.0104014871321698,0.0196,0.00296444622920908));
#3750=CARTESIAN_POINT('',(0.0105475093570294,0.0196000000000006,0.00325144207366427));
#3751=CARTESIAN_POINT('',(0.0105475093570308,0.0192799999999999,0.00325144207381636));
#3752=CARTESIAN_POINT('',(0.0101003928257971,0.0196,0.0031573847085779));
#3753=CARTESIAN_POINT('',(0.0102868591143273,0.0195999999999999,0.0034174606355303));
#3754=CARTESIAN_POINT('',(0.0102868591143272,0.01928,0.0034174606355172));
#3755=CARTESIAN_POINT('',(0.00993962037495875,0.0196,0.00328813176431644));
#3756=CARTESIAN_POINT('',(0.0101504936182194,0.0196,0.00353060894275157));
#3757=CARTESIAN_POINT('',(0.0101504936182193,0.01928,0.00353060894275418));
#3758=CARTESIAN_POINT('',(0.00986813150661481,0.0196,0.0033617734047277));
#3759=CARTESIAN_POINT('',(0.0101090791357974,0.0196,0.00357235412557195));
#3760=CARTESIAN_POINT('',(0.0101090791357975,0.01928,0.00357235412557197));
#3761=CARTESIAN_POINT('',(0.00983427829950965,0.0196,0.00340050843212976));
#3762=CARTESIAN_POINT('',(0.0100752259286923,0.0196,0.00361108915297397));
#3763=CARTESIAN_POINT('',(0.0100752259286923,0.01928,0.00361108915297397));
#3764=CARTESIAN_POINT('',(0.0100849175028934,0.01928,0.0036));
#3765=CARTESIAN_POINT('',(0.0100849175028934,0.0194559433738497,0.0036));
#3766=CARTESIAN_POINT('',(0.0100148993862594,0.0196,0.0034419632203577));
#3767=CARTESIAN_POINT('',(0.00995317387241534,0.0196,0.00328));
#3768=CARTESIAN_POINT('',(-0.00993819219003466,0.0188,0.00328));
#3769=CARTESIAN_POINT('',(-0.00993819219003466,0.01928,0.00328));
#3770=CARTESIAN_POINT('',(1.28009309625546E-5,0.01928,0.00328));
#3771=CARTESIAN_POINT('',(-0.00993819219003466,0.01928,0.00328));
#3772=CARTESIAN_POINT('',(-0.00993819219003466,0.01928,0.00328));
#3773=CARTESIAN_POINT('',(-0.00993819219003471,0.01928,0.00327999999999996));
#3774=CARTESIAN_POINT('',(-0.012083872,0.01928,0.00285795740783215));
#3775=CARTESIAN_POINT('',(-0.012083872,0.0196,0.00285795740783215));
#3776=CARTESIAN_POINT('',(-0.0120847368522632,0.0196,0.00253795857653652));
#3777=CARTESIAN_POINT('',(-0.0117386339773699,0.01928,0.00285702434228315));
#3778=CARTESIAN_POINT('',(-0.0117386339773346,0.0196,0.00285702435546739));
#3779=CARTESIAN_POINT('',(-0.0116979687560712,0.0196,0.00253691328658439));
#3780=CARTESIAN_POINT('',(-0.011046255340059,0.01928,0.00298676391636662));
#3781=CARTESIAN_POINT('',(-0.0110462553220318,0.0196000000000028,0.00298676388793723));
#3782=CARTESIAN_POINT('',(-0.0109369830555739,0.0196,0.00268406779584855));
#3783=CARTESIAN_POINT('',(-0.010393199639574,0.01928,0.00331911347120265));
#3784=CARTESIAN_POINT('',(-0.0103931996756638,0.0195999999999943,0.00331911351487717));
#3785=CARTESIAN_POINT('',(-0.0102352745739864,0.0196,0.00303449342214607));
#3786=CARTESIAN_POINT('',(-0.0101420390759553,0.01928,0.00352667072607113));
#3787=CARTESIAN_POINT('',(-0.0101420390759553,0.0196,0.00352667072607113));
#3788=CARTESIAN_POINT('',(-0.00993819219003466,0.0196,0.00327999999999999));
#3789=CARTESIAN_POINT('',(-0.0120847368522632,0.01928,0.00253795857653652));
#3790=CARTESIAN_POINT('',(-0.0120847368522632,0.0196,0.00253795857653652));
#3791=CARTESIAN_POINT('',(-0.012083872,0.0196,0.00285795740783215));
#3792=CARTESIAN_POINT('',(-0.012083872,0.01928,0.00285795740783215));
#3793=CARTESIAN_POINT('',(-0.012473345128016,0.0196,0.00253900888254949));
#3794=CARTESIAN_POINT('',(-0.0124307526131639,0.0196,0.00285889493075563));
#3795=CARTESIAN_POINT('',(-0.0124307526132128,0.01928,0.00285889491276667));
#3796=CARTESIAN_POINT('',(-0.0132346330383622,0.0196,0.00269023911716017));
#3797=CARTESIAN_POINT('',(-0.0131278255605047,0.0195999999999924,0.00298989675006264));
#3798=CARTESIAN_POINT('',(-0.0131278255411086,0.019279999999999,0.00298989678080714));
#3799=CARTESIAN_POINT('',(-0.013950423330898,0.0196,0.00302186570827853));
#3800=CARTESIAN_POINT('',(-0.0137998766019275,0.0196000000000152,0.00331631633002107));
#3801=CARTESIAN_POINT('',(-0.0137998766406708,0.019280000000002,0.00331631628652104));
#3802=CARTESIAN_POINT('',(-0.0142401719895098,0.0196,0.00328));
#3803=CARTESIAN_POINT('',(-0.0140273084400351,0.0196,0.00351893327375027));
#3804=CARTESIAN_POINT('',(-0.0140273084400351,0.01928,0.00351893327375027));
#3805=CARTESIAN_POINT('',(-0.0142401719895098,0.01928,0.00328));
#3806=CARTESIAN_POINT('',(-0.0251800221795158,0.01928,0.00328));
#3807=CARTESIAN_POINT('',(-0.0142401719895098,0.01928,0.00328));
#3808=CARTESIAN_POINT('',(-0.035931616,0.01928,0.00328));
#3809=CARTESIAN_POINT('',(-0.035931616,0.01928,0.00328));
#3810=CARTESIAN_POINT('',(-0.035931616,0.01928,0.00328));
#3811=CARTESIAN_POINT('',(0.035931616,0.01928,-4.16333634234434E-18));
#3812=CARTESIAN_POINT('',(0.035931616,0.01928,0.00328));
#3813=CARTESIAN_POINT('',(0.035931616,0.01928,-0.00328));
#3814=CARTESIAN_POINT('',(-0.035931616,0.01928,-0.0018));
#3815=CARTESIAN_POINT('',(-0.035931616,0.01928,-0.00328));
#3816=CARTESIAN_POINT('',(5.55111512312578E-18,0.01928,-0.00328));
#3817=CARTESIAN_POINT('',(0.035931616,0.01928,-0.00328));
#3818=CARTESIAN_POINT('',(-0.035931616,0.01928,-0.00328));
#3819=CARTESIAN_POINT('',(-0.035931616,0.01928,-0.00328));
#3820=CARTESIAN_POINT('',(-0.034971616,-0.009,0.00328));
#3821=CARTESIAN_POINT('',(-0.0142401719895098,0.01832,0.00328));
#3822=CARTESIAN_POINT('',(-0.0142401719895098,0.01832,0.00328));
#3823=CARTESIAN_POINT('',(-0.0142401719895098,0.0188,0.00328));
#3824=CARTESIAN_POINT('',(-0.0142401719895098,0.01928,0.00328));
#3825=CARTESIAN_POINT('',(-0.0142401719895098,0.01928,0.00328));
#3826=CARTESIAN_POINT('',(-0.0142401719895098,-0.01832,0.00328));
#3827=CARTESIAN_POINT('',(-0.0142401719895098,-0.01832,0.00328));
#3828=CARTESIAN_POINT('',(-0.0142401719895098,-0.0188,0.00328));
#3829=CARTESIAN_POINT('',(-0.0142401719895098,-0.01928,0.00328));
#3830=CARTESIAN_POINT('',(-0.0142401719895098,-0.01928,0.00328));
#3831=CARTESIAN_POINT('',(0.0142551536718905,0.01832,0.00328));
#3832=CARTESIAN_POINT('',(0.0142551536718905,0.01832,0.00328));
#3833=CARTESIAN_POINT('',(0.0142551536718905,-0.01832,0.00328));
#3834=CARTESIAN_POINT('',(0.0142551536718904,-0.01832,0.00328));
#3835=CARTESIAN_POINT('',(0.0251928231104784,0.01832,0.00328));
#3836=CARTESIAN_POINT('',(0.034971616,0.01832,0.00328));
#3837=CARTESIAN_POINT('',(8.9710807973586E-20,-0.01832,0.00328));
#3838=CARTESIAN_POINT('',(0.034971616,-0.01832,0.00328));
#3839=CARTESIAN_POINT('',(0.034971616,-0.0196,0.00328));
#3840=CARTESIAN_POINT('',(0.0142551536718905,0.01928,0.00328));
#3841=CARTESIAN_POINT('',(0.01425515367189,0.01928,0.00327999999999964));
#3842=CARTESIAN_POINT('',(5.55111512312578E-18,0.01928,0.00328));
#3843=CARTESIAN_POINT('',(0.035931616,0.01928,0.00328));
#3844=CARTESIAN_POINT('',(0.035931616,0.01928,0.00328));
#3845=CARTESIAN_POINT('',(0.035931616,0.01928,0.00328));
#3846=CARTESIAN_POINT('',(0.035931616,-0.0196,0.00328));
#3847=CARTESIAN_POINT('',(0.035931616,-0.01928,0.00328));
#3848=CARTESIAN_POINT('',(0.035931616,-0.01928,0.00328));
#3849=CARTESIAN_POINT('',(0.035931616,-0.01928,0.00328));
#3850=CARTESIAN_POINT('',(0.0251928231104784,-0.01928,0.00328));
#3851=CARTESIAN_POINT('',(0.0142551536718904,-0.01928,0.00328));
#3852=CARTESIAN_POINT('',(0.0142551536718905,-0.01928,0.00328));
#3853=CARTESIAN_POINT('',(0.035931616,0.01928,-0.00328));
#3854=CARTESIAN_POINT('',(0.035931616,0.01928,-0.00328));
#3855=CARTESIAN_POINT('',(0.035931616,-0.0196,-0.00328));
#3856=CARTESIAN_POINT('',(0.035931616,-0.01928,-0.00328));
#3857=CARTESIAN_POINT('',(0.035931616,-0.01928,-0.00328));
#3858=MECHANICAL_DESIGN_GEOMETRIC_PRESENTATION_REPRESENTATION('',(#2083),
#3859);
#3859=(
GEOMETRIC_REPRESENTATION_CONTEXT(3)
GLOBAL_UNCERTAINTY_ASSIGNED_CONTEXT((#3860))
GLOBAL_UNIT_ASSIGNED_CONTEXT((#3863,#3862,#3861))
REPRESENTATION_CONTEXT('Part 1','TOP_LEVEL_ASSEMBLY_PART')
);
#3860=UNCERTAINTY_MEASURE_WITH_UNIT(LENGTH_MEASURE(2.E-5),#3863,
'DISTANCE_ACCURACY_VALUE','Maximum Tolerance applied to model');
#3861=(
NAMED_UNIT(*)
SI_UNIT($,.STERADIAN.)
SOLID_ANGLE_UNIT()
);
#3862=(
NAMED_UNIT(*)
PLANE_ANGLE_UNIT()
SI_UNIT($,.RADIAN.)
);
#3863=(
LENGTH_UNIT()
NAMED_UNIT(*)
SI_UNIT($,.METRE.)
);
#3864=PRODUCT_DEFINITION_SHAPE('','',#3865);
#3865=PRODUCT_DEFINITION('','',#3867,#3866);
#3866=PRODUCT_DEFINITION_CONTEXT('',#3873,'design');
#3867=PRODUCT_DEFINITION_FORMATION_WITH_SPECIFIED_SOURCE('','',#3869,
 .NOT_KNOWN.);
#3868=PRODUCT_RELATED_PRODUCT_CATEGORY('','',(#3869));
#3869=PRODUCT('Part 1','Part 1','Part 1',(#3871));
#3870=PRODUCT_CATEGORY('','');
#3871=PRODUCT_CONTEXT('',#3873,'mechanical');
#3872=APPLICATION_PROTOCOL_DEFINITION('international standard',
'ap242_managed_model_based_3d_engineering',2020,#3873);
#3873=APPLICATION_CONTEXT('managed model based 3d engineering');
ENDSEC;
END-ISO-10303-21;
