ISO-10303-21;
HEADER;
/* Generated by software containing ST-Developer
 * from STEP Tools, Inc. (www.steptools.com) 
 */
/* OPTION: using custom renumber hook */

FILE_DESCRIPTION(
/* description */ ('STEP AP242 Edition 2',
'CAx-IF Rec.Pracs.---Representation and Presentation of Product Manufa
cturing Information (PMI)---4.0---2014-10-13',
'CAx-IF Rec.Pracs.---3D Tessellated Geometry---0.4---2014-09-14','2;1',
'CAx-IF Rec.Pracs.---User Defined Attributes---1.5---2016-08-15'),
/* implementation_level */ '2;1');

FILE_NAME(
/* name */ 'trophy - Part 1',
/* time_stamp */ '2026-09-07T14:06:42Z',
/* author */ (''),
/* organization */ (''),
/* preprocessor_version */ 'ST-DEVELOPER v20',
/* originating_system */ 'ONSHAPE BY PTC INC, 1.220',
/* authorisation */ '  ');

FILE_SCHEMA (('AP242_MANAGED_MODEL_BASED_3D_ENGINEERING_MIM_LF { 1 0 10303 442 3 1 4 }'));
ENDSEC;

DATA;
#10=SHAPE_REPRESENTATION_RELATIONSHIP('','',#874,#11);
#11=ADVANCED_BREP_SHAPE_REPRESENTATION('',(#872),#4621);
#12=LINE('',#3741,#51);
#13=LINE('',#3744,#52);
#14=LINE('',#3746,#53);
#15=LINE('',#3748,#54);
#16=LINE('',#3750,#55);
#17=LINE('',#3753,#56);
#18=LINE('',#3755,#57);
#19=LINE('',#3757,#58);
#20=LINE('',#3758,#59);
#21=LINE('',#3760,#60);
#22=LINE('',#3762,#61);
#23=LINE('',#3764,#62);
#24=LINE('',#3766,#63);
#25=LINE('',#3768,#64);
#26=LINE('',#3770,#65);
#27=LINE('',#3771,#66);
#28=LINE('',#4321,#67);
#29=LINE('',#4334,#68);
#30=LINE('',#4336,#69);
#31=LINE('',#4499,#70);
#32=LINE('',#4502,#71);
#33=LINE('',#4504,#72);
#34=LINE('',#4506,#73);
#35=LINE('',#4508,#74);
#36=LINE('',#4510,#75);
#37=LINE('',#4512,#76);
#38=LINE('',#4514,#77);
#39=LINE('',#4516,#78);
#40=LINE('',#4518,#79);
#41=LINE('',#4520,#80);
#42=LINE('',#4521,#81);
#43=LINE('',#4604,#82);
#44=LINE('',#4606,#83);
#45=LINE('',#4608,#84);
#46=LINE('',#4610,#85);
#47=LINE('',#4612,#86);
#48=LINE('',#4614,#87);
#49=LINE('',#4616,#88);
#50=LINE('',#4618,#89);
#51=VECTOR('',#912,1.);
#52=VECTOR('',#913,1.);
#53=VECTOR('',#914,1.);
#54=VECTOR('',#915,1.);
#55=VECTOR('',#918,1.);
#56=VECTOR('',#919,1.);
#57=VECTOR('',#920,1.);
#58=VECTOR('',#921,1.);
#59=VECTOR('',#922,1.);
#60=VECTOR('',#923,1.);
#61=VECTOR('',#924,1.);
#62=VECTOR('',#927,1.);
#63=VECTOR('',#928,1.);
#64=VECTOR('',#929,1.);
#65=VECTOR('',#932,1.);
#66=VECTOR('',#933,1.);
#67=VECTOR('',#948,1.);
#68=VECTOR('',#949,1.);
#69=VECTOR('',#952,1.);
#70=VECTOR('',#959,1.);
#71=VECTOR('',#960,1.);
#72=VECTOR('',#961,1.);
#73=VECTOR('',#962,1.);
#74=VECTOR('',#965,1.);
#75=VECTOR('',#966,1.);
#76=VECTOR('',#967,1.);
#77=VECTOR('',#970,1.);
#78=VECTOR('',#971,1.);
#79=VECTOR('',#972,1.);
#80=VECTOR('',#975,1.);
#81=VECTOR('',#976,1.);
#82=VECTOR('',#985,1.);
#83=VECTOR('',#986,1.);
#84=VECTOR('',#987,1.);
#85=VECTOR('',#990,1.);
#86=VECTOR('',#991,1.);
#87=VECTOR('',#994,1.);
#88=VECTOR('',#995,1.);
#89=VECTOR('',#998,1.);
#90=PLANE('',#878);
#91=PLANE('',#879);
#92=PLANE('',#880);
#93=PLANE('',#881);
#94=PLANE('',#882);
#95=PLANE('',#883);
#96=PLANE('',#885);
#97=PLANE('',#886);
#98=PLANE('',#887);
#99=PLANE('',#888);
#100=PLANE('',#889);
#101=PLANE('',#890);
#102=PLANE('',#891);
#103=PLANE('',#892);
#104=PLANE('',#893);
#105=PLANE('',#894);
#106=PLANE('',#895);
#107=PLANE('',#896);
#108=PLANE('',#897);
#109=PLANE('',#899);
#110=PLANE('',#900);
#111=PLANE('',#901);
#112=PLANE('',#902);
#113=PLANE('',#903);
#114=DRAUGHTING_PRE_DEFINED_COLOUR('black');
#115=CIRCLE('',#876,0.00138882129130263);
#116=CIRCLE('',#877,0.000544853980181368);
#117=CIRCLE('',#884,0.000958601285904367);
#118=CIRCLE('',#898,0.000958601285904367);
#119=ORIENTED_EDGE('',*,*,#297,.F.);
#120=ORIENTED_EDGE('',*,*,#298,.T.);
#121=ORIENTED_EDGE('',*,*,#299,.F.);
#122=ORIENTED_EDGE('',*,*,#300,.T.);
#123=ORIENTED_EDGE('',*,*,#301,.F.);
#124=ORIENTED_EDGE('',*,*,#302,.T.);
#125=ORIENTED_EDGE('',*,*,#303,.F.);
#126=ORIENTED_EDGE('',*,*,#304,.T.);
#127=ORIENTED_EDGE('',*,*,#305,.F.);
#128=ORIENTED_EDGE('',*,*,#306,.F.);
#129=ORIENTED_EDGE('',*,*,#307,.F.);
#130=ORIENTED_EDGE('',*,*,#308,.T.);
#131=ORIENTED_EDGE('',*,*,#309,.F.);
#132=ORIENTED_EDGE('',*,*,#310,.T.);
#133=ORIENTED_EDGE('',*,*,#311,.F.);
#134=ORIENTED_EDGE('',*,*,#312,.T.);
#135=ORIENTED_EDGE('',*,*,#313,.F.);
#136=ORIENTED_EDGE('',*,*,#314,.T.);
#137=ORIENTED_EDGE('',*,*,#315,.F.);
#138=ORIENTED_EDGE('',*,*,#316,.T.);
#139=ORIENTED_EDGE('',*,*,#317,.F.);
#140=ORIENTED_EDGE('',*,*,#318,.T.);
#141=ORIENTED_EDGE('',*,*,#319,.F.);
#142=ORIENTED_EDGE('',*,*,#320,.T.);
#143=ORIENTED_EDGE('',*,*,#304,.F.);
#144=ORIENTED_EDGE('',*,*,#321,.T.);
#145=ORIENTED_EDGE('',*,*,#322,.T.);
#146=ORIENTED_EDGE('',*,*,#308,.F.);
#147=ORIENTED_EDGE('',*,*,#323,.F.);
#148=ORIENTED_EDGE('',*,*,#298,.F.);
#149=ORIENTED_EDGE('',*,*,#324,.F.);
#150=ORIENTED_EDGE('',*,*,#312,.F.);
#151=ORIENTED_EDGE('',*,*,#325,.T.);
#152=ORIENTED_EDGE('',*,*,#318,.F.);
#153=ORIENTED_EDGE('',*,*,#326,.F.);
#154=ORIENTED_EDGE('',*,*,#327,.F.);
#155=ORIENTED_EDGE('',*,*,#314,.F.);
#156=ORIENTED_EDGE('',*,*,#328,.T.);
#157=ORIENTED_EDGE('',*,*,#310,.F.);
#158=ORIENTED_EDGE('',*,*,#329,.T.);
#159=ORIENTED_EDGE('',*,*,#316,.F.);
#160=ORIENTED_EDGE('',*,*,#330,.F.);
#161=ORIENTED_EDGE('',*,*,#331,.F.);
#162=ORIENTED_EDGE('',*,*,#320,.F.);
#163=ORIENTED_EDGE('',*,*,#332,.T.);
#164=ORIENTED_EDGE('',*,*,#333,.F.);
#165=ORIENTED_EDGE('',*,*,#334,.T.);
#166=ORIENTED_EDGE('',*,*,#302,.F.);
#167=ORIENTED_EDGE('',*,*,#335,.F.);
#168=ORIENTED_EDGE('',*,*,#300,.F.);
#169=ORIENTED_EDGE('',*,*,#336,.F.);
#170=ORIENTED_EDGE('',*,*,#337,.F.);
#171=ORIENTED_EDGE('',*,*,#338,.T.);
#172=ORIENTED_EDGE('',*,*,#339,.F.);
#173=ORIENTED_EDGE('',*,*,#340,.T.);
#174=ORIENTED_EDGE('',*,*,#341,.T.);
#175=ORIENTED_EDGE('',*,*,#342,.F.);
#176=ORIENTED_EDGE('',*,*,#343,.F.);
#177=ORIENTED_EDGE('',*,*,#344,.T.);
#178=ORIENTED_EDGE('',*,*,#345,.F.);
#179=ORIENTED_EDGE('',*,*,#346,.T.);
#180=ORIENTED_EDGE('',*,*,#347,.T.);
#181=ORIENTED_EDGE('',*,*,#348,.F.);
#182=ORIENTED_EDGE('',*,*,#349,.F.);
#183=ORIENTED_EDGE('',*,*,#344,.F.);
#184=ORIENTED_EDGE('',*,*,#350,.T.);
#185=ORIENTED_EDGE('',*,*,#351,.T.);
#186=ORIENTED_EDGE('',*,*,#352,.F.);
#187=ORIENTED_EDGE('',*,*,#351,.F.);
#188=ORIENTED_EDGE('',*,*,#353,.T.);
#189=ORIENTED_EDGE('',*,*,#354,.T.);
#190=ORIENTED_EDGE('',*,*,#355,.T.);
#191=ORIENTED_EDGE('',*,*,#354,.F.);
#192=ORIENTED_EDGE('',*,*,#356,.F.);
#193=ORIENTED_EDGE('',*,*,#342,.T.);
#194=ORIENTED_EDGE('',*,*,#343,.T.);
#195=ORIENTED_EDGE('',*,*,#356,.T.);
#196=ORIENTED_EDGE('',*,*,#353,.F.);
#197=ORIENTED_EDGE('',*,*,#350,.F.);
#198=ORIENTED_EDGE('',*,*,#357,.F.);
#199=ORIENTED_EDGE('',*,*,#341,.F.);
#200=ORIENTED_EDGE('',*,*,#349,.T.);
#201=ORIENTED_EDGE('',*,*,#352,.T.);
#202=ORIENTED_EDGE('',*,*,#355,.F.);
#203=ORIENTED_EDGE('',*,*,#340,.F.);
#204=ORIENTED_EDGE('',*,*,#357,.T.);
#205=ORIENTED_EDGE('',*,*,#358,.F.);
#206=ORIENTED_EDGE('',*,*,#339,.T.);
#207=ORIENTED_EDGE('',*,*,#330,.T.);
#208=ORIENTED_EDGE('',*,*,#315,.T.);
#209=ORIENTED_EDGE('',*,*,#327,.T.);
#210=ORIENTED_EDGE('',*,*,#359,.F.);
#211=ORIENTED_EDGE('',*,*,#332,.F.);
#212=ORIENTED_EDGE('',*,*,#319,.T.);
#213=ORIENTED_EDGE('',*,*,#325,.F.);
#214=ORIENTED_EDGE('',*,*,#311,.T.);
#215=ORIENTED_EDGE('',*,*,#328,.F.);
#216=ORIENTED_EDGE('',*,*,#313,.T.);
#217=ORIENTED_EDGE('',*,*,#329,.F.);
#218=ORIENTED_EDGE('',*,*,#309,.T.);
#219=ORIENTED_EDGE('',*,*,#326,.T.);
#220=ORIENTED_EDGE('',*,*,#317,.T.);
#221=ORIENTED_EDGE('',*,*,#331,.T.);
#222=ORIENTED_EDGE('',*,*,#359,.T.);
#223=ORIENTED_EDGE('',*,*,#337,.T.);
#224=ORIENTED_EDGE('',*,*,#306,.T.);
#225=ORIENTED_EDGE('',*,*,#360,.F.);
#226=ORIENTED_EDGE('',*,*,#360,.T.);
#227=ORIENTED_EDGE('',*,*,#305,.T.);
#228=ORIENTED_EDGE('',*,*,#322,.F.);
#229=ORIENTED_EDGE('',*,*,#361,.F.);
#230=ORIENTED_EDGE('',*,*,#362,.T.);
#231=ORIENTED_EDGE('',*,*,#338,.F.);
#232=ORIENTED_EDGE('',*,*,#363,.T.);
#233=ORIENTED_EDGE('',*,*,#333,.T.);
#234=ORIENTED_EDGE('',*,*,#362,.F.);
#235=ORIENTED_EDGE('',*,*,#335,.T.);
#236=ORIENTED_EDGE('',*,*,#301,.T.);
#237=ORIENTED_EDGE('',*,*,#324,.T.);
#238=ORIENTED_EDGE('',*,*,#297,.T.);
#239=ORIENTED_EDGE('',*,*,#321,.F.);
#240=ORIENTED_EDGE('',*,*,#303,.T.);
#241=ORIENTED_EDGE('',*,*,#334,.F.);
#242=ORIENTED_EDGE('',*,*,#363,.F.);
#243=ORIENTED_EDGE('',*,*,#361,.T.);
#244=ORIENTED_EDGE('',*,*,#323,.T.);
#245=ORIENTED_EDGE('',*,*,#307,.T.);
#246=ORIENTED_EDGE('',*,*,#336,.T.);
#247=ORIENTED_EDGE('',*,*,#299,.T.);
#248=ORIENTED_EDGE('',*,*,#358,.T.);
#249=ORIENTED_EDGE('',*,*,#364,.F.);
#250=ORIENTED_EDGE('',*,*,#365,.F.);
#251=ORIENTED_EDGE('',*,*,#366,.F.);
#252=ORIENTED_EDGE('',*,*,#367,.T.);
#253=ORIENTED_EDGE('',*,*,#368,.T.);
#254=ORIENTED_EDGE('',*,*,#369,.T.);
#255=ORIENTED_EDGE('',*,*,#370,.F.);
#256=ORIENTED_EDGE('',*,*,#371,.F.);
#257=ORIENTED_EDGE('',*,*,#366,.T.);
#258=ORIENTED_EDGE('',*,*,#372,.T.);
#259=ORIENTED_EDGE('',*,*,#373,.F.);
#260=ORIENTED_EDGE('',*,*,#374,.F.);
#261=ORIENTED_EDGE('',*,*,#370,.T.);
#262=ORIENTED_EDGE('',*,*,#375,.F.);
#263=ORIENTED_EDGE('',*,*,#368,.F.);
#264=ORIENTED_EDGE('',*,*,#376,.T.);
#265=ORIENTED_EDGE('',*,*,#373,.T.);
#266=ORIENTED_EDGE('',*,*,#367,.F.);
#267=ORIENTED_EDGE('',*,*,#371,.T.);
#268=ORIENTED_EDGE('',*,*,#374,.T.);
#269=ORIENTED_EDGE('',*,*,#376,.F.);
#270=ORIENTED_EDGE('',*,*,#377,.T.);
#271=ORIENTED_EDGE('',*,*,#365,.T.);
#272=ORIENTED_EDGE('',*,*,#375,.T.);
#273=ORIENTED_EDGE('',*,*,#372,.F.);
#274=ORIENTED_EDGE('',*,*,#369,.F.);
#275=ORIENTED_EDGE('',*,*,#364,.T.);
#276=ORIENTED_EDGE('',*,*,#377,.F.);
#277=ORIENTED_EDGE('',*,*,#345,.T.);
#278=ORIENTED_EDGE('',*,*,#378,.F.);
#279=ORIENTED_EDGE('',*,*,#379,.F.);
#280=ORIENTED_EDGE('',*,*,#380,.T.);
#281=ORIENTED_EDGE('',*,*,#348,.T.);
#282=ORIENTED_EDGE('',*,*,#381,.F.);
#283=ORIENTED_EDGE('',*,*,#382,.F.);
#284=ORIENTED_EDGE('',*,*,#378,.T.);
#285=ORIENTED_EDGE('',*,*,#347,.F.);
#286=ORIENTED_EDGE('',*,*,#383,.F.);
#287=ORIENTED_EDGE('',*,*,#384,.T.);
#288=ORIENTED_EDGE('',*,*,#381,.T.);
#289=ORIENTED_EDGE('',*,*,#346,.F.);
#290=ORIENTED_EDGE('',*,*,#380,.F.);
#291=ORIENTED_EDGE('',*,*,#385,.T.);
#292=ORIENTED_EDGE('',*,*,#383,.T.);
#293=ORIENTED_EDGE('',*,*,#379,.T.);
#294=ORIENTED_EDGE('',*,*,#382,.T.);
#295=ORIENTED_EDGE('',*,*,#384,.F.);
#296=ORIENTED_EDGE('',*,*,#385,.F.);
#297=EDGE_CURVE('',#386,#387,#447,.T.);
#298=EDGE_CURVE('',#386,#388,#448,.F.);
#299=EDGE_CURVE('',#389,#388,#449,.T.);
#300=EDGE_CURVE('',#389,#387,#450,.F.);
#301=EDGE_CURVE('',#390,#391,#451,.T.);
#302=EDGE_CURVE('',#390,#392,#452,.F.);
#303=EDGE_CURVE('',#393,#392,#453,.T.);
#304=EDGE_CURVE('',#393,#391,#454,.F.);
#305=EDGE_CURVE('',#394,#395,#455,.T.);
#306=EDGE_CURVE('',#396,#394,#456,.T.);
#307=EDGE_CURVE('',#397,#396,#457,.T.);
#308=EDGE_CURVE('',#397,#395,#458,.F.);
#309=EDGE_CURVE('',#398,#399,#459,.T.);
#310=EDGE_CURVE('',#398,#400,#460,.F.);
#311=EDGE_CURVE('',#401,#400,#461,.T.);
#312=EDGE_CURVE('',#401,#399,#462,.F.);
#313=EDGE_CURVE('',#402,#403,#463,.T.);
#314=EDGE_CURVE('',#402,#404,#464,.F.);
#315=EDGE_CURVE('',#405,#404,#465,.T.);
#316=EDGE_CURVE('',#405,#403,#466,.F.);
#317=EDGE_CURVE('',#406,#407,#467,.T.);
#318=EDGE_CURVE('',#406,#408,#468,.F.);
#319=EDGE_CURVE('',#409,#408,#469,.T.);
#320=EDGE_CURVE('',#409,#407,#470,.F.);
#321=EDGE_CURVE('',#393,#410,#471,.T.);
#322=EDGE_CURVE('',#410,#395,#472,.T.);
#323=EDGE_CURVE('',#388,#397,#473,.T.);
#324=EDGE_CURVE('',#391,#386,#474,.T.);
#325=EDGE_CURVE('',#401,#408,#475,.T.);
#326=EDGE_CURVE('',#411,#406,#476,.T.);
#327=EDGE_CURVE('',#404,#411,#477,.T.);
#328=EDGE_CURVE('',#402,#399,#478,.T.);
#329=EDGE_CURVE('',#398,#403,#479,.T.);
#330=EDGE_CURVE('',#412,#405,#480,.T.);
#331=EDGE_CURVE('',#407,#412,#481,.T.);
#332=EDGE_CURVE('',#409,#400,#482,.T.);
#333=EDGE_CURVE('',#413,#414,#483,.T.);
#334=EDGE_CURVE('',#413,#392,#484,.T.);
#335=EDGE_CURVE('',#387,#390,#485,.T.);
#336=EDGE_CURVE('',#396,#389,#486,.T.);
#337=EDGE_CURVE('',#415,#396,#487,.T.);
#338=EDGE_CURVE('',#415,#414,#488,.T.);
#339=EDGE_CURVE('',#416,#416,#115,.T.);
#340=EDGE_CURVE('',#417,#417,#116,.T.);
#341=EDGE_CURVE('',#418,#419,#12,.T.);
#342=EDGE_CURVE('',#420,#419,#13,.T.);
#343=EDGE_CURVE('',#421,#420,#14,.T.);
#344=EDGE_CURVE('',#421,#418,#15,.T.);
#345=EDGE_CURVE('',#422,#423,#16,.T.);
#346=EDGE_CURVE('',#422,#424,#17,.T.);
#347=EDGE_CURVE('',#424,#425,#18,.T.);
#348=EDGE_CURVE('',#423,#425,#19,.T.);
#349=EDGE_CURVE('',#418,#426,#20,.T.);
#350=EDGE_CURVE('',#421,#427,#21,.T.);
#351=EDGE_CURVE('',#427,#426,#22,.T.);
#352=EDGE_CURVE('',#426,#428,#23,.T.);
#353=EDGE_CURVE('',#427,#429,#24,.T.);
#354=EDGE_CURVE('',#429,#428,#25,.T.);
#355=EDGE_CURVE('',#419,#428,#26,.T.);
#356=EDGE_CURVE('',#420,#429,#27,.T.);
#357=EDGE_CURVE('',#430,#430,#117,.T.);
#358=EDGE_CURVE('',#431,#431,#489,.T.);
#359=EDGE_CURVE('',#412,#411,#490,.T.);
#360=EDGE_CURVE('',#415,#394,#28,.T.);
#361=EDGE_CURVE('',#432,#410,#491,.T.);
#362=EDGE_CURVE('',#432,#414,#29,.T.);
#363=EDGE_CURVE('',#432,#413,#30,.T.);
#364=EDGE_CURVE('',#433,#433,#492,.T.);
#365=EDGE_CURVE('',#434,#435,#31,.T.);
#366=EDGE_CURVE('',#436,#434,#32,.T.);
#367=EDGE_CURVE('',#436,#437,#33,.T.);
#368=EDGE_CURVE('',#437,#435,#34,.T.);
#369=EDGE_CURVE('',#434,#438,#35,.T.);
#370=EDGE_CURVE('',#439,#438,#36,.T.);
#371=EDGE_CURVE('',#436,#439,#37,.T.);
#372=EDGE_CURVE('',#438,#440,#38,.T.);
#373=EDGE_CURVE('',#441,#440,#39,.T.);
#374=EDGE_CURVE('',#439,#441,#40,.T.);
#375=EDGE_CURVE('',#435,#440,#41,.T.);
#376=EDGE_CURVE('',#437,#441,#42,.T.);
#377=EDGE_CURVE('',#442,#442,#118,.T.);
#378=EDGE_CURVE('',#443,#423,#43,.T.);
#379=EDGE_CURVE('',#444,#443,#44,.T.);
#380=EDGE_CURVE('',#444,#422,#45,.T.);
#381=EDGE_CURVE('',#445,#425,#46,.T.);
#382=EDGE_CURVE('',#443,#445,#47,.T.);
#383=EDGE_CURVE('',#446,#424,#48,.T.);
#384=EDGE_CURVE('',#446,#445,#49,.T.);
#385=EDGE_CURVE('',#444,#446,#50,.T.);
#386=VERTEX_POINT('',#1186);
#387=VERTEX_POINT('',#1187);
#388=VERTEX_POINT('',#1192);
#389=VERTEX_POINT('',#1207);
#390=VERTEX_POINT('',#1396);
#391=VERTEX_POINT('',#1397);
#392=VERTEX_POINT('',#1402);
#393=VERTEX_POINT('',#1417);
#394=VERTEX_POINT('',#1596);
#395=VERTEX_POINT('',#1597);
#396=VERTEX_POINT('',#1602);
#397=VERTEX_POINT('',#1615);
#398=VERTEX_POINT('',#1814);
#399=VERTEX_POINT('',#1815);
#400=VERTEX_POINT('',#1820);
#401=VERTEX_POINT('',#1825);
#402=VERTEX_POINT('',#2012);
#403=VERTEX_POINT('',#2013);
#404=VERTEX_POINT('',#2018);
#405=VERTEX_POINT('',#2023);
#406=VERTEX_POINT('',#2212);
#407=VERTEX_POINT('',#2213);
#408=VERTEX_POINT('',#2218);
#409=VERTEX_POINT('',#2223);
#410=VERTEX_POINT('',#3662);
#411=VERTEX_POINT('',#3683);
#412=VERTEX_POINT('',#3700);
#413=VERTEX_POINT('',#3713);
#414=VERTEX_POINT('',#3714);
#415=VERTEX_POINT('',#3731);
#416=VERTEX_POINT('',#3737);
#417=VERTEX_POINT('',#3739);
#418=VERTEX_POINT('',#3742);
#419=VERTEX_POINT('',#3743);
#420=VERTEX_POINT('',#3745);
#421=VERTEX_POINT('',#3747);
#422=VERTEX_POINT('',#3751);
#423=VERTEX_POINT('',#3752);
#424=VERTEX_POINT('',#3754);
#425=VERTEX_POINT('',#3756);
#426=VERTEX_POINT('',#3759);
#427=VERTEX_POINT('',#3761);
#428=VERTEX_POINT('',#3765);
#429=VERTEX_POINT('',#3767);
#430=VERTEX_POINT('',#3775);
#431=VERTEX_POINT('',#4298);
#432=VERTEX_POINT('',#4333);
#433=VERTEX_POINT('',#4497);
#434=VERTEX_POINT('',#4500);
#435=VERTEX_POINT('',#4501);
#436=VERTEX_POINT('',#4503);
#437=VERTEX_POINT('',#4505);
#438=VERTEX_POINT('',#4509);
#439=VERTEX_POINT('',#4511);
#440=VERTEX_POINT('',#4515);
#441=VERTEX_POINT('',#4517);
#442=VERTEX_POINT('',#4525);
#443=VERTEX_POINT('',#4605);
#444=VERTEX_POINT('',#4607);
#445=VERTEX_POINT('',#4611);
#446=VERTEX_POINT('',#4615);
#447=B_SPLINE_CURVE_WITH_KNOTS('',3,(#1182,#1183,#1184,#1185),
 .UNSPECIFIED.,.F.,.F.,(4,4),(0.,1.),.UNSPECIFIED.);
#448=B_SPLINE_CURVE_WITH_KNOTS('',3,(#1188,#1189,#1190,#1191),
 .UNSPECIFIED.,.F.,.F.,(4,4),(0.,7.52334489702942E-5),.UNSPECIFIED.);
#449=B_SPLINE_CURVE_WITH_KNOTS('',3,(#1193,#1194,#1195,#1196,#1197,#1198,
#1199,#1200,#1201,#1202,#1203,#1204,#1205,#1206),.UNSPECIFIED.,.F.,.F.,
(4,1,1,1,1,1,1,1,1,1,1,4),(3.64172970048892E-7,0.125000048828553,0.187499891156345,
0.249999733484137,0.312499575811928,0.37499941813972,0.437499260467512,
0.499999102795303,0.562498945123095,0.624998787450886,0.74999847210647,
0.999997841417636),.UNSPECIFIED.);
#450=B_SPLINE_CURVE_WITH_KNOTS('',3,(#1208,#1209,#1210,#1211),
 .UNSPECIFIED.,.F.,.F.,(4,4),(0.,6.44942860710447E-5),.UNSPECIFIED.);
#451=B_SPLINE_CURVE_WITH_KNOTS('',3,(#1392,#1393,#1394,#1395),
 .UNSPECIFIED.,.F.,.F.,(4,4),(0.,1.),.UNSPECIFIED.);
#452=B_SPLINE_CURVE_WITH_KNOTS('',3,(#1398,#1399,#1400,#1401),
 .UNSPECIFIED.,.F.,.F.,(4,4),(0.,6.49829515897039E-5),.UNSPECIFIED.);
#453=B_SPLINE_CURVE_WITH_KNOTS('',3,(#1403,#1404,#1405,#1406,#1407,#1408,
#1409,#1410,#1411,#1412,#1413,#1414,#1415,#1416),.UNSPECIFIED.,.F.,.F.,
(4,1,1,1,1,1,1,1,1,1,1,4),(1.95419154627672E-6,0.250001342107874,0.375001036066038,
0.43750088304512,0.500000730024202,0.562500577003284,0.625000423982366,
0.687500270961448,0.75000011794053,0.812499964919612,0.874999811898694,
0.999999505856858),.UNSPECIFIED.);
#454=B_SPLINE_CURVE_WITH_KNOTS('',3,(#1418,#1419,#1420,#1421),
 .UNSPECIFIED.,.F.,.F.,(4,4),(0.,7.53308904290267E-5),.UNSPECIFIED.);
#455=B_SPLINE_CURVE_WITH_KNOTS('',3,(#1592,#1593,#1594,#1595),
 .UNSPECIFIED.,.F.,.F.,(4,4),(0.,1.),.UNSPECIFIED.);
#456=B_SPLINE_CURVE_WITH_KNOTS('',3,(#1598,#1599,#1600,#1601),
 .UNSPECIFIED.,.F.,.F.,(4,4),(0.,6.46787722042041E-5),.UNSPECIFIED.);
#457=B_SPLINE_CURVE_WITH_KNOTS('',3,(#1603,#1604,#1605,#1606,#1607,#1608,
#1609,#1610,#1611,#1612,#1613,#1614),.UNSPECIFIED.,.F.,.F.,(4,1,1,1,1,1,
1,1,1,4),(6.58148700760841E-6,0.250004936115256,0.37500411342938,0.437503702086442,
0.500003290743504,0.562502879400566,0.625002468057628,0.750001645371752,
0.875000822685876,1.),.UNSPECIFIED.);
#458=B_SPLINE_CURVE_WITH_KNOTS('',3,(#1616,#1617,#1618,#1619),
 .UNSPECIFIED.,.F.,.F.,(4,4),(0.,8.19003533135826E-5),.UNSPECIFIED.);
#459=B_SPLINE_CURVE_WITH_KNOTS('',3,(#1800,#1801,#1802,#1803,#1804,#1805,
#1806,#1807,#1808,#1809,#1810,#1811,#1812,#1813),.UNSPECIFIED.,.F.,.F.,
(4,1,1,1,1,1,1,1,1,1,1,4),(2.55953422386594E-7,0.125000223959245,0.187500207962156,
0.250000191965067,0.312500175967978,0.375000159970889,0.4375001439738,0.500000127976711,
0.562500111979622,0.625000095982533,0.750000063988356,1.),.UNSPECIFIED.);
#460=B_SPLINE_CURVE_WITH_KNOTS('',3,(#1816,#1817,#1818,#1819),
 .UNSPECIFIED.,.F.,.F.,(4,4),(0.,6.45049546805991E-5),.UNSPECIFIED.);
#461=B_SPLINE_CURVE_WITH_KNOTS('',3,(#1821,#1822,#1823,#1824),
 .UNSPECIFIED.,.F.,.F.,(4,4),(0.,1.),.UNSPECIFIED.);
#462=B_SPLINE_CURVE_WITH_KNOTS('',3,(#1826,#1827,#1828,#1829),
 .UNSPECIFIED.,.F.,.F.,(4,4),(2.59390010170083E-9,7.63427772242658E-5),
 .UNSPECIFIED.);
#463=B_SPLINE_CURVE_WITH_KNOTS('',3,(#2000,#2001,#2002,#2003,#2004,#2005,
#2006,#2007,#2008,#2009,#2010,#2011),.UNSPECIFIED.,.F.,.F.,(4,1,1,1,1,1,
1,1,1,4),(8.19132224682348E-6,0.250006143491685,0.375005119576404,0.437504607618764,
0.500004095661123,0.562503583703483,0.625003071745843,0.750002047830562,
0.875001023915281,1.),.UNSPECIFIED.);
#464=B_SPLINE_CURVE_WITH_KNOTS('',3,(#2014,#2015,#2016,#2017),
 .UNSPECIFIED.,.F.,.F.,(4,4),(0.,8.33075293628881E-5),.UNSPECIFIED.);
#465=B_SPLINE_CURVE_WITH_KNOTS('',3,(#2019,#2020,#2021,#2022),
 .UNSPECIFIED.,.F.,.F.,(4,4),(0.,1.),.UNSPECIFIED.);
#466=B_SPLINE_CURVE_WITH_KNOTS('',3,(#2024,#2025,#2026,#2027),
 .UNSPECIFIED.,.F.,.F.,(4,4),(0.,6.50143753197858E-5),.UNSPECIFIED.);
#467=B_SPLINE_CURVE_WITH_KNOTS('',3,(#2198,#2199,#2200,#2201,#2202,#2203,
#2204,#2205,#2206,#2207,#2208,#2209,#2210,#2211),.UNSPECIFIED.,.F.,.F.,
(4,1,1,1,1,1,1,1,1,1,1,4),(5.01127967216809E-6,0.25000369481226,0.375003036578553,
0.4375027074617,0.500002378344847,0.562502049227994,0.625001720111141,0.687501390994288,
0.750001061877435,0.812500732760581,0.875000403643728,0.999999745410022),
 .UNSPECIFIED.);
#468=B_SPLINE_CURVE_WITH_KNOTS('',3,(#2214,#2215,#2216,#2217),
 .UNSPECIFIED.,.F.,.F.,(4,4),(0.,7.62044153194235E-5),.UNSPECIFIED.);
#469=B_SPLINE_CURVE_WITH_KNOTS('',3,(#2219,#2220,#2221,#2222),
 .UNSPECIFIED.,.F.,.F.,(4,4),(0.,1.),.UNSPECIFIED.);
#470=B_SPLINE_CURVE_WITH_KNOTS('',3,(#2224,#2225,#2226,#2227),
 .UNSPECIFIED.,.F.,.F.,(4,4),(0.,6.49875392989343E-5),.UNSPECIFIED.);
#471=B_SPLINE_CURVE_WITH_KNOTS('',3,(#3658,#3659,#3660,#3661),
 .UNSPECIFIED.,.F.,.F.,(4,4),(0.000165439210110122,0.000256522043720175),
 .UNSPECIFIED.);
#472=B_SPLINE_CURVE_WITH_KNOTS('',3,(#3663,#3664,#3665,#3666),
 .UNSPECIFIED.,.F.,.F.,(4,4),(2.71050543121376E-20,0.000362474778987577),
 .UNSPECIFIED.);
#473=B_SPLINE_CURVE_WITH_KNOTS('',3,(#3667,#3668,#3669,#3670),
 .UNSPECIFIED.,.F.,.F.,(4,4),(0.000165440142215433,0.000199438281255069),
 .UNSPECIFIED.);
#474=B_SPLINE_CURVE_WITH_KNOTS('',3,(#3671,#3672,#3673,#3674),
 .UNSPECIFIED.,.F.,.F.,(4,4),(4.06138866848899E-5,0.00036247375205148),
 .UNSPECIFIED.);
#475=B_SPLINE_CURVE_WITH_KNOTS('',3,(#3675,#3676,#3677,#3678),
 .UNSPECIFIED.,.F.,.F.,(4,4),(4.06437931691516E-5,0.000362593950950578),
 .UNSPECIFIED.);
#476=B_SPLINE_CURVE_WITH_KNOTS('',3,(#3679,#3680,#3681,#3682),
 .UNSPECIFIED.,.F.,.F.,(4,4),(0.000770403845278711,0.000868640315817152),
 .UNSPECIFIED.);
#477=B_SPLINE_CURVE_WITH_KNOTS('',3,(#3684,#3685,#3686,#3687),
 .UNSPECIFIED.,.F.,.F.,(4,4),(4.06402575430936E-5,0.000403272433220746),
 .UNSPECIFIED.);
#478=B_SPLINE_CURVE_WITH_KNOTS('',3,(#3688,#3689,#3690,#3691),
 .UNSPECIFIED.,.F.,.F.,(4,4),(0.000828674387827483,0.000868667869295837),
 .UNSPECIFIED.);
#479=B_SPLINE_CURVE_WITH_KNOTS('',3,(#3692,#3693,#3694,#3695),
 .UNSPECIFIED.,.F.,.F.,(4,4),(5.42820860576827E-5,0.000134584074173468),
 .UNSPECIFIED.);
#480=B_SPLINE_CURVE_WITH_KNOTS('',3,(#3696,#3697,#3698,#3699),
 .UNSPECIFIED.,.F.,.F.,(4,4),(8.44721527077355E-18,0.000361486951580706),
 .UNSPECIFIED.);
#481=B_SPLINE_CURVE_WITH_KNOTS('',3,(#3701,#3702,#3703,#3704),
 .UNSPECIFIED.,.F.,.F.,(4,4),(5.42807569994594E-5,0.0001744344645146),
 .UNSPECIFIED.);
#482=B_SPLINE_CURVE_WITH_KNOTS('',3,(#3705,#3706,#3707,#3708),
 .UNSPECIFIED.,.F.,.F.,(4,4),(4.03549095052258E-5,0.000361411874590984),
 .UNSPECIFIED.);
#483=B_SPLINE_CURVE_WITH_KNOTS('',3,(#3709,#3710,#3711,#3712),
 .UNSPECIFIED.,.F.,.F.,(4,4),(3.44331845720589E-15,6.5479450651004E-5),
 .UNSPECIFIED.);
#484=B_SPLINE_CURVE_WITH_KNOTS('',3,(#3715,#3716,#3717,#3718),
 .UNSPECIFIED.,.F.,.F.,(4,4),(0.00171832617652521,0.00178498384750457),
 .UNSPECIFIED.);
#485=B_SPLINE_CURVE_WITH_KNOTS('',3,(#3719,#3720,#3721,#3722),
 .UNSPECIFIED.,.F.,.F.,(4,4),(4.03565249737912E-5,0.000361418338658828),
 .UNSPECIFIED.);
#486=B_SPLINE_CURVE_WITH_KNOTS('',3,(#3723,#3724,#3725,#3726),
 .UNSPECIFIED.,.F.,.F.,(4,4),(0.00171903969840347,0.00178501129999022),
 .UNSPECIFIED.);
#487=B_SPLINE_CURVE_WITH_KNOTS('',3,(#3727,#3728,#3729,#3730),
 .UNSPECIFIED.,.F.,.F.,(4,4),(2.30057890857439E-18,6.54794560374839E-5),
 .UNSPECIFIED.);
#488=B_SPLINE_CURVE_WITH_KNOTS('',3,(#3732,#3733,#3734,#3735),
 .UNSPECIFIED.,.F.,.F.,(4,4),(3.46790349459828E-16,0.000296495629511603),
 .UNSPECIFIED.);
#489=B_SPLINE_CURVE_WITH_KNOTS('',3,(#4287,#4288,#4289,#4290,#4291,#4292,
#4293,#4294,#4295,#4296,#4297),.UNSPECIFIED.,.T.,.F.,(1,1,1,1,1,1,1,1,1,
1,1,1,1,1,1),(-0.00276767762739695,-0.00184511841826463,-0.000922559209132316,
2.4395365083117E-19,0.000922559209132316,0.00184511841826463,0.00276767762739695,
0.00369023683652926,0.00461279604566158,0.00553535525479389,0.00645791446392621,
0.00738047367305853,0.00830303288219084,0.00922559209132316,0.0101481513004555),
 .UNSPECIFIED.);
#490=B_SPLINE_CURVE_WITH_KNOTS('',2,(#4307,#4308,#4309),.UNSPECIFIED.,.F.,
 .F.,(3,3),(0.,1.),.PIECEWISE_BEZIER_KNOTS.);
#491=B_SPLINE_CURVE_WITH_KNOTS('',2,(#4330,#4331,#4332),.UNSPECIFIED.,.F.,
 .F.,(3,3),(0.,1.),.PIECEWISE_BEZIER_KNOTS.);
#492=B_SPLINE_CURVE_WITH_KNOTS('',3,(#4490,#4491,#4492,#4493,#4494,#4495,
#4496),.UNSPECIFIED.,.T.,.F.,(1,1,1,1,1,1,1,1,1,1,1),(-0.75,-0.5,-0.25,
0.,0.25,0.5,0.75,1.,1.25,1.5,1.75),.UNSPECIFIED.);
#493=EDGE_LOOP('',(#119,#120,#121,#122));
#494=EDGE_LOOP('',(#123,#124,#125,#126));
#495=EDGE_LOOP('',(#127,#128,#129,#130));
#496=EDGE_LOOP('',(#131,#132,#133,#134));
#497=EDGE_LOOP('',(#135,#136,#137,#138));
#498=EDGE_LOOP('',(#139,#140,#141,#142));
#499=EDGE_LOOP('',(#143,#144,#145,#146,#147,#148,#149));
#500=EDGE_LOOP('',(#150,#151,#152,#153,#154,#155,#156));
#501=EDGE_LOOP('',(#157,#158,#159,#160,#161,#162,#163));
#502=EDGE_LOOP('',(#164,#165,#166,#167,#168,#169,#170,#171));
#503=EDGE_LOOP('',(#172));
#504=EDGE_LOOP('',(#173));
#505=EDGE_LOOP('',(#174,#175,#176,#177));
#506=EDGE_LOOP('',(#178,#179,#180,#181));
#507=EDGE_LOOP('',(#182,#183,#184,#185));
#508=EDGE_LOOP('',(#186,#187,#188,#189));
#509=EDGE_LOOP('',(#190,#191,#192,#193));
#510=EDGE_LOOP('',(#194,#195,#196,#197));
#511=EDGE_LOOP('',(#198));
#512=EDGE_LOOP('',(#199,#200,#201,#202));
#513=EDGE_LOOP('',(#203));
#514=EDGE_LOOP('',(#204));
#515=EDGE_LOOP('',(#205));
#516=EDGE_LOOP('',(#206));
#517=EDGE_LOOP('',(#207,#208,#209,#210));
#518=EDGE_LOOP('',(#211,#212,#213,#214));
#519=EDGE_LOOP('',(#215,#216,#217,#218));
#520=EDGE_LOOP('',(#219,#220,#221,#222));
#521=EDGE_LOOP('',(#223,#224,#225));
#522=EDGE_LOOP('',(#226,#227,#228,#229,#230,#231));
#523=EDGE_LOOP('',(#232,#233,#234));
#524=EDGE_LOOP('',(#235,#236,#237,#238));
#525=EDGE_LOOP('',(#239,#240,#241,#242,#243));
#526=EDGE_LOOP('',(#244,#245,#246,#247));
#527=EDGE_LOOP('',(#248));
#528=EDGE_LOOP('',(#249));
#529=EDGE_LOOP('',(#250,#251,#252,#253));
#530=EDGE_LOOP('',(#254,#255,#256,#257));
#531=EDGE_LOOP('',(#258,#259,#260,#261));
#532=EDGE_LOOP('',(#262,#263,#264,#265));
#533=EDGE_LOOP('',(#266,#267,#268,#269));
#534=EDGE_LOOP('',(#270));
#535=EDGE_LOOP('',(#271,#272,#273,#274));
#536=EDGE_LOOP('',(#275));
#537=EDGE_LOOP('',(#276));
#538=EDGE_LOOP('',(#277,#278,#279,#280));
#539=EDGE_LOOP('',(#281,#282,#283,#284));
#540=EDGE_LOOP('',(#285,#286,#287,#288));
#541=EDGE_LOOP('',(#289,#290,#291,#292));
#542=EDGE_LOOP('',(#293,#294,#295,#296));
#543=FACE_BOUND('',#493,.T.);
#544=FACE_BOUND('',#494,.T.);
#545=FACE_BOUND('',#495,.T.);
#546=FACE_BOUND('',#496,.T.);
#547=FACE_BOUND('',#497,.T.);
#548=FACE_BOUND('',#498,.T.);
#549=FACE_BOUND('',#499,.T.);
#550=FACE_BOUND('',#500,.T.);
#551=FACE_BOUND('',#501,.T.);
#552=FACE_BOUND('',#502,.T.);
#553=FACE_BOUND('',#503,.T.);
#554=FACE_BOUND('',#504,.T.);
#555=FACE_BOUND('',#505,.T.);
#556=FACE_BOUND('',#506,.T.);
#557=FACE_BOUND('',#507,.T.);
#558=FACE_BOUND('',#508,.T.);
#559=FACE_BOUND('',#509,.T.);
#560=FACE_BOUND('',#510,.T.);
#561=FACE_BOUND('',#511,.T.);
#562=FACE_BOUND('',#512,.T.);
#563=FACE_BOUND('',#513,.T.);
#564=FACE_BOUND('',#514,.T.);
#565=FACE_BOUND('',#515,.T.);
#566=FACE_BOUND('',#516,.T.);
#567=FACE_BOUND('',#517,.T.);
#568=FACE_BOUND('',#518,.T.);
#569=FACE_BOUND('',#519,.T.);
#570=FACE_BOUND('',#520,.T.);
#571=FACE_BOUND('',#521,.T.);
#572=FACE_BOUND('',#522,.T.);
#573=FACE_BOUND('',#523,.T.);
#574=FACE_BOUND('',#524,.T.);
#575=FACE_BOUND('',#525,.T.);
#576=FACE_BOUND('',#526,.T.);
#577=FACE_BOUND('',#527,.T.);
#578=FACE_BOUND('',#528,.T.);
#579=FACE_BOUND('',#529,.T.);
#580=FACE_BOUND('',#530,.T.);
#581=FACE_BOUND('',#531,.T.);
#582=FACE_BOUND('',#532,.T.);
#583=FACE_BOUND('',#533,.T.);
#584=FACE_BOUND('',#534,.T.);
#585=FACE_BOUND('',#535,.T.);
#586=FACE_BOUND('',#536,.T.);
#587=FACE_BOUND('',#537,.T.);
#588=FACE_BOUND('',#538,.T.);
#589=FACE_BOUND('',#539,.T.);
#590=FACE_BOUND('',#540,.T.);
#591=FACE_BOUND('',#541,.T.);
#592=FACE_BOUND('',#542,.T.);
#593=B_SPLINE_SURFACE_WITH_KNOTS('',3,3,((#1002,#1003,#1004,#1005,#1006,
#1007,#1008,#1009,#1010,#1011,#1012,#1013,#1014,#1015,#1016,#1017,#1018,
#1019),(#1020,#1021,#1022,#1023,#1024,#1025,#1026,#1027,#1028,#1029,#1030,
#1031,#1032,#1033,#1034,#1035,#1036,#1037),(#1038,#1039,#1040,#1041,#1042,
#1043,#1044,#1045,#1046,#1047,#1048,#1049,#1050,#1051,#1052,#1053,#1054,
#1055),(#1056,#1057,#1058,#1059,#1060,#1061,#1062,#1063,#1064,#1065,#1066,
#1067,#1068,#1069,#1070,#1071,#1072,#1073),(#1074,#1075,#1076,#1077,#1078,
#1079,#1080,#1081,#1082,#1083,#1084,#1085,#1086,#1087,#1088,#1089,#1090,
#1091),(#1092,#1093,#1094,#1095,#1096,#1097,#1098,#1099,#1100,#1101,#1102,
#1103,#1104,#1105,#1106,#1107,#1108,#1109),(#1110,#1111,#1112,#1113,#1114,
#1115,#1116,#1117,#1118,#1119,#1120,#1121,#1122,#1123,#1124,#1125,#1126,
#1127),(#1128,#1129,#1130,#1131,#1132,#1133,#1134,#1135,#1136,#1137,#1138,
#1139,#1140,#1141,#1142,#1143,#1144,#1145),(#1146,#1147,#1148,#1149,#1150,
#1151,#1152,#1153,#1154,#1155,#1156,#1157,#1158,#1159,#1160,#1161,#1162,
#1163),(#1164,#1165,#1166,#1167,#1168,#1169,#1170,#1171,#1172,#1173,#1174,
#1175,#1176,#1177,#1178,#1179,#1180,#1181)),.UNSPECIFIED.,.F.,.F.,.F.,(4,
2,2,2,4),(4,1,2,2,1,1,1,1,1,1,1,2,4),(0.,0.25,0.5,0.75,1.),(0.0101783948891158,
0.0108368671333782,0.0125805462147157,0.0143242252960533,0.0151960648367221,
0.0160679043773908,0.0169397439180596,0.0178115834587284,0.0186834229993971,
0.0195552625400659,0.0204271020807347,0.0212989416214035,0.0219497049706629),
 .UNSPECIFIED.);
#594=B_SPLINE_SURFACE_WITH_KNOTS('',3,3,((#1212,#1213,#1214,#1215,#1216,
#1217,#1218,#1219,#1220,#1221,#1222,#1223,#1224,#1225,#1226,#1227,#1228,
#1229),(#1230,#1231,#1232,#1233,#1234,#1235,#1236,#1237,#1238,#1239,#1240,
#1241,#1242,#1243,#1244,#1245,#1246,#1247),(#1248,#1249,#1250,#1251,#1252,
#1253,#1254,#1255,#1256,#1257,#1258,#1259,#1260,#1261,#1262,#1263,#1264,
#1265),(#1266,#1267,#1268,#1269,#1270,#1271,#1272,#1273,#1274,#1275,#1276,
#1277,#1278,#1279,#1280,#1281,#1282,#1283),(#1284,#1285,#1286,#1287,#1288,
#1289,#1290,#1291,#1292,#1293,#1294,#1295,#1296,#1297,#1298,#1299,#1300,
#1301),(#1302,#1303,#1304,#1305,#1306,#1307,#1308,#1309,#1310,#1311,#1312,
#1313,#1314,#1315,#1316,#1317,#1318,#1319),(#1320,#1321,#1322,#1323,#1324,
#1325,#1326,#1327,#1328,#1329,#1330,#1331,#1332,#1333,#1334,#1335,#1336,
#1337),(#1338,#1339,#1340,#1341,#1342,#1343,#1344,#1345,#1346,#1347,#1348,
#1349,#1350,#1351,#1352,#1353,#1354,#1355),(#1356,#1357,#1358,#1359,#1360,
#1361,#1362,#1363,#1364,#1365,#1366,#1367,#1368,#1369,#1370,#1371,#1372,
#1373),(#1374,#1375,#1376,#1377,#1378,#1379,#1380,#1381,#1382,#1383,#1384,
#1385,#1386,#1387,#1388,#1389,#1390,#1391)),.UNSPECIFIED.,.F.,.F.,.F.,(4,
2,2,2,4),(4,2,1,1,1,1,1,1,1,2,2,1,4),(0.,0.25,0.5,0.75,1.),(0.00512104492958435,
0.00577496029115607,0.00664889723659748,0.00752283418203889,0.00839677112748031,
0.00927070807292172,0.0101446450183631,0.0110185819638045,0.011892518909246,
0.0127664558546874,0.0145143297455702,0.016262203636453,0.0169217651380242),
 .UNSPECIFIED.);
#595=B_SPLINE_SURFACE_WITH_KNOTS('',3,3,((#1422,#1423,#1424,#1425,#1426,
#1427,#1428,#1429,#1430,#1431,#1432,#1433,#1434,#1435,#1436,#1437,#1438),
(#1439,#1440,#1441,#1442,#1443,#1444,#1445,#1446,#1447,#1448,#1449,#1450,
#1451,#1452,#1453,#1454,#1455),(#1456,#1457,#1458,#1459,#1460,#1461,#1462,
#1463,#1464,#1465,#1466,#1467,#1468,#1469,#1470,#1471,#1472),(#1473,#1474,
#1475,#1476,#1477,#1478,#1479,#1480,#1481,#1482,#1483,#1484,#1485,#1486,
#1487,#1488,#1489),(#1490,#1491,#1492,#1493,#1494,#1495,#1496,#1497,#1498,
#1499,#1500,#1501,#1502,#1503,#1504,#1505,#1506),(#1507,#1508,#1509,#1510,
#1511,#1512,#1513,#1514,#1515,#1516,#1517,#1518,#1519,#1520,#1521,#1522,
#1523),(#1524,#1525,#1526,#1527,#1528,#1529,#1530,#1531,#1532,#1533,#1534,
#1535,#1536,#1537,#1538,#1539,#1540),(#1541,#1542,#1543,#1544,#1545,#1546,
#1547,#1548,#1549,#1550,#1551,#1552,#1553,#1554,#1555,#1556,#1557),(#1558,
#1559,#1560,#1561,#1562,#1563,#1564,#1565,#1566,#1567,#1568,#1569,#1570,
#1571,#1572,#1573,#1574),(#1575,#1576,#1577,#1578,#1579,#1580,#1581,#1582,
#1583,#1584,#1585,#1586,#1587,#1588,#1589,#1590,#1591)),.UNSPECIFIED.,.F.,
 .F.,.F.,(4,2,2,2,4),(4,2,1,1,1,1,1,1,1,2,2,4),(0.,0.25,0.5,0.75,1.),(0.00396776401104466,
0.0045628956640663,0.0053578751135222,0.0061528545629781,0.006947834012434,
0.0077428134618899,0.0085377929113458,0.0093327723608017,0.0101277518102576,
0.0109227312597135,0.0125126901586253,0.0146960906025047),.UNSPECIFIED.);
#596=B_SPLINE_SURFACE_WITH_KNOTS('',3,3,((#1620,#1621,#1622,#1623,#1624,
#1625,#1626,#1627,#1628,#1629,#1630,#1631,#1632,#1633,#1634,#1635,#1636,
#1637),(#1638,#1639,#1640,#1641,#1642,#1643,#1644,#1645,#1646,#1647,#1648,
#1649,#1650,#1651,#1652,#1653,#1654,#1655),(#1656,#1657,#1658,#1659,#1660,
#1661,#1662,#1663,#1664,#1665,#1666,#1667,#1668,#1669,#1670,#1671,#1672,
#1673),(#1674,#1675,#1676,#1677,#1678,#1679,#1680,#1681,#1682,#1683,#1684,
#1685,#1686,#1687,#1688,#1689,#1690,#1691),(#1692,#1693,#1694,#1695,#1696,
#1697,#1698,#1699,#1700,#1701,#1702,#1703,#1704,#1705,#1706,#1707,#1708,
#1709),(#1710,#1711,#1712,#1713,#1714,#1715,#1716,#1717,#1718,#1719,#1720,
#1721,#1722,#1723,#1724,#1725,#1726,#1727),(#1728,#1729,#1730,#1731,#1732,
#1733,#1734,#1735,#1736,#1737,#1738,#1739,#1740,#1741,#1742,#1743,#1744,
#1745),(#1746,#1747,#1748,#1749,#1750,#1751,#1752,#1753,#1754,#1755,#1756,
#1757,#1758,#1759,#1760,#1761,#1762,#1763),(#1764,#1765,#1766,#1767,#1768,
#1769,#1770,#1771,#1772,#1773,#1774,#1775,#1776,#1777,#1778,#1779,#1780,
#1781),(#1782,#1783,#1784,#1785,#1786,#1787,#1788,#1789,#1790,#1791,#1792,
#1793,#1794,#1795,#1796,#1797,#1798,#1799)),.UNSPECIFIED.,.F.,.F.,.F.,(4,
2,2,2,4),(4,2,1,1,1,1,1,1,1,2,2,1,4),(0.,0.25,0.5,0.75,1.),(0.00509891281847588,
0.00568767918025352,0.00653496000525161,0.00738224083024969,0.00822952165524777,
0.00907680248024586,0.00992408330524394,0.010771364130242,0.0116186449552401,
0.0124659257802382,0.0141604874302344,0.0158550490802305,0.0170241936076022),
 .UNSPECIFIED.);
#597=B_SPLINE_SURFACE_WITH_KNOTS('',3,3,((#1830,#1831,#1832,#1833,#1834,
#1835,#1836,#1837,#1838,#1839,#1840,#1841,#1842,#1843,#1844,#1845,#1846),
(#1847,#1848,#1849,#1850,#1851,#1852,#1853,#1854,#1855,#1856,#1857,#1858,
#1859,#1860,#1861,#1862,#1863),(#1864,#1865,#1866,#1867,#1868,#1869,#1870,
#1871,#1872,#1873,#1874,#1875,#1876,#1877,#1878,#1879,#1880),(#1881,#1882,
#1883,#1884,#1885,#1886,#1887,#1888,#1889,#1890,#1891,#1892,#1893,#1894,
#1895,#1896,#1897),(#1898,#1899,#1900,#1901,#1902,#1903,#1904,#1905,#1906,
#1907,#1908,#1909,#1910,#1911,#1912,#1913,#1914),(#1915,#1916,#1917,#1918,
#1919,#1920,#1921,#1922,#1923,#1924,#1925,#1926,#1927,#1928,#1929,#1930,
#1931),(#1932,#1933,#1934,#1935,#1936,#1937,#1938,#1939,#1940,#1941,#1942,
#1943,#1944,#1945,#1946,#1947,#1948),(#1949,#1950,#1951,#1952,#1953,#1954,
#1955,#1956,#1957,#1958,#1959,#1960,#1961,#1962,#1963,#1964,#1965),(#1966,
#1967,#1968,#1969,#1970,#1971,#1972,#1973,#1974,#1975,#1976,#1977,#1978,
#1979,#1980,#1981,#1982),(#1983,#1984,#1985,#1986,#1987,#1988,#1989,#1990,
#1991,#1992,#1993,#1994,#1995,#1996,#1997,#1998,#1999)),.UNSPECIFIED.,.F.,
 .F.,.F.,(4,2,2,2,4),(4,2,2,2,1,1,1,1,1,2,4),(0.,0.25,0.5,0.75,1.),(0.00819938285993144,
0.0103505689053526,0.011916807803453,0.0134830467015535,0.0142661661506037,
0.0150492855996539,0.0158324050487041,0.0166155244977544,0.0173986439468046,
0.0181817633958548,0.0187681911079845),.UNSPECIFIED.);
#598=B_SPLINE_SURFACE_WITH_KNOTS('',3,3,((#2028,#2029,#2030,#2031,#2032,
#2033,#2034,#2035,#2036,#2037,#2038,#2039,#2040,#2041,#2042,#2043,#2044),
(#2045,#2046,#2047,#2048,#2049,#2050,#2051,#2052,#2053,#2054,#2055,#2056,
#2057,#2058,#2059,#2060,#2061),(#2062,#2063,#2064,#2065,#2066,#2067,#2068,
#2069,#2070,#2071,#2072,#2073,#2074,#2075,#2076,#2077,#2078),(#2079,#2080,
#2081,#2082,#2083,#2084,#2085,#2086,#2087,#2088,#2089,#2090,#2091,#2092,
#2093,#2094,#2095),(#2096,#2097,#2098,#2099,#2100,#2101,#2102,#2103,#2104,
#2105,#2106,#2107,#2108,#2109,#2110,#2111,#2112),(#2113,#2114,#2115,#2116,
#2117,#2118,#2119,#2120,#2121,#2122,#2123,#2124,#2125,#2126,#2127,#2128,
#2129),(#2130,#2131,#2132,#2133,#2134,#2135,#2136,#2137,#2138,#2139,#2140,
#2141,#2142,#2143,#2144,#2145,#2146),(#2147,#2148,#2149,#2150,#2151,#2152,
#2153,#2154,#2155,#2156,#2157,#2158,#2159,#2160,#2161,#2162,#2163),(#2164,
#2165,#2166,#2167,#2168,#2169,#2170,#2171,#2172,#2173,#2174,#2175,#2176,
#2177,#2178,#2179,#2180),(#2181,#2182,#2183,#2184,#2185,#2186,#2187,#2188,
#2189,#2190,#2191,#2192,#2193,#2194,#2195,#2196,#2197)),.UNSPECIFIED.,.F.,
 .F.,.F.,(4,2,2,2,4),(4,2,2,1,1,1,1,1,1,1,2,4),(0.,0.25,0.5,0.75,1.),(0.0102921108839238,
0.012719170598428,0.0144810105032918,0.0153619304557236,0.0162428504081555,
0.0171237703605874,0.0180046903130192,0.0188856102654511,0.019766530217883,
0.0206474501703148,0.0215283701227467,0.0221858460832267),.UNSPECIFIED.);
#599=B_SPLINE_SURFACE_WITH_KNOTS('',5,5,((#2228,#2229,#2230,#2231,#2232,
#2233,#2234,#2235,#2236,#2237,#2238),(#2239,#2240,#2241,#2242,#2243,#2244,
#2245,#2246,#2247,#2248,#2249),(#2250,#2251,#2252,#2253,#2254,#2255,#2256,
#2257,#2258,#2259,#2260),(#2261,#2262,#2263,#2264,#2265,#2266,#2267,#2268,
#2269,#2270,#2271),(#2272,#2273,#2274,#2275,#2276,#2277,#2278,#2279,#2280,
#2281,#2282),(#2283,#2284,#2285,#2286,#2287,#2288,#2289,#2290,#2291,#2292,
#2293),(#2294,#2295,#2296,#2297,#2298,#2299,#2300,#2301,#2302,#2303,#2304),
(#2305,#2306,#2307,#2308,#2309,#2310,#2311,#2312,#2313,#2314,#2315),(#2316,
#2317,#2318,#2319,#2320,#2321,#2322,#2323,#2324,#2325,#2326),(#2327,#2328,
#2329,#2330,#2331,#2332,#2333,#2334,#2335,#2336,#2337),(#2338,#2339,#2340,
#2341,#2342,#2343,#2344,#2345,#2346,#2347,#2348),(#2349,#2350,#2351,#2352,
#2353,#2354,#2355,#2356,#2357,#2358,#2359),(#2360,#2361,#2362,#2363,#2364,
#2365,#2366,#2367,#2368,#2369,#2370),(#2371,#2372,#2373,#2374,#2375,#2376,
#2377,#2378,#2379,#2380,#2381),(#2382,#2383,#2384,#2385,#2386,#2387,#2388,
#2389,#2390,#2391,#2392),(#2393,#2394,#2395,#2396,#2397,#2398,#2399,#2400,
#2401,#2402,#2403),(#2404,#2405,#2406,#2407,#2408,#2409,#2410,#2411,#2412,
#2413,#2414),(#2415,#2416,#2417,#2418,#2419,#2420,#2421,#2422,#2423,#2424,
#2425),(#2426,#2427,#2428,#2429,#2430,#2431,#2432,#2433,#2434,#2435,#2436),
(#2437,#2438,#2439,#2440,#2441,#2442,#2443,#2444,#2445,#2446,#2447),(#2448,
#2449,#2450,#2451,#2452,#2453,#2454,#2455,#2456,#2457,#2458),(#2459,#2460,
#2461,#2462,#2463,#2464,#2465,#2466,#2467,#2468,#2469),(#2470,#2471,#2472,
#2473,#2474,#2475,#2476,#2477,#2478,#2479,#2480),(#2481,#2482,#2483,#2484,
#2485,#2486,#2487,#2488,#2489,#2490,#2491),(#2492,#2493,#2494,#2495,#2496,
#2497,#2498,#2499,#2500,#2501,#2502),(#2503,#2504,#2505,#2506,#2507,#2508,
#2509,#2510,#2511,#2512,#2513),(#2514,#2515,#2516,#2517,#2518,#2519,#2520,
#2521,#2522,#2523,#2524),(#2525,#2526,#2527,#2528,#2529,#2530,#2531,#2532,
#2533,#2534,#2535),(#2536,#2537,#2538,#2539,#2540,#2541,#2542,#2543,#2544,
#2545,#2546),(#2547,#2548,#2549,#2550,#2551,#2552,#2553,#2554,#2555,#2556,
#2557),(#2558,#2559,#2560,#2561,#2562,#2563,#2564,#2565,#2566,#2567,#2568),
(#2569,#2570,#2571,#2572,#2573,#2574,#2575,#2576,#2577,#2578,#2579),(#2580,
#2581,#2582,#2583,#2584,#2585,#2586,#2587,#2588,#2589,#2590),(#2591,#2592,
#2593,#2594,#2595,#2596,#2597,#2598,#2599,#2600,#2601),(#2602,#2603,#2604,
#2605,#2606,#2607,#2608,#2609,#2610,#2611,#2612),(#2613,#2614,#2615,#2616,
#2617,#2618,#2619,#2620,#2621,#2622,#2623),(#2624,#2625,#2626,#2627,#2628,
#2629,#2630,#2631,#2632,#2633,#2634),(#2635,#2636,#2637,#2638,#2639,#2640,
#2641,#2642,#2643,#2644,#2645),(#2646,#2647,#2648,#2649,#2650,#2651,#2652,
#2653,#2654,#2655,#2656),(#2657,#2658,#2659,#2660,#2661,#2662,#2663,#2664,
#2665,#2666,#2667),(#2668,#2669,#2670,#2671,#2672,#2673,#2674,#2675,#2676,
#2677,#2678),(#2679,#2680,#2681,#2682,#2683,#2684,#2685,#2686,#2687,#2688,
#2689),(#2690,#2691,#2692,#2693,#2694,#2695,#2696,#2697,#2698,#2699,#2700),
(#2701,#2702,#2703,#2704,#2705,#2706,#2707,#2708,#2709,#2710,#2711),(#2712,
#2713,#2714,#2715,#2716,#2717,#2718,#2719,#2720,#2721,#2722),(#2723,#2724,
#2725,#2726,#2727,#2728,#2729,#2730,#2731,#2732,#2733),(#2734,#2735,#2736,
#2737,#2738,#2739,#2740,#2741,#2742,#2743,#2744),(#2745,#2746,#2747,#2748,
#2749,#2750,#2751,#2752,#2753,#2754,#2755),(#2756,#2757,#2758,#2759,#2760,
#2761,#2762,#2763,#2764,#2765,#2766),(#2767,#2768,#2769,#2770,#2771,#2772,
#2773,#2774,#2775,#2776,#2777),(#2778,#2779,#2780,#2781,#2782,#2783,#2784,
#2785,#2786,#2787,#2788),(#2789,#2790,#2791,#2792,#2793,#2794,#2795,#2796,
#2797,#2798,#2799),(#2800,#2801,#2802,#2803,#2804,#2805,#2806,#2807,#2808,
#2809,#2810),(#2811,#2812,#2813,#2814,#2815,#2816,#2817,#2818,#2819,#2820,
#2821),(#2822,#2823,#2824,#2825,#2826,#2827,#2828,#2829,#2830,#2831,#2832),
(#2833,#2834,#2835,#2836,#2837,#2838,#2839,#2840,#2841,#2842,#2843),(#2844,
#2845,#2846,#2847,#2848,#2849,#2850,#2851,#2852,#2853,#2854),(#2855,#2856,
#2857,#2858,#2859,#2860,#2861,#2862,#2863,#2864,#2865),(#2866,#2867,#2868,
#2869,#2870,#2871,#2872,#2873,#2874,#2875,#2876),(#2877,#2878,#2879,#2880,
#2881,#2882,#2883,#2884,#2885,#2886,#2887),(#2888,#2889,#2890,#2891,#2892,
#2893,#2894,#2895,#2896,#2897,#2898),(#2899,#2900,#2901,#2902,#2903,#2904,
#2905,#2906,#2907,#2908,#2909),(#2910,#2911,#2912,#2913,#2914,#2915,#2916,
#2917,#2918,#2919,#2920),(#2921,#2922,#2923,#2924,#2925,#2926,#2927,#2928,
#2929,#2930,#2931),(#2932,#2933,#2934,#2935,#2936,#2937,#2938,#2939,#2940,
#2941,#2942),(#2943,#2944,#2945,#2946,#2947,#2948,#2949,#2950,#2951,#2952,
#2953),(#2954,#2955,#2956,#2957,#2958,#2959,#2960,#2961,#2962,#2963,#2964),
(#2965,#2966,#2967,#2968,#2969,#2970,#2971,#2972,#2973,#2974,#2975),(#2976,
#2977,#2978,#2979,#2980,#2981,#2982,#2983,#2984,#2985,#2986),(#2987,#2988,
#2989,#2990,#2991,#2992,#2993,#2994,#2995,#2996,#2997),(#2998,#2999,#3000,
#3001,#3002,#3003,#3004,#3005,#3006,#3007,#3008),(#3009,#3010,#3011,#3012,
#3013,#3014,#3015,#3016,#3017,#3018,#3019),(#3020,#3021,#3022,#3023,#3024,
#3025,#3026,#3027,#3028,#3029,#3030),(#3031,#3032,#3033,#3034,#3035,#3036,
#3037,#3038,#3039,#3040,#3041),(#3042,#3043,#3044,#3045,#3046,#3047,#3048,
#3049,#3050,#3051,#3052),(#3053,#3054,#3055,#3056,#3057,#3058,#3059,#3060,
#3061,#3062,#3063),(#3064,#3065,#3066,#3067,#3068,#3069,#3070,#3071,#3072,
#3073,#3074),(#3075,#3076,#3077,#3078,#3079,#3080,#3081,#3082,#3083,#3084,
#3085),(#3086,#3087,#3088,#3089,#3090,#3091,#3092,#3093,#3094,#3095,#3096),
(#3097,#3098,#3099,#3100,#3101,#3102,#3103,#3104,#3105,#3106,#3107),(#3108,
#3109,#3110,#3111,#3112,#3113,#3114,#3115,#3116,#3117,#3118),(#3119,#3120,
#3121,#3122,#3123,#3124,#3125,#3126,#3127,#3128,#3129),(#3130,#3131,#3132,
#3133,#3134,#3135,#3136,#3137,#3138,#3139,#3140),(#3141,#3142,#3143,#3144,
#3145,#3146,#3147,#3148,#3149,#3150,#3151),(#3152,#3153,#3154,#3155,#3156,
#3157,#3158,#3159,#3160,#3161,#3162),(#3163,#3164,#3165,#3166,#3167,#3168,
#3169,#3170,#3171,#3172,#3173),(#3174,#3175,#3176,#3177,#3178,#3179,#3180,
#3181,#3182,#3183,#3184),(#3185,#3186,#3187,#3188,#3189,#3190,#3191,#3192,
#3193,#3194,#3195),(#3196,#3197,#3198,#3199,#3200,#3201,#3202,#3203,#3204,
#3205,#3206),(#3207,#3208,#3209,#3210,#3211,#3212,#3213,#3214,#3215,#3216,
#3217),(#3218,#3219,#3220,#3221,#3222,#3223,#3224,#3225,#3226,#3227,#3228),
(#3229,#3230,#3231,#3232,#3233,#3234,#3235,#3236,#3237,#3238,#3239),(#3240,
#3241,#3242,#3243,#3244,#3245,#3246,#3247,#3248,#3249,#3250),(#3251,#3252,
#3253,#3254,#3255,#3256,#3257,#3258,#3259,#3260,#3261),(#3262,#3263,#3264,
#3265,#3266,#3267,#3268,#3269,#3270,#3271,#3272),(#3273,#3274,#3275,#3276,
#3277,#3278,#3279,#3280,#3281,#3282,#3283),(#3284,#3285,#3286,#3287,#3288,
#3289,#3290,#3291,#3292,#3293,#3294),(#3295,#3296,#3297,#3298,#3299,#3300,
#3301,#3302,#3303,#3304,#3305),(#3306,#3307,#3308,#3309,#3310,#3311,#3312,
#3313,#3314,#3315,#3316),(#3317,#3318,#3319,#3320,#3321,#3322,#3323,#3324,
#3325,#3326,#3327),(#3328,#3329,#3330,#3331,#3332,#3333,#3334,#3335,#3336,
#3337,#3338),(#3339,#3340,#3341,#3342,#3343,#3344,#3345,#3346,#3347,#3348,
#3349),(#3350,#3351,#3352,#3353,#3354,#3355,#3356,#3357,#3358,#3359,#3360),
(#3361,#3362,#3363,#3364,#3365,#3366,#3367,#3368,#3369,#3370,#3371),(#3372,
#3373,#3374,#3375,#3376,#3377,#3378,#3379,#3380,#3381,#3382),(#3383,#3384,
#3385,#3386,#3387,#3388,#3389,#3390,#3391,#3392,#3393),(#3394,#3395,#3396,
#3397,#3398,#3399,#3400,#3401,#3402,#3403,#3404),(#3405,#3406,#3407,#3408,
#3409,#3410,#3411,#3412,#3413,#3414,#3415),(#3416,#3417,#3418,#3419,#3420,
#3421,#3422,#3423,#3424,#3425,#3426),(#3427,#3428,#3429,#3430,#3431,#3432,
#3433,#3434,#3435,#3436,#3437),(#3438,#3439,#3440,#3441,#3442,#3443,#3444,
#3445,#3446,#3447,#3448),(#3449,#3450,#3451,#3452,#3453,#3454,#3455,#3456,
#3457,#3458,#3459),(#3460,#3461,#3462,#3463,#3464,#3465,#3466,#3467,#3468,
#3469,#3470),(#3471,#3472,#3473,#3474,#3475,#3476,#3477,#3478,#3479,#3480,
#3481),(#3482,#3483,#3484,#3485,#3486,#3487,#3488,#3489,#3490,#3491,#3492),
(#3493,#3494,#3495,#3496,#3497,#3498,#3499,#3500,#3501,#3502,#3503),(#3504,
#3505,#3506,#3507,#3508,#3509,#3510,#3511,#3512,#3513,#3514),(#3515,#3516,
#3517,#3518,#3519,#3520,#3521,#3522,#3523,#3524,#3525),(#3526,#3527,#3528,
#3529,#3530,#3531,#3532,#3533,#3534,#3535,#3536),(#3537,#3538,#3539,#3540,
#3541,#3542,#3543,#3544,#3545,#3546,#3547),(#3548,#3549,#3550,#3551,#3552,
#3553,#3554,#3555,#3556,#3557,#3558),(#3559,#3560,#3561,#3562,#3563,#3564,
#3565,#3566,#3567,#3568,#3569),(#3570,#3571,#3572,#3573,#3574,#3575,#3576,
#3577,#3578,#3579,#3580),(#3581,#3582,#3583,#3584,#3585,#3586,#3587,#3588,
#3589,#3590,#3591),(#3592,#3593,#3594,#3595,#3596,#3597,#3598,#3599,#3600,
#3601,#3602),(#3603,#3604,#3605,#3606,#3607,#3608,#3609,#3610,#3611,#3612,
#3613),(#3614,#3615,#3616,#3617,#3618,#3619,#3620,#3621,#3622,#3623,#3624),
(#3625,#3626,#3627,#3628,#3629,#3630,#3631,#3632,#3633,#3634,#3635),(#3636,
#3637,#3638,#3639,#3640,#3641,#3642,#3643,#3644,#3645,#3646),(#3647,#3648,
#3649,#3650,#3651,#3652,#3653,#3654,#3655,#3656,#3657)),.UNSPECIFIED.,.T.,
 .F.,.F.,(6,4,4,4,4,4,4,4,4,4,4,4,4,4,4,4,4,4,4,4,4,4,4,4,4,4,4,4,4,4,4,
4,6),(6,5,6),(0.,0.03125,0.0625,0.09375,0.125,0.15625,0.1875,0.21875,0.25,
0.28125,0.3125,0.34375,0.375,0.40625,0.4375,0.46875,0.5,0.53125,0.5625,
0.59375,0.625,0.65625,0.6875,0.71875,0.75,0.78125,0.8125,0.84375,0.875,
0.90625,0.9375,0.96875,1.),(0.,1.,1.00600001328824),.UNSPECIFIED.);
#600=B_SPLINE_SURFACE_WITH_KNOTS('',3,3,((#3776,#3777,#3778,#3779,#3780,
#3781,#3782,#3783,#3784,#3785,#3786,#3787,#3788,#3789,#3790),(#3791,#3792,
#3793,#3794,#3795,#3796,#3797,#3798,#3799,#3800,#3801,#3802,#3803,#3804,
#3805),(#3806,#3807,#3808,#3809,#3810,#3811,#3812,#3813,#3814,#3815,#3816,
#3817,#3818,#3819,#3820),(#3821,#3822,#3823,#3824,#3825,#3826,#3827,#3828,
#3829,#3830,#3831,#3832,#3833,#3834,#3835),(#3836,#3837,#3838,#3839,#3840,
#3841,#3842,#3843,#3844,#3845,#3846,#3847,#3848,#3849,#3850),(#3851,#3852,
#3853,#3854,#3855,#3856,#3857,#3858,#3859,#3860,#3861,#3862,#3863,#3864,
#3865),(#3866,#3867,#3868,#3869,#3870,#3871,#3872,#3873,#3874,#3875,#3876,
#3877,#3878,#3879,#3880),(#3881,#3882,#3883,#3884,#3885,#3886,#3887,#3888,
#3889,#3890,#3891,#3892,#3893,#3894,#3895),(#3896,#3897,#3898,#3899,#3900,
#3901,#3902,#3903,#3904,#3905,#3906,#3907,#3908,#3909,#3910),(#3911,#3912,
#3913,#3914,#3915,#3916,#3917,#3918,#3919,#3920,#3921,#3922,#3923,#3924,
#3925),(#3926,#3927,#3928,#3929,#3930,#3931,#3932,#3933,#3934,#3935,#3936,
#3937,#3938,#3939,#3940),(#3941,#3942,#3943,#3944,#3945,#3946,#3947,#3948,
#3949,#3950,#3951,#3952,#3953,#3954,#3955),(#3956,#3957,#3958,#3959,#3960,
#3961,#3962,#3963,#3964,#3965,#3966,#3967,#3968,#3969,#3970),(#3971,#3972,
#3973,#3974,#3975,#3976,#3977,#3978,#3979,#3980,#3981,#3982,#3983,#3984,
#3985),(#3986,#3987,#3988,#3989,#3990,#3991,#3992,#3993,#3994,#3995,#3996,
#3997,#3998,#3999,#4000),(#4001,#4002,#4003,#4004,#4005,#4006,#4007,#4008,
#4009,#4010,#4011,#4012,#4013,#4014,#4015),(#4016,#4017,#4018,#4019,#4020,
#4021,#4022,#4023,#4024,#4025,#4026,#4027,#4028,#4029,#4030),(#4031,#4032,
#4033,#4034,#4035,#4036,#4037,#4038,#4039,#4040,#4041,#4042,#4043,#4044,
#4045),(#4046,#4047,#4048,#4049,#4050,#4051,#4052,#4053,#4054,#4055,#4056,
#4057,#4058,#4059,#4060),(#4061,#4062,#4063,#4064,#4065,#4066,#4067,#4068,
#4069,#4070,#4071,#4072,#4073,#4074,#4075),(#4076,#4077,#4078,#4079,#4080,
#4081,#4082,#4083,#4084,#4085,#4086,#4087,#4088,#4089,#4090),(#4091,#4092,
#4093,#4094,#4095,#4096,#4097,#4098,#4099,#4100,#4101,#4102,#4103,#4104,
#4105),(#4106,#4107,#4108,#4109,#4110,#4111,#4112,#4113,#4114,#4115,#4116,
#4117,#4118,#4119,#4120),(#4121,#4122,#4123,#4124,#4125,#4126,#4127,#4128,
#4129,#4130,#4131,#4132,#4133,#4134,#4135),(#4136,#4137,#4138,#4139,#4140,
#4141,#4142,#4143,#4144,#4145,#4146,#4147,#4148,#4149,#4150),(#4151,#4152,
#4153,#4154,#4155,#4156,#4157,#4158,#4159,#4160,#4161,#4162,#4163,#4164,
#4165),(#4166,#4167,#4168,#4169,#4170,#4171,#4172,#4173,#4174,#4175,#4176,
#4177,#4178,#4179,#4180),(#4181,#4182,#4183,#4184,#4185,#4186,#4187,#4188,
#4189,#4190,#4191,#4192,#4193,#4194,#4195),(#4196,#4197,#4198,#4199,#4200,
#4201,#4202,#4203,#4204,#4205,#4206,#4207,#4208,#4209,#4210),(#4211,#4212,
#4213,#4214,#4215,#4216,#4217,#4218,#4219,#4220,#4221,#4222,#4223,#4224,
#4225),(#4226,#4227,#4228,#4229,#4230,#4231,#4232,#4233,#4234,#4235,#4236,
#4237,#4238,#4239,#4240),(#4241,#4242,#4243,#4244,#4245,#4246,#4247,#4248,
#4249,#4250,#4251,#4252,#4253,#4254,#4255),(#4256,#4257,#4258,#4259,#4260,
#4261,#4262,#4263,#4264,#4265,#4266,#4267,#4268,#4269,#4270),(#4271,#4272,
#4273,#4274,#4275,#4276,#4277,#4278,#4279,#4280,#4281,#4282,#4283,#4284,
#4285)),.UNSPECIFIED.,.T.,.F.,.F.,(4,2,2,2,2,2,2,2,2,2,2,2,2,2,2,2,4),(4,
2,2,2,2,1,2,4),(0.,0.0625,0.125,0.1875,0.25,0.3125,0.375,0.4375,0.5,0.5625,
0.625,0.6875,0.75,0.8125,0.875,0.9375,1.),(-0.00626798817182422,0.11625,
0.2425,0.36875,0.495,0.7475,0.87375,1.),.UNSPECIFIED.);
#601=B_SPLINE_SURFACE_WITH_KNOTS('',3,1,((#4299,#4300),(#4301,#4302),(#4303,
#4304),(#4305,#4306)),.SURF_OF_LINEAR_EXTRUSION.,.F.,.F.,.F.,(4,4),(2,2),
(0.,0.975506726501202),(0.,1.),.PIECEWISE_BEZIER_KNOTS.);
#602=B_SPLINE_SURFACE_WITH_KNOTS('',3,1,((#4310,#4311),(#4312,#4313),(#4314,
#4315),(#4316,#4317)),.SURF_OF_LINEAR_EXTRUSION.,.F.,.F.,.F.,(4,4),(2,2),
(0.00152733758277263,0.980938743852439),(0.,1.),
 .PIECEWISE_BEZIER_KNOTS.);
#603=B_SPLINE_SURFACE_WITH_KNOTS('',3,1,((#4322,#4323),(#4324,#4325),(#4326,
#4327),(#4328,#4329)),.SURF_OF_LINEAR_EXTRUSION.,.F.,.F.,.F.,(4,4),(2,2),
(0.,0.970865511668557),(0.,1.),.PIECEWISE_BEZIER_KNOTS.);
#604=B_SPLINE_SURFACE_WITH_KNOTS('',3,1,((#4337,#4338),(#4339,#4340),(#4341,
#4342),(#4343,#4344)),.SURF_OF_LINEAR_EXTRUSION.,.F.,.F.,.F.,(4,4),(2,2),
(0.00301003441296496,0.971391173705004),(0.,1.),
 .PIECEWISE_BEZIER_KNOTS.);
#605=B_SPLINE_SURFACE_WITH_KNOTS('',3,3,((#4347,#4348,#4349,#4350,#4351,
#4352,#4353,#4354,#4355,#4356,#4357,#4358,#4359),(#4360,#4361,#4362,#4363,
#4364,#4365,#4366,#4367,#4368,#4369,#4370,#4371,#4372),(#4373,#4374,#4375,
#4376,#4377,#4378,#4379,#4380,#4381,#4382,#4383,#4384,#4385),(#4386,#4387,
#4388,#4389,#4390,#4391,#4392,#4393,#4394,#4395,#4396,#4397,#4398),(#4399,
#4400,#4401,#4402,#4403,#4404,#4405,#4406,#4407,#4408,#4409,#4410,#4411),
(#4412,#4413,#4414,#4415,#4416,#4417,#4418,#4419,#4420,#4421,#4422,#4423,
#4424),(#4425,#4426,#4427,#4428,#4429,#4430,#4431,#4432,#4433,#4434,#4435,
#4436,#4437),(#4438,#4439,#4440,#4441,#4442,#4443,#4444,#4445,#4446,#4447,
#4448,#4449,#4450),(#4451,#4452,#4453,#4454,#4455,#4456,#4457,#4458,#4459,
#4460,#4461,#4462,#4463),(#4464,#4465,#4466,#4467,#4468,#4469,#4470,#4471,
#4472,#4473,#4474,#4475,#4476),(#4477,#4478,#4479,#4480,#4481,#4482,#4483,
#4484,#4485,#4486,#4487,#4488,#4489)),.UNSPECIFIED.,.T.,.F.,.F.,(1,1,1,
1,1,1,1,1,1,1,1,1,1,1,1),(4,1,1,1,1,1,1,1,1,1,4),(-0.375,-0.25,-0.125,0.,
0.125,0.25,0.375,0.5,0.625,0.75,0.875,1.,1.125,1.25,1.375),(-1.59458863449648E-16,
0.0724065261439391,0.12412547338961,0.186188210084415,0.268938525677488,
0.37237642016883,0.49650189355844,0.62062736694805,0.74475284033766,0.848190734829002,
0.99300378711688),.UNSPECIFIED.);
#606=B_SPLINE_SURFACE_WITH_KNOTS('',3,3,((#4526,#4527,#4528,#4529,#4530,
#4531,#4532),(#4533,#4534,#4535,#4536,#4537,#4538,#4539),(#4540,#4541,#4542,
#4543,#4544,#4545,#4546),(#4547,#4548,#4549,#4550,#4551,#4552,#4553),(#4554,
#4555,#4556,#4557,#4558,#4559,#4560),(#4561,#4562,#4563,#4564,#4565,#4566,
#4567),(#4568,#4569,#4570,#4571,#4572,#4573,#4574),(#4575,#4576,#4577,#4578,
#4579,#4580,#4581),(#4582,#4583,#4584,#4585,#4586,#4587,#4588),(#4589,#4590,
#4591,#4592,#4593,#4594,#4595),(#4596,#4597,#4598,#4599,#4600,#4601,#4602)),
 .UNSPECIFIED.,.T.,.F.,.F.,(1,1,1,1,1,1,1,1,1,1,1,1,1,1,1),(4,1,1,1,4),
(-0.375,-0.25,-0.125,0.,0.125,0.25,0.375,0.5,0.625,0.75,0.875,1.,1.125,
1.25,1.375),(-0.00600042096229052,0.287416368485044,0.496999789518855,0.706583210552665,
1.),.UNSPECIFIED.);
#607=OVER_RIDING_STYLED_ITEM('',(#679),#638,#677);
#608=OVER_RIDING_STYLED_ITEM('',(#680),#639,#677);
#609=OVER_RIDING_STYLED_ITEM('',(#681),#640,#677);
#610=OVER_RIDING_STYLED_ITEM('',(#682),#641,#677);
#611=OVER_RIDING_STYLED_ITEM('',(#683),#642,#677);
#612=OVER_RIDING_STYLED_ITEM('',(#684),#643,#677);
#613=OVER_RIDING_STYLED_ITEM('',(#685),#644,#677);
#614=OVER_RIDING_STYLED_ITEM('',(#686),#645,#677);
#615=OVER_RIDING_STYLED_ITEM('',(#687),#646,#677);
#616=OVER_RIDING_STYLED_ITEM('',(#688),#647,#677);
#617=OVER_RIDING_STYLED_ITEM('',(#689),#648,#677);
#618=OVER_RIDING_STYLED_ITEM('',(#690),#649,#677);
#619=OVER_RIDING_STYLED_ITEM('',(#691),#650,#677);
#620=OVER_RIDING_STYLED_ITEM('',(#692),#651,#677);
#621=OVER_RIDING_STYLED_ITEM('',(#693),#652,#677);
#622=OVER_RIDING_STYLED_ITEM('',(#694),#653,#677);
#623=OVER_RIDING_STYLED_ITEM('',(#695),#654,#677);
#624=OVER_RIDING_STYLED_ITEM('',(#696),#655,#677);
#625=OVER_RIDING_STYLED_ITEM('',(#697),#656,#677);
#626=OVER_RIDING_STYLED_ITEM('',(#698),#657,#677);
#627=OVER_RIDING_STYLED_ITEM('',(#699),#658,#677);
#628=OVER_RIDING_STYLED_ITEM('',(#700),#659,#677);
#629=OVER_RIDING_STYLED_ITEM('',(#701),#660,#677);
#630=OVER_RIDING_STYLED_ITEM('',(#702),#661,#677);
#631=OVER_RIDING_STYLED_ITEM('',(#703),#662,#677);
#632=OVER_RIDING_STYLED_ITEM('',(#704),#663,#677);
#633=OVER_RIDING_STYLED_ITEM('',(#705),#671,#677);
#634=OVER_RIDING_STYLED_ITEM('',(#706),#672,#677);
#635=OVER_RIDING_STYLED_ITEM('',(#707),#673,#677);
#636=OVER_RIDING_STYLED_ITEM('',(#708),#674,#677);
#637=OVER_RIDING_STYLED_ITEM('',(#709),#675,#677);
#638=ADVANCED_FACE('Face appearance 1',(#543),#593,.T.);
#639=ADVANCED_FACE('Face appearance 1',(#544),#594,.T.);
#640=ADVANCED_FACE('Face appearance 1',(#545),#595,.T.);
#641=ADVANCED_FACE('Face appearance 1',(#546),#596,.T.);
#642=ADVANCED_FACE('Face appearance 1',(#547),#597,.T.);
#643=ADVANCED_FACE('Face appearance 1',(#548),#598,.T.);
#644=ADVANCED_FACE('Face appearance 1',(#549,#550,#551,#552,#553,#554),
#599,.T.);
#645=ADVANCED_FACE('Face appearance 2',(#555),#90,.F.);
#646=ADVANCED_FACE('Face appearance 2',(#556,#557),#91,.T.);
#647=ADVANCED_FACE('Face appearance 2',(#558),#92,.T.);
#648=ADVANCED_FACE('Face appearance 2',(#559),#93,.F.);
#649=ADVANCED_FACE('Face appearance 2',(#560),#94,.F.);
#650=ADVANCED_FACE('Face appearance 2',(#561,#562),#95,.T.);
#651=ADVANCED_FACE('Face appearance 1',(#563,#564),#600,.T.);
#652=ADVANCED_FACE('Face appearance 1',(#565,#566),#96,.T.);
#653=ADVANCED_FACE('Face appearance 1',(#567),#601,.T.);
#654=ADVANCED_FACE('Face appearance 1',(#568),#602,.F.);
#655=ADVANCED_FACE('Face appearance 1',(#569),#97,.F.);
#656=ADVANCED_FACE('Face appearance 1',(#570),#98,.T.);
#657=ADVANCED_FACE('Face appearance 1',(#571),#99,.T.);
#658=ADVANCED_FACE('Face appearance 1',(#572),#603,.F.);
#659=ADVANCED_FACE('Face appearance 1',(#573),#100,.T.);
#660=ADVANCED_FACE('Face appearance 1',(#574),#604,.T.);
#661=ADVANCED_FACE('Face appearance 1',(#575),#101,.F.);
#662=ADVANCED_FACE('Face appearance 1',(#576),#102,.T.);
#663=ADVANCED_FACE('Face appearance 1',(#577,#578),#605,.F.);
#664=ADVANCED_FACE('',(#579),#103,.T.);
#665=ADVANCED_FACE('',(#580),#104,.F.);
#666=ADVANCED_FACE('',(#581),#105,.F.);
#667=ADVANCED_FACE('',(#582),#106,.T.);
#668=ADVANCED_FACE('',(#583),#107,.T.);
#669=ADVANCED_FACE('',(#584,#585),#108,.F.);
#670=ADVANCED_FACE('',(#586,#587),#606,.F.);
#671=ADVANCED_FACE('Face appearance 3',(#588),#109,.F.);
#672=ADVANCED_FACE('Face appearance 3',(#589),#110,.F.);
#673=ADVANCED_FACE('Face appearance 3',(#590),#111,.T.);
#674=ADVANCED_FACE('Face appearance 3',(#591),#112,.T.);
#675=ADVANCED_FACE('Face appearance 3',(#592),#113,.T.);
#676=CLOSED_SHELL('',(#638,#639,#640,#641,#642,#643,#644,#645,#646,#647,
#648,#649,#650,#651,#652,#653,#654,#655,#656,#657,#658,#659,#660,#661,#662,
#663,#664,#665,#666,#667,#668,#669,#670,#671,#672,#673,#674,#675));
#677=STYLED_ITEM('',(#678),#872);
#678=PRESENTATION_STYLE_ASSIGNMENT((#710));
#679=PRESENTATION_STYLE_ASSIGNMENT((#711));
#680=PRESENTATION_STYLE_ASSIGNMENT((#712));
#681=PRESENTATION_STYLE_ASSIGNMENT((#713));
#682=PRESENTATION_STYLE_ASSIGNMENT((#714));
#683=PRESENTATION_STYLE_ASSIGNMENT((#715));
#684=PRESENTATION_STYLE_ASSIGNMENT((#716));
#685=PRESENTATION_STYLE_ASSIGNMENT((#717));
#686=PRESENTATION_STYLE_ASSIGNMENT((#718));
#687=PRESENTATION_STYLE_ASSIGNMENT((#719));
#688=PRESENTATION_STYLE_ASSIGNMENT((#720));
#689=PRESENTATION_STYLE_ASSIGNMENT((#721));
#690=PRESENTATION_STYLE_ASSIGNMENT((#722));
#691=PRESENTATION_STYLE_ASSIGNMENT((#723));
#692=PRESENTATION_STYLE_ASSIGNMENT((#724));
#693=PRESENTATION_STYLE_ASSIGNMENT((#725));
#694=PRESENTATION_STYLE_ASSIGNMENT((#726));
#695=PRESENTATION_STYLE_ASSIGNMENT((#727));
#696=PRESENTATION_STYLE_ASSIGNMENT((#728));
#697=PRESENTATION_STYLE_ASSIGNMENT((#729));
#698=PRESENTATION_STYLE_ASSIGNMENT((#730));
#699=PRESENTATION_STYLE_ASSIGNMENT((#731));
#700=PRESENTATION_STYLE_ASSIGNMENT((#732));
#701=PRESENTATION_STYLE_ASSIGNMENT((#733));
#702=PRESENTATION_STYLE_ASSIGNMENT((#734));
#703=PRESENTATION_STYLE_ASSIGNMENT((#735));
#704=PRESENTATION_STYLE_ASSIGNMENT((#736));
#705=PRESENTATION_STYLE_ASSIGNMENT((#737));
#706=PRESENTATION_STYLE_ASSIGNMENT((#738));
#707=PRESENTATION_STYLE_ASSIGNMENT((#739));
#708=PRESENTATION_STYLE_ASSIGNMENT((#740));
#709=PRESENTATION_STYLE_ASSIGNMENT((#741));
#710=SURFACE_STYLE_USAGE(.BOTH.,#742);
#711=SURFACE_STYLE_USAGE(.BOTH.,#743);
#712=SURFACE_STYLE_USAGE(.BOTH.,#744);
#713=SURFACE_STYLE_USAGE(.BOTH.,#745);
#714=SURFACE_STYLE_USAGE(.BOTH.,#746);
#715=SURFACE_STYLE_USAGE(.BOTH.,#747);
#716=SURFACE_STYLE_USAGE(.BOTH.,#748);
#717=SURFACE_STYLE_USAGE(.BOTH.,#749);
#718=SURFACE_STYLE_USAGE(.BOTH.,#750);
#719=SURFACE_STYLE_USAGE(.BOTH.,#751);
#720=SURFACE_STYLE_USAGE(.BOTH.,#752);
#721=SURFACE_STYLE_USAGE(.BOTH.,#753);
#722=SURFACE_STYLE_USAGE(.BOTH.,#754);
#723=SURFACE_STYLE_USAGE(.BOTH.,#755);
#724=SURFACE_STYLE_USAGE(.BOTH.,#756);
#725=SURFACE_STYLE_USAGE(.BOTH.,#757);
#726=SURFACE_STYLE_USAGE(.BOTH.,#758);
#727=SURFACE_STYLE_USAGE(.BOTH.,#759);
#728=SURFACE_STYLE_USAGE(.BOTH.,#760);
#729=SURFACE_STYLE_USAGE(.BOTH.,#761);
#730=SURFACE_STYLE_USAGE(.BOTH.,#762);
#731=SURFACE_STYLE_USAGE(.BOTH.,#763);
#732=SURFACE_STYLE_USAGE(.BOTH.,#764);
#733=SURFACE_STYLE_USAGE(.BOTH.,#765);
#734=SURFACE_STYLE_USAGE(.BOTH.,#766);
#735=SURFACE_STYLE_USAGE(.BOTH.,#767);
#736=SURFACE_STYLE_USAGE(.BOTH.,#768);
#737=SURFACE_STYLE_USAGE(.BOTH.,#769);
#738=SURFACE_STYLE_USAGE(.BOTH.,#770);
#739=SURFACE_STYLE_USAGE(.BOTH.,#771);
#740=SURFACE_STYLE_USAGE(.BOTH.,#772);
#741=SURFACE_STYLE_USAGE(.BOTH.,#773);
#742=SURFACE_SIDE_STYLE('',(#774));
#743=SURFACE_SIDE_STYLE('',(#775));
#744=SURFACE_SIDE_STYLE('',(#776));
#745=SURFACE_SIDE_STYLE('',(#777));
#746=SURFACE_SIDE_STYLE('',(#778));
#747=SURFACE_SIDE_STYLE('',(#779));
#748=SURFACE_SIDE_STYLE('',(#780));
#749=SURFACE_SIDE_STYLE('',(#781));
#750=SURFACE_SIDE_STYLE('',(#782));
#751=SURFACE_SIDE_STYLE('',(#783));
#752=SURFACE_SIDE_STYLE('',(#784));
#753=SURFACE_SIDE_STYLE('',(#785));
#754=SURFACE_SIDE_STYLE('',(#786));
#755=SURFACE_SIDE_STYLE('',(#787));
#756=SURFACE_SIDE_STYLE('',(#788));
#757=SURFACE_SIDE_STYLE('',(#789));
#758=SURFACE_SIDE_STYLE('',(#790));
#759=SURFACE_SIDE_STYLE('',(#791));
#760=SURFACE_SIDE_STYLE('',(#792));
#761=SURFACE_SIDE_STYLE('',(#793));
#762=SURFACE_SIDE_STYLE('',(#794));
#763=SURFACE_SIDE_STYLE('',(#795));
#764=SURFACE_SIDE_STYLE('',(#796));
#765=SURFACE_SIDE_STYLE('',(#797));
#766=SURFACE_SIDE_STYLE('',(#798));
#767=SURFACE_SIDE_STYLE('',(#799));
#768=SURFACE_SIDE_STYLE('',(#800));
#769=SURFACE_SIDE_STYLE('',(#801));
#770=SURFACE_SIDE_STYLE('',(#802));
#771=SURFACE_SIDE_STYLE('',(#803));
#772=SURFACE_SIDE_STYLE('',(#804));
#773=SURFACE_SIDE_STYLE('',(#805));
#774=SURFACE_STYLE_FILL_AREA(#806);
#775=SURFACE_STYLE_FILL_AREA(#807);
#776=SURFACE_STYLE_FILL_AREA(#808);
#777=SURFACE_STYLE_FILL_AREA(#809);
#778=SURFACE_STYLE_FILL_AREA(#810);
#779=SURFACE_STYLE_FILL_AREA(#811);
#780=SURFACE_STYLE_FILL_AREA(#812);
#781=SURFACE_STYLE_FILL_AREA(#813);
#782=SURFACE_STYLE_FILL_AREA(#814);
#783=SURFACE_STYLE_FILL_AREA(#815);
#784=SURFACE_STYLE_FILL_AREA(#816);
#785=SURFACE_STYLE_FILL_AREA(#817);
#786=SURFACE_STYLE_FILL_AREA(#818);
#787=SURFACE_STYLE_FILL_AREA(#819);
#788=SURFACE_STYLE_FILL_AREA(#820);
#789=SURFACE_STYLE_FILL_AREA(#821);
#790=SURFACE_STYLE_FILL_AREA(#822);
#791=SURFACE_STYLE_FILL_AREA(#823);
#792=SURFACE_STYLE_FILL_AREA(#824);
#793=SURFACE_STYLE_FILL_AREA(#825);
#794=SURFACE_STYLE_FILL_AREA(#826);
#795=SURFACE_STYLE_FILL_AREA(#827);
#796=SURFACE_STYLE_FILL_AREA(#828);
#797=SURFACE_STYLE_FILL_AREA(#829);
#798=SURFACE_STYLE_FILL_AREA(#830);
#799=SURFACE_STYLE_FILL_AREA(#831);
#800=SURFACE_STYLE_FILL_AREA(#832);
#801=SURFACE_STYLE_FILL_AREA(#833);
#802=SURFACE_STYLE_FILL_AREA(#834);
#803=SURFACE_STYLE_FILL_AREA(#835);
#804=SURFACE_STYLE_FILL_AREA(#836);
#805=SURFACE_STYLE_FILL_AREA(#837);
#806=FILL_AREA_STYLE('',(#838));
#807=FILL_AREA_STYLE('',(#839));
#808=FILL_AREA_STYLE('',(#840));
#809=FILL_AREA_STYLE('',(#841));
#810=FILL_AREA_STYLE('',(#842));
#811=FILL_AREA_STYLE('',(#843));
#812=FILL_AREA_STYLE('',(#844));
#813=FILL_AREA_STYLE('',(#845));
#814=FILL_AREA_STYLE('',(#846));
#815=FILL_AREA_STYLE('',(#847));
#816=FILL_AREA_STYLE('',(#848));
#817=FILL_AREA_STYLE('',(#849));
#818=FILL_AREA_STYLE('',(#850));
#819=FILL_AREA_STYLE('',(#851));
#820=FILL_AREA_STYLE('',(#852));
#821=FILL_AREA_STYLE('',(#853));
#822=FILL_AREA_STYLE('',(#854));
#823=FILL_AREA_STYLE('',(#855));
#824=FILL_AREA_STYLE('',(#856));
#825=FILL_AREA_STYLE('',(#857));
#826=FILL_AREA_STYLE('',(#858));
#827=FILL_AREA_STYLE('',(#859));
#828=FILL_AREA_STYLE('',(#860));
#829=FILL_AREA_STYLE('',(#861));
#830=FILL_AREA_STYLE('',(#862));
#831=FILL_AREA_STYLE('',(#863));
#832=FILL_AREA_STYLE('',(#864));
#833=FILL_AREA_STYLE('',(#865));
#834=FILL_AREA_STYLE('',(#866));
#835=FILL_AREA_STYLE('',(#867));
#836=FILL_AREA_STYLE('',(#868));
#837=FILL_AREA_STYLE('',(#869));
#838=FILL_AREA_STYLE_COLOUR('',#870);
#839=FILL_AREA_STYLE_COLOUR('',#871);
#840=FILL_AREA_STYLE_COLOUR('',#871);
#841=FILL_AREA_STYLE_COLOUR('',#871);
#842=FILL_AREA_STYLE_COLOUR('',#871);
#843=FILL_AREA_STYLE_COLOUR('',#871);
#844=FILL_AREA_STYLE_COLOUR('',#871);
#845=FILL_AREA_STYLE_COLOUR('',#871);
#846=FILL_AREA_STYLE_COLOUR('',#114);
#847=FILL_AREA_STYLE_COLOUR('',#114);
#848=FILL_AREA_STYLE_COLOUR('',#114);
#849=FILL_AREA_STYLE_COLOUR('',#114);
#850=FILL_AREA_STYLE_COLOUR('',#114);
#851=FILL_AREA_STYLE_COLOUR('',#114);
#852=FILL_AREA_STYLE_COLOUR('',#871);
#853=FILL_AREA_STYLE_COLOUR('',#871);
#854=FILL_AREA_STYLE_COLOUR('',#871);
#855=FILL_AREA_STYLE_COLOUR('',#871);
#856=FILL_AREA_STYLE_COLOUR('',#871);
#857=FILL_AREA_STYLE_COLOUR('',#871);
#858=FILL_AREA_STYLE_COLOUR('',#871);
#859=FILL_AREA_STYLE_COLOUR('',#871);
#860=FILL_AREA_STYLE_COLOUR('',#871);
#861=FILL_AREA_STYLE_COLOUR('',#871);
#862=FILL_AREA_STYLE_COLOUR('',#871);
#863=FILL_AREA_STYLE_COLOUR('',#871);
#864=FILL_AREA_STYLE_COLOUR('',#871);
#865=FILL_AREA_STYLE_COLOUR('',#871);
#866=FILL_AREA_STYLE_COLOUR('',#871);
#867=FILL_AREA_STYLE_COLOUR('',#871);
#868=FILL_AREA_STYLE_COLOUR('',#871);
#869=FILL_AREA_STYLE_COLOUR('',#871);
#870=COLOUR_RGB('',0.615686274509804,0.811764705882353,0.929411764705882);
#871=COLOUR_RGB('',0.980392156862745,0.796078431372549,0.262745098039216);
#872=MANIFOLD_SOLID_BREP('Part 1',#676);
#873=SHAPE_DEFINITION_REPRESENTATION(#4626,#874);
#874=SHAPE_REPRESENTATION('Part 1',(#875),#4621);
#875=AXIS2_PLACEMENT_3D('',#1001,#904,#905);
#876=AXIS2_PLACEMENT_3D('',#3736,#906,#907);
#877=AXIS2_PLACEMENT_3D('',#3738,#908,#909);
#878=AXIS2_PLACEMENT_3D('',#3740,#910,#911);
#879=AXIS2_PLACEMENT_3D('',#3749,#916,#917);
#880=AXIS2_PLACEMENT_3D('',#3763,#925,#926);
#881=AXIS2_PLACEMENT_3D('',#3769,#930,#931);
#882=AXIS2_PLACEMENT_3D('',#3772,#934,#935);
#883=AXIS2_PLACEMENT_3D('',#3773,#936,#937);
#884=AXIS2_PLACEMENT_3D('',#3774,#938,#939);
#885=AXIS2_PLACEMENT_3D('',#4286,#940,#941);
#886=AXIS2_PLACEMENT_3D('',#4318,#942,#943);
#887=AXIS2_PLACEMENT_3D('',#4319,#944,#945);
#888=AXIS2_PLACEMENT_3D('',#4320,#946,#947);
#889=AXIS2_PLACEMENT_3D('',#4335,#950,#951);
#890=AXIS2_PLACEMENT_3D('',#4345,#953,#954);
#891=AXIS2_PLACEMENT_3D('',#4346,#955,#956);
#892=AXIS2_PLACEMENT_3D('',#4498,#957,#958);
#893=AXIS2_PLACEMENT_3D('',#4507,#963,#964);
#894=AXIS2_PLACEMENT_3D('',#4513,#968,#969);
#895=AXIS2_PLACEMENT_3D('',#4519,#973,#974);
#896=AXIS2_PLACEMENT_3D('',#4522,#977,#978);
#897=AXIS2_PLACEMENT_3D('',#4523,#979,#980);
#898=AXIS2_PLACEMENT_3D('',#4524,#981,#982);
#899=AXIS2_PLACEMENT_3D('',#4603,#983,#984);
#900=AXIS2_PLACEMENT_3D('',#4609,#988,#989);
#901=AXIS2_PLACEMENT_3D('',#4613,#992,#993);
#902=AXIS2_PLACEMENT_3D('',#4617,#996,#997);
#903=AXIS2_PLACEMENT_3D('',#4619,#999,#1000);
#904=DIRECTION('',(0.,0.,1.));
#905=DIRECTION('',(1.,0.,0.));
#906=DIRECTION('',(0.,0.,1.));
#907=DIRECTION('',(1.,0.,0.));
#908=DIRECTION('',(0.,0.,1.));
#909=DIRECTION('',(1.,0.,0.));
#910=DIRECTION('',(1.,0.,0.));
#911=DIRECTION('',(0.,0.,-1.));
#912=DIRECTION('',(0.,1.,0.));
#913=DIRECTION('',(0.,0.,1.));
#914=DIRECTION('',(0.,1.,0.));
#915=DIRECTION('',(0.,0.,1.));
#916=DIRECTION('',(0.,-1.,0.));
#917=DIRECTION('',(0.,0.,-1.));
#918=DIRECTION('',(0.,0.,-1.));
#919=DIRECTION('',(1.,0.,0.));
#920=DIRECTION('',(0.,0.,-1.));
#921=DIRECTION('',(1.,0.,0.));
#922=DIRECTION('',(1.,0.,0.));
#923=DIRECTION('',(1.,0.,0.));
#924=DIRECTION('',(0.,0.,1.));
#925=DIRECTION('',(1.,0.,0.));
#926=DIRECTION('',(0.,0.,-1.));
#927=DIRECTION('',(0.,1.,0.));
#928=DIRECTION('',(0.,1.,0.));
#929=DIRECTION('',(0.,0.,1.));
#930=DIRECTION('',(0.,-1.,0.));
#931=DIRECTION('',(0.,0.,-1.));
#932=DIRECTION('',(1.,0.,0.));
#933=DIRECTION('',(1.,0.,0.));
#934=DIRECTION('',(0.,0.,1.));
#935=DIRECTION('',(1.,0.,0.));
#936=DIRECTION('',(0.,0.,1.));
#937=DIRECTION('',(1.,0.,0.));
#938=DIRECTION('',(0.,0.,1.));
#939=DIRECTION('',(1.,0.,0.));
#940=DIRECTION('',(0.,0.,1.));
#941=DIRECTION('',(1.,0.,0.));
#942=DIRECTION('',(0.,-1.,0.));
#943=DIRECTION('',(1.,0.,0.));
#944=DIRECTION('',(0.,-1.,0.));
#945=DIRECTION('',(1.,0.,0.));
#946=DIRECTION('',(0.998698126594596,0.,-0.0510103120598555));
#947=DIRECTION('',(-0.0510103120598555,0.,-0.998698126594596));
#948=DIRECTION('',(0.,-1.,0.));
#949=DIRECTION('',(0.,-1.,0.));
#950=DIRECTION('',(0.998698126594596,0.,-0.0510103120598555));
#951=DIRECTION('',(-0.0510103120598555,0.,-0.998698126594596));
#952=DIRECTION('',(0.0510103120598555,0.,0.998698126594596));
#953=DIRECTION('',(0.,-1.,0.));
#954=DIRECTION('',(1.,0.,0.));
#955=DIRECTION('',(0.,-1.,0.));
#956=DIRECTION('',(1.,0.,0.));
#957=DIRECTION('',(1.,0.,0.));
#958=DIRECTION('',(0.,0.,-1.));
#959=DIRECTION('',(0.,1.,0.));
#960=DIRECTION('',(0.,0.,1.));
#961=DIRECTION('',(0.,1.,0.));
#962=DIRECTION('',(0.,0.,1.));
#963=DIRECTION('',(0.,-1.,0.));
#964=DIRECTION('',(0.,0.,-1.));
#965=DIRECTION('',(1.,0.,0.));
#966=DIRECTION('',(0.,0.,1.));
#967=DIRECTION('',(1.,0.,0.));
#968=DIRECTION('',(1.,0.,0.));
#969=DIRECTION('',(0.,0.,-1.));
#970=DIRECTION('',(0.,1.,0.));
#971=DIRECTION('',(0.,0.,1.));
#972=DIRECTION('',(0.,1.,0.));
#973=DIRECTION('',(0.,-1.,0.));
#974=DIRECTION('',(0.,0.,-1.));
#975=DIRECTION('',(1.,0.,0.));
#976=DIRECTION('',(1.,0.,0.));
#977=DIRECTION('',(0.,0.,1.));
#978=DIRECTION('',(1.,0.,0.));
#979=DIRECTION('',(0.,0.,1.));
#980=DIRECTION('',(1.,0.,0.));
#981=DIRECTION('',(0.,0.,1.));
#982=DIRECTION('',(1.,0.,0.));
#983=DIRECTION('',(1.,0.,0.));
#984=DIRECTION('',(0.,0.,-1.));
#985=DIRECTION('',(0.,1.,0.));
#986=DIRECTION('',(0.,0.,-1.));
#987=DIRECTION('',(0.,1.,0.));
#988=DIRECTION('',(0.,0.,1.));
#989=DIRECTION('',(1.,0.,0.));
#990=DIRECTION('',(0.,1.,0.));
#991=DIRECTION('',(1.,0.,0.));
#992=DIRECTION('',(1.,0.,0.));
#993=DIRECTION('',(0.,0.,-1.));
#994=DIRECTION('',(0.,1.,0.));
#995=DIRECTION('',(0.,0.,-1.));
#996=DIRECTION('',(0.,0.,1.));
#997=DIRECTION('',(1.,0.,0.));
#998=DIRECTION('',(1.,0.,0.));
#999=DIRECTION('',(0.,-1.,0.));
#1000=DIRECTION('',(1.,0.,0.));
#1001=CARTESIAN_POINT('',(0.,0.,0.));
#1002=CARTESIAN_POINT('',(-0.00128146934249163,-0.00016,0.00159883647089357));
#1003=CARTESIAN_POINT('',(-0.00131348076898558,-0.00016,0.00162934976686861));
#1004=CARTESIAN_POINT('',(-0.00142921897671502,-0.00016,0.00174183825516529));
#1005=CARTESIAN_POINT('',(-0.00154029745247602,-0.00016,0.00185892067603433));
#1006=CARTESIAN_POINT('',(-0.00169349360837353,-0.00016,0.00203581215948534));
#1007=CARTESIAN_POINT('',(-0.0017662732235636,-0.00016,0.00212776055551587));
#1008=CARTESIAN_POINT('',(-0.00186509780481413,-0.00016,0.00227700263194675));
#1009=CARTESIAN_POINT('',(-0.00192699918710364,-0.00016,0.00238015809236761));
#1010=CARTESIAN_POINT('',(-0.00199919697481521,-0.00016,0.00254755724592647));
#1011=CARTESIAN_POINT('',(-0.00203578495276322,-0.00016,0.00273434721470521));
#1012=CARTESIAN_POINT('',(-0.00199124496322141,-0.00016,0.00293196935751653));
#1013=CARTESIAN_POINT('',(-0.00186013389892312,-0.00016,0.00307900282894146));
#1014=CARTESIAN_POINT('',(-0.00170083896103552,-0.00016,0.00317389357641513));
#1015=CARTESIAN_POINT('',(-0.00153290894980375,-0.00016,0.00323884450319874));
#1016=CARTESIAN_POINT('',(-0.00141759620132644,-0.00016,0.00326963720146921));
#1017=CARTESIAN_POINT('',(-0.00131663936525031,-0.00016,0.00329251377961027));
#1018=CARTESIAN_POINT('',(-0.00127350099038022,-0.00016,0.00330100467103514));
#1019=CARTESIAN_POINT('',(-0.00123037585769261,-0.00016,0.00330857395570718));
#1020=CARTESIAN_POINT('',(-0.00128146934256496,-0.000164999999999996,0.00159883647081214));
#1021=CARTESIAN_POINT('',(-0.00131348076903685,-0.000164999999999997,0.00162934976681168));
#1022=CARTESIAN_POINT('',(-0.00142921897664956,-0.000165000000000004,0.00174183825523799));
#1023=CARTESIAN_POINT('',(-0.00154029745246323,-0.000165000000000001,0.00185892067604854));
#1024=CARTESIAN_POINT('',(-0.00169349360838633,-0.000165,0.00203581215947114));
#1025=CARTESIAN_POINT('',(-0.00176627322356489,-0.000165,0.00212776055551443));
#1026=CARTESIAN_POINT('',(-0.00186509780481349,-0.000165,0.00227700263194747));
#1027=CARTESIAN_POINT('',(-0.00192699918710395,-0.000165,0.00238015809236728));
#1028=CARTESIAN_POINT('',(-0.00199919697481512,-0.000165,0.00254755724592653));
#1029=CARTESIAN_POINT('',(-0.00203578495276326,-0.000165,0.0027343472147053));
#1030=CARTESIAN_POINT('',(-0.00199124496322135,-0.000165,0.00293196935751609));
#1031=CARTESIAN_POINT('',(-0.00186013389892333,-0.000165,0.00307900282894314));
#1032=CARTESIAN_POINT('',(-0.00170083896103472,-0.000165,0.00317389357640887));
#1033=CARTESIAN_POINT('',(-0.00153290894980674,-0.000165000000000002,0.00323884450322212));
#1034=CARTESIAN_POINT('',(-0.00141759620132001,-0.000164999999999996,0.00326963720141884));
#1035=CARTESIAN_POINT('',(-0.00131663936525512,-0.000165000000000003,0.00329251377964786));
#1036=CARTESIAN_POINT('',(-0.00127350099040399,-0.000165000000000016,0.00330100467122117));
#1037=CARTESIAN_POINT('',(-0.00123037585773164,-0.000165000000000026,0.00330857395601267));
#1038=CARTESIAN_POINT('',(-0.0012813256387171,-0.000170277777777778,0.00159898730188667));
#1039=CARTESIAN_POINT('',(-0.00131333607600238,-0.000170277777777778,0.0016294996547462));
#1040=CARTESIAN_POINT('',(-0.00142907041903154,-0.000170277777777778,0.00174198439743882));
#1041=CARTESIAN_POINT('',(-0.00154014417554598,-0.000170277777777778,0.00185906195696405));
#1042=CARTESIAN_POINT('',(-0.00169333186326972,-0.000170277777777778,0.00203594359127865));
#1043=CARTESIAN_POINT('',(-0.00176610639978421,-0.000170277777777778,0.00212788578254488));
#1044=CARTESIAN_POINT('',(-0.00186492056169531,-0.000170277777777778,0.00227711239945364));
#1045=CARTESIAN_POINT('',(-0.00192681415428128,-0.000170277777777778,0.00238025521371257));
#1046=CARTESIAN_POINT('',(-0.00199899804336166,-0.000170277777777778,0.0025476227942827));
#1047=CARTESIAN_POINT('',(-0.00203557011628044,-0.000170277777777778,0.00273435266329788));
#1048=CARTESIAN_POINT('',(-0.00199105333709137,-0.000170277777777778,0.00293186648404875));
#1049=CARTESIAN_POINT('',(-0.001860004606507,-0.000170277777777778,0.00307883529474991));
#1050=CARTESIAN_POINT('',(-0.00170074964894793,-0.000170277777777778,0.00317370454516951));
#1051=CARTESIAN_POINT('',(-0.00153284575307858,-0.000170277777777782,0.00323864553657125));
#1052=CARTESIAN_POINT('',(-0.00141754496480959,-0.00017027777777777,0.00326943516587419));
#1053=CARTESIAN_POINT('',(-0.00131659695883834,-0.000170277777777784,0.00329230979682487));
#1054=CARTESIAN_POINT('',(-0.00127346192614312,-0.000170277777777808,0.00330080003667444));
#1055=CARTESIAN_POINT('',(-0.00123033963840848,-0.000170277777777827,0.00330836881381823));
#1056=CARTESIAN_POINT('',(-0.00127917008089845,-0.000180972222222228,0.0016012497681167));
#1057=CARTESIAN_POINT('',(-0.00131116568041488,-0.000180972222222226,0.00163174797384236));
#1058=CARTESIAN_POINT('',(-0.00142684205485116,-0.000180972222222217,0.0017441765303513));
#1059=CARTESIAN_POINT('',(-0.00153784502180483,-0.000180972222222221,0.00186118117067712));
#1060=CARTESIAN_POINT('',(-0.00169090568650303,-0.000180972222222223,0.00203791506841086));
#1061=CARTESIAN_POINT('',(-0.0017636040430723,-0.000180972222222222,0.00212976418800353));
#1062=CARTESIAN_POINT('',(-0.00186226191492352,-0.000180972222222222,0.00227875891204514));
#1063=CARTESIAN_POINT('',(-0.00192403866194091,-0.000180972222222222,0.00238171203389226));
#1064=CARTESIAN_POINT('',(-0.00199601407155988,-0.000180972222222222,0.00254860601962519));
#1065=CARTESIAN_POINT('',(-0.00203234756903813,-0.000180972222222222,0.00273443439218646));
#1066=CARTESIAN_POINT('',(-0.00198817894514171,-0.000180972222222222,0.00293032338203928));
#1067=CARTESIAN_POINT('',(-0.00185806522026166,-0.000180972222222223,0.00307632228184916));
#1068=CARTESIAN_POINT('',(-0.00169940996764723,-0.000180972222222222,0.0031708690765877));
#1069=CARTESIAN_POINT('',(-0.00153189780215214,-0.000180972222222227,0.00323566103677613));
#1070=CARTESIAN_POINT('',(-0.00141677641716223,-0.000180972222222214,0.00326640463277357));
#1071=CARTESIAN_POINT('',(-0.00131596086258003,-0.000180972222222228,0.00328925005442822));
#1072=CARTESIAN_POINT('',(-0.00127287596219739,-0.000180972222222253,0.00329773051821771));
#1073=CARTESIAN_POINT('',(-0.00122979634850741,-0.000180972222222273,0.00330529168048168));
#1074=CARTESIAN_POINT('',(-0.00127725402949412,-0.000186111111111122,0.00160326084922116));
#1075=CARTESIAN_POINT('',(-0.00130923643988568,-0.000186111111111119,0.00163374647971337));
#1076=CARTESIAN_POINT('',(-0.00142486128669973,-0.000186111111111101,0.00174612509293026));
#1077=CARTESIAN_POINT('',(-0.00153580132959221,-0.000186111111111109,0.00186306491619791));
#1078=CARTESIAN_POINT('',(-0.0016887490849309,-0.000186111111111113,0.00203966749253032));
#1079=CARTESIAN_POINT('',(-0.00176137972599486,-0.000186111111111112,0.00213143388174476));
#1080=CARTESIAN_POINT('',(-0.00185989867334868,-0.000186111111111111,0.00228022247879305));
#1081=CARTESIAN_POINT('',(-0.00192157155763831,-0.000186111111111111,0.00238300698516314));
#1082=CARTESIAN_POINT('',(-0.00199336165218053,-0.000186111111111111,0.00254947999770739));
#1083=CARTESIAN_POINT('',(-0.00202948308260052,-0.000186111111111111,0.00273450704008741));
#1084=CARTESIAN_POINT('',(-0.00198562393007535,-0.000186111111111111,0.0029289517358087));
#1085=CARTESIAN_POINT('',(-0.00185634132137689,-0.000186111111111112,0.00307408849260382));
#1086=CARTESIAN_POINT('',(-0.0016982191398245,-0.000186111111111111,0.00316834866007138));
#1087=CARTESIAN_POINT('',(-0.00153105517910601,-0.000186111111111113,0.00323300814806617));
#1088=CARTESIAN_POINT('',(-0.00141609326369879,-0.000186111111111107,0.00326371082557987));
#1089=CARTESIAN_POINT('',(-0.0013153954436831,-0.000186111111111114,0.00328653028340387));
#1090=CARTESIAN_POINT('',(-0.00127235510535351,-0.000186111111111126,0.00329500205734195));
#1091=CARTESIAN_POINT('',(-0.00122931342414558,-0.000186111111111136,0.00330255645080759));
#1092=CARTESIAN_POINT('',(-0.00127188908556708,-0.000193888888888917,0.00160889187630803));
#1093=CARTESIAN_POINT('',(-0.00130383456640747,-0.000193888888888909,0.00163934229614827));
#1094=CARTESIAN_POINT('',(-0.00141931513587119,-0.000193888888888863,0.00175158106815637));
#1095=CARTESIAN_POINT('',(-0.00153007899139601,-0.000193888888888884,0.00186833940365712));
#1096=CARTESIAN_POINT('',(-0.00168271060052982,-0.000193888888888894,0.00204457428006382));
#1097=CARTESIAN_POINT('',(-0.00175515163817812,-0.00019388888888889,0.00213610902422009));
#1098=CARTESIAN_POINT('',(-0.00185328159693908,-0.000193888888888889,0.00228432046568723));
#1099=CARTESIAN_POINT('',(-0.00191466366559106,-0.000193888888888889,0.00238663284872158));
#1100=CARTESIAN_POINT('',(-0.00198593487791835,-0.000193888888888889,0.00255192713633757));
#1101=CARTESIAN_POINT('',(-0.00202146252057521,-0.000193888888888889,0.00273471045421007));
#1102=CARTESIAN_POINT('',(-0.00197846988788955,-0.000193888888888889,0.00292511112636305));
#1103=CARTESIAN_POINT('',(-0.00185151440449953,-0.000193888888888889,0.00306783388271699));
#1104=CARTESIAN_POINT('',(-0.00169488482192079,-0.00019388888888889,0.00316129149382526));
#1105=CARTESIAN_POINT('',(-0.00152869583457705,-0.000193888888888887,0.00322558005967992));
#1106=CARTESIAN_POINT('',(-0.0014141804340007,-0.000193888888888893,0.00325616816543399));
#1107=CARTESIAN_POINT('',(-0.00131381227077203,-0.000193888888888886,0.00327891492453831));
#1108=CARTESIAN_POINT('',(-0.00127089670619228,-0.000193888888888874,0.0032873623669029));
#1109=CARTESIAN_POINT('',(-0.00122796123593516,-0.000193888888888865,0.00329489780774161));
#1110=CARTESIAN_POINT('',(-0.0012683443904724,-0.000196666666666703,0.00161261237634757));
#1111=CARTESIAN_POINT('',(-0.00130026547143079,-0.000196666666666692,0.00164303953200705));
#1112=CARTESIAN_POINT('',(-0.00141565071478808,-0.000196666666666634,0.00175518590893075));
#1113=CARTESIAN_POINT('',(-0.00152629816080209,-0.00019666666666666,0.00187182433287123));
#1114=CARTESIAN_POINT('',(-0.00167872088762196,-0.000196666666666673,0.00204781626468418));
#1115=CARTESIAN_POINT('',(-0.00175103665158492,-0.000196666666666668,0.00213919795764129));
#1116=CARTESIAN_POINT('',(-0.0018489096000256,-0.000196666666666667,0.00228702806417089));
#1117=CARTESIAN_POINT('',(-0.00191009952263127,-0.000196666666666667,0.00238902850857269));
#1118=CARTESIAN_POINT('',(-0.00198102790206655,-0.000196666666666667,0.00255354399578965));
#1119=CARTESIAN_POINT('',(-0.00201616322066562,-0.000196666666666667,0.00273484485282682));
#1120=CARTESIAN_POINT('',(-0.00197374311001679,-0.000196666666666667,0.00292257358083645));
#1121=CARTESIAN_POINT('',(-0.00184832519156271,-0.000196666666666667,0.00306370137261319));
#1122=CARTESIAN_POINT('',(-0.0016926817904487,-0.000196666666666668,0.00315662872326979));
#1123=CARTESIAN_POINT('',(-0.00152713698194184,-0.000196666666666664,0.00322067221556758));
#1124=CARTESIAN_POINT('',(-0.00141291660009304,-0.000196666666666671,0.00325118462212331));
#1125=CARTESIAN_POINT('',(-0.00131276624581293,-0.000196666666666663,0.003273883348145));
#1126=CARTESIAN_POINT('',(-0.00126993312103216,-0.000196666666666651,0.00328231471429142));
#1127=CARTESIAN_POINT('',(-0.00122706782586753,-0.000196666666666641,0.00328983763285879));
#1128=CARTESIAN_POINT('',(-0.0012609675925727,-0.000199791666666697,0.00162035503859199));
#1129=CARTESIAN_POINT('',(-0.00129283789539825,-0.000199791666666688,0.00165073377960502));
#1130=CARTESIAN_POINT('',(-0.00140802475739885,-0.00019979166666664,0.00176268787486667));
#1131=CARTESIAN_POINT('',(-0.00151842994578231,-0.000199791666666661,0.00187907675312765));
#1132=CARTESIAN_POINT('',(-0.00167041797157048,-0.000199791666666672,0.00205456309754274));
#1133=CARTESIAN_POINT('',(-0.00174247303083691,-0.000199791666666668,0.00214562627854486));
#1134=CARTESIAN_POINT('',(-0.0018398111199624,-0.000199791666666667,0.0022926627961504));
#1135=CARTESIAN_POINT('',(-0.00190060117106631,-0.000199791666666667,0.00239401407096555));
#1136=CARTESIAN_POINT('',(-0.00197081608745605,-0.000199791666666667,0.00255690881140614));
#1137=CARTESIAN_POINT('',(-0.00200513494788082,-0.000199791666666667,0.00273512454724548));
#1138=CARTESIAN_POINT('',(-0.00196390630201131,-0.000199791666666667,0.00291729274284868));
#1139=CARTESIAN_POINT('',(-0.00184168818085635,-0.000199791666666667,0.00305510128401879));
#1140=CARTESIAN_POINT('',(-0.0016880971033311,-0.000199791666666667,0.00314692511968137));
#1141=CARTESIAN_POINT('',(-0.00152389288321452,-0.000199791666666666,0.00321045859403648));
#1142=CARTESIAN_POINT('',(-0.00141028645925818,-0.000199791666666667,0.00324081346442273));
#1143=CARTESIAN_POINT('',(-0.0013105893830602,-0.000199791666666666,0.00326341222970486));
#1144=CARTESIAN_POINT('',(-0.00126792782218543,-0.000199791666666664,0.00327181013993772));
#1145=CARTESIAN_POINT('',(-0.00122520856707815,-0.000199791666666662,0.00327930699864305));
#1146=CARTESIAN_POINT('',(-0.00125732709490796,-0.000200000000000016,0.00162417609268661));
#1147=CARTESIAN_POINT('',(-0.00128917233839521,-0.000200000000000011,0.00165453094075725));
#1148=CARTESIAN_POINT('',(-0.00140426129790803,-0.000199999999999986,0.00176639014377013));
#1149=CARTESIAN_POINT('',(-0.00151454693057773,-0.000199999999999997,0.00188265586961782));
#1150=CARTESIAN_POINT('',(-0.00166632042858404,-0.000200000000000003,0.00205789270336904));
#1151=CARTESIAN_POINT('',(-0.00173824682838984,-0.000200000000000001,0.00214879869665312));
#1152=CARTESIAN_POINT('',(-0.00183532096097018,-0.0002,0.00229544357297145));
#1153=CARTESIAN_POINT('',(-0.00189591367289139,-0.0002,0.00239647447838021));
#1154=CARTESIAN_POINT('',(-0.00196577649063529,-0.0002,0.00255856936976233));
#1155=CARTESIAN_POINT('',(-0.00199969242364936,-0.0002,0.00273526257825728));
#1156=CARTESIAN_POINT('',(-0.00195905177338523,-0.0002,0.00291468661501055));
#1157=CARTESIAN_POINT('',(-0.00183841277297529,-0.0002,0.00305085708445272));
#1158=CARTESIAN_POINT('',(-0.00168583453046787,-0.0002,0.00314213632830008));
#1159=CARTESIAN_POINT('',(-0.00152229189942701,-0.0002,0.00320541810548866));
#1160=CARTESIAN_POINT('',(-0.00140898846767733,-0.0002,0.00323569523075233));
#1161=CARTESIAN_POINT('',(-0.00130951508715627,-0.0002,0.00325824466476036));
#1162=CARTESIAN_POINT('',(-0.00126693819418316,-0.0002,0.00326662606428258));
#1163=CARTESIAN_POINT('',(-0.0012242910107925,-0.0002,0.00327411006227673));
#1164=CARTESIAN_POINT('',(-0.00125387820238349,-0.0002,0.00162779603867098));
#1165=CARTESIAN_POINT('',(-0.00128569970544498,-0.0002,0.00165812825132251));
#1166=CARTESIAN_POINT('',(-0.00140069591523249,-0.0002,0.00176989755641553));
#1167=CARTESIAN_POINT('',(-0.00151086828459445,-0.0002,0.00188604661155589));
#1168=CARTESIAN_POINT('',(-0.00166243854575478,-0.0002,0.00206104706678343));
#1169=CARTESIAN_POINT('',(-0.00173424305765051,-0.0002,0.00215180414538726));
#1170=CARTESIAN_POINT('',(-0.00183106712613544,-0.0002,0.00229807799311772));
#1171=CARTESIAN_POINT('',(-0.00189147288514673,-0.0002,0.00239880539066778));
#1172=CARTESIAN_POINT('',(-0.00196100213575245,-0.0002,0.00256014253031031));
#1173=CARTESIAN_POINT('',(-0.00199453634806165,-0.0002,0.00273539334447899));
#1174=CARTESIAN_POINT('',(-0.00195445274626578,-0.0002,0.00291221765179549));
#1175=CARTESIAN_POINT('',(-0.0018353097549827,-0.0002,0.00304683626381119));
#1176=CARTESIAN_POINT('',(-0.00168369104038691,-0.0002,0.00313759957857043));
#1177=CARTESIAN_POINT('',(-0.00152077517794411,-0.0002,0.00320064290581177));
#1178=CARTESIAN_POINT('',(-0.00140775879144284,-0.0002,0.00323084637780144));
#1179=CARTESIAN_POINT('',(-0.00130849733314201,-0.0002,0.0032533490769182));
#1180=CARTESIAN_POINT('',(-0.00126600065186524,-0.0002,0.00326171483471451));
#1181=CARTESIAN_POINT('',(-0.00122342174694296,-0.0002,0.003269186648877));
#1182=CARTESIAN_POINT('',(-0.00129270117440051,-0.00016,0.00160955407042232));
#1183=CARTESIAN_POINT('',(-0.00227964478113317,-0.00016,0.0025547212966202));
#1184=CARTESIAN_POINT('',(-0.00226529520818062,-0.00016,0.0031199381077934));
#1185=CARTESIAN_POINT('',(-0.00124965245554284,-0.00016,0.00330520450394192));
#1186=CARTESIAN_POINT('',(-0.00129270117410368,-0.00016,0.00160955407013806));
#1187=CARTESIAN_POINT('',(-0.00124965242784426,-0.000160000001139903,0.00330520450899449));
#1188=CARTESIAN_POINT('',(-0.00128818700397521,-0.000199999999999971,0.00166072884243684));
#1189=CARTESIAN_POINT('',(-0.00128815965464461,-0.000199999999532035,0.00163538732559441));
#1190=CARTESIAN_POINT('',(-0.00128967055561131,-0.000185410137809006,0.00160666512377171));
#1191=CARTESIAN_POINT('',(-0.00129270136034917,-0.000160001544179008,0.0016095673945331));
#1192=CARTESIAN_POINT('',(-0.00128818700908234,-0.0002,0.00166073357964839));
#1193=CARTESIAN_POINT('',(-0.00123724086672922,-0.0002,0.00326672756315818));
#1194=CARTESIAN_POINT('',(-0.00135489293807816,-0.0002,0.00324552474106926));
#1195=CARTESIAN_POINT('',(-0.00150888045614648,-0.0002,0.00320760631932221));
#1196=CARTESIAN_POINT('',(-0.00167921243765745,-0.0002,0.00313624268653613));
#1197=CARTESIAN_POINT('',(-0.00176947613184042,-0.0002,0.00308947181317693));
#1198=CARTESIAN_POINT('',(-0.00190222628338058,-0.0002,0.00298083391187993));
#1199=CARTESIAN_POINT('',(-0.00196502250924455,-0.0002,0.00286480894807197));
#1200=CARTESIAN_POINT('',(-0.00199209932004778,-0.0002,0.0027371365416195));
#1201=CARTESIAN_POINT('',(-0.00195895794123178,-0.0002,0.00256037898936437));
#1202=CARTESIAN_POINT('',(-0.00192935896041502,-0.0002,0.00248854748407274));
#1203=CARTESIAN_POINT('',(-0.0018643665923104,-0.0002,0.00234675760303835));
#1204=CARTESIAN_POINT('',(-0.0017030305885686,-0.0002,0.00209712823434586));
#1205=CARTESIAN_POINT('',(-0.00147709407062986,-0.0002,0.00184341214736317));
#1206=CARTESIAN_POINT('',(-0.00128818700908235,-0.0002,0.00166073357964839));
#1207=CARTESIAN_POINT('',(-0.00123724086669104,-0.0002,0.00326672756294267));
#1208=CARTESIAN_POINT('',(-0.00124963816510598,-0.000160000028128865,0.0033051249158847));
#1209=CARTESIAN_POINT('',(-0.00124697050460284,-0.000181569934524339,0.00330561057805385));
#1210=CARTESIAN_POINT('',(-0.00124082261036085,-0.00019999999999999,0.00328833094723494));
#1211=CARTESIAN_POINT('',(-0.00123724086911972,-0.0002,0.00326672757759051));
#1212=CARTESIAN_POINT('',(-0.00123027211238582,0.000159999999999985,0.0033085590798295));
#1213=CARTESIAN_POINT('',(-0.00127376108155656,0.000159999999999991,0.00330093200030861));
#1214=CARTESIAN_POINT('',(-0.00131712552743004,0.000159999999999999,0.00329240409508772));
#1215=CARTESIAN_POINT('',(-0.00141776015981875,0.000160000000000003,0.00326959862973));
#1216=CARTESIAN_POINT('',(-0.00153191816758562,0.00016,0.00323907476289269));
#1217=CARTESIAN_POINT('',(-0.00169877656831635,0.00016,0.00317486612093379));
#1218=CARTESIAN_POINT('',(-0.00185922545047129,0.00016,0.00307984062606278));
#1219=CARTESIAN_POINT('',(-0.00199121787497548,0.00016,0.00293238378193297));
#1220=CARTESIAN_POINT('',(-0.00203588041027405,0.00016,0.00273363393884816));
#1221=CARTESIAN_POINT('',(-0.00199888131554564,0.00016,0.00254669911314425));
#1222=CARTESIAN_POINT('',(-0.00192675937917614,0.00016,0.00237970037626294));
#1223=CARTESIAN_POINT('',(-0.00186471143005971,0.00016,0.00227638778306765));
#1224=CARTESIAN_POINT('',(-0.0017656986087896,0.00016,0.00212695382206015));
#1225=CARTESIAN_POINT('',(-0.00169289655310448,0.00016,0.0020350727498588));
#1226=CARTESIAN_POINT('',(-0.00153984425307215,0.00016,0.00185844715558098));
#1227=CARTESIAN_POINT('',(-0.00142900087529451,0.00016,0.00174162459813359));
#1228=CARTESIAN_POINT('',(-0.00131343500345355,0.00016,0.0016293051619444));
#1229=CARTESIAN_POINT('',(-0.00128147834997243,0.00016,0.00159884399921268));
#1230=CARTESIAN_POINT('',(-0.00123027211242508,0.000165000000000031,0.00330855908013718));
#1231=CARTESIAN_POINT('',(-0.00127376108158049,0.000165000000000019,0.00330093200049616));
#1232=CARTESIAN_POINT('',(-0.00131712552743486,0.000165000000000004,0.00329240409512557));
#1233=CARTESIAN_POINT('',(-0.00141776015981229,0.000164999999999995,0.00326959862967942));
#1234=CARTESIAN_POINT('',(-0.00153191816758861,0.000165000000000003,0.00323907476291616));
#1235=CARTESIAN_POINT('',(-0.00169877656831555,0.000165,0.0031748661209275));
#1236=CARTESIAN_POINT('',(-0.00185922545047151,0.000165,0.00307984062606447));
#1237=CARTESIAN_POINT('',(-0.00199121787497542,0.000165,0.00293238378193253));
#1238=CARTESIAN_POINT('',(-0.00203588041027408,0.000165,0.00273363393884826));
#1239=CARTESIAN_POINT('',(-0.00199888131554556,0.000165,0.00254669911314431));
#1240=CARTESIAN_POINT('',(-0.00192675937917644,0.000165,0.00237970037626261));
#1241=CARTESIAN_POINT('',(-0.00186471143005907,0.000165,0.00227638778306837));
#1242=CARTESIAN_POINT('',(-0.00176569860879089,0.000164999999999999,0.00212695382205871));
#1243=CARTESIAN_POINT('',(-0.0016928965531173,0.000164999999999994,0.00203507274984457));
#1244=CARTESIAN_POINT('',(-0.00153984425305933,0.000165000000000005,0.00185844715559521));
#1245=CARTESIAN_POINT('',(-0.00142900087522896,0.000165000000000027,0.00174162459820639));
#1246=CARTESIAN_POINT('',(-0.00131343500350485,0.000164999999999979,0.00162930516188744));
#1247=CARTESIAN_POINT('',(-0.00128147835004582,0.00016499999999997,0.00159884399913118));
#1248=CARTESIAN_POINT('',(-0.00123023588435766,0.000170277777777861,0.00330835394056432));
#1249=CARTESIAN_POINT('',(-0.0012737219892529,0.000170277777777829,0.00330072737169496));
#1250=CARTESIAN_POINT('',(-0.00131708307843826,0.000170277777777788,0.00329220012066436));
#1251=CARTESIAN_POINT('',(-0.00141770890805559,0.000170277777777764,0.00326939659945261));
#1252=CARTESIAN_POINT('',(-0.00153185505857826,0.000170277777777785,0.00323887577966647));
#1253=CARTESIAN_POINT('',(-0.00169868765207662,0.000170277777777778,0.00317467691839414));
#1254=CARTESIAN_POINT('',(-0.00185909654294967,0.000170277777777778,0.00307967278917575));
#1255=CARTESIAN_POINT('',(-0.00199102627928085,0.000170277777777778,0.00293228066305131));
#1256=CARTESIAN_POINT('',(-0.00203566553918963,0.000170277777777778,0.00273363975870292));
#1257=CARTESIAN_POINT('',(-0.00199868247515047,0.000170277777777778,0.00254676484852859));
#1258=CARTESIAN_POINT('',(-0.00192657437978222,0.000170277777777778,0.00237979756613136));
#1259=CARTESIAN_POINT('',(-0.00186453423000456,0.000170277777777778,0.00227649762045493));
#1260=CARTESIAN_POINT('',(-0.00176553183908887,0.000170277777777776,0.00212707912123831));
#1261=CARTESIAN_POINT('',(-0.00169273484892056,0.000170277777777768,0.00203520423205282));
#1262=CARTESIAN_POINT('',(-0.00153969099387761,0.000170277777777787,0.0018585884538506));
#1263=CARTESIAN_POINT('',(-0.00142885232495294,0.000170277777777825,0.00174177074766028));
#1264=CARTESIAN_POINT('',(-0.00131329031209605,0.000170277777777741,0.0016294550515263));
#1265=CARTESIAN_POINT('',(-0.00128133464616549,0.000170277777777725,0.00159899483031498));
#1266=CARTESIAN_POINT('',(-0.00122969246329243,0.000180972222222307,0.00330527684654829));
#1267=CARTESIAN_POINT('',(-0.0012731356043062,0.000180972222222274,0.00329765793941897));
#1268=CARTESIAN_POINT('',(-0.00131644634348259,0.000180972222222233,0.00328914050369415));
#1269=CARTESIAN_POINT('',(-0.00141694013171386,0.000180972222222208,0.00326636614611993));
#1270=CARTESIAN_POINT('',(-0.00153090842341891,0.000180972222222229,0.00323589103088881));
#1271=CARTESIAN_POINT('',(-0.00169735390849388,0.000180972222222222,0.00317183888040235));
#1272=CARTESIAN_POINT('',(-0.00185716293012187,0.000180972222222222,0.00307715523584267));
#1273=CARTESIAN_POINT('',(-0.00198815234386243,0.000180972222222222,0.0029307338798337));
#1274=CARTESIAN_POINT('',(-0.00203244247292282,0.000180972222222222,0.00273372705652275));
#1275=CARTESIAN_POINT('',(-0.00199569986922429,0.000180972222222222,0.00254775087929281));
#1276=CARTESIAN_POINT('',(-0.00192379938886858,0.000180972222222222,0.00238125541416306));
#1277=CARTESIAN_POINT('',(-0.00186187622918778,0.000180972222222222,0.00227814518125238));
#1278=CARTESIAN_POINT('',(-0.00176303029355683,0.000180972222222221,0.00212895860893435));
#1279=CARTESIAN_POINT('',(-0.00169030928595191,0.000180972222222213,0.0020371764651962));
#1280=CARTESIAN_POINT('',(-0.0015373921061695,0.000180972222222231,0.00186070792766189));
#1281=CARTESIAN_POINT('',(-0.00142662407090289,0.000180972222222268,0.00174396298936855));
#1282=CARTESIAN_POINT('',(-0.00131111994089358,0.000180972222222187,0.00163170339618757));
#1283=CARTESIAN_POINT('',(-0.00127917908785957,0.000180972222222172,0.00160125729818404));
#1284=CARTESIAN_POINT('',(-0.00122920942234022,0.00018611111111114,0.00330254165182551));
#1285=CARTESIAN_POINT('',(-0.00127261437323921,0.000186111111111129,0.00329492955514812));
#1286=CARTESIAN_POINT('',(-0.00131588035685468,0.000186111111111115,0.00328642084415991));
#1287=CARTESIAN_POINT('',(-0.00141625677496653,0.000186111111111106,0.0032636724098311));
#1288=CARTESIAN_POINT('',(-0.00153006696994352,0.000186111111111113,0.00323323792086102));
#1289=CARTESIAN_POINT('',(-0.00169616835864266,0.000186111111111111,0.00316931617996606));
#1290=CARTESIAN_POINT('',(-0.00185544416316379,0.000186111111111111,0.00307491741065748));
#1291=CARTESIAN_POINT('',(-0.00198559773460162,0.000186111111111111,0.0029293589614181));
#1292=CARTESIAN_POINT('',(-0.00202957752513009,0.000186111111111111,0.0027338046545848));
#1293=CARTESIAN_POINT('',(-0.00199304866395658,0.000186111111111111,0.00254862735108322));
#1294=CARTESIAN_POINT('',(-0.00192133273027863,0.000186111111111111,0.00238255127908016));
#1295=CARTESIAN_POINT('',(-0.00185951356179518,0.000186111111111111,0.0022796096797389));
#1296=CARTESIAN_POINT('',(-0.00176080669752817,0.00018611111111111,0.00213062926466436));
#1297=CARTESIAN_POINT('',(-0.00168815322997804,0.000186111111111105,0.00203892956132557));
#1298=CARTESIAN_POINT('',(-0.00153534865043069,0.000186111111111117,0.0018625919043811));
#1299=CARTESIAN_POINT('',(-0.00142464340064511,0.00018611111111114,0.0017459116486549));
#1300=CARTESIAN_POINT('',(-0.00130919072203994,0.000186111111111089,0.00163370192478311));
#1301=CARTESIAN_POINT('',(-0.00127726303602209,0.000186111111111079,0.0016032683807454));
#1302=CARTESIAN_POINT('',(-0.00122785690767681,0.000193888888888823,0.00329488310662326));
#1303=CARTESIAN_POINT('',(-0.00127115492625333,0.000193888888888849,0.00328729007920288));
#1304=CARTESIAN_POINT('',(-0.00131429559429685,0.000193888888888881,0.00327880579746672));
#1305=CARTESIAN_POINT('',(-0.00141434337607356,0.0001938888888889,0.00325612994821883));
#1306=CARTESIAN_POINT('',(-0.00152771090021264,0.000193888888888884,0.00322580921278487));
#1307=CARTESIAN_POINT('',(-0.00169284881905919,0.000193888888888891,0.00316225261874402));
#1308=CARTESIAN_POINT('',(-0.00185063161568118,0.000193888888888889,0.00306865150013908));
#1309=CARTESIAN_POINT('',(-0.00197844482867135,0.000193888888888889,0.00292550918985441));
#1310=CARTESIAN_POINT('',(-0.00202155567131045,0.000193888888888889,0.00273402192915856));
#1311=CARTESIAN_POINT('',(-0.00198562528920698,0.000193888888888889,0.00255108147209636));
#1312=CARTESIAN_POINT('',(-0.00191442608622679,0.000193888888888889,0.00238617970084804));
#1313=CARTESIAN_POINT('',(-0.00185289809309586,0.000193888888888889,0.00228371027550122));
#1314=CARTESIAN_POINT('',(-0.00175458062864802,0.000193888888888889,0.00213530710070827));
#1315=CARTESIAN_POINT('',(-0.00168211627325209,0.000193888888888886,0.00204383823048683));
#1316=CARTESIAN_POINT('',(-0.00152962697436114,0.000193888888888891,0.00186786703919588));
#1317=CARTESIAN_POINT('',(-0.00141909752391871,0.000193888888888901,0.00175136789466177));
#1318=CARTESIAN_POINT('',(-0.00130378890925336,0.000193888888888879,0.00163929780484661));
#1319=CARTESIAN_POINT('',(-0.0012718980908823,0.000193888888888875,0.00160889941191148));
#1320=CARTESIAN_POINT('',(-0.00122696328191704,0.000196666666666601,0.00328982299640036));
#1321=CARTESIAN_POINT('',(-0.0012701906487805,0.000196666666666627,0.0032822425683105));
#1322=CARTESIAN_POINT('',(-0.00131324851903543,0.000196666666666659,0.00327377442733014));
#1323=CARTESIAN_POINT('',(-0.00141307916609071,0.000196666666666677,0.00325114653608215));
#1324=CARTESIAN_POINT('',(-0.00152615421128331,0.000196666666666661,0.00322090095923455));
#1325=CARTESIAN_POINT('',(-0.0016906555518344,0.000196666666666668,0.00315758562293659));
#1326=CARTESIAN_POINT('',(-0.00184745189680874,0.000196666666666667,0.00306451152354656));
#1327=CARTESIAN_POINT('',(-0.00197371880153886,0.000196666666666667,0.00292296559078554));
#1328=CARTESIAN_POINT('',(-0.0020162555178939,0.000196666666666667,0.00273416548557336));
#1329=CARTESIAN_POINT('',(-0.00198072055946171,0.000196666666666667,0.00255270294490861));
#1330=CARTESIAN_POINT('',(-0.0019098627678354,0.000196666666666667,0.00238857705094467));
#1331=CARTESIAN_POINT('',(-0.00184852715841953,0.000196666666666667,0.00228641959770132));
#1332=CARTESIAN_POINT('',(-0.00175046697599506,0.000196666666666666,0.00213839781380872));
#1333=CARTESIAN_POINT('',(-0.00167812756970102,0.000196666666666663,0.00204708145832552));
#1334=CARTESIAN_POINT('',(-0.00152584658124375,0.00019666666666667,0.00187135239612708));
#1335=CARTESIAN_POINT('',(-0.00141543328393876,0.000196666666666684,0.00175497291434489));
#1336=CARTESIAN_POINT('',(-0.00130021985437653,0.000196666666666654,0.00164299508274572));
#1337=CARTESIAN_POINT('',(-0.00126835339498639,0.000196666666666648,0.00161261991464621));
#1338=CARTESIAN_POINT('',(-0.00122510357425478,0.000199791666666647,0.00327929249674704));
#1339=CARTESIAN_POINT('',(-0.00126818390917487,0.000199791666666654,0.00327173828888566));
#1340=CARTESIAN_POINT('',(-0.00131106947051841,0.000199791666666664,0.00326330373812697));
#1341=CARTESIAN_POINT('',(-0.00141044824261289,0.00019979166666667,0.00324077565136531));
#1342=CARTESIAN_POINT('',(-0.00152291461540335,0.000199791666666665,0.00321068648562982));
#1343=CARTESIAN_POINT('',(-0.00168609118490713,0.000199791666666667,0.00314787322625629));
#1344=CARTESIAN_POINT('',(-0.00184083464402016,0.000199791666666667,0.00305589589658376));
#1345=CARTESIAN_POINT('',(-0.00196388355588473,0.000199791666666667,0.00291767215488546));
#1346=CARTESIAN_POINT('',(-0.0020052254688919,0.000199791666666667,0.00273446423811228));
#1347=CARTESIAN_POINT('',(-0.00197051341918101,0.000199791666666667,0.00255607736130168));
#1348=CARTESIAN_POINT('',(-0.00190036613226412,0.000199791666666667,0.0023935661308755));
#1349=CARTESIAN_POINT('',(-0.00183943088895796,0.000199791666666667,0.0022920579168745));
#1350=CARTESIAN_POINT('',(-0.00174190613128486,0.000199791666666666,0.0021448298383691));
#1351=CARTESIAN_POINT('',(-0.00166982675420285,0.000199791666666662,0.00205383087842224));
#1352=CARTESIAN_POINT('',(-0.00151797927664811,0.000199791666666671,0.00187860570649742));
#1353=CARTESIAN_POINT('',(-0.00140780770343991,0.000199791666666688,0.00176247525260437));
#1354=CARTESIAN_POINT('',(-0.00129279236179502,0.00019979166666665,0.00165068941783302));
#1355=CARTESIAN_POINT('',(-0.00126097659541923,0.000199791666666642,0.00162036258249954));
#1356=CARTESIAN_POINT('',(-0.00122418579644743,0.000199999999999987,0.00327409562678809));
#1357=CARTESIAN_POINT('',(-0.00126719357014871,0.000199999999999992,0.00326655435877978));
#1358=CARTESIAN_POINT('',(-0.0013099940959256,0.000199999999999999,0.00325813638501369));
#1359=CARTESIAN_POINT('',(-0.00140914986479267,0.000200000000000003,0.00323565755241418));
#1360=CARTESIAN_POINT('',(-0.00152131585380026,0.0002,0.00320564557657812));
#1361=CARTESIAN_POINT('',(-0.00168383864018977,0.0002,0.00314308009542705));
#1362=CARTESIAN_POINT('',(-0.00183756898679982,0.0002,0.00305164402873198));
#1363=CARTESIAN_POINT('',(-0.00195902979828919,0.0002,0.00291505980989581));
#1364=CARTESIAN_POINT('',(-0.00199978206808571,0.0002,0.00273461167443018));
#1365=CARTESIAN_POINT('',(-0.00196547612917236,0.0002,0.00255774265770346));
#1366=CARTESIAN_POINT('',(-0.00189567948094323,0.0002,0.00239602827421799));
#1367=CARTESIAN_POINT('',(-0.00183494182091199,0.0002,0.00229484046399893));
#1368=CARTESIAN_POINT('',(-0.00173768129883047,0.000199999999999999,0.00214800408425604));
#1369=CARTESIAN_POINT('',(-0.0016657302478531,0.000199999999999997,0.00205716176106737));
#1370=CARTESIAN_POINT('',(-0.00151409671074376,0.000200000000000003,0.0018821852622646));
#1371=CARTESIAN_POINT('',(-0.00140404442994698,0.000200000000000014,0.00176617770525194));
#1372=CARTESIAN_POINT('',(-0.00128912684597558,0.000199999999999989,0.00165448662216179));
#1373=CARTESIAN_POINT('',(-0.00125733609693154,0.000199999999999984,0.0016241836393622));
#1374=CARTESIAN_POINT('',(-0.00122331632273521,0.0002,0.00326917227630058));
#1375=CARTESIAN_POINT('',(-0.0012662553542292,0.0002,0.00326164326710049));
#1376=CARTESIAN_POINT('',(-0.00130897531999556,0.0002,0.00325324099785374));
#1377=CARTESIAN_POINT('',(-0.00140791982264719,0.0002,0.00323080882709206));
#1378=CARTESIAN_POINT('',(-0.00151980123754469,0.0002,0.00320086997852914));
#1379=CARTESIAN_POINT('',(-0.00168170465045754,0.0002,0.00313853923464146));
#1380=CARTESIAN_POINT('',(-0.00183447520627529,0.0002,0.00304761594339872));
#1381=CARTESIAN_POINT('',(-0.00195443150161974,0.0002,0.00291258495674772));
#1382=CARTESIAN_POINT('',(-0.00199462516205881,0.0002,0.00273475135094188));
#1383=CARTESIAN_POINT('',(-0.00196070395969047,0.0002,0.00255932030692619));
#1384=CARTESIAN_POINT('',(-0.00189123949548134,0.0002,0.00239836083106876));
#1385=CARTESIAN_POINT('',(-0.00183068901960528,0.0002,0.00229747656127471));
#1386=CARTESIAN_POINT('',(-0.00173367882597894,0.0002,0.00215101126456999));
#1387=CARTESIAN_POINT('',(-0.0016618493471007,0.0002,0.0020603173340996));
#1388=CARTESIAN_POINT('',(-0.00151041849041333,0.0002,0.00188557642035983));
#1389=CARTESIAN_POINT('',(-0.00140047922347999,0.0002,0.0017696852919707));
#1390=CARTESIAN_POINT('',(-0.00128565425204136,0.0002,0.00165808397363115));
#1391=CARTESIAN_POINT('',(-0.00125388720362741,0.0002,0.0016278035879689));
#1392=CARTESIAN_POINT('',(-0.00124965248516456,0.000159999999999989,0.00330520449853853));
#1393=CARTESIAN_POINT('',(-0.00226529520789858,0.000159999999999993,0.00311993809690585));
#1394=CARTESIAN_POINT('',(-0.00227964477152242,0.000159999999999996,0.00255472128805589));
#1395=CARTESIAN_POINT('',(-0.00129270117603607,0.00016,0.00160955407198865));
#1396=CARTESIAN_POINT('',(-0.00124965242839493,0.00016,0.00330520450889405));
#1397=CARTESIAN_POINT('',(-0.00129270117575935,0.000160000000073166,0.00160955407172365));
#1398=CARTESIAN_POINT('',(-0.0012372363714596,0.0002,0.00326670044528647));
#1399=CARTESIAN_POINT('',(-0.00124080113219914,0.000199999999999939,0.00328820270062232));
#1400=CARTESIAN_POINT('',(-0.00124694995578912,0.000181697446385574,0.00330558684762013));
#1401=CARTESIAN_POINT('',(-0.00124963349091569,0.000160000034872196,0.00330509882495913));
#1402=CARTESIAN_POINT('',(-0.00123723636822921,0.0002,0.00326670042580113));
#1403=CARTESIAN_POINT('',(-0.00128818701194142,0.0002,0.00166073264690988));
#1404=CARTESIAN_POINT('',(-0.00147687402584577,0.0002,0.00184319971650958));
#1405=CARTESIAN_POINT('',(-0.00170263202972885,0.0002,0.00209670955379606));
#1406=CARTESIAN_POINT('',(-0.00186400538352446,0.0002,0.00234621863388306));
#1407=CARTESIAN_POINT('',(-0.00192911168094763,0.0002,0.00248805862834709));
#1408=CARTESIAN_POINT('',(-0.00195878077363952,0.0002,0.00255975485646153));
#1409=CARTESIAN_POINT('',(-0.00199222875383574,0.0002,0.00273715348551454));
#1410=CARTESIAN_POINT('',(-0.00196491469826242,0.0002,0.00286519620957107));
#1411=CARTESIAN_POINT('',(-0.00190173146573517,0.0002,0.00298151831431156));
#1412=CARTESIAN_POINT('',(-0.00176764854426548,0.0002,0.00309063696294928));
#1413=CARTESIAN_POINT('',(-0.00167789562916127,0.0002,0.00313684788191513));
#1414=CARTESIAN_POINT('',(-0.00150785017837026,0.0002,0.00320791489209324));
#1415=CARTESIAN_POINT('',(-0.00135443602305139,0.0002,0.00324560025710107));
#1416=CARTESIAN_POINT('',(-0.00123723636826543,0.0002,0.003266700426009));
#1417=CARTESIAN_POINT('',(-0.0012881870119414,0.0002,0.0016607326469099));
#1418=CARTESIAN_POINT('',(-0.00129270134704734,0.000160001420065042,0.00160956632516065));
#1419=CARTESIAN_POINT('',(-0.0012897126325103,0.000185057169678695,0.0016067043556749));
#1420=CARTESIAN_POINT('',(-0.00128815944223257,0.000199999999614346,0.00163519236298748));
#1421=CARTESIAN_POINT('',(-0.00128818700732176,0.000199999999999979,0.00166072836321803));
#1422=CARTESIAN_POINT('',(-0.00120953261000931,-0.00016,0.00316339709907476));
#1423=CARTESIAN_POINT('',(-0.0012482955798955,-0.00016,0.00315865976144536));
#1424=CARTESIAN_POINT('',(-0.00128672812826281,-0.00016,0.00315307719950457));
#1425=CARTESIAN_POINT('',(-0.00137538509366674,-0.00016,0.00313706088960607));
#1426=CARTESIAN_POINT('',(-0.00147513121780672,-0.00016,0.00311425585350124));
#1427=CARTESIAN_POINT('',(-0.00161823112220505,-0.00016,0.00306119162596821));
#1428=CARTESIAN_POINT('',(-0.00174522872640418,-0.00016,0.00297936486320536));
#1429=CARTESIAN_POINT('',(-0.00183197705716145,-0.00016,0.00286308921212473));
#1430=CARTESIAN_POINT('',(-0.00186016086120195,-0.00016,0.00271980738310086));
#1431=CARTESIAN_POINT('',(-0.0018369690508456,-0.00016,0.00257094097166359));
#1432=CARTESIAN_POINT('',(-0.00178296109323082,-0.00016,0.00242841622931133));
#1433=CARTESIAN_POINT('',(-0.00173398189833401,-0.00016,0.00233687506508306));
#1434=CARTESIAN_POINT('',(-0.00165459449006252,-0.00016,0.00220293732592506));
#1435=CARTESIAN_POINT('',(-0.00159463619044288,-0.00016,0.00211871055822537));
#1436=CARTESIAN_POINT('',(-0.0014434798766265,-0.00016,0.00192494455476151));
#1437=CARTESIAN_POINT('',(-0.00134890335737515,-0.00016,0.00181746846351492));
#1438=CARTESIAN_POINT('',(-0.00125026645866644,-0.00016,0.00171295130798038));
#1439=CARTESIAN_POINT('',(-0.001209532610047,-0.000164999999999984,0.00316339709955288));
#1440=CARTESIAN_POINT('',(-0.00124829557991848,-0.00016499999999999,0.00315865976173687));
#1441=CARTESIAN_POINT('',(-0.00128672812826745,-0.000164999999999998,0.00315307719956338));
#1442=CARTESIAN_POINT('',(-0.00137538509366055,-0.000165000000000003,0.0031370608895275));
#1443=CARTESIAN_POINT('',(-0.00147513121780959,-0.000165,0.0031142558535377));
#1444=CARTESIAN_POINT('',(-0.00161823112220428,-0.000165,0.00306119162595844));
#1445=CARTESIAN_POINT('',(-0.00174522872640439,-0.000165,0.00297936486320797));
#1446=CARTESIAN_POINT('',(-0.00183197705716139,-0.000165,0.00286308921212403));
#1447=CARTESIAN_POINT('',(-0.00186016086120199,-0.000165,0.00271980738310102));
#1448=CARTESIAN_POINT('',(-0.00183696905084551,-0.000165,0.00257094097166363));
#1449=CARTESIAN_POINT('',(-0.00178296109323115,-0.000165,0.00242841622931102));
#1450=CARTESIAN_POINT('',(-0.00173398189833332,-0.000165,0.00233687506508375));
#1451=CARTESIAN_POINT('',(-0.00165459449006391,-0.000165,0.00220293732592367));
#1452=CARTESIAN_POINT('',(-0.00159463619045661,-0.000165000000000002,0.0021187105582117));
#1453=CARTESIAN_POINT('',(-0.00144347987660764,-0.000164999999999998,0.00192494455478028));
#1454=CARTESIAN_POINT('',(-0.00134890335755691,-0.000165000000000021,0.00181746846333397));
#1455=CARTESIAN_POINT('',(-0.00125026645884288,-0.00016500000000002,0.00171295130780473));
#1456=CARTESIAN_POINT('',(-0.00120955834291619,-0.000170277777777768,0.00316360383934968));
#1457=CARTESIAN_POINT('',(-0.0012483244648099,-0.000170277777777772,0.00315886610002553));
#1458=CARTESIAN_POINT('',(-0.00128676088167231,-0.000170277777777777,0.00315328297242589));
#1459=CARTESIAN_POINT('',(-0.00137542833663664,-0.00017027777777778,0.00313726480385721));
#1460=CARTESIAN_POINT('',(-0.00147518901175996,-0.000170277777777777,0.00311445660749798));
#1461=CARTESIAN_POINT('',(-0.00161832104739854,-0.000170277777777777,0.00306138103133331));
#1462=CARTESIAN_POINT('',(-0.00174536910030953,-0.000170277777777778,0.00297952509518104));
#1463=CARTESIAN_POINT('',(-0.00183217446281582,-0.000170277777777778,0.00286317648096294));
#1464=CARTESIAN_POINT('',(-0.00186037358790663,-0.000170277777777778,0.0027198047153141));
#1465=CARTESIAN_POINT('',(-0.00183717059086678,-0.000170277777777778,0.00257088357664426));
#1466=CARTESIAN_POINT('',(-0.00178315041686403,-0.000170277777777778,0.0024283279657486));
#1467=CARTESIAN_POINT('',(-0.00173416425298692,-0.000170277777777778,0.00233677406957269));
#1468=CARTESIAN_POINT('',(-0.00165476744064794,-0.000170277777777778,0.00220282065279443));
#1469=CARTESIAN_POINT('',(-0.00159480442136272,-0.00017027777777778,0.00211858751774353));
#1470=CARTESIAN_POINT('',(-0.00144363878978457,-0.000170277777777775,0.00192480953351303));
#1471=CARTESIAN_POINT('',(-0.00134905804787838,-0.000170277777777805,0.00181732874861586));
#1472=CARTESIAN_POINT('',(-0.0012504179205087,-0.000170277777777804,0.00171280821581654));
#1473=CARTESIAN_POINT('',(-0.00120994433590196,-0.00018097222222224,0.00316670493564428));
#1474=CARTESIAN_POINT('',(-0.00124875773814943,-0.000180972222222233,0.00316196117395454));
#1475=CARTESIAN_POINT('',(-0.00128725218273894,-0.000180972222222225,0.00315636956528272));
#1476=CARTESIAN_POINT('',(-0.00137607698128649,-0.000180972222222219,0.0031403235189109));
#1477=CARTESIAN_POINT('',(-0.00147605592101158,-0.000180972222222223,0.00311746791685215));
#1478=CARTESIAN_POINT('',(-0.00161966992531346,-0.000180972222222221,0.00306422211196983));
#1479=CARTESIAN_POINT('',(-0.00174747470888645,-0.000180972222222222,0.0029819285747735));
#1480=CARTESIAN_POINT('',(-0.00183513554763237,-0.000180972222222222,0.00286448551354759));
#1481=CARTESIAN_POINT('',(-0.00186356448847616,-0.000180972222222222,0.00271976469851002));
#1482=CARTESIAN_POINT('',(-0.00184019369118591,-0.000180972222222222,0.00257002265135362));
#1483=CARTESIAN_POINT('',(-0.0017859902713569,-0.000180972222222222,0.00242700401231264));
#1484=CARTESIAN_POINT('',(-0.00173689957279189,-0.000180972222222222,0.0023352591369058));
#1485=CARTESIAN_POINT('',(-0.00165736169940644,-0.000180972222222222,0.00220107055585777));
#1486=CARTESIAN_POINT('',(-0.00159732788493558,-0.000180972222222221,0.00211674191073979));
#1487=CARTESIAN_POINT('',(-0.00144602248746433,-0.000180972222222224,0.00192278421447842));
#1488=CARTESIAN_POINT('',(-0.00135137840245073,-0.000180972222222209,0.00181523302809281));
#1489=CARTESIAN_POINT('',(-0.00125268984525371,-0.000180972222222209,0.00171066183623489));
#1490=CARTESIAN_POINT('',(-0.00121028744077305,-0.000186111111111126,0.00316946146561883));
#1491=CARTESIAN_POINT('',(-0.00124914287000366,-0.00018611111111112,0.00316471235074065));
#1492=CARTESIAN_POINT('',(-0.00128768889479752,-0.000186111111111113,0.00315911320336967));
#1493=CARTESIAN_POINT('',(-0.00137665355430944,-0.000186111111111109,0.00314304237674708));
#1494=CARTESIAN_POINT('',(-0.00147682650701262,-0.000186111111111112,0.00312014463627312));
#1495=CARTESIAN_POINT('',(-0.0016208689279046,-0.00018611111111111,0.0030667475169814));
#1496=CARTESIAN_POINT('',(-0.00174934636095478,-0.000186111111111111,0.00298406500107756));
#1497=CARTESIAN_POINT('',(-0.00183776762302486,-0.000186111111111111,0.00286564909806738));
#1498=CARTESIAN_POINT('',(-0.00186640084453797,-0.000186111111111111,0.00271972912801747));
#1499=CARTESIAN_POINT('',(-0.00184288089146959,-0.000186111111111111,0.0025692573844286));
#1500=CARTESIAN_POINT('',(-0.00178851458646163,-0.000186111111111111,0.00242582716481406));
#1501=CARTESIAN_POINT('',(-0.00173933096817418,-0.000186111111111111,0.00233391253009069));
#1502=CARTESIAN_POINT('',(-0.00165966770719159,-0.000186111111111111,0.00219951491413649));
#1503=CARTESIAN_POINT('',(-0.00159957096366515,-0.000186111111111108,0.00211510137118276));
#1504=CARTESIAN_POINT('',(-0.0014481413298489,-0.000186111111111116,0.00192098393088956));
#1505=CARTESIAN_POINT('',(-0.00135344093982366,-0.000186111111111066,0.00181337016543025));
#1506=CARTESIAN_POINT('',(-0.00125470933389195,-0.000186111111111067,0.0017087539432973));
#1507=CARTESIAN_POINT('',(-0.00121124813441466,-0.000193888888888862,0.00317717974958096));
#1508=CARTESIAN_POINT('',(-0.00125022123919704,-0.000193888888888873,0.0031724156457621));
#1509=CARTESIAN_POINT('',(-0.00128891168856188,-0.000193888888888885,0.00316679539001723));
#1510=CARTESIAN_POINT('',(-0.00137826795877326,-0.000193888888888893,0.00315065517868293));
#1511=CARTESIAN_POINT('',(-0.00147898414781573,-0.000193888888888887,0.00312763945065437));
#1512=CARTESIAN_POINT('',(-0.00162422613515974,-0.000193888888888889,0.00307381865101311));
#1513=CARTESIAN_POINT('',(-0.00175458698674614,-0.000193888888888889,0.00299004699472909));
#1514=CARTESIAN_POINT('',(-0.00184513743412383,-0.000193888888888889,0.00286890713472272));
#1515=CARTESIAN_POINT('',(-0.00187434264151103,-0.000193888888888889,0.00271962953063836));
#1516=CARTESIAN_POINT('',(-0.00185040505226389,-0.000193888888888889,0.00256711463703856));
#1517=CARTESIAN_POINT('',(-0.0017955826687549,-0.000193888888888889,0.00242253199181801));
#1518=CARTESIAN_POINT('',(-0.00174613887524454,-0.000193888888888889,0.00233014203100845));
#1519=CARTESIAN_POINT('',(-0.0016661245289901,-0.000193888888888888,0.0021951591173168));
#1520=CARTESIAN_POINT('',(-0.0016058515841089,-0.000193888888888883,0.00211050786042212));
#1521=CARTESIAN_POINT('',(-0.00145407408852437,-0.000193888888888896,0.00191594313684206));
#1522=CARTESIAN_POINT('',(-0.0013592160444807,-0.000193888888888817,0.00180815414996222));
#1523=CARTESIAN_POINT('',(-0.00126036390209148,-0.000193888888888819,0.00170341184305958));
#1524=CARTESIAN_POINT('',(-0.00121188287842786,-0.00019666666666664,0.00318227933005587));
#1525=CARTESIAN_POINT('',(-0.00125093373312838,-0.00019666666666665,0.00317750532282981));
#1526=CARTESIAN_POINT('',(-0.00128971960587047,-0.000196666666666663,0.0031718711204808));
#1527=CARTESIAN_POINT('',(-0.00137933461886543,-0.000196666666666671,0.00315568506567627));
#1528=CARTESIAN_POINT('',(-0.00148040973191779,-0.000196666666666665,0.00313259138158483));
#1529=CARTESIAN_POINT('',(-0.00162644428995332,-0.000196666666666667,0.00307849065028406));
#1530=CARTESIAN_POINT('',(-0.00175804954307258,-0.000196666666666667,0.00299399938339172));
#1531=CARTESIAN_POINT('',(-0.00185000677359994,-0.000196666666666667,0.00287105976608429));
#1532=CARTESIAN_POINT('',(-0.00187958990022537,-0.000196666666666667,0.00271956372522716));
#1533=CARTESIAN_POINT('',(-0.00185537637278869,-0.000196666666666667,0.00256569889322728));
#1534=CARTESIAN_POINT('',(-0.00180025265169867,-0.000196666666666667,0.00242035482394562));
#1535=CARTESIAN_POINT('',(-0.00175063695670174,-0.000196666666666667,0.00232765080840054));
#1536=CARTESIAN_POINT('',(-0.00167039064339269,-0.000196666666666666,0.00219228118013236));
#1537=CARTESIAN_POINT('',(-0.00161000127975923,-0.000196666666666661,0.00210747286224097));
#1538=CARTESIAN_POINT('',(-0.00145799394693495,-0.000196666666666675,0.00191261261220354));
#1539=CARTESIAN_POINT('',(-0.0013630317386291,-0.00019666666666659,0.00180470785402794));
#1540=CARTESIAN_POINT('',(-0.00126409995608046,-0.000196666666666592,0.00169988224111675));
#1541=CARTESIAN_POINT('',(-0.00121320383218508,-0.000199791666666667,0.00319289197050381));
#1542=CARTESIAN_POINT('',(-0.00125241649076929,-0.000199791666666667,0.00318809735348431));
#1543=CARTESIAN_POINT('',(-0.00129140094729647,-0.000199791666666667,0.0031824341271212));
#1544=CARTESIAN_POINT('',(-0.00138155442500318,-0.000199791666666667,0.00316615266833805));
#1545=CARTESIAN_POINT('',(-0.00148337648802206,-0.000199791666666667,0.00314289675135905));
#1546=CARTESIAN_POINT('',(-0.00163106044992914,-0.000199791666666667,0.00308821345957767));
#1547=CARTESIAN_POINT('',(-0.0017652554035357,-0.000199791666666667,0.00300222462466258));
#1548=CARTESIAN_POINT('',(-0.00186014026386102,-0.000199791666666667,0.00287553956648538));
#1549=CARTESIAN_POINT('',(-0.00189050987106332,-0.000199791666666667,0.00271942677883089));
#1550=CARTESIAN_POINT('',(-0.00186572209388085,-0.000199791666666667,0.00256275261556598));
#1551=CARTESIAN_POINT('',(-0.00180997126485191,-0.000199791666666667,0.00241582396107605));
#1552=CARTESIAN_POINT('',(-0.00175999782892348,-0.000199791666666667,0.00232246637216246));
#1553=CARTESIAN_POINT('',(-0.00167926877336564,-0.000199791666666666,0.00218629195950529));
#1554=CARTESIAN_POINT('',(-0.00161863713286939,-0.000199791666666662,0.00210115678494508));
#1555=CARTESIAN_POINT('',(-0.00146615149011373,-0.000199791666666673,0.00190568152038825));
#1556=CARTESIAN_POINT('',(-0.0013709725075325,-0.000199791666666606,0.00179753583275933));
#1557=CARTESIAN_POINT('',(-0.00127187498735479,-0.000199791666666608,0.00169253685328981));
#1558=CARTESIAN_POINT('',(-0.0012138557314419,-0.0002,0.00319812937747825));
#1559=CARTESIAN_POINT('',(-0.00125314824129338,-0.0002,0.00319332458939181));
#1560=CARTESIAN_POINT('',(-0.001292230700208,-0.0002,0.00318764703948921));
#1561=CARTESIAN_POINT('',(-0.00138264991374649,-0.0002,0.00317131849822306));
#1562=CARTESIAN_POINT('',(-0.00148484060142418,-0.0002,0.00314798251826062));
#1563=CARTESIAN_POINT('',(-0.00163333855485228,-0.0002,0.00309301172909919));
#1564=CARTESIAN_POINT('',(-0.00176881154246555,-0.0002,0.00300628383464041));
#1565=CARTESIAN_POINT('',(-0.00186514120710676,-0.0002,0.00287775037707293));
#1566=CARTESIAN_POINT('',(-0.00189589894758076,-0.0002,0.00271935919489506));
#1567=CARTESIAN_POINT('',(-0.00187082777441984,-0.0002,0.00256129860840845));
#1568=CARTESIAN_POINT('',(-0.00181476746355091,-0.0002,0.00241358795082873));
#1569=CARTESIAN_POINT('',(-0.0017646174801498,-0.0002,0.00231990781921379));
#1570=CARTESIAN_POINT('',(-0.00168365018815749,-0.000199999999999999,0.00218333624023478));
#1571=CARTESIAN_POINT('',(-0.00162289898245622,-0.000199999999999997,0.00209803975978607));
#1572=CARTESIAN_POINT('',(-0.00147017729064351,-0.000200000000000004,0.0019022609815703));
#1573=CARTESIAN_POINT('',(-0.00137489132854978,-0.000199999999999966,0.00179399639369174));
#1574=CARTESIAN_POINT('',(-0.00127571201577589,-0.000199999999999967,0.00168891185669992));
#1575=CARTESIAN_POINT('',(-0.00121447332021151,-0.0002,0.0032030911314541));
#1576=CARTESIAN_POINT('',(-0.001253841478632,-0.0002,0.00319827670762001));
#1577=CARTESIAN_POINT('',(-0.00129301678191365,-0.0002,0.00319258558804839));
#1578=CARTESIAN_POINT('',(-0.00138368774518751,-0.0002,0.00317621244232465));
#1579=CARTESIAN_POINT('',(-0.00148622765622618,-0.0002,0.00315280061322001));
#1580=CARTESIAN_POINT('',(-0.0016354967595163,-0.0002,0.00309755745811957));
#1581=CARTESIAN_POINT('',(-0.00177218051618857,-0.0002,0.00301012940198783));
#1582=CARTESIAN_POINT('',(-0.00186987894281323,-0.0002,0.00287984482920851));
#1583=CARTESIAN_POINT('',(-0.001901004388492,-0.0002,0.00271929516800849));
#1584=CARTESIAN_POINT('',(-0.00187566473493046,-0.0002,0.00255992112794342));
#1585=CARTESIAN_POINT('',(-0.00181931123073944,-0.0002,0.00241146962533127));
#1586=CARTESIAN_POINT('',(-0.00176899399183789,-0.0002,0.00231748392694663));
#1587=CARTESIAN_POINT('',(-0.00168780100217082,-0.0002,0.00218053608513641));
#1588=CARTESIAN_POINT('',(-0.00162693652417006,-0.0002,0.0020950867885828));
#1589=CARTESIAN_POINT('',(-0.00147399120693489,-0.0002,0.0018990204711112));
#1590=CARTESIAN_POINT('',(-0.0013786038958293,-0.0002,0.00179064324089087));
#1591=CARTESIAN_POINT('',(-0.00127934709533274,-0.0002,0.00168547764940425));
#1592=CARTESIAN_POINT('',(-0.00122915409026793,-0.00016,0.00316102594200629));
#1593=CARTESIAN_POINT('',(-0.00203782494210577,-0.00016,0.00305557129829761));
#1594=CARTESIAN_POINT('',(-0.00205859925223013,-0.00016,0.00258762306999865));
#1595=CARTESIAN_POINT('',(-0.00129147702064101,-0.00016,0.00175718125710941));
#1596=CARTESIAN_POINT('',(-0.00122915408215362,-0.00016,0.00316102594306444));
#1597=CARTESIAN_POINT('',(-0.00129147701945596,-0.000159999999999998,0.00175718125582656));
#1598=CARTESIAN_POINT('',(-0.00122708689179221,-0.000199999999989525,0.00320149813501721));
#1599=CARTESIAN_POINT('',(-0.00122819914999991,-0.000199999972105965,0.00317972194617497));
#1600=CARTESIAN_POINT('',(-0.00122915895028761,-0.000181970342451853,0.00316093063299672));
#1601=CARTESIAN_POINT('',(-0.00122915895036249,-0.00016,0.00316093063153078));
#1602=CARTESIAN_POINT('',(-0.00122722352278509,-0.0002,0.00320150511369215));
#1603=CARTESIAN_POINT('',(-0.00128795212410053,-0.0002,0.00169473305590104));
#1604=CARTESIAN_POINT('',(-0.00145171038939208,-0.0002,0.00186911607060677));
#1605=CARTESIAN_POINT('',(-0.001647618607366,-0.0002,0.00211015807404067));
#1606=CARTESIAN_POINT('',(-0.0017877464678145,-0.0002,0.0023456543412878));
#1607=CARTESIAN_POINT('',(-0.00184415979430494,-0.0002,0.00247834665968739));
#1608=CARTESIAN_POINT('',(-0.0018702221252127,-0.0002,0.00254616670871409));
#1609=CARTESIAN_POINT('',(-0.00189811460656315,-0.0002,0.00270814569083075));
#1610=CARTESIAN_POINT('',(-0.00188149535811201,-0.0002,0.00286322221942816));
#1611=CARTESIAN_POINT('',(-0.00172468052888144,-0.0002,0.0030648901761468));
#1612=CARTESIAN_POINT('',(-0.00153536726246658,-0.0002,0.00313984765079544));
#1613=CARTESIAN_POINT('',(-0.00133789798327464,-0.0002,0.0031874074292905));
#1614=CARTESIAN_POINT('',(-0.00122722352278509,-0.0002,0.00320150511369215));
#1615=CARTESIAN_POINT('',(-0.00128795212410316,-0.0002,0.00169473305590341));
#1616=CARTESIAN_POINT('',(-0.00129147624967695,-0.000160001664742802,0.0017571957038567));
#1617=CARTESIAN_POINT('',(-0.00128842685133536,-0.000187231710050663,0.00175389570584919));
#1618=CARTESIAN_POINT('',(-0.00128754673800853,-0.000199999999999951,0.00172236946615739));
#1619=CARTESIAN_POINT('',(-0.00128795212410322,-0.0002,0.00169473305590328));
#1620=CARTESIAN_POINT('',(0.00122519260296403,0.0002,0.00328092298000606));
#1621=CARTESIAN_POINT('',(0.00126384482851743,0.0002,0.00327412509761054));
#1622=CARTESIAN_POINT('',(0.00130231594144864,0.0002,0.00326660241034527));
#1623=CARTESIAN_POINT('',(0.0013954318211279,0.0002,0.00324585450780421));
#1624=CARTESIAN_POINT('',(0.00150408504891369,0.0002,0.00321735624968248));
#1625=CARTESIAN_POINT('',(0.0016612951111745,0.0002,0.00315864367955951));
#1626=CARTESIAN_POINT('',(0.00181109677902476,0.0002,0.00307377326299943));
#1627=CARTESIAN_POINT('',(0.00193397784050444,0.0002,0.00295025630623396));
#1628=CARTESIAN_POINT('',(0.00199073312650533,0.0002,0.00278388347362279));
#1629=CARTESIAN_POINT('',(0.00197358185868212,0.0002,0.0026111083219191));
#1630=CARTESIAN_POINT('',(0.00191623827089383,0.0002,0.00245016933976202));
#1631=CARTESIAN_POINT('',(0.00186283846906875,0.0002,0.00234972574652783));
#1632=CARTESIAN_POINT('',(0.0017757356593012,0.0002,0.00220364889968699));
#1633=CARTESIAN_POINT('',(0.00170922752420482,0.0002,0.00211251863453135));
#1634=CARTESIAN_POINT('',(0.00156829903993111,0.0002,0.0019376628133477));
#1635=CARTESIAN_POINT('',(0.00144222970098812,0.0002,0.00179612566511473));
#1636=CARTESIAN_POINT('',(0.00130848428350169,0.0002,0.00166099877912533));
#1637=CARTESIAN_POINT('',(0.00125286746851117,0.0002,0.00160669521410675));
#1638=CARTESIAN_POINT('',(0.00122606582390535,0.000199999999999989,0.00328584599440263));
#1639=CARTESIAN_POINT('',(0.00126478084523187,0.000199999999999994,0.00327903688744481));
#1640=CARTESIAN_POINT('',(0.00130332476970046,0.000199999999999999,0.00327150000158961));
#1641=CARTESIAN_POINT('',(0.00139663895231304,0.000200000000000003,0.00325070849665623));
#1642=CARTESIAN_POINT('',(0.00150556761001381,0.0002,0.00322214028286821));
#1643=CARTESIAN_POINT('',(0.00166336296346292,0.0002,0.00316321543676826));
#1644=CARTESIAN_POINT('',(0.00181404987552609,0.0002,0.00307787811778902));
#1645=CARTESIAN_POINT('',(0.00193830869449433,0.0002,0.00295310535045808));
#1646=CARTESIAN_POINT('',(0.00199588152254845,0.0002,0.00278430644983563));
#1647=CARTESIAN_POINT('',(0.00197847299514179,0.0002,0.00260988874454199));
#1648=CARTESIAN_POINT('',(0.00192080629334528,0.0002,0.00244809588084799));
#1649=CARTESIAN_POINT('',(0.00186721892482731,0.0002,0.00234730763894483));
#1650=CARTESIAN_POINT('',(0.00177986240752328,0.000199999999999999,0.00220080994537954));
#1651=CARTESIAN_POINT('',(0.00171322674700162,0.000199999999999997,0.0021095130425659));
#1652=CARTESIAN_POINT('',(0.00157208639364953,0.000200000000000003,0.00193439391520057));
#1653=CARTESIAN_POINT('',(0.0014458729115013,0.000200000000000017,0.00179269821650874));
#1654=CARTESIAN_POINT('',(0.00131201741917225,0.000199999999999976,0.00165746043308796));
#1655=CARTESIAN_POINT('',(0.00125636022720779,0.00019999999999998,0.00160311742673471));
#1656=CARTESIAN_POINT('',(0.00122698755712113,0.000199791666666668,0.00329104250959907));
#1657=CARTESIAN_POINT('',(0.00126576886287486,0.000199791666666668,0.00328422155449214));
#1658=CARTESIAN_POINT('',(0.00130438964396627,0.000199791666666667,0.00327666968123643));
#1659=CARTESIAN_POINT('',(0.00139791314634181,0.000199791666666667,0.00325583215155558));
#1660=CARTESIAN_POINT('',(0.00150713253561949,0.000199791666666667,0.00322719009567538));
#1661=CARTESIAN_POINT('',(0.00166554569643402,0.000199791666666667,0.0031680411804886));
#1662=CARTESIAN_POINT('',(0.00181716703294416,0.000199791666666667,0.00308221102006692));
#1663=CARTESIAN_POINT('',(0.00194288015148365,0.000199791666666667,0.00295611267491686));
#1664=CARTESIAN_POINT('',(0.00200131594059396,0.000199791666666667,0.00278475292472697));
#1665=CARTESIAN_POINT('',(0.00198363586140476,0.000199791666666667,0.00260860141286614));
#1666=CARTESIAN_POINT('',(0.0019256280948218,0.000199791666666667,0.00244590722977207));
#1667=CARTESIAN_POINT('',(0.00187184273923913,0.000199791666666667,0.00234475519205167));
#1668=CARTESIAN_POINT('',(0.00178421841953548,0.000199791666666666,0.00219781327138834));
#1669=CARTESIAN_POINT('',(0.00171744814884267,0.000199791666666663,0.00210634047326904));
#1670=CARTESIAN_POINT('',(0.00157608415590785,0.00019979166666667,0.00193094341160082));
#1671=CARTESIAN_POINT('',(0.00144971852259857,0.000199791666666689,0.00178908035409128));
#1672=CARTESIAN_POINT('',(0.00131574684015782,0.000199791666666635,0.00165372551227078));
#1673=CARTESIAN_POINT('',(0.0012600470280542,0.00019979166666664,0.00159934087339759));
#1674=CARTESIAN_POINT('',(0.00122885527968994,0.000196666666666674,0.00330157229039201));
#1675=CARTESIAN_POINT('',(0.00126777089862513,0.000196666666666671,0.00329472732719339));
#1676=CARTESIAN_POINT('',(0.00130654741550487,0.000196666666666668,0.00328714508473132));
#1677=CARTESIAN_POINT('',(0.00140049506582116,0.000196666666666666,0.0032662142943779));
#1678=CARTESIAN_POINT('',(0.00151030356908364,0.000196666666666667,0.00323742261110044));
#1679=CARTESIAN_POINT('',(0.00166996860271758,0.000196666666666667,0.00317781966118508));
#1680=CARTESIAN_POINT('',(0.00182348337823866,0.000196666666666667,0.00309099084836688));
#1681=CARTESIAN_POINT('',(0.00195214336696202,0.000196666666666667,0.00296220646395177));
#1682=CARTESIAN_POINT('',(0.00201232778768618,0.000196666666666667,0.00278565762384888));
#1683=CARTESIAN_POINT('',(0.00199409745883238,0.000196666666666667,0.0026059928723651));
#1684=CARTESIAN_POINT('',(0.00193539858728739,0.000196666666666667,0.00244147233153928));
#1685=CARTESIAN_POINT('',(0.0018812120473894,0.000196666666666667,0.00233958312861026));
#1686=CARTESIAN_POINT('',(0.00179304507545494,0.000196666666666666,0.00219174106356407));
#1687=CARTESIAN_POINT('',(0.00172600204204691,0.000196666666666662,0.00209991184600963));
#1688=CARTESIAN_POINT('',(0.00158418488469448,0.000196666666666671,0.00192395160167499));
#1689=CARTESIAN_POINT('',(0.0014575109450852,0.000196666666666694,0.00178174942235054));
#1690=CARTESIAN_POINT('',(0.00132330382478636,0.000196666666666627,0.00164615738324664));
#1691=CARTESIAN_POINT('',(0.00126751765082183,0.000196666666666634,0.00159168838374092));
#1692=CARTESIAN_POINT('',(0.00122975275676847,0.000193888888888885,0.00330663205518863));
#1693=CARTESIAN_POINT('',(0.00126873291580383,0.000193888888888887,0.00329977555563426));
#1694=CARTESIAN_POINT('',(0.00130758426676368,0.000193888888888889,0.00329217872017692));
#1695=CARTESIAN_POINT('',(0.00140173572842812,0.00019388888888889,0.00327120311625356));
#1696=CARTESIAN_POINT('',(0.00151182731243654,0.000193888888888889,0.0032423395340969));
#1697=CARTESIAN_POINT('',(0.00167209389534735,0.000193888888888889,0.00318251841164963));
#1698=CARTESIAN_POINT('',(0.00182651850519836,0.000193888888888889,0.00309520972690062));
#1699=CARTESIAN_POINT('',(0.00195659452245163,0.000193888888888889,0.00296513464829322));
#1700=CARTESIAN_POINT('',(0.0020176191947305,0.000193888888888889,0.00278609234940097));
#1701=CARTESIAN_POINT('',(0.0019991244601937,0.000193888888888889,0.00260473941783862));
#1702=CARTESIAN_POINT('',(0.00194009349925138,0.000193888888888889,0.00243934127654431));
#1703=CARTESIAN_POINT('',(0.0018857141824746,0.000193888888888889,0.00233709785137218));
#1704=CARTESIAN_POINT('',(0.00179728645557209,0.000193888888888888,0.00218882324941474));
#1705=CARTESIAN_POINT('',(0.00173011235436582,0.000193888888888885,0.00209682276537849));
#1706=CARTESIAN_POINT('',(0.00158807744268286,0.000193888888888892,0.00192059190080154));
#1707=CARTESIAN_POINT('',(0.00146125535589049,0.000193888888888908,0.00177822676683873));
#1708=CARTESIAN_POINT('',(0.00132693510311433,0.000193888888888861,0.0016425207498195));
#1709=CARTESIAN_POINT('',(0.00127110743059327,0.000193888888888865,0.00158801121338645));
#1710=CARTESIAN_POINT('',(0.00123111110045494,0.000186111111111096,0.00331429007758337));
#1711=CARTESIAN_POINT('',(0.00127018894180406,0.000186111111111102,0.00330741611759873));
#1712=CARTESIAN_POINT('',(0.0013091535551554,0.000186111111111109,0.00329979719544591));
#1713=CARTESIAN_POINT('',(0.00140361348804945,0.000186111111111114,0.00327875376557891));
#1714=CARTESIAN_POINT('',(0.00151413351859229,0.00018611111111111,0.00324978136349693));
#1715=CARTESIAN_POINT('',(0.00167531055446266,0.000186111111111112,0.00318963003397434));
#1716=CARTESIAN_POINT('',(0.00183111221086709,0.000186111111111111,0.00310159505657332));
#1717=CARTESIAN_POINT('',(0.0019633314064359,0.000186111111111111,0.00296956649486406));
#1718=CARTESIAN_POINT('',(0.00202562781079757,0.000186111111111111,0.00278675031239872));
#1719=CARTESIAN_POINT('',(0.00200673289468651,0.000186111111111111,0.00260284229747422));
#1720=CARTESIAN_POINT('',(0.00194719931195363,0.000186111111111111,0.00243611589601137));
#1721=CARTESIAN_POINT('',(0.0018925282247657,0.000186111111111111,0.00233333635068751));
#1722=CARTESIAN_POINT('',(0.00180370584169533,0.000186111111111111,0.00218440709826982));
#1723=CARTESIAN_POINT('',(0.00173633336760526,0.000186111111111112,0.00209214740009892));
#1724=CARTESIAN_POINT('',(0.0015939688818004,0.00018611111111111,0.00191550694812821));
#1725=CARTESIAN_POINT('',(0.00146692257224443,0.000186111111111102,0.00177289518011816));
#1726=CARTESIAN_POINT('',(0.00133243109193506,0.000186111111111124,0.0016370166559838));
#1727=CARTESIAN_POINT('',(0.00127654061078789,0.000186111111111122,0.00158244576636345));
#1728=CARTESIAN_POINT('',(0.00123159622320102,0.00018097222222223,0.00331702508558857));
#1729=CARTESIAN_POINT('',(0.00127070895109039,0.000180972222222227,0.00331014488973309));
#1730=CARTESIAN_POINT('',(0.00130971401529541,0.000180972222222223,0.00330251807947144));
#1731=CARTESIAN_POINT('',(0.00140428411648548,0.000180972222222221,0.00328145042605098));
#1732=CARTESIAN_POINT('',(0.00151495716364799,0.000180972222222223,0.00325243915971182));
#1733=CARTESIAN_POINT('',(0.00167645936128954,0.000180972222222223,0.00319216989909016));
#1734=CARTESIAN_POINT('',(0.0018327528200345,0.000180972222222222,0.00310387553145646));
#1735=CARTESIAN_POINT('',(0.00196573743643028,0.000180972222222222,0.00297114929721078));
#1736=CARTESIAN_POINT('',(0.00202848803082152,0.000180972222222222,0.00278698529918364));
#1737=CARTESIAN_POINT('',(0.00200945019271966,0.000180972222222222,0.00260216475448694));
#1738=CARTESIAN_POINT('',(0.00194973710220444,0.000180972222222222,0.00243496397439245));
#1739=CARTESIAN_POINT('',(0.00189496181129822,0.000180972222222222,0.00233199295758587));
#1740=CARTESIAN_POINT('',(0.00180599847959653,0.000180972222222223,0.00218282990143231));
#1741=CARTESIAN_POINT('',(0.00173855515804831,0.000180972222222226,0.00209047762678438));
#1742=CARTESIAN_POINT('',(0.00159607296719914,0.000180972222222219,0.00191369089360242));
#1743=CARTESIAN_POINT('',(0.00146894657808278,0.000180972222222201,0.00177099104200614));
#1744=CARTESIAN_POINT('',(0.00133439394508873,0.000180972222222253,0.00163505090818174));
#1745=CARTESIAN_POINT('',(0.00127848103228884,0.000180972222222248,0.00158045810670935));
#1746=CARTESIAN_POINT('',(0.00123214198628474,0.000170277777777814,0.00332010196955069));
#1747=CARTESIAN_POINT('',(0.0012712939615342,0.000170277777777799,0.00331321475835835));
#1748=CARTESIAN_POINT('',(0.00131034453295223,0.000170277777777782,0.00330557907399469));
#1749=CARTESIAN_POINT('',(0.00140503857347702,0.000170277777777771,0.00328448416908991));
#1750=CARTESIAN_POINT('',(0.00151588376433519,0.00017027777777778,0.00325542918044992));
#1751=CARTESIAN_POINT('',(0.0016777517689699,0.000170277777777778,0.00319502724734642));
#1752=CARTESIAN_POINT('',(0.0018345985053478,0.000170277777777778,0.00310644106569974));
#1753=CARTESIAN_POINT('',(0.00196844422017397,0.000170277777777778,0.0029729299498509));
#1754=CARTESIAN_POINT('',(0.00203170577834847,0.000170277777777778,0.00278724965931665));
#1755=CARTESIAN_POINT('',(0.00201250715300696,0.000170277777777778,0.00260140251862623));
#1756=CARTESIAN_POINT('',(0.00195259211623654,0.000170277777777778,0.00243366806257123));
#1757=CARTESIAN_POINT('',(0.00189769959614742,0.000170277777777778,0.00233048164034639));
#1758=CARTESIAN_POINT('',(0.00180857769723514,0.000170277777777778,0.00218105555499036));
#1759=CARTESIAN_POINT('',(0.00174105467229436,0.00017027777777778,0.00208859913180802));
#1760=CARTESIAN_POINT('',(0.00159844006327508,0.000170277777777775,0.00191164783225843));
#1761=CARTESIAN_POINT('',(0.00147122358466523,0.000170277777777764,0.00176884888661503));
#1762=CARTESIAN_POINT('',(0.00133660215486575,0.000170277777777798,0.00163283944192643));
#1763=CARTESIAN_POINT('',(0.00128066400645987,0.000170277777777795,0.00157822198961699));
#1764=CARTESIAN_POINT('',(0.00123217837048697,0.000165000000000018,0.003320307095122));
#1765=CARTESIAN_POINT('',(0.00127133296222846,0.00016500000000001,0.0033134194162512));
#1766=CARTESIAN_POINT('',(0.00131038656746226,0.000165000000000002,0.00330578314029298));
#1767=CARTESIAN_POINT('',(0.00140508887061039,0.000164999999999996,0.00328468641863054));
#1768=CARTESIAN_POINT('',(0.00151594553771405,0.000165,0.00325562851516362));
#1769=CARTESIAN_POINT('',(0.001677837929482,0.000165,0.00319521773723076));
#1770=CARTESIAN_POINT('',(0.00183472155103533,0.000165,0.00310661210131581));
#1771=CARTESIAN_POINT('',(0.00196862467242355,0.000165,0.00297304866002695));
#1772=CARTESIAN_POINT('',(0.00203192029485026,0.000165,0.00278726728332551));
#1773=CARTESIAN_POINT('',(0.00201271095035946,0.000165,0.00260135170290218));
#1774=CARTESIAN_POINT('',(0.00195278245050532,0.000165,0.00243358166844985));
#1775=CARTESIAN_POINT('',(0.00189788211513744,0.000165,0.00233038088586368));
#1776=CARTESIAN_POINT('',(0.00180874964507757,0.000165,0.00218093726522771));
#1777=CARTESIAN_POINT('',(0.00174122130657602,0.000164999999999999,0.00208847389881108));
#1778=CARTESIAN_POINT('',(0.00159859786968156,0.000165000000000001,0.00191151162816733));
#1779=CARTESIAN_POINT('',(0.00147137538511263,0.000165000000000003,0.00176870607624659));
#1780=CARTESIAN_POINT('',(0.00133674936883839,0.000164999999999995,0.00163269201085591));
#1781=CARTESIAN_POINT('',(0.00128080953806077,0.000164999999999996,0.00157807291515523));
#1782=CARTESIAN_POINT('',(0.00123217837045039,0.000159999999999986,0.00332030709483657));
#1783=CARTESIAN_POINT('',(0.0012713329622068,0.000159999999999992,0.00331341941608215));
#1784=CARTESIAN_POINT('',(0.0013103865674577,0.000159999999999999,0.00330578314025734));
#1785=CARTESIAN_POINT('',(0.00140508887061697,0.000160000000000003,0.00328468641868181));
#1786=CARTESIAN_POINT('',(0.001515945537711,0.00016,0.00325562851513982));
#1787=CARTESIAN_POINT('',(0.00167783792948282,0.00016,0.00319521773723713));
#1788=CARTESIAN_POINT('',(0.00183472155103511,0.00016,0.0031066121013141));
#1789=CARTESIAN_POINT('',(0.00196862467242361,0.00016,0.0029730486600274));
#1790=CARTESIAN_POINT('',(0.00203192029485022,0.00016,0.00278726728332542));
#1791=CARTESIAN_POINT('',(0.00201271095035956,0.00016,0.0026013517029021));
#1792=CARTESIAN_POINT('',(0.00195278245050495,0.00016,0.00243358166845022));
#1793=CARTESIAN_POINT('',(0.00189788211513822,0.00016,0.00233038088586286));
#1794=CARTESIAN_POINT('',(0.00180874964507601,0.000159999999999999,0.00218093726522936));
#1795=CARTESIAN_POINT('',(0.00174122130656058,0.000159999999999996,0.00208847389882737));
#1796=CARTESIAN_POINT('',(0.001598597869697,0.000160000000000003,0.00191151162815105));
#1797=CARTESIAN_POINT('',(0.00147137538520606,0.00016000000000002,0.00176870607614809));
#1798=CARTESIAN_POINT('',(0.00133674936870211,0.000159999999999971,0.00163269201099958));
#1799=CARTESIAN_POINT('',(0.00128080953794626,0.000159999999999976,0.00157807291527595));
#1800=CARTESIAN_POINT('',(0.00123920696333634,0.0002,0.00327843328522067));
#1801=CARTESIAN_POINT('',(0.00135778051013723,0.0002,0.00325700093030144));
#1802=CARTESIAN_POINT('',(0.00151283149317878,0.0002,0.0032182911288977));
#1803=CARTESIAN_POINT('',(0.00168339481291929,0.0002,0.00314510507207859));
#1804=CARTESIAN_POINT('',(0.00177433694055782,0.0002,0.00309632993578582));
#1805=CARTESIAN_POINT('',(0.00190387826787865,0.0002,0.00298606507904133));
#1806=CARTESIAN_POINT('',(0.00196498885392964,0.0002,0.0028674338604818));
#1807=CARTESIAN_POINT('',(0.00199054406337646,0.0002,0.00273696378307858));
#1808=CARTESIAN_POINT('',(0.00195607237850858,0.0002,0.00255542147630957));
#1809=CARTESIAN_POINT('',(0.00192658474877629,0.0002,0.00248321378144895));
#1810=CARTESIAN_POINT('',(0.00186146801556971,0.0002,0.0023391129116913));
#1811=CARTESIAN_POINT('',(0.00170060807961763,0.0002,0.00208562740341577));
#1812=CARTESIAN_POINT('',(0.00147582938384984,0.0002,0.00182738944910167));
#1813=CARTESIAN_POINT('',(0.00128807625971778,0.0002,0.00164132659501874));
#1814=CARTESIAN_POINT('',(0.00123920696333666,0.0002,0.00327843328522063));
#1815=CARTESIAN_POINT('',(0.00128807364581491,0.0002,0.0016413240046494));
#1816=CARTESIAN_POINT('',(0.00125175494441758,0.000159999994027537,0.00331680418651837));
#1817=CARTESIAN_POINT('',(0.00124909310775845,0.000181574156652635,0.00331729043296391));
#1818=CARTESIAN_POINT('',(0.00124288014568545,0.000199999999999961,0.00330002488536191));
#1819=CARTESIAN_POINT('',(0.00123920696461697,0.0002,0.00327843329274579));
#1820=CARTESIAN_POINT('',(0.00125176818234732,0.000159999999912508,0.00331687638938535));
#1821=CARTESIAN_POINT('',(0.00129202251251663,0.000159999999999975,0.00158905116922064));
#1822=CARTESIAN_POINT('',(0.00227731024272778,0.00015999999999998,0.00255554725756119));
#1823=CARTESIAN_POINT('',(0.00226389214416627,0.000159999999999985,0.00313148899551061));
#1824=CARTESIAN_POINT('',(0.00125176821683208,0.000159999999999991,0.00331687638306889));
#1825=CARTESIAN_POINT('',(0.00129202251255363,0.00016,0.00158905116925692));
#1826=CARTESIAN_POINT('',(0.00128807364581493,0.000200000000000004,0.00164132400464936));
#1827=CARTESIAN_POINT('',(0.00128779934360011,0.000199999999999932,0.00161564100272799));
#1828=CARTESIAN_POINT('',(0.00128891811266263,0.000185709525267191,0.00158600122316734));
#1829=CARTESIAN_POINT('',(0.0012920223895926,0.000159999396783281,0.00158904620138272));
#1830=CARTESIAN_POINT('',(0.0012797000703518,0.0002,0.00167205620002882));
#1831=CARTESIAN_POINT('',(0.00137639113652899,0.0002,0.0017781860536097));
#1832=CARTESIAN_POINT('',(0.00146935653281515,0.0002,0.00188755549122752));
#1833=CARTESIAN_POINT('',(0.00161763515117866,0.0002,0.00208441592316542));
#1834=CARTESIAN_POINT('',(0.00167627138674025,0.0002,0.00216980993774291));
#1835=CARTESIAN_POINT('',(0.00178027987605696,0.0002,0.00235106880077552));
#1836=CARTESIAN_POINT('',(0.00182602762698456,0.0002,0.00244715305032437));
#1837=CARTESIAN_POINT('',(0.00186656925173795,0.0002,0.00260081940331168));
#1838=CARTESIAN_POINT('',(0.00188329825809626,0.0002,0.00270589512879021));
#1839=CARTESIAN_POINT('',(0.00185688299150581,0.0002,0.0028655000304645));
#1840=CARTESIAN_POINT('',(0.00176463992864289,0.0002,0.00299954865405039));
#1841=CARTESIAN_POINT('',(0.0016327149528828,0.0002,0.00308998263115336));
#1842=CARTESIAN_POINT('',(0.00148470390038382,0.0002,0.00314826758606737));
#1843=CARTESIAN_POINT('',(0.00138265950088054,0.0002,0.00317275699272585));
#1844=CARTESIAN_POINT('',(0.00129242068109763,0.0002,0.0031898220881692));
#1845=CARTESIAN_POINT('',(0.0012534412262242,0.0002,0.00319573454366377));
#1846=CARTESIAN_POINT('',(0.00121428220589894,0.0002,0.00320071703127378));
#1847=CARTESIAN_POINT('',(0.00127600616220485,0.000199999999999895,0.00167542633135517));
#1848=CARTESIAN_POINT('',(0.00137262217631209,0.000199999999999892,0.00178147410515083));
#1849=CARTESIAN_POINT('',(0.00146548853747972,0.000200000000000012,0.00189072874666681));
#1850=CARTESIAN_POINT('',(0.00161354739619487,0.000199999999999991,0.00208730090065051));
#1851=CARTESIAN_POINT('',(0.0016720717182769,0.000199999999999998,0.00217254051564001));
#1852=CARTESIAN_POINT('',(0.00177580534119024,0.000200000000000002,0.00235331398378391));
#1853=CARTESIAN_POINT('',(0.00182137665687246,0.000200000000000001,0.00244907083289897));
#1854=CARTESIAN_POINT('',(0.0018616399493843,0.0002,0.00260176263179984));
#1855=CARTESIAN_POINT('',(0.00187821254692771,0.0002,0.00270601851624155));
#1856=CARTESIAN_POINT('',(0.00185207698664657,0.0002,0.00286359719593985));
#1857=CARTESIAN_POINT('',(0.00176112115216266,0.0002,0.00299583061552315));
#1858=CARTESIAN_POINT('',(0.00163043705398381,0.0002,0.00308549036069232));
#1859=CARTESIAN_POINT('',(0.00148324566492932,0.0002,0.00314346865090294));
#1860=CARTESIAN_POINT('',(0.00138157072676008,0.0002,0.00316787369446133));
#1861=CARTESIAN_POINT('',(0.00129159890921677,0.0002,0.00318488931217059));
#1862=CARTESIAN_POINT('',(0.00125271846838232,0.0002,0.00319078669086081));
#1863=CARTESIAN_POINT('',(0.00121364029328357,0.0002,0.00319575846850465));
#1864=CARTESIAN_POINT('',(0.00127210703693856,0.000199791666666555,0.00167898369219967));
#1865=CARTESIAN_POINT('',(0.00136864382941641,0.000199791666666552,0.00178494482622204));
#1866=CARTESIAN_POINT('',(0.00146140565351455,0.000199791666666679,0.00189407829407494));
#1867=CARTESIAN_POINT('',(0.00160923254371197,0.000199791666666657,0.00209034615466254));
#1868=CARTESIAN_POINT('',(0.00166763873489892,0.000199791666666664,0.00217542279230917));
#1869=CARTESIAN_POINT('',(0.00177108222105315,0.000199791666666669,0.00235568389918166));
#1870=CARTESIAN_POINT('',(0.00181646729953192,0.000199791666666667,0.00245109515894992));
#1871=CARTESIAN_POINT('',(0.0018564367968999,0.000199791666666667,0.00260275826187067));
#1872=CARTESIAN_POINT('',(0.00187284429624978,0.000199791666666667,0.00270614875855131));
#1873=CARTESIAN_POINT('',(0.00184700398151737,0.000199791666666667,0.00286158864838605));
#1874=CARTESIAN_POINT('',(0.0017574068881002,0.000199791666666667,0.00299190601929996));
#1875=CARTESIAN_POINT('',(0.00162803260514599,0.000199791666666667,0.00308074851965012));
#1876=CARTESIAN_POINT('',(0.00148170641639402,0.000199791666666667,0.00313840310822936));
#1877=CARTESIAN_POINT('',(0.00138042146518847,0.000199791666666663,0.00316271910184878));
#1878=CARTESIAN_POINT('',(0.00129073148334252,0.000199791666666669,0.00317968249306094));
#1879=CARTESIAN_POINT('',(0.00125195555732699,0.000199791666666679,0.00318556395734655));
#1880=CARTESIAN_POINT('',(0.00121296271885624,0.000199791666666687,0.00319052443002607));
#1881=CARTESIAN_POINT('',(0.00126420617784611,0.000196666666666556,0.00168619202864774));
#1882=CARTESIAN_POINT('',(0.00136058244228545,0.000196666666666552,0.00179197760312949));
#1883=CARTESIAN_POINT('',(0.00145313244126935,0.000196666666666679,0.00190086553487563));
#1884=CARTESIAN_POINT('',(0.00160048928999662,0.000196666666666657,0.00209651680095009));
#1885=CARTESIAN_POINT('',(0.00165865611068563,0.000196666666666664,0.00218126319503352));
#1886=CARTESIAN_POINT('',(0.00176151168814379,0.000196666666666669,0.00236048609617184));
#1887=CARTESIAN_POINT('',(0.0018065193912366,0.000196666666666667,0.00245519708279001));
#1888=CARTESIAN_POINT('',(0.00184589356686572,0.000196666666666667,0.00260477572280367));
#1889=CARTESIAN_POINT('',(0.00186196652513926,0.000196666666666667,0.00270641267060001));
#1890=CARTESIAN_POINT('',(0.001836724471124,0.000196666666666667,0.00285751869676387));
#1891=CARTESIAN_POINT('',(0.00174988061618416,0.000196666666666667,0.0029839535480056));
#1892=CARTESIAN_POINT('',(0.00162316043250092,0.000196666666666667,0.00307114005227514));
#1893=CARTESIAN_POINT('',(0.001478587412783,0.000196666666666669,0.00312813871912762));
#1894=CARTESIAN_POINT('',(0.00137809269831969,0.00019666666666666,0.0031522742694497));
#1895=CARTESIAN_POINT('',(0.00128897380459734,0.000196666666666671,0.0031691318332861));
#1896=CARTESIAN_POINT('',(0.00125040965860961,0.00019666666666669,0.00317498104996229));
#1897=CARTESIAN_POINT('',(0.00121158973909557,0.000196666666666705,0.00317991861521404));
#1898=CARTESIAN_POINT('',(0.0012604096611393,0.000193888888888773,0.00168965577473317));
#1899=CARTESIAN_POINT('',(0.00135670878872896,0.000193888888888769,0.00179535698943567));
#1900=CARTESIAN_POINT('',(0.00144915700161907,0.000193888888888902,0.00190412693629934));
#1901=CARTESIAN_POINT('',(0.00159628798626326,0.000193888888888879,0.00209948191669865));
#1902=CARTESIAN_POINT('',(0.00165433978476496,0.000193888888888886,0.00218406962231665));
#1903=CARTESIAN_POINT('',(0.00175691286064189,0.000193888888888891,0.00236279364537491));
#1904=CARTESIAN_POINT('',(0.00180173922751027,0.000193888888888889,0.00245716813710279));
#1905=CARTESIAN_POINT('',(0.00184082733944669,0.000193888888888889,0.00260574515208317));
#1906=CARTESIAN_POINT('',(0.00185673954421602,0.000193888888888889,0.00270653948548056));
#1907=CARTESIAN_POINT('',(0.00183178496612979,0.000193888888888889,0.00285556300572464));
#1908=CARTESIAN_POINT('',(0.00174626409591281,0.000193888888888889,0.00298013223063038));
#1909=CARTESIAN_POINT('',(0.00162081925863251,0.000193888888888889,0.00306652299652352));
#1910=CARTESIAN_POINT('',(0.00147708867078809,0.000193888888888891,0.0031232064802086));
#1911=CARTESIAN_POINT('',(0.00137697368047366,0.000193888888888884,0.00314725532401118));
#1912=CARTESIAN_POINT('',(0.00128812920571978,0.000193888888888892,0.00316406203573195));
#1913=CARTESIAN_POINT('',(0.001249666824161,0.000193888888888906,0.0031698957568036));
#1914=CARTESIAN_POINT('',(0.0012109299955742,0.000193888888888917,0.00317482231459005));
#1915=CARTESIAN_POINT('',(0.00125466358179932,0.000186111111110961,0.00169489820124084));
#1916=CARTESIAN_POINT('',(0.00135084596172461,0.000186111111110956,0.00180047173627744));
#1917=CARTESIAN_POINT('',(0.00144314011998621,0.000186111111111128,0.00190906311142712));
#1918=CARTESIAN_POINT('',(0.00158992925628846,0.000186111111111098,0.00210396965945323));
#1919=CARTESIAN_POINT('',(0.0016478069671553,0.000186111111111108,0.00218831718793436));
#1920=CARTESIAN_POINT('',(0.00174995247307144,0.000186111111111114,0.00236628615227686));
#1921=CARTESIAN_POINT('',(0.00179450438511367,0.000186111111111112,0.00246015135444104));
#1922=CARTESIAN_POINT('',(0.00183315953578547,0.000186111111111111,0.00260721239639808));
#1923=CARTESIAN_POINT('',(0.00184882843795382,0.000186111111111111,0.00270673142151598));
#1924=CARTESIAN_POINT('',(0.00182430895857097,0.000186111111111111,0.00285260304090851));
#1925=CARTESIAN_POINT('',(0.00174079044361024,0.000186111111111111,0.00297434861514357));
#1926=CARTESIAN_POINT('',(0.00161727586034519,0.000186111111111112,0.00305953502025081));
#1927=CARTESIAN_POINT('',(0.00147482030452554,0.000186111111111109,0.00311574146995279));
#1928=CARTESIAN_POINT('',(0.00137528003184182,0.000186111111111115,0.00313965908226639));
#1929=CARTESIAN_POINT('',(0.0012868508939051,0.000186111111111108,0.00315638882862298));
#1930=CARTESIAN_POINT('',(0.00124854253418471,0.000186111111111098,0.00316219909688777));
#1931=CARTESIAN_POINT('',(0.00120993146483916,0.00018611111111109,0.00316710899472676));
#1932=CARTESIAN_POINT('',(0.00125261141061092,0.000180972222222073,0.00169677049641787));
#1933=CARTESIAN_POINT('',(0.00134875209494192,0.000180972222222068,0.00180229843157367));
#1934=CARTESIAN_POINT('',(0.00144099123368825,0.000180972222222239,0.0019108260311161));
#1935=CARTESIAN_POINT('',(0.00158765828129783,0.00018097222222221,0.00210557242472236));
#1936=CARTESIAN_POINT('',(0.00164547381800909,0.000180972222222219,0.00218983417565488));
#1937=CARTESIAN_POINT('',(0.00174746662036762,0.000180972222222225,0.0023675334761705));
#1938=CARTESIAN_POINT('',(0.00179192051282917,0.000180972222222223,0.0024612167892047));
#1939=CARTESIAN_POINT('',(0.0018304210344779,0.000180972222222222,0.00260773641222483));
#1940=CARTESIAN_POINT('',(0.00184600304286018,0.000180972222222222,0.00270679997010006));
#1941=CARTESIAN_POINT('',(0.0018216389558714,0.000180972222222222,0.00285154591061702));
#1942=CARTESIAN_POINT('',(0.00173883556778789,0.000180972222222222,0.00297228303818407));
#1943=CARTESIAN_POINT('',(0.00161601036095684,0.000180972222222223,0.00305703931443885));
#1944=CARTESIAN_POINT('',(0.00147401017371756,0.000180972222222219,0.00311307539486243));
#1945=CARTESIAN_POINT('',(0.00137467515733028,0.000180972222222229,0.00313694613878396));
#1946=CARTESIAN_POINT('',(0.00128639435397142,0.000180972222222217,0.00315364839751424));
#1947=CARTESIAN_POINT('',(0.00124814100205097,0.000180972222222195,0.00315945028978295));
#1948=CARTESIAN_POINT('',(0.00120957484672057,0.000180972222222177,0.00316435423764581));
#1949=CARTESIAN_POINT('',(0.00125030271799659,0.000170277777777669,0.00169887682851833));
#1950=CARTESIAN_POINT('',(0.00134639649478323,0.000170277777777666,0.00180435346380897));
#1951=CARTESIAN_POINT('',(0.00143857373660617,0.00017027777777779,0.0019128093157632));
#1952=CARTESIAN_POINT('',(0.00158510343443109,0.000170277777777769,0.00210737553565233));
#1953=CARTESIAN_POINT('',(0.00164284902521902,0.000170277777777775,0.00219154078684101));
#1954=CARTESIAN_POINT('',(0.00174467003607639,0.00017027777777778,0.0023689367155503));
#1955=CARTESIAN_POINT('',(0.00178901365650916,0.000170277777777778,0.00246241540331379));
#1956=CARTESIAN_POINT('',(0.00182734022050684,0.000170277777777778,0.00260832593002994));
#1957=CARTESIAN_POINT('',(0.00184282447337984,0.000170277777777778,0.00270687708725712));
#1958=CARTESIAN_POINT('',(0.00181863520283438,0.000170277777777778,0.00285035663903921));
#1959=CARTESIAN_POINT('',(0.00173663633248772,0.000170277777777778,0.00296995926410418));
#1960=CARTESIAN_POINT('',(0.00161458667414508,0.000170277777777778,0.00305423164540205));
#1961=CARTESIAN_POINT('',(0.00147309877655809,0.000170277777777774,0.00311007606037965));
#1962=CARTESIAN_POINT('',(0.00137399467350585,0.000170277777777785,0.00313389407737941));
#1963=CARTESIAN_POINT('',(0.00128588074654523,0.000170277777777772,0.00315056541250703));
#1964=CARTESIAN_POINT('',(0.00124768927839658,0.000170277777777751,0.00315635788174109));
#1965=CARTESIAN_POINT('',(0.00120917365133069,0.000170277777777735,0.00316125513584948));
#1966=CARTESIAN_POINT('',(0.00125014880513925,0.000164999999999914,0.00169901725067409));
#1967=CARTESIAN_POINT('',(0.00134623945475581,0.000164999999999912,0.00180449046597417));
#1968=CARTESIAN_POINT('',(0.00143841257013591,0.00016500000000001,0.00191294153473787));
#1969=CARTESIAN_POINT('',(0.00158493311130527,0.000164999999999993,0.00210749574304897));
#1970=CARTESIAN_POINT('',(0.00164267403903267,0.000164999999999998,0.00219165456092041));
#1971=CARTESIAN_POINT('',(0.00174448359712399,0.000165000000000002,0.00236903026484196));
#1972=CARTESIAN_POINT('',(0.00178881986608786,0.000165,0.00246249531092104));
#1973=CARTESIAN_POINT('',(0.00182713483290876,0.000165,0.00260836523121696));
#1974=CARTESIAN_POINT('',(0.00184261256874782,0.000165,0.0027068822284009));
#1975=CARTESIAN_POINT('',(0.00181843495263191,0.000165,0.00285027735426743));
#1976=CARTESIAN_POINT('',(0.00173648971680103,0.000165,0.00296980434583193));
#1977=CARTESIAN_POINT('',(0.00161449176169104,0.000165,0.00305404446746724));
#1978=CARTESIAN_POINT('',(0.00147303801674717,0.000164999999999998,0.00310987610474381));
#1979=CARTESIAN_POINT('',(0.00137394930791819,0.000165000000000003,0.003133690606627));
#1980=CARTESIAN_POINT('',(0.00128584650604967,0.000164999999999997,0.00315035988016731));
#1981=CARTESIAN_POINT('',(0.00124765916348392,0.000164999999999987,0.00315615172117567));
#1982=CARTESIAN_POINT('',(0.00120914690496749,0.000164999999999978,0.00316104852901503));
#1983=CARTESIAN_POINT('',(0.00125014880496063,0.000159999999999922,0.00169901725084568));
#1984=CARTESIAN_POINT('',(0.00134623945457215,0.00015999999999992,0.00180449046615061));
#1985=CARTESIAN_POINT('',(0.00143841257015635,0.000160000000000009,0.00191294153471825));
#1986=CARTESIAN_POINT('',(0.00158493311129039,0.000159999999999993,0.00210749574306325));
#1987=CARTESIAN_POINT('',(0.00164267403902894,0.000159999999999998,0.00219165456092395));
#1988=CARTESIAN_POINT('',(0.00174448359712772,0.000160000000000002,0.00236903026483842));
#1989=CARTESIAN_POINT('',(0.00178881986608824,0.00016,0.00246249531092081));
#1990=CARTESIAN_POINT('',(0.00182713483290856,0.00016,0.00260836523121708));
#1991=CARTESIAN_POINT('',(0.0018426125687479,0.00016,0.00270688222840062));
#1992=CARTESIAN_POINT('',(0.00181843495263195,0.00016,0.00285027735426821));
#1993=CARTESIAN_POINT('',(0.0017364897168008,0.00016,0.00296980434582905));
#1994=CARTESIAN_POINT('',(0.0016144917616919,0.00016,0.00305404446747795));
#1995=CARTESIAN_POINT('',(0.00147303801674395,0.00016,0.00310987610470388));
#1996=CARTESIAN_POINT('',(0.00137394930792514,0.00016,0.00313369060671304));
#1997=CARTESIAN_POINT('',(0.00128584650604447,0.00016,0.00315035988010289));
#1998=CARTESIAN_POINT('',(0.00124765916345815,0.00016,0.00315615172085626));
#1999=CARTESIAN_POINT('',(0.00120914690492522,0.00016,0.0031610485284912));
#2000=CARTESIAN_POINT('',(0.00128810812261687,0.0002,0.00168136759189554));
#2001=CARTESIAN_POINT('',(0.00144599584956293,0.0002,0.00185546005504256));
#2002=CARTESIAN_POINT('',(0.00163529620032529,0.0002,0.00209638081567897));
#2003=CARTESIAN_POINT('',(0.00177158992860309,0.0002,0.0023325813179703));
#2004=CARTESIAN_POINT('',(0.00182688673482975,0.0002,0.00246558035264093));
#2005=CARTESIAN_POINT('',(0.00185273892681879,0.0002,0.00253451023908365));
#2006=CARTESIAN_POINT('',(0.00188068113800565,0.0002,0.00269468775842013));
#2007=CARTESIAN_POINT('',(0.00186749908917717,0.0002,0.00284879895374785));
#2008=CARTESIAN_POINT('',(0.00172028977373433,0.0002,0.00305552862716889));
#2009=CARTESIAN_POINT('',(0.00153255417094154,0.0002,0.00313525725716183));
#2010=CARTESIAN_POINT('',(0.00133700453198262,0.0002,0.00318447872553792));
#2011=CARTESIAN_POINT('',(0.00122688181608358,0.0002,0.00319908169122763));
#2012=CARTESIAN_POINT('',(0.00128810812261723,0.0002,0.00168136759190187));
#2013=CARTESIAN_POINT('',(0.00122688077270656,0.0002,0.00319908183223606));
#2014=CARTESIAN_POINT('',(0.00129191897514317,0.000160002048280832,0.00174542261159281));
#2015=CARTESIAN_POINT('',(0.00128880987599366,0.000187694294680631,0.00174193571558026));
#2016=CARTESIAN_POINT('',(0.00128786527950668,0.00019999999999984,0.00170947456689636));
#2017=CARTESIAN_POINT('',(0.00128810812261723,0.0002,0.00168136759190187));
#2018=CARTESIAN_POINT('',(0.00129191981597977,0.000159999999913876,0.00174540559479649));
#2019=CARTESIAN_POINT('',(0.0012273811782001,0.00016,0.00315879465467615));
#2020=CARTESIAN_POINT('',(0.00201504176099127,0.000159999999999995,0.00305201595422331));
#2021=CARTESIAN_POINT('',(0.00203655464082581,0.00015999999999999,0.00258088626824151));
#2022=CARTESIAN_POINT('',(0.00129191981770372,0.000159999999999985,0.00174540559673075));
#2023=CARTESIAN_POINT('',(0.00122738112976497,0.00016,0.00315879466124223));
#2024=CARTESIAN_POINT('',(0.00122688077346376,0.0002,0.00319908183762861));
#2025=CARTESIAN_POINT('',(0.00122384838770407,0.0002,0.00317748617927763));
#2026=CARTESIAN_POINT('',(0.00122459759762734,0.000181699379140925,0.00315904135271005));
#2027=CARTESIAN_POINT('',(0.00122736522788678,0.000160000168849094,0.00315866723019043));
#2028=CARTESIAN_POINT('',(0.00125293986124969,-0.0002,0.00160668521084607));
#2029=CARTESIAN_POINT('',(0.00136892257842406,-0.0002,0.00171980338654295));
#2030=CARTESIAN_POINT('',(0.00148083913696518,-0.0002,0.00183696301480214));
#2031=CARTESIAN_POINT('',(0.00166051205652284,-0.0002,0.00204922279933369));
#2032=CARTESIAN_POINT('',(0.00173207195522098,-0.0002,0.00214172498395884));
#2033=CARTESIAN_POINT('',(0.00182848704235516,-0.0002,0.00229038642814073));
#2034=CARTESIAN_POINT('',(0.00188862535708388,-0.0002,0.0023926078531419));
#2035=CARTESIAN_POINT('',(0.00195800087770016,-0.0002,0.00255554862055284));
#2036=CARTESIAN_POINT('',(0.0019927536331163,-0.0002,0.00273209617266939));
#2037=CARTESIAN_POINT('',(0.00195732743052735,-0.0002,0.00291166174015004));
#2038=CARTESIAN_POINT('',(0.00184137766102584,-0.0002,0.00305145300307038));
#2039=CARTESIAN_POINT('',(0.00168952188099669,-0.0002,0.00314581497417694));
#2040=CARTESIAN_POINT('',(0.00152578477990654,-0.0002,0.00321082406833372));
#2041=CARTESIAN_POINT('',(0.00141159600592503,-0.0002,0.00324182973311497));
#2042=CARTESIAN_POINT('',(0.0013112529108597,-0.0002,0.00326483656722221));
#2043=CARTESIAN_POINT('',(0.00126829239553911,-0.0002,0.0032733455533252));
#2044=CARTESIAN_POINT('',(0.00122524857397818,-0.0002,0.00328092382967449));
#2045=CARTESIAN_POINT('',(0.00125642968643085,-0.000200000000000009,0.00160310332620748));
#2046=CARTESIAN_POINT('',(0.0013724950630859,-0.000200000000000009,0.00171630089774687));
#2047=CARTESIAN_POINT('',(0.00148451938419116,-0.000199999999999998,0.00183357062442901));
#2048=CARTESIAN_POINT('',(0.0016644284070696,-0.0002,0.00204611141339157));
#2049=CARTESIAN_POINT('',(0.00173610716980341,-0.0002,0.00213876235531647));
#2050=CARTESIAN_POINT('',(0.00183276331671718,-0.0002,0.00228778888799833));
#2051=CARTESIAN_POINT('',(0.00189308124274643,-0.0002,0.00239030761600634));
#2052=CARTESIAN_POINT('',(0.00196277540927359,-0.0002,0.00255398323841003));
#2053=CARTESIAN_POINT('',(0.001997889119927,-0.0002,0.00273188795203076));
#2054=CARTESIAN_POINT('',(0.00196201077216539,-0.0002,0.00291395621318069));
#2055=CARTESIAN_POINT('',(0.00184458170255951,-0.0002,0.00305540843746304));
#2056=CARTESIAN_POINT('',(0.00169171866786329,-0.0002,0.00315032741747911));
#2057=CARTESIAN_POINT('',(0.00152733082427715,-0.0002,0.00321559092289927));
#2058=CARTESIAN_POINT('',(0.00141284228724682,-0.0002,0.00324667454590694));
#2059=CARTESIAN_POINT('',(0.00131227873519947,-0.0002,0.00326973049285199));
#2060=CARTESIAN_POINT('',(0.0012692352538855,-0.0002,0.00327825577205377));
#2061=CARTESIAN_POINT('',(0.00122612133892881,-0.0002,0.00328584662515765));
#2062=CARTESIAN_POINT('',(0.00126011339078876,-0.000199791666666688,0.00159932244797784));
#2063=CARTESIAN_POINT('',(0.00137626601911787,-0.000199791666666689,0.00171260382623989));
#2064=CARTESIAN_POINT('',(0.00148840408959636,-0.000199791666666664,0.00182998976792404));
#2065=CARTESIAN_POINT('',(0.00166856233264673,-0.000199791666666668,0.00204282717267487));
#2066=CARTESIAN_POINT('',(0.00174036656297375,-0.000199791666666667,0.00213563513619398));
#2067=CARTESIAN_POINT('',(0.00183727716187708,-0.000199791666666667,0.00228504704007024));
#2068=CARTESIAN_POINT('',(0.00189778467761246,-0.000199791666666667,0.00238787958791879));
#2069=CARTESIAN_POINT('',(0.0019678151926011,-0.000199791666666667,0.00255233089059262));
#2070=CARTESIAN_POINT('',(0.00200330991156053,-0.000199791666666667,0.00273166816357887));
#2071=CARTESIAN_POINT('',(0.00196695429944998,-0.000199791666666667,0.00291637815693527));
#2072=CARTESIAN_POINT('',(0.00184796374640059,-0.000199791666666667,0.00305958361821085));
#2073=CARTESIAN_POINT('',(0.0016940374984447,-0.000199791666666667,0.00315509055207584));
#2074=CARTESIAN_POINT('',(0.00152896276000168,-0.000199791666666666,0.00322062260271846));
#2075=CARTESIAN_POINT('',(0.00141415780641982,-0.000199791666666669,0.00325178851496515));
#2076=CARTESIAN_POINT('',(0.00131336154978033,-0.000199791666666665,0.00327489630323897));
#2077=CARTESIAN_POINT('',(0.00127023049325115,-0.000199791666666659,0.00328343878071166));
#2078=CARTESIAN_POINT('',(0.00122704259082115,-0.000199791666666654,0.00329104290927868));
#2079=CARTESIAN_POINT('',(0.001267577739093,-0.000196666666666702,0.00159166119472302));
#2080=CARTESIAN_POINT('',(0.0013839071668669,-0.000196666666666703,0.00170511239187043));
#2081=CARTESIAN_POINT('',(0.00149627572949637,-0.000196666666666663,0.00182273382184819));
#2082=CARTESIAN_POINT('',(0.00167693897131618,-0.00019666666666667,0.00203617226385421));
#2083=CARTESIAN_POINT('',(0.0017489974386084,-0.000196666666666667,0.00212929840270891));
#2084=CARTESIAN_POINT('',(0.00184642363759584,-0.000196666666666667,0.00227949119032121));
#2085=CARTESIAN_POINT('',(0.00190731532194624,-0.000196666666666667,0.00238295963626773));
#2086=CARTESIAN_POINT('',(0.00197802738513316,-0.000196666666666667,0.00254898271212049));
#2087=CARTESIAN_POINT('',(0.00201429414723898,-0.000196666666666667,0.00273122280276846));
#2088=CARTESIAN_POINT('',(0.00197697144684245,-0.000196666666666667,0.00292128577980638));
#2089=CARTESIAN_POINT('',(0.00185481683523648,-0.000196666666666667,0.00306804385288404));
#2090=CARTESIAN_POINT('',(0.00169873618146493,-0.000196666666666667,0.0031647421669166));
#2091=CARTESIAN_POINT('',(0.00153226957712772,-0.000196666666666664,0.00323081837498364));
#2092=CARTESIAN_POINT('',(0.00141682346369142,-0.000196666666666672,0.00326215103121472));
#2093=CARTESIAN_POINT('',(0.00131555567406262,-0.000196666666666663,0.00328536386639151));
#2094=CARTESIAN_POINT('',(0.00127224716249211,-0.000196666666666647,0.00329394119299194));
#2095=CARTESIAN_POINT('',(0.00122890933807676,-0.000196666666666634,0.00330157222183941));
#2096=CARTESIAN_POINT('',(0.00127116450386256,-0.000193888888888922,0.00158797981328887));
#2097=CARTESIAN_POINT('',(0.00138757888721383,-0.000193888888888923,0.00170151261171886));
#2098=CARTESIAN_POINT('',(0.00150005820581196,-0.000193888888888885,0.00181924719840914));
#2099=CARTESIAN_POINT('',(0.00168096410937813,-0.000193888888888892,0.0020329744505248));
#2100=CARTESIAN_POINT('',(0.00175314474248479,-0.00019388888888889,0.00212625347882649));
#2101=CARTESIAN_POINT('',(0.0018508186973568,-0.000193888888888889,0.00227682149628596));
#2102=CARTESIAN_POINT('',(0.00191189498221053,-0.000193888888888889,0.00238059550365617));
#2103=CARTESIAN_POINT('',(0.00198293454258363,-0.000193888888888889,0.00254737384714038));
#2104=CARTESIAN_POINT('',(0.0020195722864611,-0.000193888888888889,0.0027310087982232));
#2105=CARTESIAN_POINT('',(0.00198178488130377,-0.000193888888888889,0.00292364398819899));
#2106=CARTESIAN_POINT('',(0.00185810987792385,-0.000193888888888889,0.00307210916045427));
#2107=CARTESIAN_POINT('',(0.00170099399018894,-0.00019388888888889,0.00316937995586606));
#2108=CARTESIAN_POINT('',(0.00153385856717529,-0.000193888888888887,0.003235717642176));
#2109=CARTESIAN_POINT('',(0.00141810436393881,-0.000193888888888893,0.00326713042213985));
#2110=CARTESIAN_POINT('',(0.00131660999352295,-0.000193888888888887,0.00329039373439986));
#2111=CARTESIAN_POINT('',(0.00127321621134816,-0.000193888888888876,0.00329898780668503));
#2112=CARTESIAN_POINT('',(0.00122980634649829,-0.000193888888888867,0.00330663176164127));
#2113=CARTESIAN_POINT('',(0.00127659312081107,-0.000186111111111117,0.00158240799273991));
#2114=CARTESIAN_POINT('',(0.00139313608557673,-0.000186111111111117,0.0016960642958138));
#2115=CARTESIAN_POINT('',(0.00150578303483015,-0.000186111111111111,0.00181397014671762));
#2116=CARTESIAN_POINT('',(0.00168705621022864,-0.000186111111111112,0.00202813451683704));
#2117=CARTESIAN_POINT('',(0.00175942174294635,-0.000186111111111111,0.00212164494538281));
#2118=CARTESIAN_POINT('',(0.00185747067969771,-0.000186111111111111,0.00227278087828667));
#2119=CARTESIAN_POINT('',(0.00191882635990783,-0.000186111111111111,0.00237701735700085));
#2120=CARTESIAN_POINT('',(0.00199036159169786,-0.000186111111111111,0.00254493880825156));
#2121=CARTESIAN_POINT('',(0.00202756082149997,-0.000186111111111111,0.00273068489945199));
#2122=CARTESIAN_POINT('',(0.00198907007940738,-0.000186111111111111,0.0029272131684689));
#2123=CARTESIAN_POINT('',(0.00186309394253177,-0.000186111111111112,0.00307826205839841));
#2124=CARTESIAN_POINT('',(0.00170441121420365,-0.000186111111111111,0.00317639931211388));
#2125=CARTESIAN_POINT('',(0.00153626352508513,-0.000186111111111113,0.00324313274927796));
#2126=CARTESIAN_POINT('',(0.0014200430237727,-0.000186111111111108,0.00327466679759407));
#2127=CARTESIAN_POINT('',(0.0013182057202737,-0.000186111111111114,0.00329800650760172));
#2128=CARTESIAN_POINT('',(0.00127468287988701,-0.000186111111111125,0.0033066259247071));
#2129=CARTESIAN_POINT('',(0.00123116398086596,-0.000186111111111134,0.00331428944350371));
#2130=CARTESIAN_POINT('',(0.00127853191258239,-0.000180972222222209,0.00158041805682521));
#2131=CARTESIAN_POINT('',(0.00139512079928191,-0.000180972222222208,0.00169411846870033));
#2132=CARTESIAN_POINT('',(0.00150782761662193,-0.000180972222222224,0.00181208548539968));
#2133=CARTESIAN_POINT('',(0.0016892319605327,-0.000180972222222221,0.00202640596909107));
#2134=CARTESIAN_POINT('',(0.00176166352882551,-0.000180972222222222,0.00211999904058146));
#2135=CARTESIAN_POINT('',(0.00185984638767659,-0.000180972222222222,0.00227133780042979));
#2136=CARTESIAN_POINT('',(0.00192130185194258,-0.000180972222222222,0.00237573944748108));
#2137=CARTESIAN_POINT('',(0.00199301410923866,-0.000180972222222222,0.00254406915150556));
#2138=CARTESIAN_POINT('',(0.00203041386972814,-0.000180972222222222,0.00273056922131942));
#2139=CARTESIAN_POINT('',(0.00199167193587296,-0.000180972222222222,0.00292848787570813));
#2140=CARTESIAN_POINT('',(0.00186487396560603,-0.000180972222222223,0.00308045952194993));
#2141=CARTESIAN_POINT('',(0.00170563165135174,-0.000180972222222222,0.00317890622505937));
#2142=CARTESIAN_POINT('',(0.00153712243862444,-0.000180972222222225,0.00324578100181499));
#2143=CARTESIAN_POINT('',(0.00142073540228464,-0.000180972222222218,0.00327735836025495));
#2144=CARTESIAN_POINT('',(0.00131877562268481,-0.000180972222222226,0.00330072535517481));
#2145=CARTESIAN_POINT('',(0.00127520669008008,-0.000180972222222238,0.00330935382400566));
#2146=CARTESIAN_POINT('',(0.00123164885028401,-0.000180972222222249,0.00331702432989129));
#2147=CARTESIAN_POINT('',(0.00128071305330062,-0.000170277777777754,0.0015781793789477));
#2148=CARTESIAN_POINT('',(0.00139735360217481,-0.000170277777777754,0.00169192941322521));
#2149=CARTESIAN_POINT('',(0.00151012777114032,-0.000170277777777781,0.00180996524141416));
#2150=CARTESIAN_POINT('',(0.00169167967962287,-0.000170277777777776,0.00202446135287893));
#2151=CARTESIAN_POINT('',(0.00176418553793938,-0.000170277777777777,0.00211814739768015));
#2152=CARTESIAN_POINT('',(0.00186251905915293,-0.000170277777777778,0.0022697143378407));
#2153=CARTESIAN_POINT('',(0.00192408678048164,-0.000170277777777778,0.00237430179927139));
#2154=CARTESIAN_POINT('',(0.00199599819147206,-0.000170277777777778,0.00254309078766629));
#2155=CARTESIAN_POINT('',(0.00203362354898483,-0.000170277777777778,0.00273043908342026));
#2156=CARTESIAN_POINT('',(0.00199459902439674,-0.000170277777777778,0.00292992192135235));
#2157=CARTESIAN_POINT('',(0.00186687649156454,-0.000170277777777778,0.00308293166844512));
#2158=CARTESIAN_POINT('',(0.00170700464314347,-0.000170277777777778,0.00318172650212405));
#2159=CARTESIAN_POINT('',(0.00153808871635567,-0.000170277777777779,0.00324876028591537));
#2160=CARTESIAN_POINT('',(0.00142151432811161,-0.000170277777777778,0.00328038636825661));
#2161=CARTESIAN_POINT('',(0.00131941676289652,-0.000170277777777778,0.00330378405868844));
#2162=CARTESIAN_POINT('',(0.00127579597654342,-0.000170277777777779,0.00331242271068636));
#2163=CARTESIAN_POINT('',(0.00123219432837297,-0.000170277777777779,0.00332010107702778));
#2164=CARTESIAN_POINT('',(0.00128085846266715,-0.000164999999999987,0.00157803013377175));
#2165=CARTESIAN_POINT('',(0.00139750245568577,-0.000164999999999987,0.00169178347621002));
#2166=CARTESIAN_POINT('',(0.00151028111477645,-0.000165000000000003,0.00180982389181342));
#2167=CARTESIAN_POINT('',(0.0016918428608944,-0.000165,0.00202433171179936));
#2168=CARTESIAN_POINT('',(0.00176435367188018,-0.000165,0.00211802395482019));
#2169=CARTESIAN_POINT('',(0.00186269723725141,-0.000165,0.00226960610700137));
#2170=CARTESIAN_POINT('',(0.00192427244238422,-0.000165,0.00237420595605744));
#2171=CARTESIAN_POINT('',(0.00199619713028763,-0.000165,0.00254302556341034));
#2172=CARTESIAN_POINT('',(0.00203383752760194,-0.000165,0.00273043040756031));
#2173=CARTESIAN_POINT('',(0.00199479416363167,-0.000165,0.00293001752439534));
#2174=CARTESIAN_POINT('',(0.00186700999329509,-0.000165,0.0030830964782113));
#2175=CARTESIAN_POINT('',(0.00170709617592966,-0.000165,0.00318191452059564));
#2176=CARTESIAN_POINT('',(0.0015381531348708,-0.000165,0.00324895890485312));
#2177=CARTESIAN_POINT('',(0.00142156625650071,-0.000165000000000001,0.00328058823546161));
#2178=CARTESIAN_POINT('',(0.00131945950557684,-0.000164999999999999,0.00330398797225237));
#2179=CARTESIAN_POINT('',(0.00127583526230532,-0.000164999999999996,0.00331262730311369));
#2180=CARTESIAN_POINT('',(0.0012322306935751,-0.000164999999999994,0.00332030619347389));
#2181=CARTESIAN_POINT('',(0.00128085846250697,-0.00016,0.00157803013394514));
#2182=CARTESIAN_POINT('',(0.00139750245551955,-0.00016,0.00169178347638994));
#2183=CARTESIAN_POINT('',(0.00151028111479362,-0.00016,0.00180982389179483));
#2184=CARTESIAN_POINT('',(0.00169184286088194,-0.00016,0.00202433171181285));
#2185=CARTESIAN_POINT('',(0.00176435367187892,-0.00016,0.00211802395482156));
#2186=CARTESIAN_POINT('',(0.00186269723725204,-0.00016,0.00226960610700069));
#2187=CARTESIAN_POINT('',(0.00192427244238392,-0.00016,0.00237420595605775));
#2188=CARTESIAN_POINT('',(0.00199619713028771,-0.00016,0.00254302556341029));
#2189=CARTESIAN_POINT('',(0.0020338375276019,-0.00016,0.0027304304075602));
#2190=CARTESIAN_POINT('',(0.00199479416363173,-0.00016,0.00293001752439581));
#2191=CARTESIAN_POINT('',(0.00186700999329486,-0.00016,0.00308309647820953));
#2192=CARTESIAN_POINT('',(0.00170709617593051,-0.00016,0.00318191452060227));
#2193=CARTESIAN_POINT('',(0.00153815313486762,-0.00016,0.00324895890482837));
#2194=CARTESIAN_POINT('',(0.00142156625650755,-0.00016,0.00328058823551495));
#2195=CARTESIAN_POINT('',(0.00131945950557173,-0.00016,0.00330398797221256));
#2196=CARTESIAN_POINT('',(0.00127583526228006,-0.00016,0.00331262730291672));
#2197=CARTESIAN_POINT('',(0.0012322306935336,-0.00016,0.00332030619315042));
#2198=CARTESIAN_POINT('',(0.0012880739056303,-0.0002,0.00164135143516804));
#2199=CARTESIAN_POINT('',(0.00147540258488893,-0.0002,0.00182693155885592));
#2200=CARTESIAN_POINT('',(0.00169987082162071,-0.0002,0.00208480965845149));
#2201=CARTESIAN_POINT('',(0.00186097184111882,-0.0002,0.00233871510654998));
#2202=CARTESIAN_POINT('',(0.00192636165082448,-0.0002,0.00248306462053062));
#2203=CARTESIAN_POINT('',(0.00195622364060319,-0.0002,0.00255609909122962));
#2204=CARTESIAN_POINT('',(0.00199082687270816,-0.0002,0.00273652258304816));
#2205=CARTESIAN_POINT('',(0.0019655729611433,-0.0002,0.00286670031253298));
#2206=CARTESIAN_POINT('',(0.00190476651305989,-0.0002,0.00298511955211948));
#2207=CARTESIAN_POINT('',(0.0017757874858489,-0.0002,0.00309546599551932));
#2208=CARTESIAN_POINT('',(0.00168481562742874,-0.0002,0.00314450669643887));
#2209=CARTESIAN_POINT('',(0.00151399409540499,-0.0002,0.00321796447691372));
#2210=CARTESIAN_POINT('',(0.00135834330776137,-0.0002,0.0032568773725809));
#2211=CARTESIAN_POINT('',(0.00123920718802408,-0.0002,0.00327843459553547));
#2212=CARTESIAN_POINT('',(0.00128807390563199,-0.0002,0.00164135143516964));
#2213=CARTESIAN_POINT('',(0.00123920718802441,-0.0002,0.00327843459553544));
#2214=CARTESIAN_POINT('',(0.00129202325141029,-0.000160003738520171,0.00158908194219332));
#2215=CARTESIAN_POINT('',(0.00128896302924099,-0.000185348988056137,0.00158608079930223));
#2216=CARTESIAN_POINT('',(0.00128779781645724,-0.000199999997461277,0.00161548130622792));
#2217=CARTESIAN_POINT('',(0.00128807378529381,-0.000199999999999631,0.00164134015622513));
#2218=CARTESIAN_POINT('',(0.00129202248940762,-0.00016,0.00158905114655237));
#2219=CARTESIAN_POINT('',(0.00125176820497713,-0.00016,0.00331687638524032));
#2220=CARTESIAN_POINT('',(0.00226389215133418,-0.00016,0.0031314889986758));
#2221=CARTESIAN_POINT('',(0.00227731024676749,-0.00016,0.00255554725305775));
#2222=CARTESIAN_POINT('',(0.00129202249127707,-0.00016,0.00158905114838616));
#2223=CARTESIAN_POINT('',(0.00125176818312509,-0.000160000001124657,0.00331687638924289));
#2224=CARTESIAN_POINT('',(0.00123920718932721,-0.0002,0.00327843460319347));
#2225=CARTESIAN_POINT('',(0.00124286291576263,-0.000199999999999997,0.00329992353301403));
#2226=CARTESIAN_POINT('',(0.00124907701365664,-0.000181699444093894,0.003317289791954));
#2227=CARTESIAN_POINT('',(0.00125175421528162,-0.0001599999955481,0.00331680020539456));
#2228=CARTESIAN_POINT('',(0.000544853980181368,3.25260651745652E-20,0.00036));
#2229=CARTESIAN_POINT('',(0.000544853980181368,3.25260651745652E-20,0.000707014436429967));
#2230=CARTESIAN_POINT('',(0.00225232007852433,3.25260651745652E-20,0.00105402887285993));
#2231=CARTESIAN_POINT('',(0.000882440904629873,4.98732999343332E-20,0.00209101443642997));
#2232=CARTESIAN_POINT('',(0.00113563109796625,6.28837260041593E-20,0.00295550721821499));
#2233=CARTESIAN_POINT('',(0.00138882129130263,7.58941520739853E-20,0.00382));
#2234=CARTESIAN_POINT('',(0.0013903404358271,7.59722148032899E-20,0.0038251869681783));
#2235=CARTESIAN_POINT('',(0.00139185958035157,7.60502775325945E-20,0.00383037393635659));
#2236=CARTESIAN_POINT('',(0.00139337872487604,7.61283402618991E-20,0.00383556090453489));
#2237=CARTESIAN_POINT('',(0.00139489786940051,7.62064029912037E-20,0.00384074787271318));
#2238=CARTESIAN_POINT('',(0.00139641701392498,7.62844657205083E-20,0.00384593484089148));
#2239=CARTESIAN_POINT('',(0.000544853980181368,2.13963657677118E-5,0.00036));
#2240=CARTESIAN_POINT('',(0.000544853980181368,2.13963657677118E-5,0.00070701443643084));
#2241=CARTESIAN_POINT('',(0.00225232007852433,8.84484123811851E-5,0.00105402887286168));
#2242=CARTESIAN_POINT('',(0.000882440904629873,3.46533732901543E-5,0.00209101443643084));
#2243=CARTESIAN_POINT('',(0.00113563109796625,4.45961289319862E-5,0.00295550721821542));
#2244=CARTESIAN_POINT('',(0.00138882129130263,5.4538884573818E-5,0.00382));
#2245=CARTESIAN_POINT('',(0.0013903404358271,5.45985412397907E-5,0.00382518696817829));
#2246=CARTESIAN_POINT('',(0.00139185958035157,5.46581979057634E-5,0.00383037393635659));
#2247=CARTESIAN_POINT('',(0.00139337872487604,5.47178545717361E-5,0.00383556090453488));
#2248=CARTESIAN_POINT('',(0.00139489786940051,5.47775112377087E-5,0.00384074787271317));
#2249=CARTESIAN_POINT('',(0.00139641701392498,5.48371679036814E-5,0.00384593484089146));
#2250=CARTESIAN_POINT('',(0.000543803688532784,4.27927315354236E-5,0.00036));
#2251=CARTESIAN_POINT('',(0.000543803688532784,4.27927315354236E-5,0.000707014436431672));
#2252=CARTESIAN_POINT('',(0.00224837430723299,0.000176881177074879,0.00105402887286334));
#2253=CARTESIAN_POINT('',(0.000880739861146272,6.93067465803085E-5,0.00209101443643167));
#2254=CARTESIAN_POINT('',(0.00113344199060639,8.91922578639722E-5,0.00295550721821584));
#2255=CARTESIAN_POINT('',(0.0013861441200665,0.000109077769147636,0.00382));
#2256=CARTESIAN_POINT('',(0.00138766033620123,0.000109197082479581,0.00382518696817829));
#2257=CARTESIAN_POINT('',(0.00138917655233596,0.000109316395811527,0.00383037393635658));
#2258=CARTESIAN_POINT('',(0.00139069276847068,0.000109435709143472,0.00383556090453487));
#2259=CARTESIAN_POINT('',(0.00139220898460541,0.000109555022475417,0.00384074787271316));
#2260=CARTESIAN_POINT('',(0.00139372520074013,0.000109674335807363,0.00384593484089145));
#2261=CARTESIAN_POINT('',(0.000541703068155381,6.4120357224551E-5,0.00036));
#2262=CARTESIAN_POINT('',(0.000541703068155381,6.4120357224551E-5,0.000707014436432464));
#2263=CARTESIAN_POINT('',(0.0022405660051084,0.000265123408989301,0.00105402887286493));
#2264=CARTESIAN_POINT('',(0.000877337714124234,0.000103848789019745,0.00209101443643246));
#2265=CARTESIAN_POINT('',(0.00112906369860087,0.000133645112866141,0.00295550721821624));
#2266=CARTESIAN_POINT('',(0.00138078968307751,0.000163441436712537,0.00382));
#2267=CARTESIAN_POINT('',(0.00138230004232937,0.000163620215051556,0.00382518696817829));
#2268=CARTESIAN_POINT('',(0.00138381040158122,0.000163798993390575,0.00383037393635658));
#2269=CARTESIAN_POINT('',(0.00138532076083308,0.000163977771729594,0.00383556090453486));
#2270=CARTESIAN_POINT('',(0.00138683112008493,0.000164156550068613,0.00384074787271315));
#2271=CARTESIAN_POINT('',(0.00138834147933678,0.000164335328407632,0.00384593484089144));
#2272=CARTESIAN_POINT('',(0.000538558944354747,8.53105085547363E-5,0.00036));
#2273=CARTESIAN_POINT('',(0.000538558944354747,8.53105085547362E-5,0.000707014436433217));
#2274=CARTESIAN_POINT('',(0.00222898527499448,0.000353000228830897,0.00105402887286643));
#2275=CARTESIAN_POINT('',(0.000872245519804642,0.000138168179587067,0.00209101443643322));
#2276=CARTESIAN_POINT('',(0.00112251045139206,0.000177811432861316,0.00295550721821661));
#2277=CARTESIAN_POINT('',(0.00137277538297948,0.000217454686135564,0.00382));
#2278=CARTESIAN_POINT('',(0.00137427697589459,0.000217692546181999,0.00382518696817829));
#2279=CARTESIAN_POINT('',(0.00137577856880969,0.000217930406228433,0.00383037393635657));
#2280=CARTESIAN_POINT('',(0.0013772801617248,0.000218168266274868,0.00383556090453486));
#2281=CARTESIAN_POINT('',(0.0013787817546399,0.000218406126321302,0.00384074787271314));
#2282=CARTESIAN_POINT('',(0.00138028334755501,0.000218643986367737,0.00384593484089143));
#2283=CARTESIAN_POINT('',(0.00053021051314637,0.000127281013303058,0.00036));
#2284=CARTESIAN_POINT('',(0.00053021051314637,0.000127281013303058,0.000707014436434646));
#2285=CARTESIAN_POINT('',(0.00219847233710403,0.000527675905147881,0.00105402887286929));
#2286=CARTESIAN_POINT('',(0.000858724481192294,0.00020614325617355,0.00209101443643464));
#2287=CARTESIAN_POINT('',(0.00110510995722674,0.000265289938326417,0.00295550721821732));
#2288=CARTESIAN_POINT('',(0.00135149543326118,0.000324436620479286,0.00382));
#2289=CARTESIAN_POINT('',(0.00135297374939142,0.000324791501358158,0.00382518696817828));
#2290=CARTESIAN_POINT('',(0.00135445206552165,0.000325146382237031,0.00383037393635656));
#2291=CARTESIAN_POINT('',(0.00135593038165189,0.000325501263115903,0.00383556090453484));
#2292=CARTESIAN_POINT('',(0.00135740869778212,0.000325856143994775,0.00384074787271313));
#2293=CARTESIAN_POINT('',(0.00135888701391236,0.000326211024873648,0.00384593484089141));
#2294=CARTESIAN_POINT('',(0.000525006205738628,0.000148061366721195,0.00036));
#2295=CARTESIAN_POINT('',(0.000525006205738628,0.000148061366721195,0.000707014436435322));
#2296=CARTESIAN_POINT('',(0.00217953633758205,0.000614492026096433,0.00105402887287064));
#2297=CARTESIAN_POINT('',(0.000850295636899538,0.000239798942192709,0.00209101443643532));
#2298=CARTESIAN_POINT('',(0.00109426271027022,0.000308602123796344,0.00295550721821766));
#2299=CARTESIAN_POINT('',(0.0013382297836409,0.00037740530539998,0.00382));
#2300=CARTESIAN_POINT('',(0.00133969358932302,0.000377818125403875,0.00382518696817828));
#2301=CARTESIAN_POINT('',(0.00134115739500513,0.00037823094540777,0.00383037393635656));
#2302=CARTESIAN_POINT('',(0.00134262120068725,0.000378643765411664,0.00383556090453484));
#2303=CARTESIAN_POINT('',(0.00134408500636937,0.000379056585415559,0.00384074787271312));
#2304=CARTESIAN_POINT('',(0.00134554881205148,0.000379469405419454,0.0038459348408914));
#2305=CARTESIAN_POINT('',(0.000518785218147008,0.000168569396586226,0.00036));
#2306=CARTESIAN_POINT('',(0.000518785218147008,0.000168569396586226,0.000707014436435961));
#2307=CARTESIAN_POINT('',(0.0021569285410478,0.000700621014046705,0.00105402887287192));
#2308=CARTESIAN_POINT('',(0.000840220189931171,0.000273013575535821,0.00209101443643596));
#2309=CARTESIAN_POINT('',(0.00108129641876929,0.000351346709748017,0.00295550721821798));
#2310=CARTESIAN_POINT('',(0.00132237264760741,0.000429679843960214,0.00382));
#2311=CARTESIAN_POINT('',(0.00132381910818392,0.000430149843806396,0.00382518696817828));
#2312=CARTESIAN_POINT('',(0.00132526556876043,0.000430619843652578,0.00383037393635655));
#2313=CARTESIAN_POINT('',(0.00132671202933693,0.000431089843498761,0.00383556090453483));
#2314=CARTESIAN_POINT('',(0.00132815848991344,0.000431559843344943,0.00384074787271311));
#2315=CARTESIAN_POINT('',(0.00132960495048995,0.000432029843191126,0.00384593484089139));
#2316=CARTESIAN_POINT('',(0.000511567548305276,0.000188738987984344,0.00036));
#2317=CARTESIAN_POINT('',(0.000511567548305276,0.000188738987984344,0.000707014436436563));
#2318=CARTESIAN_POINT('',(0.00213066326737984,0.000785898762893637,0.00105402887287312));
#2319=CARTESIAN_POINT('',(0.000828530528668253,0.000305680076420349,0.00209101443643656));
#2320=CARTESIAN_POINT('',(0.00106625276394049,0.000393385892747352,0.00295550721821828));
#2321=CARTESIAN_POINT('',(0.00130397499921272,0.000481091709074356,0.00382));
#2322=CARTESIAN_POINT('',(0.00130540133578326,0.000481617945137774,0.00382518696817828));
#2323=CARTESIAN_POINT('',(0.00130682767235381,0.000482144181201191,0.00383037393635655));
#2324=CARTESIAN_POINT('',(0.00130825400892435,0.000482670417264609,0.00383556090453483));
#2325=CARTESIAN_POINT('',(0.00130968034549489,0.000483196653328027,0.0038407478727131));
#2326=CARTESIAN_POINT('',(0.00131110668206543,0.000483722889391445,0.00384593484089138));
#2327=CARTESIAN_POINT('',(0.000495191460473819,0.000228274291155793,0.00036));
#2328=CARTESIAN_POINT('',(0.000495191460473819,0.000228274291155793,0.000707014436437695));
#2329=CARTESIAN_POINT('',(0.00207085902601835,0.000954428797307342,0.00105402887287539));
#2330=CARTESIAN_POINT('',(0.000802007986004347,0.000369711116526249,0.00209101443643769));
#2331=CARTESIAN_POINT('',(0.00103212038015224,0.000475788735554091,0.00295550721821885));
#2332=CARTESIAN_POINT('',(0.00126223277430014,0.000581866354581933,0.00382));
#2333=CARTESIAN_POINT('',(0.00126361345172282,0.000582502821705685,0.00382518696817827));
#2334=CARTESIAN_POINT('',(0.00126499412914549,0.000583139288829436,0.00383037393635654));
#2335=CARTESIAN_POINT('',(0.00126637480656817,0.000583775755953188,0.00383556090453482));
#2336=CARTESIAN_POINT('',(0.00126775548399084,0.00058441222307694,0.00384074787271309));
#2337=CARTESIAN_POINT('',(0.00126913616141352,0.000585048690200691,0.00384593484089136));
#2338=CARTESIAN_POINT('',(0.000486033042484095,0.000247640002929124,0.00036));
#2339=CARTESIAN_POINT('',(0.000486033042484095,0.000247640002929124,0.000707014436438225));
#2340=CARTESIAN_POINT('',(0.00203730752558184,0.00103769079856883,0.00105402887287645));
#2341=CARTESIAN_POINT('',(0.00078717510460336,0.000401075655747621,0.00209101443643822));
#2342=CARTESIAN_POINT('',(0.00101303165119281,0.000516152395361494,0.00295550721821912));
#2343=CARTESIAN_POINT('',(0.00123888819778226,0.000631229134975367,0.00382));
#2344=CARTESIAN_POINT('',(0.00124024334006303,0.000631919596942217,0.00382518696817827));
#2345=CARTESIAN_POINT('',(0.0012415984823438,0.000632610058909068,0.00383037393635654));
#2346=CARTESIAN_POINT('',(0.00124295362462457,0.000633300520875918,0.00383556090453481));
#2347=CARTESIAN_POINT('',(0.00124430876690534,0.000633990982842768,0.00384074787271308));
#2348=CARTESIAN_POINT('',(0.00124566390918612,0.000634681444809619,0.00384593484089135));
#2349=CARTESIAN_POINT('',(0.000475930558596492,0.000266540273544579,0.00036));
#2350=CARTESIAN_POINT('',(0.000475930558596492,0.000266540273544579,0.00070701443643872));
#2351=CARTESIAN_POINT('',(0.0020000812658362,0.00111972755868602,0.00105402887287744));
#2352=CARTESIAN_POINT('',(0.000770813217358853,0.00043168636576442,0.00209101443643872));
#2353=CARTESIAN_POINT('',(0.000991975211430624,0.000555545934929302,0.00295550721821936));
#2354=CARTESIAN_POINT('',(0.00121313720550239,0.000679405504094183,0.00382));
#2355=CARTESIAN_POINT('',(0.00121446418040568,0.000680148663155048,0.00382518696817827));
#2356=CARTESIAN_POINT('',(0.00121579115530896,0.000680891822215912,0.00383037393635654));
#2357=CARTESIAN_POINT('',(0.00121711813021224,0.000681634981276777,0.00383556090453481));
#2358=CARTESIAN_POINT('',(0.00121844510511553,0.000682378140337642,0.00384074787271308));
#2359=CARTESIAN_POINT('',(0.00121977208001881,0.000683121299398506,0.00384593484089135));
#2360=CARTESIAN_POINT('',(0.000464916627229478,0.000284914215225003,0.00036));
#2361=CARTESIAN_POINT('',(0.000464916627229478,0.000284914215225003,0.000707014436439182));
#2362=CARTESIAN_POINT('',(0.00195916117747037,0.00120031946602832,0.00105402887287836));
#2363=CARTESIAN_POINT('',(0.0007529751443408,0.000461444629613195,0.00209101443643918));
#2364=CARTESIAN_POINT('',(0.00096901903217429,0.000593842440404338,0.00295550721821959));
#2365=CARTESIAN_POINT('',(0.00118506292000778,0.000726240251195482,0.00382));
#2366=CARTESIAN_POINT('',(0.00118635918620562,0.000727034639819562,0.00382518696817827));
#2367=CARTESIAN_POINT('',(0.00118765545240347,0.000727829028443643,0.00383037393635654));
#2368=CARTESIAN_POINT('',(0.00118895171860131,0.000728623417067723,0.0038355609045348));
#2369=CARTESIAN_POINT('',(0.00119024798479915,0.000729417805691804,0.00384074787271307));
#2370=CARTESIAN_POINT('',(0.001191544250997,0.000730212194315884,0.00384593484089134));
#2371=CARTESIAN_POINT('',(0.000441142253000397,0.000320495114220261,0.00036));
#2372=CARTESIAN_POINT('',(0.000441142253000397,0.000320495114220261,0.000707014436440038));
#2373=CARTESIAN_POINT('',(0.00186990635150308,0.00135818180096075,0.00105402887288007));
#2374=CARTESIAN_POINT('',(0.00071447033800744,0.000519071108205558,0.00209101443644004));
#2375=CARTESIAN_POINT('',(0.000919466401762722,0.000668003103694531,0.00295550721822002));
#2376=CARTESIAN_POINT('',(0.001124462465518,0.000816935099183504,0.00382));
#2377=CARTESIAN_POINT('',(0.00112569244462457,0.000817828693135482,0.00382518696817826));
#2378=CARTESIAN_POINT('',(0.00112692242373114,0.000818722287087459,0.00383037393635653));
#2379=CARTESIAN_POINT('',(0.00112815240283771,0.000819615881039436,0.00383556090453479));
#2380=CARTESIAN_POINT('',(0.00112938238194428,0.000820509474991414,0.00384074787271306));
#2381=CARTESIAN_POINT('',(0.00113061236105084,0.000821403068943392,0.00384593484089132));
#2382=CARTESIAN_POINT('',(0.000428381810138329,0.000337702071535094,0.00036));
#2383=CARTESIAN_POINT('',(0.000428381810138329,0.000337702071535094,0.000707014436440433));
#2384=CARTESIAN_POINT('',(0.00182155659512871,0.00143545179545652,0.00105402887288086));
#2385=CARTESIAN_POINT('',(0.000693803604692134,0.000546939322949147,0.00209101443644043));
#2386=CARTESIAN_POINT('',(0.000892869950607487,0.000703867261509687,0.00295550721822021));
#2387=CARTESIAN_POINT('',(0.00109193629652284,0.000860795200070227,0.00382));
#2388=CARTESIAN_POINT('',(0.00109313069724357,0.000861736769786886,0.00382518696817826));
#2389=CARTESIAN_POINT('',(0.00109432509796431,0.000862678339503545,0.00383037393635653));
#2390=CARTESIAN_POINT('',(0.00109551949868504,0.000863619909220204,0.00383556090453479));
#2391=CARTESIAN_POINT('',(0.00109671389940577,0.000864561478936863,0.00384074787271306));
#2392=CARTESIAN_POINT('',(0.0010979083001265,0.000865503048653522,0.00384593484089132));
#2393=CARTESIAN_POINT('',(0.000414786303260616,0.000354268373419368,0.00036));
#2394=CARTESIAN_POINT('',(0.000414786303260616,0.000354268373419368,0.000707014436440795));
#2395=CARTESIAN_POINT('',(0.00176949563840221,0.00151076036182636,0.00105402887288159));
#2396=CARTESIAN_POINT('',(0.000671784396853121,0.000573769934755577,0.00209101443644079));
#2397=CARTESIAN_POINT('',(0.0008645329670475,0.000738396105757734,0.0029555072182204));
#2398=CARTESIAN_POINT('',(0.00105728153724188,0.00090302227675989,0.00382));
#2399=CARTESIAN_POINT('',(0.00105843803122434,0.000904010035973495,0.00382518696817826));
#2400=CARTESIAN_POINT('',(0.00105959452520679,0.000904997795187099,0.00383037393635653));
#2401=CARTESIAN_POINT('',(0.00106075101918925,0.000905985554400704,0.00383556090453479));
#2402=CARTESIAN_POINT('',(0.0010619075131717,0.000906973313614308,0.00384074787271305));
#2403=CARTESIAN_POINT('',(0.00106306400715416,0.000907961072827913,0.00384593484089131));
#2404=CARTESIAN_POINT('',(0.000400399497412556,0.000370140581154711,0.00036));
#2405=CARTESIAN_POINT('',(0.000400399497412556,0.000370140581154711,0.000707014436441126));
#2406=CARTESIAN_POINT('',(0.00171374019767553,0.00158381096944421,0.00105402887288225));
#2407=CARTESIAN_POINT('',(0.000648483605670271,0.000599476403819166,0.00209101443644112));
#2408=CARTESIAN_POINT('',(0.000834546686863558,0.000771478270817508,0.00295550721822056));
#2409=CARTESIAN_POINT('',(0.00102060976805684,0.00094348013781585,0.00382));
#2410=CARTESIAN_POINT('',(0.00102172614901645,0.000944512151303442,0.00382518696817826));
#2411=CARTESIAN_POINT('',(0.00102284252997606,0.000945544164791033,0.00383037393635652));
#2412=CARTESIAN_POINT('',(0.00102395891093567,0.000946576178278625,0.00383556090453479));
#2413=CARTESIAN_POINT('',(0.00102507529189528,0.000947608191766217,0.00384074787271305));
#2414=CARTESIAN_POINT('',(0.00102619167285489,0.000948640205253808,0.00384593484089131));
#2415=CARTESIAN_POINT('',(0.000370140490635284,0.000400399601871709,0.00036));
#2416=CARTESIAN_POINT('',(0.000370140490635284,0.000400399601871709,0.000707014436441726));
#2417=CARTESIAN_POINT('',(0.00159488345369479,0.00172481287690469,0.00105402887288345));
#2418=CARTESIAN_POINT('',(0.00059947634950751,0.000648483668345763,0.00209101443644173));
#2419=CARTESIAN_POINT('',(0.00077147824366168,0.000834546718201303,0.00295550721822087));
#2420=CARTESIAN_POINT('',(0.00094348013781585,0.00102060976805684,0.00382));
#2421=CARTESIAN_POINT('',(0.000944512151466377,0.00102172614882843,0.00382518696817826));
#2422=CARTESIAN_POINT('',(0.000945544165116904,0.00102284252960001,0.00383037393635652));
#2423=CARTESIAN_POINT('',(0.000946576178767431,0.00102395891037159,0.00383556090453478));
#2424=CARTESIAN_POINT('',(0.000947608192417958,0.00102507529114318,0.00384074787271304));
#2425=CARTESIAN_POINT('',(0.000948640206068485,0.00102619167191476,0.0038459348408913));
#2426=CARTESIAN_POINT('',(0.000354268289706071,0.000414786414853365,0.00036));
#2427=CARTESIAN_POINT('',(0.000354268289706071,0.000414786414853365,0.000707014436441995));
#2428=CARTESIAN_POINT('',(0.00153177076824454,0.00179275453027152,0.00105402887288399));
#2429=CARTESIAN_POINT('',(0.000573769884527599,0.00067178446380877,0.00209101443644199));
#2430=CARTESIAN_POINT('',(0.000738396080643745,0.000864533000525324,0.002955507218221));
#2431=CARTESIAN_POINT('',(0.000903022276759891,0.00105728153724188,0.00382));
#2432=CARTESIAN_POINT('',(0.00090401003612418,0.00105843803102347,0.00382518696817826));
#2433=CARTESIAN_POINT('',(0.000904997795488469,0.00105959452480505,0.00383037393635652));
#2434=CARTESIAN_POINT('',(0.000905985554852757,0.00106075101858664,0.00383556090453478));
#2435=CARTESIAN_POINT('',(0.000906973314217046,0.00106190751236823,0.00384074787271304));
#2436=CARTESIAN_POINT('',(0.000907961073581335,0.00106306400614982,0.0038459348408913));
#2437=CARTESIAN_POINT('',(0.000337701992666055,0.000428381927230265,0.00036));
#2438=CARTESIAN_POINT('',(0.000337701992666055,0.000428381927230265,0.000707014436442235));
#2439=CARTESIAN_POINT('',(0.0014650876513239,0.00185778679892543,0.00105402887288447));
#2440=CARTESIAN_POINT('',(0.000546939275627724,0.000693803674947295,0.00209101443644223));
#2441=CARTESIAN_POINT('',(0.000703867237848976,0.000892869985735068,0.00295550721822112));
#2442=CARTESIAN_POINT('',(0.000860795200070227,0.00109193629652284,0.00382));
#2443=CARTESIAN_POINT('',(0.000861736769928851,0.00109313069703281,0.00382518696817826));
#2444=CARTESIAN_POINT('',(0.000862678339787474,0.00109432509754277,0.00383037393635652));
#2445=CARTESIAN_POINT('',(0.000863619909646098,0.00109551949805274,0.00383556090453478));
#2446=CARTESIAN_POINT('',(0.000864561479504721,0.00109671389856271,0.00384074787271303));
#2447=CARTESIAN_POINT('',(0.000865503049363345,0.00109790829907268,0.00384593484089129));
#2448=CARTESIAN_POINT('',(0.000320495037329484,0.000441142371264956,0.00036));
#2449=CARTESIAN_POINT('',(0.000320495037329484,0.000441142371264956,0.000707014436442445));
#2450=CARTESIAN_POINT('',(0.00139495282130688,0.00191956443400736,0.00105402887288489));
#2451=CARTESIAN_POINT('',(0.000519071062071092,0.000714470408966175,0.00209101443644245));
#2452=CARTESIAN_POINT('',(0.000668003080627298,0.000919466437242089,0.00295550721822122));
#2453=CARTESIAN_POINT('',(0.000816935099183504,0.001124462465518,0.00382));
#2454=CARTESIAN_POINT('',(0.000817828693273885,0.00112569244441169,0.00382518696817826));
#2455=CARTESIAN_POINT('',(0.000818722287364267,0.00112692242330538,0.00383037393635652));
#2456=CARTESIAN_POINT('',(0.000819615881454648,0.00112815240219908,0.00383556090453477));
#2457=CARTESIAN_POINT('',(0.000820509475545029,0.00112938238109277,0.00384074787271303));
#2458=CARTESIAN_POINT('',(0.00082140306963541,0.00113061235998646,0.00384593484089129));
#2459=CARTESIAN_POINT('',(0.000284914136551313,0.000464916737273706,0.00036));
#2460=CARTESIAN_POINT('',(0.000284914136551313,0.000464916737273706,0.00070701443644281));
#2461=CARTESIAN_POINT('',(0.00124802462268764,0.00203593108940783,0.00105402887288562));
#2462=CARTESIAN_POINT('',(0.000461444582408981,0.000752975210367336,0.00209101443644281));
#2463=CARTESIAN_POINT('',(0.000593842416802231,0.000969019065187558,0.0029555072182214));
#2464=CARTESIAN_POINT('',(0.000726240251195482,0.00118506292000778,0.00382));
#2465=CARTESIAN_POINT('',(0.000727034639961175,0.00118635918600754,0.00382518696817826));
#2466=CARTESIAN_POINT('',(0.000727829028726869,0.00118765545200731,0.00383037393635651));
#2467=CARTESIAN_POINT('',(0.000728623417492562,0.00118895171800707,0.00383556090453477));
#2468=CARTESIAN_POINT('',(0.000729417806258255,0.00119024798400683,0.00384074787271303));
#2469=CARTESIAN_POINT('',(0.000730212195023949,0.0011915442500066,0.00384593484089128));
#2470=CARTESIAN_POINT('',(0.000266540191109714,0.000475930659247764,0.00036));
#2471=CARTESIAN_POINT('',(0.000266540191109714,0.000475930659247764,0.000707014436442964));
#2472=CARTESIAN_POINT('',(0.00117122802217762,0.00209050548702542,0.00105402887288593));
#2473=CARTESIAN_POINT('',(0.000431686316303502,0.000770813277749616,0.00209101443644297));
#2474=CARTESIAN_POINT('',(0.000555545910198843,0.000991975241626005,0.00295550721822149));
#2475=CARTESIAN_POINT('',(0.000679405504094183,0.00121313720550239,0.00382));
#2476=CARTESIAN_POINT('',(0.000680148663303431,0.0012144641802245,0.00382518696817826));
#2477=CARTESIAN_POINT('',(0.000680891822512679,0.00121579115494662,0.00383037393635651));
#2478=CARTESIAN_POINT('',(0.000681634981721926,0.00121711812966873,0.00383556090453477));
#2479=CARTESIAN_POINT('',(0.000682378140931174,0.00121844510439084,0.00384074787271302));
#2480=CARTESIAN_POINT('',(0.000683121300140422,0.00121977207911295,0.00384593484089128));
#2481=CARTESIAN_POINT('',(0.000247639913859643,0.000486033127503396,0.00036));
#2482=CARTESIAN_POINT('',(0.000247639913859643,0.000486033127503396,0.000707014436443092));
#2483=CARTESIAN_POINT('',(0.00109135141524395,0.00214113563039604,0.00105402887288618));
#2484=CARTESIAN_POINT('',(0.000401075602305933,0.00078717515561494,0.00209101443644309));
#2485=CARTESIAN_POINT('',(0.00051615236864065,0.0010130316766986,0.00295550721822155));
#2486=CARTESIAN_POINT('',(0.000631229134975368,0.00123888819778226,0.00382));
#2487=CARTESIAN_POINT('',(0.000631919597102544,0.00124024333990999,0.00382518696817826));
#2488=CARTESIAN_POINT('',(0.000632610059229719,0.00124159848203773,0.00383037393635651));
#2489=CARTESIAN_POINT('',(0.000633300521356895,0.00124295362416547,0.00383556090453477));
#2490=CARTESIAN_POINT('',(0.000633990983484071,0.0012443087662932,0.00384074787271302));
#2491=CARTESIAN_POINT('',(0.000634681445611246,0.00124566390842094,0.00384593484089128));
#2492=CARTESIAN_POINT('',(0.000228274193474934,0.000495191524401838,0.00036));
#2493=CARTESIAN_POINT('',(0.000228274193474934,0.000495191524401838,0.000707014436443192));
#2494=CARTESIAN_POINT('',(0.00100865102209314,0.00218749177040475,0.00105402887288638));
#2495=CARTESIAN_POINT('',(0.000369711057917734,0.000802008024361159,0.00209101443644319));
#2496=CARTESIAN_POINT('',(0.000475788706249834,0.00103212039933065,0.00295550721822159));
#2497=CARTESIAN_POINT('',(0.000581866354581934,0.00126223277430014,0.00382));
#2498=CARTESIAN_POINT('',(0.000582502821881512,0.00126361345160774,0.00382518696817826));
#2499=CARTESIAN_POINT('',(0.000583139289181089,0.00126499412891535,0.00383037393635651));
#2500=CARTESIAN_POINT('',(0.000583775756480667,0.00126637480622295,0.00383556090453477));
#2501=CARTESIAN_POINT('',(0.000584412223780244,0.00126775548353056,0.00384074787271302));
#2502=CARTESIAN_POINT('',(0.000585048691079822,0.00126913616083816,0.00384593484089128));
#2503=CARTESIAN_POINT('',(0.000188738872734138,0.000511567569423272,0.00036));
#2504=CARTESIAN_POINT('',(0.000188738872734138,0.000511567569423272,0.000707014436443342));
#2505=CARTESIAN_POINT('',(0.00083812033272054,0.00227100917468493,0.00105402887288668));
#2506=CARTESIAN_POINT('',(0.000305680007270226,0.000828530541339051,0.00209101443644334));
#2507=CARTESIAN_POINT('',(0.000393385858172291,0.00106625277027588,0.00295550721822167));
#2508=CARTESIAN_POINT('',(0.000481091709074357,0.00130397499921272,0.00382));
#2509=CARTESIAN_POINT('',(0.000481617945345226,0.00130540133574525,0.00382518696817826));
#2510=CARTESIAN_POINT('',(0.000482144181616094,0.00130682767227778,0.00383037393635651));
#2511=CARTESIAN_POINT('',(0.000482670417886963,0.00130825400881031,0.00383556090453477));
#2512=CARTESIAN_POINT('',(0.000483196654157831,0.00130968034534284,0.00384074787271302));
#2513=CARTESIAN_POINT('',(0.0004837228904287,0.00131110668187537,0.00384593484089128));
#2514=CARTESIAN_POINT('',(0.000168569272378051,0.000518785217546263,0.00036));
#2515=CARTESIAN_POINT('',(0.000168569272378051,0.000518785217546263,0.000707014436443392));
#2516=CARTESIAN_POINT('',(0.000750296004173207,0.00230815602277732,0.00105402887288678));
#2517=CARTESIAN_POINT('',(0.000273013501010916,0.000840220189570724,0.00209101443644339));
#2518=CARTESIAN_POINT('',(0.000351346672485565,0.00108129641858907,0.0029555072182217));
#2519=CARTESIAN_POINT('',(0.000429679843960214,0.00132237264760741,0.00382));
#2520=CARTESIAN_POINT('',(0.000430149844029972,0.001323819108185,0.00382518696817825));
#2521=CARTESIAN_POINT('',(0.000430619844099729,0.00132526556876259,0.00383037393635651));
#2522=CARTESIAN_POINT('',(0.000431089844169487,0.00132671202934018,0.00383556090453476));
#2523=CARTESIAN_POINT('',(0.000431559844239245,0.00132815848991777,0.00384074787271302));
#2524=CARTESIAN_POINT('',(0.000432029844309002,0.00132960495049535,0.00384593484089128));
#2525=CARTESIAN_POINT('',(0.000148061235185222,0.000525006188250992,0.00036));
#2526=CARTESIAN_POINT('',(0.000148061235185222,0.000525006188250992,0.000707014436443416));
#2527=CARTESIAN_POINT('',(0.000660294995066186,0.00234044675373176,0.00105402887288683));
#2528=CARTESIAN_POINT('',(0.000239798863271125,0.000850295626406956,0.00209101443644341));
#2529=CARTESIAN_POINT('',(0.000308602084335552,0.00109426270502393,0.00295550721822171));
#2530=CARTESIAN_POINT('',(0.00037740530539998,0.0013382297836409,0.00382));
#2531=CARTESIAN_POINT('',(0.00037781812564064,0.0013396935893545,0.00382518696817825));
#2532=CARTESIAN_POINT('',(0.0003782309458813,0.00134115739506809,0.00383037393635651));
#2533=CARTESIAN_POINT('',(0.00037864376612196,0.00134262120078168,0.00383556090453476));
#2534=CARTESIAN_POINT('',(0.00037905658636262,0.00134408500649528,0.00384074787271302));
#2535=CARTESIAN_POINT('',(0.00037946940660328,0.00134554881220887,0.00384593484089127));
#2536=CARTESIAN_POINT('',(0.00012728087877971,0.000530210493115153,0.00036));
#2537=CARTESIAN_POINT('',(0.00012728087877971,0.000530210493115153,0.000707014436443417));
#2538=CARTESIAN_POINT('',(0.000568502223175934,0.00236764341906624,0.00105402887288683));
#2539=CARTESIAN_POINT('',(0.000206143175459541,0.000858724469173563,0.00209101443644342));
#2540=CARTESIAN_POINT('',(0.000265289897969413,0.00110510995121737,0.00295550721822171));
#2541=CARTESIAN_POINT('',(0.000324436620479286,0.00135149543326118,0.00382));
#2542=CARTESIAN_POINT('',(0.000324791501600301,0.00135297374942747,0.00382518696817825));
#2543=CARTESIAN_POINT('',(0.000325146382721316,0.00135445206559376,0.00383037393635651));
#2544=CARTESIAN_POINT('',(0.000325501263842331,0.00135593038176005,0.00383556090453476));
#2545=CARTESIAN_POINT('',(0.000325856144963346,0.00135740869792635,0.00384074787271302));
#2546=CARTESIAN_POINT('',(0.000326211026084361,0.00135888701409264,0.00384593484089127));
#2547=CARTESIAN_POINT('',(8.53103782358345E-5,0.000538558945666572,0.00036));
#2548=CARTESIAN_POINT('',(8.53103782358345E-5,0.000538558945666572,0.000707014436443373));
#2549=CARTESIAN_POINT('',(0.000382105604826277,0.00241138587288005,0.00105402887288675));
#2550=CARTESIAN_POINT('',(0.000138168101395727,0.000872245520591737,0.00209101443644337));
#2551=CARTESIAN_POINT('',(0.000177811393765645,0.00112251045178561,0.00295550721822169));
#2552=CARTESIAN_POINT('',(0.000217454686135564,0.00137277538297948,0.00382));
#2553=CARTESIAN_POINT('',(0.000217692546416573,0.00137427697589223,0.00382518696817825));
#2554=CARTESIAN_POINT('',(0.000217930406697582,0.00137577856880497,0.00383037393635651));
#2555=CARTESIAN_POINT('',(0.000218168266978591,0.00137728016171771,0.00383556090453476));
#2556=CARTESIAN_POINT('',(0.0002184061272596,0.00137878175463046,0.00384074787271302));
#2557=CARTESIAN_POINT('',(0.000218643987540609,0.0013802833475432,0.00384593484089128));
#2558=CARTESIAN_POINT('',(6.41202340974714E-5,0.000541703093353831,0.00036));
#2559=CARTESIAN_POINT('',(6.41202340974714E-5,0.000541703093353831,0.000707014436443328));
#2560=CARTESIAN_POINT('',(0.000287514927435167,0.00242792287094374,0.00105402887288665));
#2561=CARTESIAN_POINT('',(0.000103848715143498,0.000877337729243304,0.00209101443644333));
#2562=CARTESIAN_POINT('',(0.000133645075928017,0.00112906370616041,0.00295550721822167));
#2563=CARTESIAN_POINT('',(0.000163441436712537,0.00138078968307751,0.00382));
#2564=CARTESIAN_POINT('',(0.000163620215273185,0.00138230004228401,0.00382518696817826));
#2565=CARTESIAN_POINT('',(0.000163798993833833,0.00138381040149051,0.00383037393635651));
#2566=CARTESIAN_POINT('',(0.000163977772394482,0.001385320760697,0.00383556090453477));
#2567=CARTESIAN_POINT('',(0.00016415655095513,0.0013868311199035,0.00384074787271302));
#2568=CARTESIAN_POINT('',(0.000164335329515778,0.00138834147911,0.00384593484089128));
#2569=CARTESIAN_POINT('',(4.27926214389397E-5,0.000543803749704757,0.00036));
#2570=CARTESIAN_POINT('',(4.27926214389397E-5,0.000543803749704757,0.00070701443644326));
#2571=CARTESIAN_POINT('',(0.000191992482426001,0.00243903216601066,0.00105402887288652));
#2572=CARTESIAN_POINT('',(6.93066805224182E-5,0.000880739897849455,0.00209101443644326));
#2573=CARTESIAN_POINT('',(8.9192224835027E-5,0.00113344200895798,0.00295550721822163));
#2574=CARTESIAN_POINT('',(0.000109077769147636,0.0013861441200665,0.00382));
#2575=CARTESIAN_POINT('',(0.000109197082677755,0.00138766033609112,0.00382518696817826));
#2576=CARTESIAN_POINT('',(0.000109316396207875,0.00138917655211574,0.00383037393635651));
#2577=CARTESIAN_POINT('',(0.000109435709737994,0.00139069276814035,0.00383556090453477));
#2578=CARTESIAN_POINT('',(0.000109555023268114,0.00139220898416497,0.00384074787271302));
#2579=CARTESIAN_POINT('',(0.000109674336798233,0.00139372520018959,0.00384593484089128));
#2580=CARTESIAN_POINT('',(2.13962733286943E-5,0.000544854077645892,0.00036));
#2581=CARTESIAN_POINT('',(2.13962733286943E-5,0.000544854077645892,0.000707014436443172));
#2582=CARTESIAN_POINT('',(9.60001781192006E-5,0.00244462685960168,0.00105402887288634));
#2583=CARTESIAN_POINT('',(3.46533178267438E-5,0.000882440963108587,0.00209101443644317));
#2584=CARTESIAN_POINT('',(4.45961012002809E-5,0.00113563112720561,0.00295550721822158));
#2585=CARTESIAN_POINT('',(5.4538884573818E-5,0.00138882129130263,0.00382));
#2586=CARTESIAN_POINT('',(5.45985414061813E-5,0.00139034043565166,0.00382518696817826));
#2587=CARTESIAN_POINT('',(5.46581982385446E-5,0.0013918595800007,0.00383037393635651));
#2588=CARTESIAN_POINT('',(5.47178550709079E-5,0.00139337872434973,0.00383556090453477));
#2589=CARTESIAN_POINT('',(5.47775119032711E-5,0.00139489786869876,0.00384074787271302));
#2590=CARTESIAN_POINT('',(5.48371687356344E-5,0.0013964170130478,0.00384593484089128));
#2591=CARTESIAN_POINT('',(-2.13964257197476E-5,0.000544854076042909,0.00036));
#2592=CARTESIAN_POINT('',(-2.13964257197476E-5,0.000544854076042909,0.000707014436442953));
#2593=CARTESIAN_POINT('',(-9.60003305102536E-5,0.00244462692035488,0.00105402887288591));
#2594=CARTESIAN_POINT('',(-3.46534092613756E-5,0.000882440962146798,0.00209101443644296));
#2595=CARTESIAN_POINT('',(-4.45961469175968E-5,0.00113563112672471,0.00295550721822148));
#2596=CARTESIAN_POINT('',(-5.45388845738178E-5,0.00138882129130263,0.00382));
#2597=CARTESIAN_POINT('',(-5.45985411318766E-5,0.00139034043565455,0.00382518696817826));
#2598=CARTESIAN_POINT('',(-5.46581976899354E-5,0.00139185958000647,0.00383037393635651));
#2599=CARTESIAN_POINT('',(-5.47178542479942E-5,0.00139337872435839,0.00383556090453477));
#2600=CARTESIAN_POINT('',(-5.47775108060529E-5,0.0013948978687103,0.00384074787271302));
#2601=CARTESIAN_POINT('',(-5.48371673641117E-5,0.00139641701306222,0.00384593484089128));
#2602=CARTESIAN_POINT('',(-4.2792776657944E-5,0.000543803746498791,0.00036));
#2603=CARTESIAN_POINT('',(-4.2792776657944E-5,0.000543803746498791,0.000707014436442824));
#2604=CARTESIAN_POINT('',(-0.000191992638051849,0.00243903219900548,0.00105402887288565));
#2605=CARTESIAN_POINT('',(-6.93067736538207E-5,0.000880739895925876,0.00209101443644283));
#2606=CARTESIAN_POINT('',(-8.91922714007282E-5,0.00113344200799619,0.00295550721822141));
#2607=CARTESIAN_POINT('',(-0.000109077769147636,0.0013861441200665,0.00382));
#2608=CARTESIAN_POINT('',(-0.00010919708239836,0.00138766033609689,0.00382518696817826));
#2609=CARTESIAN_POINT('',(-0.000109316395649085,0.00138917655212728,0.00383037393635651));
#2610=CARTESIAN_POINT('',(-0.00010943570889981,0.00139069276815766,0.00383556090453477));
#2611=CARTESIAN_POINT('',(-0.000109555022150534,0.00139220898418805,0.00384074787271303));
#2612=CARTESIAN_POINT('',(-0.000109674335401259,0.00139372520021844,0.00384593484089128));
#2613=CARTESIAN_POINT('',(-6.41203949723779E-5,0.000541703087879211,0.00036));
#2614=CARTESIAN_POINT('',(-6.41203949723779E-5,0.000541703087879211,0.000707014436442675));
#2615=CARTESIAN_POINT('',(-0.000287515087094229,0.00242792283413326,0.00105402887288535));
#2616=CARTESIAN_POINT('',(-0.000103848811668441,0.000877337725958532,0.00209101443644267));
#2617=CARTESIAN_POINT('',(-0.000133645124190489,0.00112906370451802,0.00295550721822134));
#2618=CARTESIAN_POINT('',(-0.000163441436712537,0.00138078968307751,0.00382));
#2619=CARTESIAN_POINT('',(-0.00016362021498361,0.00138230004229386,0.00382518696817826));
#2620=CARTESIAN_POINT('',(-0.000163798993254683,0.00138381040151021,0.00383037393635651));
#2621=CARTESIAN_POINT('',(-0.000163977771525755,0.00138532076072657,0.00383556090453477));
#2622=CARTESIAN_POINT('',(-0.000164156549796828,0.00138683111994292,0.00384074787271303));
#2623=CARTESIAN_POINT('',(-0.000164335328067901,0.00138834147915927,0.00384593484089129));
#2624=CARTESIAN_POINT('',(-8.53105456560275E-5,0.000538558936591952,0.00036));
#2625=CARTESIAN_POINT('',(-8.53105456560275E-5,0.000538558936591952,0.000707014436442507));
#2626=CARTESIAN_POINT('',(-0.000382105764942034,0.00241138577068205,0.00105402887288501));
#2627=CARTESIAN_POINT('',(-0.000138168201847842,0.000872245515146965,0.0020910144364425));
#2628=CARTESIAN_POINT('',(-0.000177811443991703,0.00112251044906322,0.00295550721822125));
#2629=CARTESIAN_POINT('',(-0.000217454686135564,0.00137277538297948,0.00382));
#2630=CARTESIAN_POINT('',(-0.000217692546115216,0.00137427697590856,0.00382518696817826));
#2631=CARTESIAN_POINT('',(-0.000217930406094868,0.00137577856883764,0.00383037393635652));
#2632=CARTESIAN_POINT('',(-0.00021816826607452,0.00137728016176672,0.00383556090453477));
#2633=CARTESIAN_POINT('',(-0.000218406126054172,0.00137878175469579,0.00384074787271303));
#2634=CARTESIAN_POINT('',(-0.000218643986033824,0.00138028334762487,0.00384593484089129));
#2635=CARTESIAN_POINT('',(-0.000127281057404657,0.000530210473555021,0.00036));
#2636=CARTESIAN_POINT('',(-0.000127281057404657,0.000530210473555021,0.000707014436442135));
#2637=CARTESIAN_POINT('',(-0.0005685023685147,0.00236764328856668,0.00105402887288427));
#2638=CARTESIAN_POINT('',(-0.000206143282634509,0.000858724457437485,0.00209101443644214));
#2639=CARTESIAN_POINT('',(-0.000265289951556897,0.00110510994534933,0.00295550721822107));
#2640=CARTESIAN_POINT('',(-0.000324436620479286,0.00135149543326118,0.00382));
#2641=CARTESIAN_POINT('',(-0.000324791501278775,0.00135297374946268,0.00382518696817826));
#2642=CARTESIAN_POINT('',(-0.000325146382078264,0.00135445206566418,0.00383037393635652));
#2643=CARTESIAN_POINT('',(-0.000325501262877753,0.00135593038186568,0.00383556090453478));
#2644=CARTESIAN_POINT('',(-0.000325856143677243,0.00135740869806718,0.00384074787271303));
#2645=CARTESIAN_POINT('',(-0.000326211024476732,0.00135888701426868,0.00384593484089129));
#2646=CARTESIAN_POINT('',(-0.000148061418469637,0.000525006161805349,0.00036));
#2647=CARTESIAN_POINT('',(-0.000148061418469637,0.000525006161805349,0.000707014436441931));
#2648=CARTESIAN_POINT('',(-0.0006602951450184,0.00234044661727276,0.00105402887288386));
#2649=CARTESIAN_POINT('',(-0.000239798973241774,0.000850295610539571,0.00209101443644193));
#2650=CARTESIAN_POINT('',(-0.000308602139320877,0.00109426269709024,0.00295550721822097));
#2651=CARTESIAN_POINT('',(-0.000377405305399979,0.0013382297836409,0.00382));
#2652=CARTESIAN_POINT('',(-0.000377818125310726,0.0013396935894021,0.00382518696817826));
#2653=CARTESIAN_POINT('',(-0.000378230945221474,0.0013411573951633,0.00383037393635652));
#2654=CARTESIAN_POINT('',(-0.000378643765132221,0.00134262120092449,0.00383556090453478));
#2655=CARTESIAN_POINT('',(-0.000379056585042969,0.00134408500668569,0.00384074787271304));
#2656=CARTESIAN_POINT('',(-0.000379469404953716,0.00134554881244688,0.0038459348408913));
#2657=CARTESIAN_POINT('',(-0.000168569457546732,0.000518785182260941,0.00036));
#2658=CARTESIAN_POINT('',(-0.000168569457546732,0.000518785182260941,0.00070701443644171));
#2659=CARTESIAN_POINT('',(-0.000750296161825149,0.00230815588663164,0.00105402887288342));
#2660=CARTESIAN_POINT('',(-0.000273013612112125,0.000840220168399531,0.00209101443644171));
#2661=CARTESIAN_POINT('',(-0.000351346728036169,0.00108129640800347,0.00295550721822086));
#2662=CARTESIAN_POINT('',(-0.000429679843960213,0.00132237264760742,0.00382));
#2663=CARTESIAN_POINT('',(-0.000430149843696666,0.00132381910824852,0.00382518696817826));
#2664=CARTESIAN_POINT('',(-0.000430619843433119,0.00132526556888962,0.00383037393635652));
#2665=CARTESIAN_POINT('',(-0.000431089843169572,0.00132671202953072,0.00383556090453478));
#2666=CARTESIAN_POINT('',(-0.000431559842906026,0.00132815849017182,0.00384074787271304));
#2667=CARTESIAN_POINT('',(-0.000432029842642479,0.00132960495081293,0.0038459348408913));
#2668=CARTESIAN_POINT('',(-0.000188739055285863,0.000511567523386953,0.00036));
#2669=CARTESIAN_POINT('',(-0.000188739055285863,0.000511567523386953,0.000707014436441473));
#2670=CARTESIAN_POINT('',(-0.000838120492349101,0.00227100904356103,0.00105402887288295));
#2671=CARTESIAN_POINT('',(-0.00030568011680126,0.00082853051371726,0.00209101443644147));
#2672=CARTESIAN_POINT('',(-0.000393385912937808,0.00106625275646499,0.00295550721822073));
#2673=CARTESIAN_POINT('',(-0.000481091709074356,0.00130397499921272,0.00382));
#2674=CARTESIAN_POINT('',(-0.000481617945016631,0.00130540133582812,0.00382518696817826));
#2675=CARTESIAN_POINT('',(-0.000482144180958905,0.00130682767244351,0.00383037393635652));
#2676=CARTESIAN_POINT('',(-0.00048267041690118,0.00130825400905891,0.00383556090453478));
#2677=CARTESIAN_POINT('',(-0.000483196652843455,0.0013096803456743,0.00384074787271304));
#2678=CARTESIAN_POINT('',(-0.00048372288878573,0.0013111066822897,0.0038459348408913));
#2679=CARTESIAN_POINT('',(-0.000228274362640487,0.000495191454543633,0.00036));
#2680=CARTESIAN_POINT('',(-0.000228274362640487,0.000495191454543633,0.000707014436440969));
#2681=CARTESIAN_POINT('',(-0.00100865116091217,0.00218749165702975,0.00105402887288194));
#2682=CARTESIAN_POINT('',(-0.000369711159417065,0.000802007982446236,0.00209101443644097));
#2683=CARTESIAN_POINT('',(-0.000475788756999499,0.00103212037837319,0.00295550721822049));
#2684=CARTESIAN_POINT('',(-0.000581866354581933,0.00126223277430014,0.00382));
#2685=CARTESIAN_POINT('',(-0.000582502821577012,0.00126361345173349,0.00382518696817826));
#2686=CARTESIAN_POINT('',(-0.000583139288572091,0.00126499412916684,0.00383037393635652));
#2687=CARTESIAN_POINT('',(-0.00058377575556717,0.00126637480660019,0.00383556090453479));
#2688=CARTESIAN_POINT('',(-0.000584412222562248,0.00126775548403354,0.00384074787271305));
#2689=CARTESIAN_POINT('',(-0.000585048689557327,0.00126913616146689,0.00384593484089131));
#2690=CARTESIAN_POINT('',(-0.000247640072255981,0.000486033044574301,0.00036));
#2691=CARTESIAN_POINT('',(-0.000247640072255981,0.000486033044574301,0.000707014436440701));
#2692=CARTESIAN_POINT('',(-0.00109135157659749,0.0021411355657203,0.0010540288728814));
#2693=CARTESIAN_POINT('',(-0.000401075697343735,0.000787175105857483,0.0020910144364407));
#2694=CARTESIAN_POINT('',(-0.000516152416159551,0.00101303165181987,0.00295550721822035));
#2695=CARTESIAN_POINT('',(-0.000631229134975367,0.00123888819778226,0.00382));
#2696=CARTESIAN_POINT('',(-0.000631919596817429,0.00124024334005927,0.00382518696817826));
#2697=CARTESIAN_POINT('',(-0.00063261005865949,0.00124159848233628,0.00383037393635653));
#2698=CARTESIAN_POINT('',(-0.000633300520501552,0.00124295362461329,0.00383556090453479));
#2699=CARTESIAN_POINT('',(-0.000633990982343613,0.0012443087668903,0.00384074787271305));
#2700=CARTESIAN_POINT('',(-0.000634681444185675,0.00124566390916731,0.00384593484089132));
#2701=CARTESIAN_POINT('',(-0.000266540335085802,0.000475930562839203,0.00036));
#2702=CARTESIAN_POINT('',(-0.000266540335085802,0.000475930562839203,0.000707014436440419));
#2703=CARTESIAN_POINT('',(-0.00117122821970202,0.00209050548578663,0.00105402887288084));
#2704=CARTESIAN_POINT('',(-0.000431686402689154,0.00077081321990448,0.00209101443644042));
#2705=CARTESIAN_POINT('',(-0.000555545953391668,0.000991975212703437,0.00295550721822021));
#2706=CARTESIAN_POINT('',(-0.000679405504094182,0.00121313720550239,0.00382));
#2707=CARTESIAN_POINT('',(-0.000680148663044272,0.00121446418039804,0.00382518696817826));
#2708=CARTESIAN_POINT('',(-0.000680891821994362,0.00121579115529369,0.00383037393635653));
#2709=CARTESIAN_POINT('',(-0.000681634980944453,0.00121711813018933,0.00383556090453479));
#2710=CARTESIAN_POINT('',(-0.000682378139894543,0.00121844510508498,0.00384074787271306));
#2711=CARTESIAN_POINT('',(-0.000683121298844633,0.00121977207998063,0.00384593484089132));
#2712=CARTESIAN_POINT('',(-0.000284914265032323,0.000464916628436997,0.00036));
#2713=CARTESIAN_POINT('',(-0.000284914265032323,0.000464916628436997,0.000707014436440123));
#2714=CARTESIAN_POINT('',(-0.0012480248528674,0.00203593114196507,0.00105402887288025));
#2715=CARTESIAN_POINT('',(-0.000461444659497587,0.000752975145065311,0.00209101443644012));
#2716=CARTESIAN_POINT('',(-0.000593842455346534,0.000969019032536546,0.00295550721822006));
#2717=CARTESIAN_POINT('',(-0.000726240251195481,0.00118506292000778,0.00382));
#2718=CARTESIAN_POINT('',(-0.000727034639729908,0.00118635918620345,0.00382518696817826));
#2719=CARTESIAN_POINT('',(-0.000727829028264335,0.00118765545239912,0.00383037393635653));
#2720=CARTESIAN_POINT('',(-0.000728623416798762,0.00118895171859479,0.00383556090453479));
#2721=CARTESIAN_POINT('',(-0.000729417805333189,0.00119024798479046,0.00384074787271306));
#2722=CARTESIAN_POINT('',(-0.000730212193867616,0.00119154425098613,0.00384593484089132));
#2723=CARTESIAN_POINT('',(-0.000320495137089201,0.000441142241876182,0.00036));
#2724=CARTESIAN_POINT('',(-0.000320495137089201,0.000441142241876182,0.000707014436439506));
#2725=CARTESIAN_POINT('',(-0.00139495307472883,0.00191956452539938,0.00105402887287901));
#2726=CARTESIAN_POINT('',(-0.000519071121926922,0.000714470331332911,0.00209101443643951));
#2727=CARTESIAN_POINT('',(-0.000668003110555213,0.000919466398425458,0.00295550721821976));
#2728=CARTESIAN_POINT('',(-0.000816935099183503,0.001124462465518,0.00382));
#2729=CARTESIAN_POINT('',(-0.000817828693094316,0.0011256924446446,0.00382518696817827));
#2730=CARTESIAN_POINT('',(-0.00081872228700513,0.00112692242377119,0.00383037393635653));
#2731=CARTESIAN_POINT('',(-0.000819615880915943,0.00112815240289778,0.0038355609045348));
#2732=CARTESIAN_POINT('',(-0.000820509474826756,0.00112938238202437,0.00384074787271307));
#2733=CARTESIAN_POINT('',(-0.00082140306873757,0.00113061236115096,0.00384593484089133));
#2734=CARTESIAN_POINT('',(-0.000337702079199556,0.000428381789717575,0.00036));
#2735=CARTESIAN_POINT('',(-0.000337702079199556,0.000428381789717575,0.000707014436439184));
#2736=CARTESIAN_POINT('',(-0.00146508793729389,0.00185778691785375,0.00105402887287837));
#2737=CARTESIAN_POINT('',(-0.000546939327547824,0.000693803592439681,0.00209101443643919));
#2738=CARTESIAN_POINT('',(-0.000703867263809025,0.000892869944481261,0.0029555072182196));
#2739=CARTESIAN_POINT('',(-0.000860795200070227,0.00109193629652284,0.00382));
#2740=CARTESIAN_POINT('',(-0.00086173676977309,0.00109313069728033,0.00382518696817827));
#2741=CARTESIAN_POINT('',(-0.000862678339475953,0.00109432509803782,0.00383037393635654));
#2742=CARTESIAN_POINT('',(-0.000863619909178816,0.00109551949879531,0.0038355609045348));
#2743=CARTESIAN_POINT('',(-0.000864561478881678,0.0010967138995528,0.00384074787271307));
#2744=CARTESIAN_POINT('',(-0.000865503048584541,0.00109790830031029,0.00384593484089134));
#2745=CARTESIAN_POINT('',(-0.000354268366357046,0.000414786272469671,0.00036));
#2746=CARTESIAN_POINT('',(-0.000354268366357046,0.000414786272469671,0.000707014436438851));
#2747=CARTESIAN_POINT('',(-0.00153177109014645,0.00179275467183273,0.0010540288728777));
#2748=CARTESIAN_POINT('',(-0.000573769930518184,0.000671784378378554,0.00209101443643885));
#2749=CARTESIAN_POINT('',(-0.000738396103639037,0.000864532957810217,0.00295550721821943));
#2750=CARTESIAN_POINT('',(-0.00090302227675989,0.00105728153724188,0.00382));
#2751=CARTESIAN_POINT('',(-0.000904010035986207,0.00105843803127976,0.00382518696817827));
#2752=CARTESIAN_POINT('',(-0.000904997795212523,0.00105959452531764,0.00383037393635654));
#2753=CARTESIAN_POINT('',(-0.00090598555443884,0.00106075101935552,0.00383556090453481));
#2754=CARTESIAN_POINT('',(-0.000906973313665157,0.0010619075133934,0.00384074787271308));
#2755=CARTESIAN_POINT('',(-0.000907961072891474,0.00106306400743127,0.00384593484089134));
#2756=CARTESIAN_POINT('',(-0.000370140562589732,0.000400399458611631,0.00036));
#2757=CARTESIAN_POINT('',(-0.000370140562589732,0.000400399458611631,0.000707014436438506));
#2758=CARTESIAN_POINT('',(-0.00159488379700255,0.00172481302281398,0.00105402887287701));
#2759=CARTESIAN_POINT('',(-0.000599476392680179,0.000648483582389716,0.00209101443643851));
#2760=CARTESIAN_POINT('',(-0.000771478265248015,0.00083454667522328,0.00295550721821926));
#2761=CARTESIAN_POINT('',(-0.00094348013781585,0.00102060976805684,0.00382));
#2762=CARTESIAN_POINT('',(-0.000944512151336859,0.0010217261490863,0.00382518696817827));
#2763=CARTESIAN_POINT('',(-0.000945544164857867,0.00102284253011575,0.00383037393635654));
#2764=CARTESIAN_POINT('',(-0.000946576178378876,0.0010239589111452,0.00383556090453481));
#2765=CARTESIAN_POINT('',(-0.000947608191899885,0.00102507529217465,0.00384074787271308));
#2766=CARTESIAN_POINT('',(-0.000948640205420894,0.0010261916732041,0.00384593484089135));
#2767=CARTESIAN_POINT('',(-0.000400399568260553,0.000370140442761082,0.00036));
#2768=CARTESIAN_POINT('',(-0.000400399568260553,0.000370140442761082,0.000707014436437797));
#2769=CARTESIAN_POINT('',(-0.00171374051315275,0.00158381105786376,0.0010540288728756));
#2770=CARTESIAN_POINT('',(-0.00064848364817907,0.000599476320782989,0.0020910144364378));
#2771=CARTESIAN_POINT('',(-0.000834546708117957,0.00077147822929942,0.0029555072182189));
#2772=CARTESIAN_POINT('',(-0.00102060976805684,0.00094348013781585,0.00382));
#2773=CARTESIAN_POINT('',(-0.00102172614888893,0.000944512151552551,0.00382518696817827));
#2774=CARTESIAN_POINT('',(-0.00102284252972101,0.000945544165289251,0.00383037393635654));
#2775=CARTESIAN_POINT('',(-0.00102395891055309,0.000946576179025952,0.00383556090453482));
#2776=CARTESIAN_POINT('',(-0.00102507529138518,0.000947608192762653,0.00384074787271309));
#2777=CARTESIAN_POINT('',(-0.00102619167221726,0.000948640206499354,0.00384593484089136));
#2778=CARTESIAN_POINT('',(-0.000414786377698687,0.000354268240768574,0.00036));
#2779=CARTESIAN_POINT('',(-0.000414786377698687,0.000354268240768574,0.000707014436437432));
#2780=CARTESIAN_POINT('',(-0.00176949591036159,0.00151076039369803,0.00105402887287486));
#2781=CARTESIAN_POINT('',(-0.000671784441515964,0.000573769855165101,0.00209101443643743));
#2782=CARTESIAN_POINT('',(-0.000864532989378921,0.000738396065962496,0.00295550721821872));
#2783=CARTESIAN_POINT('',(-0.00105728153724188,0.000903022276759891,0.00382));
#2784=CARTESIAN_POINT('',(-0.00105843803109034,0.000904010036212267,0.00382518696817827));
#2785=CARTESIAN_POINT('',(-0.00105959452493881,0.000904997795664644,0.00383037393635655));
#2786=CARTESIAN_POINT('',(-0.00106075101878728,0.00090598555511702,0.00383556090453482));
#2787=CARTESIAN_POINT('',(-0.00106190751263574,0.000906973314569397,0.00384074787271309));
#2788=CARTESIAN_POINT('',(-0.00106306400648421,0.000907961074021773,0.00384593484089137));
#2789=CARTESIAN_POINT('',(-0.000428381891267073,0.000337701947251737,0.00036));
#2790=CARTESIAN_POINT('',(-0.000428381891267073,0.000337701947251737,0.000707014436437058));
#2791=CARTESIAN_POINT('',(-0.00182155680453465,0.00143545176117819,0.00105402887287412));
#2792=CARTESIAN_POINT('',(-0.00069380365336938,0.000546939248379133,0.00209101443643706));
#2793=CARTESIAN_POINT('',(-0.00089286997494611,0.00070386722422468,0.00295550721821853));
#2794=CARTESIAN_POINT('',(-0.00109193629652284,0.000860795200070227,0.00382));
#2795=CARTESIAN_POINT('',(-0.00109313069709754,0.000861736770010597,0.00382518696817827));
#2796=CARTESIAN_POINT('',(-0.00109432509767224,0.000862678339950966,0.00383037393635655));
#2797=CARTESIAN_POINT('',(-0.00109551949824694,0.000863619909891335,0.00383556090453482));
#2798=CARTESIAN_POINT('',(-0.00109671389882164,0.000864561479831705,0.0038407478727131));
#2799=CARTESIAN_POINT('',(-0.00109790829939634,0.000865503049772074,0.00384593484089137));
#2800=CARTESIAN_POINT('',(-0.000441142339992702,0.000320494998817226,0.00036));
#2801=CARTESIAN_POINT('',(-0.000441142339992702,0.000320494998817226,0.000707014436436675));
#2802=CARTESIAN_POINT('',(-0.0018699064870019,0.00135818170770451,0.00105402887287335));
#2803=CARTESIAN_POINT('',(-0.000714470390202823,0.000519071038963737,0.00209101443643667));
#2804=CARTESIAN_POINT('',(-0.000919466427860413,0.00066800306907362,0.00295550721821834));
#2805=CARTESIAN_POINT('',(-0.001124462465518,0.000816935099183504,0.00382));
#2806=CARTESIAN_POINT('',(-0.00112569244446799,0.000817828693343207,0.00382518696817828));
#2807=CARTESIAN_POINT('',(-0.00112692242341797,0.000818722287502911,0.00383037393635655));
#2808=CARTESIAN_POINT('',(-0.00112815240236795,0.000819615881662614,0.00383556090453483));
#2809=CARTESIAN_POINT('',(-0.00112938238131793,0.000820509475822318,0.0038407478727131));
#2810=CARTESIAN_POINT('',(-0.00113061236026791,0.000821403069982021,0.00384593484089138));
#2811=CARTESIAN_POINT('',(-0.000464916719218389,0.000284914115306723,0.00036));
#2812=CARTESIAN_POINT('',(-0.000464916719218389,0.000284914115306723,0.000707014436435894));
#2813=CARTESIAN_POINT('',(-0.00195916116059066,0.00120031930363058,0.00105402887287179));
#2814=CARTESIAN_POINT('',(-0.000752975199534146,0.000461444569662226,0.00209101443643589));
#2815=CARTESIAN_POINT('',(-0.000969019059770963,0.000593842410428854,0.00295550721821795));
#2816=CARTESIAN_POINT('',(-0.00118506292000778,0.000726240251195482,0.00382));
#2817=CARTESIAN_POINT('',(-0.00118635918604004,0.000727034639999416,0.00382518696817828));
#2818=CARTESIAN_POINT('',(-0.00118765545207231,0.000727829028803349,0.00383037393635655));
#2819=CARTESIAN_POINT('',(-0.00118895171810457,0.000728623417607283,0.00383556090453483));
#2820=CARTESIAN_POINT('',(-0.00119024798413683,0.000729417806411217,0.00384074787271311));
#2821=CARTESIAN_POINT('',(-0.00119154425016909,0.00073021219521515,0.00384593484089139));
#2822=CARTESIAN_POINT('',(-0.000475930649718447,0.000266540180230731,0.00036));
#2823=CARTESIAN_POINT('',(-0.000475930649718447,0.000266540180230731,0.000707014436435496));
#2824=CARTESIAN_POINT('',(-0.00200008120294812,0.00111972738073357,0.00105402887287099));
#2825=CARTESIAN_POINT('',(-0.000770813272032026,0.000431686309776112,0.00209101443643549));
#2826=CARTESIAN_POINT('',(-0.00099197523876721,0.000555545906935147,0.00295550721821775));
#2827=CARTESIAN_POINT('',(-0.00121313720550239,0.000679405504094183,0.00382));
#2828=CARTESIAN_POINT('',(-0.00121446418024166,0.000680148663323013,0.00382518696817828));
#2829=CARTESIAN_POINT('',(-0.00121579115498092,0.000680891822551843,0.00383037393635656));
#2830=CARTESIAN_POINT('',(-0.00121711812972019,0.000681634981780673,0.00383556090453484));
#2831=CARTESIAN_POINT('',(-0.00121844510445945,0.000682378141009503,0.00384074787271311));
#2832=CARTESIAN_POINT('',(-0.00121977207919871,0.000683121300238332,0.00384593484089139));
#2833=CARTESIAN_POINT('',(-0.000486033126835691,0.000247639913430936,0.00036));
#2834=CARTESIAN_POINT('',(-0.000486033126835691,0.000247639913430936,0.000707014436435091));
#2835=CARTESIAN_POINT('',(-0.00203730744448156,0.00103769062185803,0.00105402887287018));
#2836=CARTESIAN_POINT('',(-0.000787175155214317,0.000401075602048709,0.00209101443643509));
#2837=CARTESIAN_POINT('',(-0.00101303167649829,0.000516152368512038,0.00295550721821755));
#2838=CARTESIAN_POINT('',(-0.00123888819778226,0.000631229134975367,0.00382));
#2839=CARTESIAN_POINT('',(-0.0012402433399112,0.000631919597103314,0.00382518696817828));
#2840=CARTESIAN_POINT('',(-0.00124159848204014,0.000632610059231262,0.00383037393635656));
#2841=CARTESIAN_POINT('',(-0.00124295362416907,0.000633300521359209,0.00383556090453484));
#2842=CARTESIAN_POINT('',(-0.00124430876629801,0.000633990983487156,0.00384074787271312));
#2843=CARTESIAN_POINT('',(-0.00124566390842695,0.000634681445615104,0.0038459348408914));
#2844=CARTESIAN_POINT('',(-0.000495191531003072,0.000228274201494556,0.00036));
#2845=CARTESIAN_POINT('',(-0.000495191531003072,0.000228274201494556,0.00070701443643468));
#2846=CARTESIAN_POINT('',(-0.00207085895350684,0.000954428636875806,0.00105402887286936));
#2847=CARTESIAN_POINT('',(-0.000802008028321899,0.000369711062729507,0.00209101443643468));
#2848=CARTESIAN_POINT('',(-0.00103212040131102,0.00047578870865572,0.00295550721821734));
#2849=CARTESIAN_POINT('',(-0.00126223277430014,0.000581866354581933,0.00382));
#2850=CARTESIAN_POINT('',(-0.00126361345159586,0.000582502821867075,0.00382518696817828));
#2851=CARTESIAN_POINT('',(-0.00126499412889159,0.000583139289152217,0.00383037393635656));
#2852=CARTESIAN_POINT('',(-0.00126637480618731,0.00058377575643736,0.00383556090453484));
#2853=CARTESIAN_POINT('',(-0.00126775548348303,0.000584412223722502,0.00384074787271312));
#2854=CARTESIAN_POINT('',(-0.00126913616077875,0.000585048691007644,0.00384593484089141));
#2855=CARTESIAN_POINT('',(-0.000511567586116994,0.000188738892356692,0.00036));
#2856=CARTESIAN_POINT('',(-0.000511567586116994,0.000188738892356692,0.000707014436433848));
#2857=CARTESIAN_POINT('',(-0.00213066327498581,0.000785898666275228,0.0010540288728677));
#2858=CARTESIAN_POINT('',(-0.000828530551355284,0.000305680019043757,0.00209101443643385));
#2859=CARTESIAN_POINT('',(-0.001066252775284,0.000393385864059057,0.00295550721821693));
#2860=CARTESIAN_POINT('',(-0.00130397499921272,0.000481091709074356,0.00382));
#2861=CARTESIAN_POINT('',(-0.0013054013357152,0.000481617945309904,0.00382518696817828));
#2862=CARTESIAN_POINT('',(-0.00130682767221768,0.000482144181545452,0.00383037393635657));
#2863=CARTESIAN_POINT('',(-0.00130825400872017,0.000482670417781,0.00383556090453485));
#2864=CARTESIAN_POINT('',(-0.00130968034522265,0.000483196654016547,0.00384074787271313));
#2865=CARTESIAN_POINT('',(-0.00131110668172513,0.000483722890252095,0.00384593484089142));
#2866=CARTESIAN_POINT('',(-0.000518785237063535,0.000168569295155208,0.00036));
#2867=CARTESIAN_POINT('',(-0.000518785237063535,0.000168569295155208,0.000707014436433427));
#2868=CARTESIAN_POINT('',(-0.00215692862594302,0.000700620940247904,0.00105402887286685));
#2869=CARTESIAN_POINT('',(-0.000840220201281087,0.00027301351467721,0.00209101443643342));
#2870=CARTESIAN_POINT('',(-0.00108129642444425,0.000351346679318711,0.00295550721821672));
#2871=CARTESIAN_POINT('',(-0.00132237264760742,0.000429679843960213,0.00382));
#2872=CARTESIAN_POINT('',(-0.00132381910814987,0.000430149843988972,0.00382518696817828));
#2873=CARTESIAN_POINT('',(-0.00132526556869233,0.00043061984401773,0.00383037393635657));
#2874=CARTESIAN_POINT('',(-0.00132671202923479,0.000431089844046489,0.00383556090453485));
#2875=CARTESIAN_POINT('',(-0.00132815848977724,0.000431559844075248,0.00384074787271314));
#2876=CARTESIAN_POINT('',(-0.0013296049503197,0.000432029844104006,0.00384593484089142));
#2877=CARTESIAN_POINT('',(-0.0005250062077391,0.000148061257825207,0.00036));
#2878=CARTESIAN_POINT('',(-0.0005250062077391,0.000148061257825207,0.000707014436433001));
#2879=CARTESIAN_POINT('',(-0.00217953649471081,0.000614491962087508,0.001054028872866));
#2880=CARTESIAN_POINT('',(-0.000850295638099821,0.000239798876855116,0.00209101443643301));
#2881=CARTESIAN_POINT('',(-0.00109426271087036,0.000308602091127548,0.0029555072182165));
#2882=CARTESIAN_POINT('',(-0.0013382297836409,0.000377405305399979,0.00382));
#2883=CARTESIAN_POINT('',(-0.00133969358931942,0.000377818125599888,0.00382518696817829));
#2884=CARTESIAN_POINT('',(-0.00134115739499793,0.000378230945799796,0.00383037393635657));
#2885=CARTESIAN_POINT('',(-0.00134262120067645,0.000378643765999704,0.00383556090453486));
#2886=CARTESIAN_POINT('',(-0.00134408500635496,0.000379056586199612,0.00384074787271314));
#2887=CARTESIAN_POINT('',(-0.00134554881203348,0.00037946940639952,0.00384593484089143));
#2888=CARTESIAN_POINT('',(-0.000530210510389626,0.000127280898787541,0.00036));
#2889=CARTESIAN_POINT('',(-0.000530210510389626,0.000127280898787541,0.000707014436432572));
#2890=CARTESIAN_POINT('',(-0.0021984725247885,0.000527675836304817,0.00105402887286514));
#2891=CARTESIAN_POINT('',(-0.000858724479538248,0.000206143187464239,0.00209101443643257));
#2892=CARTESIAN_POINT('',(-0.00110510995639971,0.000265289903971763,0.00295550721821628));
#2893=CARTESIAN_POINT('',(-0.00135149543326118,0.000324436620479286,0.00382));
#2894=CARTESIAN_POINT('',(-0.00135297374939638,0.000324791501564287,0.00382518696817829));
#2895=CARTESIAN_POINT('',(-0.00135445206553158,0.000325146382649287,0.00383037393635657));
#2896=CARTESIAN_POINT('',(-0.00135593038166677,0.000325501263734288,0.00383556090453486));
#2897=CARTESIAN_POINT('',(-0.00135740869780197,0.000325856144819289,0.00384074787271315));
#2898=CARTESIAN_POINT('',(-0.00135888701393717,0.00032621102590429,0.00384593484089144));
#2899=CARTESIAN_POINT('',(-0.000538558955998196,8.53103901332029E-5,0.00036));
#2900=CARTESIAN_POINT('',(-0.000538558955998196,8.53103901332029E-5,0.00070701443643171));
#2901=CARTESIAN_POINT('',(-0.00222898534642809,0.000353000114511026,0.00105402887286342));
#2902=CARTESIAN_POINT('',(-0.000872245526790712,0.000138168108534148,0.00209101443643171));
#2903=CARTESIAN_POINT('',(-0.0011225104548851,0.000177811397334856,0.00295550721821586));
#2904=CARTESIAN_POINT('',(-0.00137277538297948,0.000217454686135564,0.00382));
#2905=CARTESIAN_POINT('',(-0.00137427697587363,0.000217692546395158,0.00382518696817829));
#2906=CARTESIAN_POINT('',(-0.00137577856876778,0.000217930406654752,0.00383037393635658));
#2907=CARTESIAN_POINT('',(-0.00137728016166192,0.000218168266914346,0.00383556090453487));
#2908=CARTESIAN_POINT('',(-0.00137878175455607,0.000218406127173939,0.00384074787271316));
#2909=CARTESIAN_POINT('',(-0.00138028334745021,0.000218643987433533,0.00384593484089145));
#2910=CARTESIAN_POINT('',(-0.00054170309895624,6.41202405165313E-5,0.00036));
#2911=CARTESIAN_POINT('',(-0.00054170309895624,6.41202405165313E-5,0.000707014436431276));
#2912=CARTESIAN_POINT('',(-0.00224056588445595,0.000265123272305612,0.00105402887286255));
#2913=CARTESIAN_POINT('',(-0.000877337732604749,0.000103848718994934,0.00209101443643127));
#2914=CARTESIAN_POINT('',(-0.00112906370784113,0.000133645077853735,0.00295550721821564));
#2915=CARTESIAN_POINT('',(-0.00138078968307751,0.000163441436712537,0.00382));
#2916=CARTESIAN_POINT('',(-0.00138230004227392,0.000163620215261631,0.00382518696817829));
#2917=CARTESIAN_POINT('',(-0.00138381040147034,0.000163798993810725,0.00383037393635658));
#2918=CARTESIAN_POINT('',(-0.00138532076066675,0.000163977772359819,0.00383556090453487));
#2919=CARTESIAN_POINT('',(-0.00138683111986316,0.000164156550908913,0.00384074787271317));
#2920=CARTESIAN_POINT('',(-0.00138834147905958,0.000164335329458006,0.00384593484089146));
#2921=CARTESIAN_POINT('',(-0.00054380375024684,4.27926220285204E-5,0.00036));
#2922=CARTESIAN_POINT('',(-0.00054380375024684,4.27926220285204E-5,0.00070701443643084));
#2923=CARTESIAN_POINT('',(-0.00224837396973577,0.000176881031418967,0.00105402887286168));
#2924=CARTESIAN_POINT('',(-0.000880739898174706,6.93066808761667E-5,0.00209101443643084));
#2925=CARTESIAN_POINT('',(-0.0011334420091206,8.91922250119014E-5,0.00295550721821542));
#2926=CARTESIAN_POINT('',(-0.0013861441200665,0.000109077769147636,0.00382));
#2927=CARTESIAN_POINT('',(-0.00138766033609014,0.000109197082676694,0.00382518696817829));
#2928=CARTESIAN_POINT('',(-0.00138917655211378,0.000109316396205752,0.00383037393635659));
#2929=CARTESIAN_POINT('',(-0.00139069276813742,0.000109435709734811,0.00383556090453488));
#2930=CARTESIAN_POINT('',(-0.00139220898416107,0.000109555023263869,0.00384074787271317));
#2931=CARTESIAN_POINT('',(-0.00139372520018471,0.000109674336792927,0.00384593484089146));
#2932=CARTESIAN_POINT('',(-0.000544854073981655,2.13962690846462E-5,0.00036));
#2933=CARTESIAN_POINT('',(-0.000544854073981655,2.13962690846462E-5,0.000707014436430404));
#2934=CARTESIAN_POINT('',(-0.00225231959824432,8.84482824756921E-5,0.00105402887286081));
#2935=CARTESIAN_POINT('',(-0.000882440960910045,3.4653315280315E-5,0.0020910144364304));
#2936=CARTESIAN_POINT('',(-0.00113563112610634,4.45960999270666E-5,0.00295550721821521));
#2937=CARTESIAN_POINT('',(-0.00138882129130263,5.45388845738182E-5,0.00382));
#2938=CARTESIAN_POINT('',(-0.00139034043565826,5.45985414138208E-5,0.00382518696817829));
#2939=CARTESIAN_POINT('',(-0.00139185958001389,5.46581982538234E-5,0.00383037393635659));
#2940=CARTESIAN_POINT('',(-0.00139337872436952,5.4717855093826E-5,0.00383556090453488));
#2941=CARTESIAN_POINT('',(-0.00139489786872514,5.47775119338286E-5,0.00384074787271318));
#2942=CARTESIAN_POINT('',(-0.00139641701308077,5.48371687738312E-5,0.00384593484089147));
#2943=CARTESIAN_POINT('',(-0.000544854066481485,-2.13964367282596E-5,0.00036));
#2944=CARTESIAN_POINT('',(-0.000544854066481485,-2.13964367282596E-5,0.00070701443642953));
#2945=CARTESIAN_POINT('',(-0.00225231960559086,-8.84484501193051E-5,0.00105402887285906));
#2946=CARTESIAN_POINT('',(-0.000882440956409943,-3.46534158664828E-5,0.00209101443642953));
#2947=CARTESIAN_POINT('',(-0.00113563112385629,-4.45961502201502E-5,0.00295550721821476));
#2948=CARTESIAN_POINT('',(-0.00138882129130263,-5.45388845738176E-5,0.00382));
#2949=CARTESIAN_POINT('',(-0.00139034043567176,-5.4598541112061E-5,0.0038251869681783));
#2950=CARTESIAN_POINT('',(-0.00139185958004089,-5.46581976503044E-5,0.00383037393635659));
#2951=CARTESIAN_POINT('',(-0.00139337872441002,-5.47178541885479E-5,0.00383556090453489));
#2952=CARTESIAN_POINT('',(-0.00139489786877915,-5.47775107267913E-5,0.00384074787271319));
#2953=CARTESIAN_POINT('',(-0.00139641701314828,-5.48371672650347E-5,0.00384593484089148));
#2954=CARTESIAN_POINT('',(-0.000543803735246499,-4.27927895972912E-5,0.00036));
#2955=CARTESIAN_POINT('',(-0.000543803735246499,-4.27927895972912E-5,0.000707014436429094));
#2956=CARTESIAN_POINT('',(-0.00224837396863617,-0.000176881203329435,0.00105402887285819));
#2957=CARTESIAN_POINT('',(-0.000880739889174501,-6.93067814174289E-5,0.0020910144364291));
#2958=CARTESIAN_POINT('',(-0.0011334420046205,-8.91922752825322E-5,0.00295550721821455));
#2959=CARTESIAN_POINT('',(-0.0013861441200665,-0.000109077769147636,0.00382));
#2960=CARTESIAN_POINT('',(-0.00138766033611714,-0.000109197082375069,0.0038251869681783));
#2961=CARTESIAN_POINT('',(-0.00138917655216779,-0.000109316395602503,0.0038303739363566));
#2962=CARTESIAN_POINT('',(-0.00139069276821843,-0.000109435708829937,0.00383556090453489));
#2963=CARTESIAN_POINT('',(-0.00139220898426907,-0.000109555022057371,0.00384074787271319));
#2964=CARTESIAN_POINT('',(-0.00139372520031971,-0.000109674335284804,0.00384593484089149));
#2965=CARTESIAN_POINT('',(-0.000541703076597499,-6.41204079356167E-5,0.00036));
#2966=CARTESIAN_POINT('',(-0.000541703076597499,-6.41204079356167E-5,0.000707014436428658));
#2967=CARTESIAN_POINT('',(-0.00224056586681842,-0.00026512344824693,0.00105402887285732));
#2968=CARTESIAN_POINT('',(-0.000877337719189505,-0.000103848819446385,0.00209101443642866));
#2969=CARTESIAN_POINT('',(-0.00112906370113351,-0.000133645128079461,0.00295550721821433));
#2970=CARTESIAN_POINT('',(-0.00138078968307751,-0.000163441436712537,0.00382));
#2971=CARTESIAN_POINT('',(-0.00138230004231417,-0.000163620214960275,0.0038251869681783));
#2972=CARTESIAN_POINT('',(-0.00138381040155083,-0.000163798993208014,0.0038303739363566));
#2973=CARTESIAN_POINT('',(-0.00138532076078749,-0.000163977771455753,0.0038355609045349));
#2974=CARTESIAN_POINT('',(-0.00138683112002415,-0.000164156549703492,0.0038407478727132));
#2975=CARTESIAN_POINT('',(-0.0013883414792608,-0.000164335327951231,0.0038459348408915));
#2976=CARTESIAN_POINT('',(-0.000538558926564598,-8.53105571721429E-5,0.00036));
#2977=CARTESIAN_POINT('',(-0.000538558926564598,-8.53105571721429E-5,0.000707014436428224));
#2978=CARTESIAN_POINT('',(-0.00222898531186171,-0.000353000289588713,0.00105402887285645));
#2979=CARTESIAN_POINT('',(-0.000872245509130552,-0.000138168208757511,0.00209101443642823));
#2980=CARTESIAN_POINT('',(-0.00112251044605502,-0.000177811447446538,0.00295550721821411));
#2981=CARTESIAN_POINT('',(-0.00137277538297948,-0.000217454686135564,0.00382));
#2982=CARTESIAN_POINT('',(-0.00137427697592661,-0.000217692546094487,0.0038251869681783));
#2983=CARTESIAN_POINT('',(-0.00137577856887374,-0.00021793040605341,0.0038303739363566));
#2984=CARTESIAN_POINT('',(-0.00137728016182086,-0.000218168266012333,0.0038355609045349));
#2985=CARTESIAN_POINT('',(-0.00137878175476799,-0.000218406125971256,0.0038407478727132));
#2986=CARTESIAN_POINT('',(-0.00138028334771512,-0.000218643985930179,0.0038459348408915));
#2987=CARTESIAN_POINT('',(-0.00053021046752685,-0.000127281064321223,0.00036));
#2988=CARTESIAN_POINT('',(-0.00053021046752685,-0.000127281064321223,0.000707014436427361));
#2989=CARTESIAN_POINT('',(-0.00219847247085426,-0.000527675990576522,0.00105402887285472));
#2990=CARTESIAN_POINT('',(-0.000858724453820582,-0.000206143286784449,0.00209101443642737));
#2991=CARTESIAN_POINT('',(-0.00110510994354088,-0.000265289953631867,0.00295550721821368));
#2992=CARTESIAN_POINT('',(-0.00135149543326118,-0.000324436620479286,0.00382));
#2993=CARTESIAN_POINT('',(-0.00135297374947353,-0.000324791501266325,0.0038251869681783));
#2994=CARTESIAN_POINT('',(-0.00135445206568588,-0.000325146382053365,0.00383037393635661));
#2995=CARTESIAN_POINT('',(-0.00135593038189823,-0.000325501262840404,0.00383556090453491));
#2996=CARTESIAN_POINT('',(-0.00135740869811058,-0.000325856143627444,0.00384074787271321));
#2997=CARTESIAN_POINT('',(-0.00135888701432293,-0.000326211024414483,0.00384593484089152));
#2998=CARTESIAN_POINT('',(-0.000525006158522005,-0.000148061422233777,0.00036));
#2999=CARTESIAN_POINT('',(-0.000525006158522005,-0.000148061422233777,0.000707014436426933));
#3000=CARTESIAN_POINT('',(-0.00217953642389023,-0.000614492108248636,0.00105402887285386));
#3001=CARTESIAN_POINT('',(-0.000850295608569564,-0.000239798975500259,0.00209101443642693));
#3002=CARTESIAN_POINT('',(-0.00109426269610523,-0.000308602140450119,0.00295550721821347));
#3003=CARTESIAN_POINT('',(-0.0013382297836409,-0.00037740530539998,0.00382));
#3004=CARTESIAN_POINT('',(-0.00133969358940801,-0.000377818125303952,0.0038251869681783));
#3005=CARTESIAN_POINT('',(-0.00134115739517512,-0.000378230945207924,0.00383037393635661));
#3006=CARTESIAN_POINT('',(-0.00134262120094222,-0.000378643765111896,0.00383556090453491));
#3007=CARTESIAN_POINT('',(-0.00134408500670933,-0.000379056585015868,0.00384074787271322));
#3008=CARTESIAN_POINT('',(-0.00134554881247643,-0.00037946940491984,0.00384593484089152));
#3009=CARTESIAN_POINT('',(-0.000518785181929117,-0.000168569457924159,0.00036));
#3010=CARTESIAN_POINT('',(-0.000518785181929117,-0.000168569457924159,0.000707014436426507));
#3011=CARTESIAN_POINT('',(-0.0021569285361522,-0.00070062108077553,0.00105402887285301));
#3012=CARTESIAN_POINT('',(-0.000840220168200437,-0.000273013612338581,0.00209101443642651));
#3013=CARTESIAN_POINT('',(-0.00108129640790393,-0.000351346728149397,0.00295550721821326));
#3014=CARTESIAN_POINT('',(-0.00132237264760741,-0.000429679843960214,0.00382));
#3015=CARTESIAN_POINT('',(-0.00132381910824911,-0.000430149843695988,0.00382518696817831));
#3016=CARTESIAN_POINT('',(-0.00132526556889081,-0.000430619843431762,0.00383037393635661));
#3017=CARTESIAN_POINT('',(-0.00132671202953251,-0.000431089843167536,0.00383556090453492));
#3018=CARTESIAN_POINT('',(-0.00132815849017421,-0.00043155984290331,0.00384074787271322));
#3019=CARTESIAN_POINT('',(-0.00132960495081591,-0.000432029842639084,0.00384593484089153));
#3020=CARTESIAN_POINT('',(-0.000511567525513934,-0.000188739052843088,0.00036));
#3021=CARTESIAN_POINT('',(-0.000511567525513934,-0.000188739052843088,0.000707014436426086));
#3022=CARTESIAN_POINT('',(-0.00213066316919432,-0.000785898803844686,0.00105402887285217));
#3023=CARTESIAN_POINT('',(-0.000828530514993449,-0.000305680115335595,0.00209101443642608));
#3024=CARTESIAN_POINT('',(-0.00106625275710308,-0.000393385912204976,0.00295550721821304));
#3025=CARTESIAN_POINT('',(-0.00130397499921272,-0.000481091709074357,0.00382));
#3026=CARTESIAN_POINT('',(-0.00130540133582429,-0.000481617945021029,0.00382518696817831));
#3027=CARTESIAN_POINT('',(-0.00130682767243585,-0.000482144180967701,0.00383037393635661));
#3028=CARTESIAN_POINT('',(-0.00130825400904742,-0.000482670416914372,0.00383556090453492));
#3029=CARTESIAN_POINT('',(-0.00130968034565899,-0.000483196652861044,0.00384074787271323));
#3030=CARTESIAN_POINT('',(-0.00131110668227056,-0.000483722888807716,0.00384593484089153));
#3031=CARTESIAN_POINT('',(-0.000495191460123284,-0.000228274356238726,0.00036));
#3032=CARTESIAN_POINT('',(-0.000495191460123284,-0.000228274356238726,0.000707014436425254));
#3033=CARTESIAN_POINT('',(-0.00207085883149995,-0.000954428774641722,0.00105402887285051));
#3034=CARTESIAN_POINT('',(-0.000802007985794027,-0.000369711155576009,0.00209101443642525));
#3035=CARTESIAN_POINT('',(-0.00103212038004708,-0.000475788755078971,0.00295550721821263));
#3036=CARTESIAN_POINT('',(-0.00126223277430014,-0.000581866354581934,0.00382));
#3037=CARTESIAN_POINT('',(-0.00126361345172345,-0.000582502821588536,0.00382518696817831));
#3038=CARTESIAN_POINT('',(-0.00126499412914675,-0.000583139288595138,0.00383037393635662));
#3039=CARTESIAN_POINT('',(-0.00126637480657006,-0.00058377575560174,0.00383556090453493));
#3040=CARTESIAN_POINT('',(-0.00126775548399337,-0.000584412222608342,0.00384074787271324));
#3041=CARTESIAN_POINT('',(-0.00126913616141667,-0.000585048689614944,0.00384593484089155));
#3042=CARTESIAN_POINT('',(-0.000486033051147817,-0.000247640064715435,0.00036));
#3043=CARTESIAN_POINT('',(-0.000486033051147817,-0.000247640064715435,0.000707014436424843));
#3044=CARTESIAN_POINT('',(-0.00203730730925308,-0.00103769074551361,0.00105402887284968));
#3045=CARTESIAN_POINT('',(-0.000787175109801593,-0.000401075692819408,0.00209101443642485));
#3046=CARTESIAN_POINT('',(-0.00101303165379192,-0.000516152413897388,0.00295550721821242));
#3047=CARTESIAN_POINT('',(-0.00123888819778226,-0.000631229134975368,0.00382));
#3048=CARTESIAN_POINT('',(-0.00124024334004743,-0.000631919596831003,0.00382518696817831));
#3049=CARTESIAN_POINT('',(-0.00124159848231261,-0.000632610058686637,0.00383037393635662));
#3050=CARTESIAN_POINT('',(-0.00124295362457779,-0.000633300520542272,0.00383556090453493));
#3051=CARTESIAN_POINT('',(-0.00124430876684296,-0.000633990982397907,0.00384074787271324));
#3052=CARTESIAN_POINT('',(-0.00124566390910814,-0.000634681444253541,0.00384593484089155));
#3053=CARTESIAN_POINT('',(-0.000475930569434361,-0.000266540327521376,0.00036));
#3054=CARTESIAN_POINT('',(-0.000475930569434361,-0.000266540327521376,0.000707014436424438));
#3055=CARTESIAN_POINT('',(-0.00200008105363756,-0.00111972748532835,0.00105402887284888));
#3056=CARTESIAN_POINT('',(-0.000770813223861574,-0.000431686398150499,0.00209101443642444));
#3057=CARTESIAN_POINT('',(-0.000991975214681984,-0.000555545951122341,0.00295550721821222));
#3058=CARTESIAN_POINT('',(-0.00121313720550239,-0.000679405504094183,0.00382));
#3059=CARTESIAN_POINT('',(-0.00121446418038617,-0.000680148663057889,0.00382518696817831));
#3060=CARTESIAN_POINT('',(-0.00121579115526994,-0.000680891822021595,0.00383037393635662));
#3061=CARTESIAN_POINT('',(-0.00121711813015372,-0.000681634980985301,0.00383556090453494));
#3062=CARTESIAN_POINT('',(-0.0012184451050375,-0.000682378139949008,0.00384074787271325));
#3063=CARTESIAN_POINT('',(-0.00121977207992127,-0.000683121298912714,0.00384593484089156));
#3064=CARTESIAN_POINT('',(-0.000464916634301475,-0.000284914258306515,0.00036));
#3065=CARTESIAN_POINT('',(-0.000464916634301475,-0.000284914258306515,0.00070701443642404));
#3066=CARTESIAN_POINT('',(-0.00195916100046078,-0.00120031939365502,0.00105402887284808));
#3067=CARTESIAN_POINT('',(-0.000752975148583998,-0.000461444655462101,0.00209101443642404));
#3068=CARTESIAN_POINT('',(-0.000969019034295889,-0.000593842453328792,0.00295550721821202));
#3069=CARTESIAN_POINT('',(-0.00118506292000778,-0.000726240251195482,0.00382));
#3070=CARTESIAN_POINT('',(-0.00118635918619289,-0.000727034639742016,0.00382518696817831));
#3071=CARTESIAN_POINT('',(-0.00118765545237801,-0.000727829028288549,0.00383037393635663));
#3072=CARTESIAN_POINT('',(-0.00118895171856312,-0.000728623416835082,0.00383556090453494));
#3073=CARTESIAN_POINT('',(-0.00119024798474823,-0.000729417805381616,0.00384074787271325));
#3074=CARTESIAN_POINT('',(-0.00119154425093335,-0.000730212193928149,0.00384593484089157));
#3075=CARTESIAN_POINT('',(-0.000441142245404708,-0.00032049513304306,0.00036));
#3076=CARTESIAN_POINT('',(-0.000441142245404708,-0.000320495133043059,0.000707014436423259));
#3077=CARTESIAN_POINT('',(-0.00186990632017028,-0.00135818179637834,0.00105402887284652));
#3078=CARTESIAN_POINT('',(-0.000714470333450026,-0.000519071119499237,0.00209101443642326));
#3079=CARTESIAN_POINT('',(-0.000919466399484015,-0.00066800310934137,0.00295550721821163));
#3080=CARTESIAN_POINT('',(-0.001124462465518,-0.000816935099183504,0.00382));
#3081=CARTESIAN_POINT('',(-0.00112569244463824,-0.0008178286931016,0.00382518696817832));
#3082=CARTESIAN_POINT('',(-0.00112692242375848,-0.000818722287019697,0.00383037393635663));
#3083=CARTESIAN_POINT('',(-0.00112815240287872,-0.000819615880937793,0.00383556090453495));
#3084=CARTESIAN_POINT('',(-0.00112938238199897,-0.00082050947485589,0.00384074787271326));
#3085=CARTESIAN_POINT('',(-0.00113061236111921,-0.000821403068773986,0.00384593484089158));
#3086=CARTESIAN_POINT('',(-0.000428381791640827,-0.000337702076994466,0.00036));
#3087=CARTESIAN_POINT('',(-0.000428381791640827,-0.000337702076994466,0.000707014436422876));
#3088=CARTESIAN_POINT('',(-0.00182155661626286,-0.00143545181791594,0.00105402887284575));
#3089=CARTESIAN_POINT('',(-0.000693803593593632,-0.00054693932622477,0.00209101443642287));
#3090=CARTESIAN_POINT('',(-0.000892869945058237,-0.000703867263147498,0.00295550721821144));
#3091=CARTESIAN_POINT('',(-0.00109193629652284,-0.000860795200070226,0.00382));
#3092=CARTESIAN_POINT('',(-0.00109313069727687,-0.000861736769777058,0.00382518696817832));
#3093=CARTESIAN_POINT('',(-0.0010943250980309,-0.00086267833948389,0.00383037393635663));
#3094=CARTESIAN_POINT('',(-0.00109551949878493,-0.000863619909190722,0.00383556090453495));
#3095=CARTESIAN_POINT('',(-0.00109671389953895,-0.000864561478897554,0.00384074787271327));
#3096=CARTESIAN_POINT('',(-0.00109790830029298,-0.000865503048604386,0.00384593484089158));
#3097=CARTESIAN_POINT('',(-0.000414786272665379,-0.000354268366132941,0.00036));
#3098=CARTESIAN_POINT('',(-0.000414786272665379,-0.000354268366132941,0.000707014436422502));
#3099=CARTESIAN_POINT('',(-0.00176949570075222,-0.00151076041551586,0.001054028872845));
#3100=CARTESIAN_POINT('',(-0.00067178437849598,-0.000573769930383721,0.0020910144364225));
#3101=CARTESIAN_POINT('',(-0.00086453295786893,-0.000738396103571805,0.00295550721821125));
#3102=CARTESIAN_POINT('',(-0.00105728153724188,-0.00090302227675989,0.00382));
#3103=CARTESIAN_POINT('',(-0.00105843803127941,-0.00090401003598661,0.00382518696817832));
#3104=CARTESIAN_POINT('',(-0.00105959452531693,-0.00090499779521333,0.00383037393635664));
#3105=CARTESIAN_POINT('',(-0.00106075101935446,-0.000905985554440051,0.00383556090453495));
#3106=CARTESIAN_POINT('',(-0.00106190751339199,-0.000906973313666771,0.00384074787271327));
#3107=CARTESIAN_POINT('',(-0.00106306400742951,-0.000907961072893491,0.00384593484089159));
#3108=CARTESIAN_POINT('',(-0.00040039945736767,-0.000370140564016396,0.00036));
#3109=CARTESIAN_POINT('',(-0.00040039945736767,-0.000370140564016396,0.000707014436422137));
#3110=CARTESIAN_POINT('',(-0.00171374030058263,-0.00158381107001848,0.00105402887284427));
#3111=CARTESIAN_POINT('',(-0.00064848358164334,-0.000599476393536178,0.00209101443642214));
#3112=CARTESIAN_POINT('',(-0.000834546674850092,-0.000771478265676014,0.00295550721821107));
#3113=CARTESIAN_POINT('',(-0.00102060976805684,-0.00094348013781585,0.00382));
#3114=CARTESIAN_POINT('',(-0.00102172614908854,-0.000944512151334291,0.00382518696817832));
#3115=CARTESIAN_POINT('',(-0.00102284253012023,-0.000945544164852731,0.00383037393635664));
#3116=CARTESIAN_POINT('',(-0.00102395891115192,-0.000946576178371172,0.00383556090453496));
#3117=CARTESIAN_POINT('',(-0.00102507529218361,-0.000947608191889613,0.00384074787271327));
#3118=CARTESIAN_POINT('',(-0.0010261916732153,-0.000948640205408053,0.00384593484089159));
#3119=CARTESIAN_POINT('',(-0.00037014043949501,-0.000400399572005724,0.00036));
#3120=CARTESIAN_POINT('',(-0.00037014043949501,-0.000400399572005724,0.000707014436421427));
#3121=CARTESIAN_POINT('',(-0.00159488365240282,-0.00172481312212642,0.00105402887284285));
#3122=CARTESIAN_POINT('',(-0.000599476318823346,-0.000648483650426172,0.00209101443642143));
#3123=CARTESIAN_POINT('',(-0.000771478228319598,-0.000834546709241508,0.00295550721821072));
#3124=CARTESIAN_POINT('',(-0.000943480137815851,-0.00102060976805684,0.00382));
#3125=CARTESIAN_POINT('',(-0.000944512151558431,-0.00102172614888219,0.00382518696817832));
#3126=CARTESIAN_POINT('',(-0.00094554416530101,-0.00102284252970753,0.00383037393635664));
#3127=CARTESIAN_POINT('',(-0.00094657617904359,-0.00102395891053287,0.00383556090453496));
#3128=CARTESIAN_POINT('',(-0.00094760819278617,-0.00102507529135821,0.00384074787271328));
#3129=CARTESIAN_POINT('',(-0.000948640206528749,-0.00102619167218355,0.0038459348408916));
#3130=CARTESIAN_POINT('',(-0.000354268236920059,-0.000414786382111595,0.00036));
#3131=CARTESIAN_POINT('',(-0.000354268236920059,-0.000414786382111595,0.000707014436421083));
#3132=CARTESIAN_POINT('',(-0.0015317709431459,-0.00179275476838805,0.00105402887284217));
#3133=CARTESIAN_POINT('',(-0.000573769852855991,-0.000671784444163708,0.00209101443642109));
#3134=CARTESIAN_POINT('',(-0.000738396064807941,-0.000864532990702793,0.00295550721821054));
#3135=CARTESIAN_POINT('',(-0.000903022276759891,-0.00105728153724188,0.00382));
#3136=CARTESIAN_POINT('',(-0.000904010036219195,-0.0010584380310824,0.00382518696817832));
#3137=CARTESIAN_POINT('',(-0.000904997795678499,-0.00105959452492292,0.00383037393635664));
#3138=CARTESIAN_POINT('',(-0.000905985555137803,-0.00106075101876345,0.00383556090453497));
#3139=CARTESIAN_POINT('',(-0.000906973314597106,-0.00106190751260397,0.00384074787271329));
#3140=CARTESIAN_POINT('',(-0.00090796107405641,-0.00106306400644449,0.00384593484089161));
#3141=CARTESIAN_POINT('',(-0.000337701943390128,-0.000428381895694905,0.00036));
#3142=CARTESIAN_POINT('',(-0.000337701943390128,-0.000428381895694905,0.00070701443642075));
#3143=CARTESIAN_POINT('',(-0.00146508776876192,-0.00185778698633688,0.0010540288728415));
#3144=CARTESIAN_POINT('',(-0.000546939246062168,-0.000693803656026079,0.00209101443642075));
#3145=CARTESIAN_POINT('',(-0.000703867223066198,-0.000892869976274459,0.00295550721821038));
#3146=CARTESIAN_POINT('',(-0.000860795200070227,-0.00109193629652284,0.00382));
#3147=CARTESIAN_POINT('',(-0.000861736770017547,-0.00109313069708957,0.00382518696817832));
#3148=CARTESIAN_POINT('',(-0.000862678339964868,-0.0010943250976563,0.00383037393635665));
#3149=CARTESIAN_POINT('',(-0.000863619909912188,-0.00109551949822303,0.00383556090453497));
#3150=CARTESIAN_POINT('',(-0.000864561479859508,-0.00109671389878976,0.00384074787271329));
#3151=CARTESIAN_POINT('',(-0.000865503049806829,-0.00109790829935649,0.00384593484089161));
#3152=CARTESIAN_POINT('',(-0.000320494995383198,-0.000441142343930204,0.00036));
#3153=CARTESIAN_POINT('',(-0.000320494995383198,-0.000441142343930204,0.000707014436420428));
#3154=CARTESIAN_POINT('',(-0.00139495288308516,-0.00191956456126081,0.00105402887284086));
#3155=CARTESIAN_POINT('',(-0.000519071036903321,-0.000714470392565324,0.00209101443642043));
#3156=CARTESIAN_POINT('',(-0.000668003068043413,-0.000919466429041663,0.00295550721821022));
#3157=CARTESIAN_POINT('',(-0.000816935099183504,-0.001124462465518,0.00382));
#3158=CARTESIAN_POINT('',(-0.000817828693349389,-0.0011256924444609,0.00382518696817832));
#3159=CARTESIAN_POINT('',(-0.000818722287515273,-0.00112692242340379,0.00383037393635665));
#3160=CARTESIAN_POINT('',(-0.000819615881681158,-0.00112815240234668,0.00383556090453497));
#3161=CARTESIAN_POINT('',(-0.000820509475847043,-0.00112938238128958,0.0038407478727133));
#3162=CARTESIAN_POINT('',(-0.000821403070012927,-0.00113061236023247,0.00384593484089162));
#3163=CARTESIAN_POINT('',(-0.000284914113240265,-0.000464916721587759,0.00036));
#3164=CARTESIAN_POINT('',(-0.000284914113240265,-0.000464916721587759,0.000707014436419811));
#3165=CARTESIAN_POINT('',(-0.00124802464668366,-0.00203593114516851,0.00105402887283962));
#3166=CARTESIAN_POINT('',(-0.000461444568422352,-0.000752975200955768,0.00209101443641981));
#3167=CARTESIAN_POINT('',(-0.000593842409808917,-0.000969019060481774,0.00295550721820991));
#3168=CARTESIAN_POINT('',(-0.000726240251195483,-0.00118506292000778,0.00382));
#3169=CARTESIAN_POINT('',(-0.000727034640003136,-0.00118635918603578,0.00382518696817833));
#3170=CARTESIAN_POINT('',(-0.00072782902881079,-0.00118765545206378,0.00383037393635665));
#3171=CARTESIAN_POINT('',(-0.000728623417618443,-0.00118895171809177,0.00383556090453498));
#3172=CARTESIAN_POINT('',(-0.000729417806426096,-0.00119024798411977,0.0038407478727133));
#3173=CARTESIAN_POINT('',(-0.00073021219523375,-0.00119154425014777,0.00384593484089163));
#3174=CARTESIAN_POINT('',(-0.000266540179104261,-0.000475930651010015,0.00036));
#3175=CARTESIAN_POINT('',(-0.000266540179104261,-0.000475930651010015,0.000707014436419515));
#3176=CARTESIAN_POINT('',(-0.00117122801319896,-0.00209050549399397,0.00105402887283903));
#3177=CARTESIAN_POINT('',(-0.000431686309100229,-0.000770813272806966,0.00209101443641952));
#3178=CARTESIAN_POINT('',(-0.000555545906597207,-0.00099197523915468,0.00295550721820976));
#3179=CARTESIAN_POINT('',(-0.000679405504094184,-0.00121313720550239,0.00382));
#3180=CARTESIAN_POINT('',(-0.000680148663325042,-0.00121446418023933,0.00382518696817833));
#3181=CARTESIAN_POINT('',(-0.000680891822555899,-0.00121579115497627,0.00383037393635665));
#3182=CARTESIAN_POINT('',(-0.000681634981786757,-0.00121711812971321,0.00383556090453498));
#3183=CARTESIAN_POINT('',(-0.000682378141017614,-0.00121844510445015,0.00384074787271331));
#3184=CARTESIAN_POINT('',(-0.000683121300248472,-0.00121977207918709,0.00384593484089163));
#3185=CARTESIAN_POINT('',(-0.000247639913316182,-0.000486033126967238,0.00036));
#3186=CARTESIAN_POINT('',(-0.000247639913316182,-0.000486033126967238,0.000707014436419233));
#3187=CARTESIAN_POINT('',(-0.00109135137353363,-0.0021411355826988,0.00105402887283846));
#3188=CARTESIAN_POINT('',(-0.000401075601979857,-0.000787175155293246,0.00209101443641923));
#3189=CARTESIAN_POINT('',(-0.000516152368477613,-0.00101303167653775,0.00295550721820961));
#3190=CARTESIAN_POINT('',(-0.000631229134975369,-0.00123888819778226,0.00382));
#3191=CARTESIAN_POINT('',(-0.000631919597103523,-0.00124024333991096,0.00382518696817833));
#3192=CARTESIAN_POINT('',(-0.000632610059231677,-0.00124159848203966,0.00383037393635665));
#3193=CARTESIAN_POINT('',(-0.000633300521359831,-0.00124295362416836,0.00383556090453498));
#3194=CARTESIAN_POINT('',(-0.000633990983487985,-0.00124430876629706,0.00384074787271331));
#3195=CARTESIAN_POINT('',(-0.000634681445616139,-0.00124566390842577,0.00384593484089164));
#3196=CARTESIAN_POINT('',(-0.000228274202222975,-0.000495191530167857,0.00036));
#3197=CARTESIAN_POINT('',(-0.000228274202222975,-0.000495191530167857,0.000707014436418965));
#3198=CARTESIAN_POINT('',(-0.00100865096172544,-0.0021874916690577,0.00105402887283793));
#3199=CARTESIAN_POINT('',(-0.000369711063166559,-0.00080200802782077,0.00209101443641897));
#3200=CARTESIAN_POINT('',(-0.000475788708874247,-0.00103212040106045,0.00295550721820949));
#3201=CARTESIAN_POINT('',(-0.000581866354581935,-0.00126223277430014,0.00382));
#3202=CARTESIAN_POINT('',(-0.000582502821865766,-0.00126361345159737,0.00382518696817833));
#3203=CARTESIAN_POINT('',(-0.000583139289149597,-0.00126499412889459,0.00383037393635666));
#3204=CARTESIAN_POINT('',(-0.000583775756433428,-0.00126637480619182,0.00383556090453498));
#3205=CARTESIAN_POINT('',(-0.000584412223717259,-0.00126775548348904,0.00384074787271331));
#3206=CARTESIAN_POINT('',(-0.00058504869100109,-0.00126913616078627,0.00384593484089164));
#3207=CARTESIAN_POINT('',(-0.000188738894269456,-0.00051156758392385,0.00036));
#3208=CARTESIAN_POINT('',(-0.000188738894269456,-0.00051156758392385,0.00070701443641846));
#3209=CARTESIAN_POINT('',(-0.000838120294048142,-0.00227100898408415,0.00105402887283692));
#3210=CARTESIAN_POINT('',(-0.000305680020191416,-0.000828530550039397,0.00209101443641846));
#3211=CARTESIAN_POINT('',(-0.000393385864632887,-0.00106625277462606,0.00295550721820923));
#3212=CARTESIAN_POINT('',(-0.000481091709074358,-0.00130397499921272,0.00382));
#3213=CARTESIAN_POINT('',(-0.000481617945306463,-0.00130540133571915,0.00382518696817833));
#3214=CARTESIAN_POINT('',(-0.000482144181538568,-0.00130682767222558,0.00383037393635666));
#3215=CARTESIAN_POINT('',(-0.000482670417770673,-0.00130825400873201,0.00383556090453499));
#3216=CARTESIAN_POINT('',(-0.000483196654002778,-0.00130968034523844,0.00384074787271332));
#3217=CARTESIAN_POINT('',(-0.000483722890234882,-0.00131110668174487,0.00384593484089165));
#3218=CARTESIAN_POINT('',(-0.000168569297409143,-0.000518785234479224,0.00036));
#3219=CARTESIAN_POINT('',(-0.000168569297409143,-0.000518785234479224,0.000707014436418223));
#3220=CARTESIAN_POINT('',(-0.000750295971337569,-0.00230815582708841,0.00105402887283645));
#3221=CARTESIAN_POINT('',(-0.000273013516029571,-0.0008402201997305,0.00209101443641822));
#3222=CARTESIAN_POINT('',(-0.000351346679994893,-0.00108129642366896,0.00295550721820911));
#3223=CARTESIAN_POINT('',(-0.000429679843960215,-0.00132237264760741,0.00382));
#3224=CARTESIAN_POINT('',(-0.000430149843984916,-0.00132381910815452,0.00382518696817833));
#3225=CARTESIAN_POINT('',(-0.000430619844009618,-0.00132526556870163,0.00383037393635666));
#3226=CARTESIAN_POINT('',(-0.000431089844034319,-0.00132671202924874,0.00383556090453499));
#3227=CARTESIAN_POINT('',(-0.000431559844059021,-0.00132815848979585,0.00384074787271332));
#3228=CARTESIAN_POINT('',(-0.000432029844083722,-0.00132960495034296,0.00384593484089165));
#3229=CARTESIAN_POINT('',(-0.000148061260086851,-0.000525006205145959,0.00036));
#3230=CARTESIAN_POINT('',(-0.000148061260086851,-0.000525006205145959,0.000707014436418002));
#3231=CARTESIAN_POINT('',(-0.00066029496571729,-0.00234044657569138,0.001054028872836));
#3232=CARTESIAN_POINT('',(-0.000239798878212103,-0.000850295636543936,0.00209101443641801));
#3233=CARTESIAN_POINT('',(-0.000308602091806041,-0.00109426271009242,0.002955507218209));
#3234=CARTESIAN_POINT('',(-0.000377405305399981,-0.0013382297836409,0.00382));
#3235=CARTESIAN_POINT('',(-0.000377818125595818,-0.00133969358932409,0.00382518696817833));
#3236=CARTESIAN_POINT('',(-0.000378230945791655,-0.00134115739500727,0.00383037393635666));
#3237=CARTESIAN_POINT('',(-0.000378643765987492,-0.00134262120069045,0.00383556090453499));
#3238=CARTESIAN_POINT('',(-0.000379056586183329,-0.00134408500637363,0.00384074787271332));
#3239=CARTESIAN_POINT('',(-0.000379469406379166,-0.00134554881205682,0.00384593484089166));
#3240=CARTESIAN_POINT('',(-0.000127280900798784,-0.000530210508083592,0.00036));
#3241=CARTESIAN_POINT('',(-0.000127280900798784,-0.000530210508083592,0.000707014436417798));
#3242=CARTESIAN_POINT('',(-0.000568502199224153,-0.00236764326572626,0.0010540288728356));
#3243=CARTESIAN_POINT('',(-0.000206143188670985,-0.000858724478154627,0.0020910144364178));
#3244=CARTESIAN_POINT('',(-0.000265289904575136,-0.0011051099557079,0.0029555072182089));
#3245=CARTESIAN_POINT('',(-0.000324436620479286,-0.00135149543326118,0.00382));
#3246=CARTESIAN_POINT('',(-0.000324791501560667,-0.00135297374940053,0.00382518696817833));
#3247=CARTESIAN_POINT('',(-0.000325146382642048,-0.00135445206553988,0.00383037393635666));
#3248=CARTESIAN_POINT('',(-0.000325501263723428,-0.00135593038167922,0.003835560904535));
#3249=CARTESIAN_POINT('',(-0.000325856144804808,-0.00135740869781857,0.00384074787271333));
#3250=CARTESIAN_POINT('',(-0.000326211025886189,-0.00135888701395792,0.00384593484089166));
#3251=CARTESIAN_POINT('',(-8.53103913435146E-5,-0.000538558954610493,0.00036));
#3252=CARTESIAN_POINT('',(-8.53103913435146E-5,-0.000538558954610493,0.000707014436417427));
#3253=CARTESIAN_POINT('',(-0.000382105604625866,-0.00241138575211701,0.00105402887283485));
#3254=CARTESIAN_POINT('',(-0.000138168109260335,-0.000872245525958089,0.00209101443641743));
#3255=CARTESIAN_POINT('',(-0.00017781139769795,-0.00112251045446879,0.00295550721820871));
#3256=CARTESIAN_POINT('',(-0.000217454686135565,-0.00137277538297948,0.00382));
#3257=CARTESIAN_POINT('',(-0.00021769254639298,-0.00137427697587613,0.00382518696817833));
#3258=CARTESIAN_POINT('',(-0.000217930406650395,-0.00137577856877277,0.00383037393635667));
#3259=CARTESIAN_POINT('',(-0.00021816826690781,-0.00137728016166942,0.003835560904535));
#3260=CARTESIAN_POINT('',(-0.000218406127165226,-0.00137878175456606,0.00384074787271333));
#3261=CARTESIAN_POINT('',(-0.000218643987422641,-0.0013802833474627,0.00384593484089166));
#3262=CARTESIAN_POINT('',(-6.41202411763112E-5,-0.000541703098199761,0.00036));
#3263=CARTESIAN_POINT('',(-6.41202411763112E-5,-0.000541703098199761,0.000707014436417259));
#3264=CARTESIAN_POINT('',(-0.000287514928399513,-0.00242792281325371,0.00105402887283452));
#3265=CARTESIAN_POINT('',(-0.000103848719390802,-0.000877337732150862,0.00209101443641726));
#3266=CARTESIAN_POINT('',(-0.000133645078051669,-0.00112906370761419,0.00295550721820863));
#3267=CARTESIAN_POINT('',(-0.000163441436712537,-0.00138078968307751,0.00382));
#3268=CARTESIAN_POINT('',(-0.000163620215260443,-0.00138230004227529,0.00382518696817833));
#3269=CARTESIAN_POINT('',(-0.00016379899380835,-0.00138381040147306,0.00383037393635667));
#3270=CARTESIAN_POINT('',(-0.000163977772356256,-0.00138532076067084,0.003835560904535));
#3271=CARTESIAN_POINT('',(-0.000164156550904162,-0.00138683111986861,0.00384074787271333));
#3272=CARTESIAN_POINT('',(-0.000164335329452068,-0.00138834147906638,0.00384593484089167));
#3273=CARTESIAN_POINT('',(-4.27926220957454E-5,-0.000543803750169765,0.00036));
#3274=CARTESIAN_POINT('',(-4.27926220957454E-5,-0.000543803750169765,0.00070701443641711));
#3275=CARTESIAN_POINT('',(-0.000191992478960167,-0.00243903217345796,0.00105402887283422));
#3276=CARTESIAN_POINT('',(-6.93066809165017E-5,-0.00088073989812846,0.00209101443641711));
#3277=CARTESIAN_POINT('',(-8.91922250320689E-5,-0.00113344200909748,0.00295550721820855));
#3278=CARTESIAN_POINT('',(-0.000109077769147636,-0.0013861441200665,0.00382));
#3279=CARTESIAN_POINT('',(-0.000109197082676573,-0.00138766033609028,0.00382518696817833));
#3280=CARTESIAN_POINT('',(-0.00010931639620551,-0.00138917655211406,0.00383037393635667));
#3281=CARTESIAN_POINT('',(-0.000109435709734448,-0.00139069276813784,0.003835560904535));
#3282=CARTESIAN_POINT('',(-0.000109555023263385,-0.00139220898416162,0.00384074787271334));
#3283=CARTESIAN_POINT('',(-0.000109674336792322,-0.0013937252001854,0.00384593484089167));
#3284=CARTESIAN_POINT('',(-2.13962686580258E-5,-0.000544854074470806,0.00036));
#3285=CARTESIAN_POINT('',(-2.13962686580258E-5,-0.000544854074470806,0.00070701443641698));
#3286=CARTESIAN_POINT('',(-9.60001700520435E-5,-0.00244462688975142,0.00105402887283396));
#3287=CARTESIAN_POINT('',(-3.46533150243427E-5,-0.000882440961203536,0.00209101443641698));
#3288=CARTESIAN_POINT('',(-4.45960997990805E-5,-0.00113563112625308,0.00295550721820849));
#3289=CARTESIAN_POINT('',(-5.45388845738181E-5,-0.00138882129130263,0.00382));
#3290=CARTESIAN_POINT('',(-5.45985414145886E-5,-0.00139034043565738,0.00382518696817833));
#3291=CARTESIAN_POINT('',(-5.46581982553591E-5,-0.00139185958001213,0.00383037393635667));
#3292=CARTESIAN_POINT('',(-5.47178550961296E-5,-0.00139337872436687,0.003835560904535));
#3293=CARTESIAN_POINT('',(-5.47775119369001E-5,-0.00139489786872162,0.00384074787271334));
#3294=CARTESIAN_POINT('',(-5.48371687776706E-5,-0.00139641701307637,0.00384593484089167));
#3295=CARTESIAN_POINT('',(2.13964378485529E-5,-0.000544854067765975,0.00036));
#3296=CARTESIAN_POINT('',(2.13964378485529E-5,-0.000544854067765975,0.000707014436416762));
#3297=CARTESIAN_POINT('',(9.60003392425699E-5,-0.00244462682069041,0.00105402887283352));
#3298=CARTESIAN_POINT('',(3.46534165386588E-5,-0.000882440957180637,0.00209101443641676));
#3299=CARTESIAN_POINT('',(4.45961505562382E-5,-0.00113563112424163,0.00295550721820838));
#3300=CARTESIAN_POINT('',(5.45388845738177E-5,-0.00138882129130263,0.00382));
#3301=CARTESIAN_POINT('',(5.45985411100446E-5,-0.00139034043566945,0.00382518696817833));
#3302=CARTESIAN_POINT('',(5.46581976462715E-5,-0.00139185958003626,0.00383037393635667));
#3303=CARTESIAN_POINT('',(5.47178541824984E-5,-0.00139337872440308,0.003835560904535));
#3304=CARTESIAN_POINT('',(5.47775107187252E-5,-0.0013948978687699,0.00384074787271334));
#3305=CARTESIAN_POINT('',(5.48371672549521E-5,-0.00139641701313671,0.00384593484089167));
#3306=CARTESIAN_POINT('',(4.27927909174118E-5,-0.000543803736760104,0.00036));
#3307=CARTESIAN_POINT('',(4.27927909174118E-5,-0.000543803736760104,0.000707014436416673));
#3308=CARTESIAN_POINT('',(0.000191992640093011,-0.00243903208433009,0.00105402887283335));
#3309=CARTESIAN_POINT('',(6.93067822095013E-5,-0.000880739890082664,0.00209101443641667));
#3310=CARTESIAN_POINT('',(8.91922756785684E-5,-0.00113344200507458,0.00295550721820834));
#3311=CARTESIAN_POINT('',(0.000109077769147636,-0.0013861441200665,0.00382));
#3312=CARTESIAN_POINT('',(0.000109197082372693,-0.00138766033611442,0.00382518696817834));
#3313=CARTESIAN_POINT('',(0.000109316395597751,-0.00138917655216234,0.00383037393635667));
#3314=CARTESIAN_POINT('',(0.000109435708822808,-0.00139069276821025,0.00383556090453501));
#3315=CARTESIAN_POINT('',(0.000109555022047866,-0.00139220898425817,0.00384074787271334));
#3316=CARTESIAN_POINT('',(0.000109674335272923,-0.00139372520030609,0.00384593484089168));
#3317=CARTESIAN_POINT('',(6.41204092602562E-5,-0.000541703078116284,0.00036));
#3318=CARTESIAN_POINT('',(6.41204092602562E-5,-0.000541703078116284,0.000707014436416606));
#3319=CARTESIAN_POINT('',(0.000287515081450356,-0.00242792273700021,0.00105402887283321));
#3320=CARTESIAN_POINT('',(0.000103848820241168,-0.000877337720100776,0.00209101443641661));
#3321=CARTESIAN_POINT('',(0.000133645128476853,-0.00112906370158914,0.00295550721820831));
#3322=CARTESIAN_POINT('',(0.000163441436712537,-0.00138078968307751,0.00382));
#3323=CARTESIAN_POINT('',(0.000163620214957891,-0.00138230004231144,0.00382518696817834));
#3324=CARTESIAN_POINT('',(0.000163798993203246,-0.00138381040154536,0.00383037393635667));
#3325=CARTESIAN_POINT('',(0.0001639777714486,-0.00138532076077929,0.00383556090453501));
#3326=CARTESIAN_POINT('',(0.000164156549693955,-0.00138683112001321,0.00384074787271334));
#3327=CARTESIAN_POINT('',(0.000164335327939309,-0.00138834147924714,0.00384593484089168));
#3328=CARTESIAN_POINT('',(8.53105583501258E-5,-0.000538558927915231,0.00036));
#3329=CARTESIAN_POINT('',(8.53105583501258E-5,-0.000538558927915231,0.000707014436416561));
#3330=CARTESIAN_POINT('',(0.000382105757632996,-0.00241138570562619,0.00105402887283312));
#3331=CARTESIAN_POINT('',(0.000138168209464301,-0.000872245509940932,0.00209101443641656));
#3332=CARTESIAN_POINT('',(0.000177811447799933,-0.00112251044646021,0.00295550721820828));
#3333=CARTESIAN_POINT('',(0.000217454686135564,-0.00137277538297948,0.00382));
#3334=CARTESIAN_POINT('',(0.000217692546092367,-0.00137427697592418,0.00382518696817834));
#3335=CARTESIAN_POINT('',(0.00021793040604917,-0.00137577856886887,0.00383037393635667));
#3336=CARTESIAN_POINT('',(0.000218168266005972,-0.00137728016181357,0.00383556090453501));
#3337=CARTESIAN_POINT('',(0.000218406125962775,-0.00137878175475827,0.00384074787271334));
#3338=CARTESIAN_POINT('',(0.000218643985919577,-0.00138028334770296,0.00384593484089168));
#3339=CARTESIAN_POINT('',(0.000127281065030104,-0.000530210468339627,0.00036));
#3340=CARTESIAN_POINT('',(0.000127281065030104,-0.000530210468339627,0.000707014436416516));
#3341=CARTESIAN_POINT('',(0.000568502384345763,-0.0023676432804203,0.00105402887283303));
#3342=CARTESIAN_POINT('',(0.000206143287209777,-0.000858724454308248,0.00209101443641651));
#3343=CARTESIAN_POINT('',(0.000265289953844531,-0.00110510994378471,0.00295550721820826));
#3344=CARTESIAN_POINT('',(0.000324436620479286,-0.00135149543326118,0.00382));
#3345=CARTESIAN_POINT('',(0.00032479150126505,-0.00135297374947207,0.00382518696817834));
#3346=CARTESIAN_POINT('',(0.000325146382050813,-0.00135445206568296,0.00383037393635667));
#3347=CARTESIAN_POINT('',(0.000325501262836577,-0.00135593038189384,0.00383556090453501));
#3348=CARTESIAN_POINT('',(0.00032585614362234,-0.00135740869810473,0.00384074787271334));
#3349=CARTESIAN_POINT('',(0.000326211024408104,-0.00135888701431562,0.00384593484089168));
#3350=CARTESIAN_POINT('',(0.000148061422620212,-0.000525006158965077,0.00036));
#3351=CARTESIAN_POINT('',(0.000148061422620212,-0.000525006158965077,0.000707014436416517));
#3352=CARTESIAN_POINT('',(0.000660295157192751,-0.00234044661619623,0.00105402887283303));
#3353=CARTESIAN_POINT('',(0.00023979897573212,-0.000850295608835407,0.00209101443641652));
#3354=CARTESIAN_POINT('',(0.00030860214056605,-0.00109426269623815,0.00295550721820826));
#3355=CARTESIAN_POINT('',(0.000377405305399981,-0.0013382297836409,0.00382));
#3356=CARTESIAN_POINT('',(0.000377818125303257,-0.00133969358940721,0.00382518696817834));
#3357=CARTESIAN_POINT('',(0.000378230945206533,-0.00134115739517352,0.00383037393635667));
#3358=CARTESIAN_POINT('',(0.00037864376510981,-0.00134262120093983,0.00383556090453501));
#3359=CARTESIAN_POINT('',(0.000379056585013086,-0.00134408500670614,0.00384074787271334));
#3360=CARTESIAN_POINT('',(0.000379469404916362,-0.00134554881247245,0.00384593484089168));
#3361=CARTESIAN_POINT('',(0.000168569457963534,-0.000518785181974263,0.00036));
#3362=CARTESIAN_POINT('',(0.000168569457963534,-0.000518785181974263,0.000707014436416542));
#3363=CARTESIAN_POINT('',(0.000750296160991526,-0.00230815587605738,0.00105402887283308));
#3364=CARTESIAN_POINT('',(0.000273013612362206,-0.000840220168227524,0.00209101443641654));
#3365=CARTESIAN_POINT('',(0.00035134672816121,-0.00108129640791747,0.00295550721820827));
#3366=CARTESIAN_POINT('',(0.000429679843960215,-0.00132237264760741,0.00382));
#3367=CARTESIAN_POINT('',(0.000430149843695918,-0.00132381910824903,0.00382518696817834));
#3368=CARTESIAN_POINT('',(0.000430619843431621,-0.00132526556889065,0.00383037393635667));
#3369=CARTESIAN_POINT('',(0.000431089843167324,-0.00132671202953227,0.00383556090453501));
#3370=CARTESIAN_POINT('',(0.000431559842903027,-0.00132815849017389,0.00384074787271334));
#3371=CARTESIAN_POINT('',(0.00043202984263873,-0.0013296049508155,0.00384593484089168));
#3372=CARTESIAN_POINT('',(0.000188739052593217,-0.000511567525227441,0.00036));
#3373=CARTESIAN_POINT('',(0.000188739052593217,-0.000511567525227441,0.000707014436416591));
#3374=CARTESIAN_POINT('',(0.000838120475233319,-0.0022710090115999,0.00105402887283318));
#3375=CARTESIAN_POINT('',(0.000305680115185672,-0.000828530514821552,0.00209101443641659));
#3376=CARTESIAN_POINT('',(0.000393385912130015,-0.00106625275701714,0.0029555072182083));
#3377=CARTESIAN_POINT('',(0.000481091709074357,-0.00130397499921272,0.00382));
#3378=CARTESIAN_POINT('',(0.000481617945021478,-0.0013054013358248,0.00382518696817834));
#3379=CARTESIAN_POINT('',(0.0004821441809686,-0.00130682767243689,0.00383037393635667));
#3380=CARTESIAN_POINT('',(0.000482670416915721,-0.00130825400904897,0.00383556090453501));
#3381=CARTESIAN_POINT('',(0.000483196652862843,-0.00130968034566105,0.00384074787271334));
#3382=CARTESIAN_POINT('',(0.000483722888809964,-0.00131110668227314,0.00384593484089168));
#3383=CARTESIAN_POINT('',(0.000228274355582569,-0.000495191459370958,0.00036));
#3384=CARTESIAN_POINT('',(0.000228274355582569,-0.000495191459370958,0.000707014436416741));
#3385=CARTESIAN_POINT('',(0.00100865111567638,-0.00218749156866862,0.00105402887283348));
#3386=CARTESIAN_POINT('',(0.000369711155182315,-0.000802007985342631,0.00209101443641674));
#3387=CARTESIAN_POINT('',(0.000475788754882125,-0.00103212037982139,0.00295550721820837));
#3388=CARTESIAN_POINT('',(0.000581866354581935,-0.00126223277430014,0.00382));
#3389=CARTESIAN_POINT('',(0.000582502821589718,-0.0012636134517248,0.00382518696817834));
#3390=CARTESIAN_POINT('',(0.000583139288597501,-0.00126499412914946,0.00383037393635667));
#3391=CARTESIAN_POINT('',(0.000583775755605285,-0.00126637480657412,0.003835560904535));
#3392=CARTESIAN_POINT('',(0.000584412222613068,-0.00126775548399878,0.00384074787271334));
#3393=CARTESIAN_POINT('',(0.000585048689620851,-0.00126913616142344,0.00384593484089167));
#3394=CARTESIAN_POINT('',(0.000247640063942237,-0.000486033050261297,0.00036));
#3395=CARTESIAN_POINT('',(0.000247640063942237,-0.000486033050261297,0.000707014436416842));
#3396=CARTESIAN_POINT('',(0.0010913515162647,-0.0021411354624768,0.00105402887283368));
#3397=CARTESIAN_POINT('',(0.00040107569235549,-0.000787175109269681,0.00209101443641684));
#3398=CARTESIAN_POINT('',(0.000516152413665429,-0.00101303165352597,0.00295550721820842));
#3399=CARTESIAN_POINT('',(0.000631229134975368,-0.00123888819778226,0.00382));
#3400=CARTESIAN_POINT('',(0.000631919596832394,-0.00124024334004903,0.00382518696817833));
#3401=CARTESIAN_POINT('',(0.000632610058689421,-0.0012415984823158,0.00383037393635667));
#3402=CARTESIAN_POINT('',(0.000633300520546447,-0.00124295362458257,0.003835560904535));
#3403=CARTESIAN_POINT('',(0.000633990982403474,-0.00124430876684935,0.00384074787271334));
#3404=CARTESIAN_POINT('',(0.0006346814442605,-0.00124566390911612,0.00384593484089167));
#3405=CARTESIAN_POINT('',(0.000266540326745532,-0.000475930568544806,0.00036));
#3406=CARTESIAN_POINT('',(0.000266540326745532,-0.000475930568544806,0.000707014436416969));
#3407=CARTESIAN_POINT('',(0.00117122815078561,-0.00209050538310007,0.00105402887283394));
#3408=CARTESIAN_POINT('',(0.000431686397684993,-0.000770813223327841,0.00209101443641697));
#3409=CARTESIAN_POINT('',(0.000555545950889588,-0.000991975214415118,0.00295550721820849));
#3410=CARTESIAN_POINT('',(0.000679405504094184,-0.00121313720550239,0.00382));
#3411=CARTESIAN_POINT('',(0.000680148663059287,-0.00121446418038777,0.00382518696817833));
#3412=CARTESIAN_POINT('',(0.000680891822024389,-0.00121579115527315,0.00383037393635667));
#3413=CARTESIAN_POINT('',(0.000681634980989492,-0.00121711813015852,0.003835560904535));
#3414=CARTESIAN_POINT('',(0.000682378139954595,-0.0012184451050439,0.00384074787271334));
#3415=CARTESIAN_POINT('',(0.000683121298919698,-0.00121977207992928,0.00384593484089167));
#3416=CARTESIAN_POINT('',(0.000284914257616567,-0.000464916633510407,0.00036));
#3417=CARTESIAN_POINT('',(0.000284914257616567,-0.000464916633510407,0.000707014436417123));
#3418=CARTESIAN_POINT('',(0.00124802478885037,-0.00203593105779406,0.00105402887283425));
#3419=CARTESIAN_POINT('',(0.000461444655048133,-0.000752975148109356,0.00209101443641713));
#3420=CARTESIAN_POINT('',(0.000593842453121808,-0.000969019034058568,0.00295550721820856));
#3421=CARTESIAN_POINT('',(0.000726240251195482,-0.00118506292000778,0.00382));
#3422=CARTESIAN_POINT('',(0.000727034639743257,-0.00118635918619432,0.00382518696817833));
#3423=CARTESIAN_POINT('',(0.000727829028291033,-0.00118765545238086,0.00383037393635667));
#3424=CARTESIAN_POINT('',(0.000728623416838808,-0.00118895171856739,0.003835560904535));
#3425=CARTESIAN_POINT('',(0.000729417805386584,-0.00119024798475393,0.00384074787271334));
#3426=CARTESIAN_POINT('',(0.000730212193934359,-0.00119154425094047,0.00384593484089167));
#3427=CARTESIAN_POINT('',(0.000320495132833051,-0.00044114224511216,0.00036));
#3428=CARTESIAN_POINT('',(0.000320495132833051,-0.00044114224511216,0.000707014436417488));
#3429=CARTESIAN_POINT('',(0.00139495306138089,-0.00191956451956317,0.00105402887283498));
#3430=CARTESIAN_POINT('',(0.000519071119373232,-0.000714470333274497,0.00209101443641749));
#3431=CARTESIAN_POINT('',(0.000668003109278368,-0.000919466399396251,0.00295550721820874));
#3432=CARTESIAN_POINT('',(0.000816935099183504,-0.001124462465518,0.00382));
#3433=CARTESIAN_POINT('',(0.000817828693101978,-0.00112569244463877,0.00382518696817833));
#3434=CARTESIAN_POINT('',(0.000818722287020453,-0.00112692242375954,0.00383037393635667));
#3435=CARTESIAN_POINT('',(0.000819615880938927,-0.0011281524028803,0.003835560904535));
#3436=CARTESIAN_POINT('',(0.000820509474857402,-0.00112938238200107,0.00384074787271333));
#3437=CARTESIAN_POINT('',(0.000821403068775876,-0.00113061236112184,0.00384593484089166));
#3438=CARTESIAN_POINT('',(0.000337702077178499,-0.000428381791748313,0.00036));
#3439=CARTESIAN_POINT('',(0.000337702077178499,-0.000428381791748313,0.000707014436417699));
#3440=CARTESIAN_POINT('',(0.00146508795499156,-0.00185778694228935,0.0010540288728354));
#3441=CARTESIAN_POINT('',(0.00054693932633519,-0.000693803593658123,0.0020910144364177));
#3442=CARTESIAN_POINT('',(0.000703867263202709,-0.000892869945090482,0.00295550721820885));
#3443=CARTESIAN_POINT('',(0.000860795200070227,-0.00109193629652284,0.00382));
#3444=CARTESIAN_POINT('',(0.000861736769776728,-0.00109313069727668,0.00382518696817833));
#3445=CARTESIAN_POINT('',(0.000862678339483228,-0.00109432509803051,0.00383037393635666));
#3446=CARTESIAN_POINT('',(0.000863619909189729,-0.00109551949878435,0.003835560904535));
#3447=CARTESIAN_POINT('',(0.00086456147889623,-0.00109671389953818,0.00384074787271333));
#3448=CARTESIAN_POINT('',(0.000865503048602731,-0.00109790830029202,0.00384593484089166));
#3449=CARTESIAN_POINT('',(0.000354268366930619,-0.000414786273372926,0.00036));
#3450=CARTESIAN_POINT('',(0.000354268366930619,-0.000414786273372926,0.000707014436417939));
#3451=CARTESIAN_POINT('',(0.00153177112559295,-0.00179275470642705,0.00105402887283588));
#3452=CARTESIAN_POINT('',(0.000573769930862328,-0.000671784378920507,0.00209101443641794));
#3453=CARTESIAN_POINT('',(0.000738396103811109,-0.000864532958081193,0.00295550721820897));
#3454=CARTESIAN_POINT('',(0.00090302227675989,-0.00105728153724188,0.00382));
#3455=CARTESIAN_POINT('',(0.000904010035985174,-0.00105843803127813,0.00382518696817833));
#3456=CARTESIAN_POINT('',(0.000904997795210459,-0.00105959452531439,0.00383037393635666));
#3457=CARTESIAN_POINT('',(0.000905985554435743,-0.00106075101935064,0.00383556090453499));
#3458=CARTESIAN_POINT('',(0.000906973313661027,-0.00106190751338689,0.00384074787271333));
#3459=CARTESIAN_POINT('',(0.000907961072886312,-0.00106306400742314,0.00384593484089166));
#3460=CARTESIAN_POINT('',(0.000370140565804226,-0.000400399459003447,0.00036));
#3461=CARTESIAN_POINT('',(0.000370140565804226,-0.000400399459003447,0.000707014436418208));
#3462=CARTESIAN_POINT('',(0.00159488381787568,-0.00172481303641042,0.00105402887283642));
#3463=CARTESIAN_POINT('',(0.000599476394608876,-0.000648483582624806,0.00209101443641821));
#3464=CARTESIAN_POINT('',(0.000771478266212363,-0.000834546675340825,0.0029555072182091));
#3465=CARTESIAN_POINT('',(0.00094348013781585,-0.00102060976805684,0.00382));
#3466=CARTESIAN_POINT('',(0.000944512151331073,-0.00102172614908559,0.00382518696817833));
#3467=CARTESIAN_POINT('',(0.000945544164846295,-0.00102284253011434,0.00383037393635666));
#3468=CARTESIAN_POINT('',(0.000946576178361518,-0.00102395891114308,0.00383556090453499));
#3469=CARTESIAN_POINT('',(0.00094760819187674,-0.00102507529217183,0.00384074787271332));
#3470=CARTESIAN_POINT('',(0.000948640205391963,-0.00102619167320058,0.00384593484089165));
#3471=CARTESIAN_POINT('',(0.000400399577314474,-0.000370140444339579,0.00036));
#3472=CARTESIAN_POINT('',(0.000400399577314474,-0.000370140444339579,0.000707014436418808));
#3473=CARTESIAN_POINT('',(0.00171374040327557,-0.00158381094496517,0.00105402887283762));
#3474=CARTESIAN_POINT('',(0.000648483653611422,-0.000599476321730087,0.00209101443641881));
#3475=CARTESIAN_POINT('',(0.000834546710834133,-0.000771478229772969,0.0029555072182094));
#3476=CARTESIAN_POINT('',(0.00102060976805684,-0.00094348013781585,0.00382));
#3477=CARTESIAN_POINT('',(0.00102172614887263,-0.00094451215154971,0.00382518696817833));
#3478=CARTESIAN_POINT('',(0.00102284252968842,-0.000945544165283569,0.00383037393635666));
#3479=CARTESIAN_POINT('',(0.0010239589105042,-0.000946576179017428,0.00383556090453499));
#3480=CARTESIAN_POINT('',(0.00102507529131999,-0.000947608192751288,0.00384074787271331));
#3481=CARTESIAN_POINT('',(0.00102619167213578,-0.000948640206485147,0.00384593484089164));
#3482=CARTESIAN_POINT('',(0.000414786389951115,-0.00035426824404519,0.00036));
#3483=CARTESIAN_POINT('',(0.000414786389951115,-0.00035426824404519,0.000707014436419139));
#3484=CARTESIAN_POINT('',(0.00176949579766542,-0.00151076027604022,0.00105402887283828));
#3485=CARTESIAN_POINT('',(0.00067178444886742,-0.00057376985713107,0.00209101443641914));
#3486=CARTESIAN_POINT('',(0.000864532993054649,-0.000738396066945481,0.00295550721820957));
#3487=CARTESIAN_POINT('',(0.00105728153724188,-0.000903022276759891,0.00382));
#3488=CARTESIAN_POINT('',(0.00105843803106829,-0.00090401003620637,0.00382518696817833));
#3489=CARTESIAN_POINT('',(0.0010595945248947,-0.000904997795652848,0.00383037393635666));
#3490=CARTESIAN_POINT('',(0.00106075101872111,-0.000905985555099327,0.00383556090453498));
#3491=CARTESIAN_POINT('',(0.00106190751254752,-0.000906973314545805,0.00384074787271331));
#3492=CARTESIAN_POINT('',(0.00106306400637394,-0.000907961073992284,0.00384593484089164));
#3493=CARTESIAN_POINT('',(0.000428381907229303,-0.000337701953819985,0.00036));
#3494=CARTESIAN_POINT('',(0.000428381907229303,-0.000337701953819985,0.000707014436419501));
#3495=CARTESIAN_POINT('',(0.00182155670979504,-0.00143545166467887,0.001054028872839));
#3496=CARTESIAN_POINT('',(0.000693803662946718,-0.000546939252320082,0.0020910144364195));
#3497=CARTESIAN_POINT('',(0.000892869979734779,-0.000703867226195154,0.00295550721820975));
#3498=CARTESIAN_POINT('',(0.00109193629652284,-0.000860795200070227,0.00382));
#3499=CARTESIAN_POINT('',(0.00109313069706881,-0.000861736769998774,0.00382518696817833));
#3500=CARTESIAN_POINT('',(0.00109432509761478,-0.00086267833992732,0.00383037393635665));
#3501=CARTESIAN_POINT('',(0.00109551949816075,-0.000863619909855867,0.00383556090453498));
#3502=CARTESIAN_POINT('',(0.00109671389870672,-0.000864561479784413,0.00384074787271331));
#3503=CARTESIAN_POINT('',(0.00109790829925268,-0.00086550304971296,0.00384593484089163));
#3504=CARTESIAN_POINT('',(0.000441142360954284,-0.000320495010709792,0.00036));
#3505=CARTESIAN_POINT('',(0.000441142360954284,-0.000320495010709792,0.000707014436419896));
#3506=CARTESIAN_POINT('',(0.00186990638975948,-0.00135818162566122,0.00105402887283979));
#3507=CARTESIAN_POINT('',(0.000714470402779772,-0.000519071046099277,0.00209101443641989));
#3508=CARTESIAN_POINT('',(0.000919466434148887,-0.00066800307264139,0.00295550721820995));
#3509=CARTESIAN_POINT('',(0.001124462465518,-0.000816935099183504,0.00382));
#3510=CARTESIAN_POINT('',(0.00112569244443025,-0.000817828693321801,0.00382518696817833));
#3511=CARTESIAN_POINT('',(0.0011269224233425,-0.000818722287460098,0.00383037393635665));
#3512=CARTESIAN_POINT('',(0.00112815240225475,-0.000819615881598394,0.00383556090453498));
#3513=CARTESIAN_POINT('',(0.001129382381167,-0.000820509475736691,0.0038407478727133));
#3514=CARTESIAN_POINT('',(0.00113061236007925,-0.000821403069874988,0.00384593484089163));
#3515=CARTESIAN_POINT('',(0.000464916752611943,-0.000284914141815881,0.00036));
#3516=CARTESIAN_POINT('',(0.000464916752611943,-0.000284914141815881,0.000707014436420752));
#3517=CARTESIAN_POINT('',(0.00195916093325179,-0.00120031917087836,0.0010540288728415));
#3518=CARTESIAN_POINT('',(0.000752975219570278,-0.000461444585567721,0.00209101443642075));
#3519=CARTESIAN_POINT('',(0.000969019069789029,-0.000593842418381602,0.00295550721821038));
#3520=CARTESIAN_POINT('',(0.00118506292000778,-0.000726240251195483,0.00382));
#3521=CARTESIAN_POINT('',(0.00118635918597993,-0.0007270346399517,0.00382518696817832));
#3522=CARTESIAN_POINT('',(0.00118765545195209,-0.000727829028707917,0.00383037393635665));
#3523=CARTESIAN_POINT('',(0.00118895171792424,-0.000728623417464134,0.00383556090453497));
#3524=CARTESIAN_POINT('',(0.0011902479838964,-0.000729417806220351,0.00384074787271329));
#3525=CARTESIAN_POINT('',(0.00119154424986855,-0.000730212194976568,0.00384593484089161));
#3526=CARTESIAN_POINT('',(0.000475930690544621,-0.000266540216032162,0.00036));
#3527=CARTESIAN_POINT('',(0.000475930690544621,-0.000266540216032162,0.000707014436421214));
#3528=CARTESIAN_POINT('',(0.00200008091747931,-0.00111972723053524,0.00105402887284243));
#3529=CARTESIAN_POINT('',(0.00077081329652773,-0.000431686331256971,0.00209101443642122));
#3530=CARTESIAN_POINT('',(0.000991975251015062,-0.000555545917675577,0.00295550721821061));
#3531=CARTESIAN_POINT('',(0.00121313720550239,-0.000679405504094184,0.00382));
#3532=CARTESIAN_POINT('',(0.00121446418016817,-0.000680148663258571,0.00382518696817832));
#3533=CARTESIAN_POINT('',(0.00121579115483395,-0.000680891822422958,0.00383037393635664));
#3534=CARTESIAN_POINT('',(0.00121711812949972,-0.000681634981587346,0.00383556090453496));
#3535=CARTESIAN_POINT('',(0.0012184451041655,-0.000682378140751733,0.00384074787271329));
#3536=CARTESIAN_POINT('',(0.00121977207883128,-0.00068312129991612,0.00384593484089161));
#3537=CARTESIAN_POINT('',(0.000486033176238204,-0.000247639960459903,0.00036));
#3538=CARTESIAN_POINT('',(0.000486033176238204,-0.000247639960459903,0.000707014436421709));
#3539=CARTESIAN_POINT('',(0.0020373071039271,-0.00103769046332003,0.00105402887284342));
#3540=CARTESIAN_POINT('',(0.000787175184855825,-0.00040107563026609,0.00209101443642171));
#3541=CARTESIAN_POINT('',(0.00101303169131904,-0.000516152382620729,0.00295550721821086));
#3542=CARTESIAN_POINT('',(0.00123888819778226,-0.000631229134975369,0.00382));
#3543=CARTESIAN_POINT('',(0.00124024333982227,-0.000631919597018664,0.00382518696817832));
#3544=CARTESIAN_POINT('',(0.00124159848186228,-0.000632610059061959,0.00383037393635664));
#3545=CARTESIAN_POINT('',(0.0012429536239023,-0.000633300521105254,0.00383556090453496));
#3546=CARTESIAN_POINT('',(0.00124430876594231,-0.000633990983148549,0.00384074787271328));
#3547=CARTESIAN_POINT('',(0.00124566390798233,-0.000634681445191844,0.0038459348408916));
#3548=CARTESIAN_POINT('',(0.000495191589201558,-0.000228274261149725,0.00036));
#3549=CARTESIAN_POINT('',(0.000495191589201558,-0.000228274261149725,0.000707014436422239));
#3550=CARTESIAN_POINT('',(0.00207085855618579,-0.000954428479814677,0.00105402887284448));
#3551=CARTESIAN_POINT('',(0.000802008063240991,-0.000369711098522609,0.00209101443642224));
#3552=CARTESIAN_POINT('',(0.00103212041877056,-0.000475788726552272,0.00295550721821112));
#3553=CARTESIAN_POINT('',(0.00126223277430014,-0.000581866354581935,0.00382));
#3554=CARTESIAN_POINT('',(0.0012636134514911,-0.000582502821759698,0.00382518696817832));
#3555=CARTESIAN_POINT('',(0.00126499412868207,-0.00058313928893746,0.00383037393635664));
#3556=CARTESIAN_POINT('',(0.00126637480587303,-0.000583775756115223,0.00383556090453496));
#3557=CARTESIAN_POINT('',(0.001267755483064,-0.000584412223292986,0.00384074787271327));
#3558=CARTESIAN_POINT('',(0.00126913616025497,-0.000585048690470748,0.00384593484089159));
#3559=CARTESIAN_POINT('',(0.000511567656002352,-0.000188738977135961,0.00036));
#3560=CARTESIAN_POINT('',(0.000511567656002352,-0.000188738977135961,0.000707014436423371));
#3561=CARTESIAN_POINT('',(0.0021306627468232,-0.000785898531368857,0.00105402887284674));
#3562=CARTESIAN_POINT('',(0.000828530593286498,-0.00030568006991132,0.00209101443642337));
#3563=CARTESIAN_POINT('',(0.00106625279624961,-0.000393385889492838,0.00295550721821168));
#3564=CARTESIAN_POINT('',(0.00130397499921272,-0.000481091709074358,0.00382));
#3565=CARTESIAN_POINT('',(0.00130540133558941,-0.000481617945157303,0.00382518696817832));
#3566=CARTESIAN_POINT('',(0.0013068276719661,-0.000482144181240248,0.00383037393635663));
#3567=CARTESIAN_POINT('',(0.00130825400834278,-0.000482670417323193,0.00383556090453495));
#3568=CARTESIAN_POINT('',(0.00130968034471947,-0.000483196653406137,0.00384074787271326));
#3569=CARTESIAN_POINT('',(0.00131110668109616,-0.000483722889489082,0.00384593484089158));
#3570=CARTESIAN_POINT('',(0.000518785309839792,-0.000168569392432376,0.00036));
#3571=CARTESIAN_POINT('',(0.000518785309839792,-0.000168569392432376,0.000707014436423973));
#3572=CARTESIAN_POINT('',(0.00215692806707546,-0.000700620835442775,0.00105402887310363));
#3573=CARTESIAN_POINT('',(0.000840220244946841,-0.000273013573043511,0.00209101443642398));
#3574=CARTESIAN_POINT('',(0.00108129644627713,-0.000351346708501863,0.00295550721821199));
#3575=CARTESIAN_POINT('',(0.00132237264760741,-0.000429679843960215,0.00382));
#3576=CARTESIAN_POINT('',(0.00132381910801887,-0.000430149843813874,0.00382518696817831));
#3577=CARTESIAN_POINT('',(0.00132526556843033,-0.000430619843667533,0.00383037393635663));
#3578=CARTESIAN_POINT('',(0.00132671202884179,-0.000431089843521193,0.00383556090453494));
#3579=CARTESIAN_POINT('',(0.00132815848925325,-0.000431559843374852,0.00384074787271325));
#3580=CARTESIAN_POINT('',(0.00132960494966471,-0.000432029843228511,0.00384593484089157));
#3581=CARTESIAN_POINT('',(0.000525006277281548,-0.000148061366073304,0.00036));
#3582=CARTESIAN_POINT('',(0.000525006277281548,-0.000148061366073304,0.000707014436424612));
#3583=CARTESIAN_POINT('',(0.00217953595066603,-0.000614491901127349,0.00105402887336058));
#3584=CARTESIAN_POINT('',(0.00085029567982529,-0.000239798941803975,0.00209101443642461));
#3585=CARTESIAN_POINT('',(0.0010942627317331,-0.000308602123601978,0.00295550721821231));
#3586=CARTESIAN_POINT('',(0.0013382297836409,-0.000377405305399981,0.00382));
#3587=CARTESIAN_POINT('',(0.00133969358919424,-0.000377818125405042,0.00382518696817831));
#3588=CARTESIAN_POINT('',(0.00134115739474758,-0.000378230945410103,0.00383037393635662));
#3589=CARTESIAN_POINT('',(0.00134262120030092,-0.000378643765415164,0.00383556090453493));
#3590=CARTESIAN_POINT('',(0.00134408500585426,-0.000379056585420225,0.00384074787271325));
#3591=CARTESIAN_POINT('',(0.0013455488114076,-0.000379469405425286,0.00384593484089156));
#3592=CARTESIAN_POINT('',(0.000530210565153296,-0.000127281014090561,0.00036));
#3593=CARTESIAN_POINT('',(0.000530210565153296,-0.000127281014090561,0.000707014436425288));
#3594=CARTESIAN_POINT('',(0.00219847204965811,-0.000527675826727005,0.00105402887336194));
#3595=CARTESIAN_POINT('',(0.00085872451239645,-0.000206143256646051,0.00209101443642529));
#3596=CARTESIAN_POINT('',(0.00110510997282881,-0.000265289938562669,0.00295550721821265));
#3597=CARTESIAN_POINT('',(0.00135149543326118,-0.000324436620479286,0.00382));
#3598=CARTESIAN_POINT('',(0.0013529737492978,-0.000324791501356741,0.00382518696817831));
#3599=CARTESIAN_POINT('',(0.00135445206533443,-0.000325146382234196,0.00383037393635662));
#3600=CARTESIAN_POINT('',(0.00135593038137105,-0.000325501263111651,0.00383556090453493));
#3601=CARTESIAN_POINT('',(0.00135740869740767,-0.000325856143989106,0.00384074787271324));
#3602=CARTESIAN_POINT('',(0.00135888701344429,-0.000326211024866561,0.00384593484089155));
#3603=CARTESIAN_POINT('',(0.000538558963977415,-8.53105100631164E-5,0.00036));
#3604=CARTESIAN_POINT('',(0.000538558963977415,-8.53105100631164E-5,0.000707014436426717));
#3605=CARTESIAN_POINT('',(0.0022289851511409,-0.000353000213487086,0.00105402887234207));
#3606=CARTESIAN_POINT('',(0.000872245531578243,-0.000138168180492096,0.00209101443642672));
#3607=CARTESIAN_POINT('',(0.00112251045727886,-0.00017781143331383,0.00295550721821336));
#3608=CARTESIAN_POINT('',(0.00137277538297948,-0.000217454686135564,0.00382));
#3609=CARTESIAN_POINT('',(0.00137427697585927,-0.000217692546179284,0.00382518696817831));
#3610=CARTESIAN_POINT('',(0.00137577856873905,-0.000217930406223003,0.00383037393635661));
#3611=CARTESIAN_POINT('',(0.00137728016161883,-0.000218168266266723,0.00383556090453492));
#3612=CARTESIAN_POINT('',(0.00137878175449862,-0.000218406126310442,0.00384074787271322));
#3613=CARTESIAN_POINT('',(0.0013802833473784,-0.000218643986354161,0.00384593484089153));
#3614=CARTESIAN_POINT('',(0.000541703074929785,-6.41203580184142E-5,0.00036));
#3615=CARTESIAN_POINT('',(0.000541703074929785,-6.41203580184142E-5,0.00070701443642747));
#3616=CARTESIAN_POINT('',(0.00224056594084591,-0.000265123407340058,0.00105402887234358));
#3617=CARTESIAN_POINT('',(0.000877337718188877,-0.000103848789496063,0.00209101443642747));
#3618=CARTESIAN_POINT('',(0.00112906370063319,-0.0001336451131043,0.00295550721821373));
#3619=CARTESIAN_POINT('',(0.00138078968307751,-0.000163441436712537,0.00382));
#3620=CARTESIAN_POINT('',(0.00138230004231717,-0.000163620215050127,0.0038251869681783));
#3621=CARTESIAN_POINT('',(0.00138381040155683,-0.000163798993387717,0.00383037393635661));
#3622=CARTESIAN_POINT('',(0.00138532076079649,-0.000163977771725307,0.00383556090453491));
#3623=CARTESIAN_POINT('',(0.00138683112003615,-0.000164156550062897,0.00384074787271321));
#3624=CARTESIAN_POINT('',(0.00138834147927581,-0.000164335328400487,0.00384593484089151));
#3625=CARTESIAN_POINT('',(0.000543803688532784,-4.27927315354235E-5,0.00036));
#3626=CARTESIAN_POINT('',(0.000543803688532784,-4.27927315354235E-5,0.000707014436428261));
#3627=CARTESIAN_POINT('',(0.00224837428378777,-0.00017688117825484,0.00105402887260084));
#3628=CARTESIAN_POINT('',(0.000880739861146272,-6.93067465803084E-5,0.00209101443642826));
#3629=CARTESIAN_POINT('',(0.00113344199060639,-8.91922578639721E-5,0.00295550721821413));
#3630=CARTESIAN_POINT('',(0.0013861441200665,-0.000109077769147636,0.00382));
#3631=CARTESIAN_POINT('',(0.00138766033620123,-0.000109197082479581,0.0038251869681783));
#3632=CARTESIAN_POINT('',(0.00138917655233596,-0.000109316395811526,0.0038303739363566));
#3633=CARTESIAN_POINT('',(0.00139069276847068,-0.000109435709143472,0.0038355609045349));
#3634=CARTESIAN_POINT('',(0.00139220898460541,-0.000109555022475417,0.0038407478727132));
#3635=CARTESIAN_POINT('',(0.00139372520074013,-0.000109674335807362,0.0038459348408915));
#3636=CARTESIAN_POINT('',(0.000544853980181368,-2.13963657677117E-5,0.00036));
#3637=CARTESIAN_POINT('',(0.000544853980181368,-2.13963657677117E-5,0.000707014436429094));
#3638=CARTESIAN_POINT('',(0.00225232007852433,-8.8448412381185E-5,0.00105402887285819));
#3639=CARTESIAN_POINT('',(0.000882440904629873,-3.46533732901542E-5,0.0020910144364291));
#3640=CARTESIAN_POINT('',(0.00113563109796625,-4.4596128931986E-5,0.00295550721821455));
#3641=CARTESIAN_POINT('',(0.00138882129130263,-5.45388845738178E-5,0.00382));
#3642=CARTESIAN_POINT('',(0.0013903404358271,-5.45985412397905E-5,0.0038251869681783));
#3643=CARTESIAN_POINT('',(0.00139185958035157,-5.46581979057632E-5,0.0038303739363566));
#3644=CARTESIAN_POINT('',(0.00139337872487604,-5.47178545717359E-5,0.00383556090453489));
#3645=CARTESIAN_POINT('',(0.00139489786940051,-5.47775112377085E-5,0.00384074787271319));
#3646=CARTESIAN_POINT('',(0.00139641701392498,-5.48371679036812E-5,0.00384593484089149));
#3647=CARTESIAN_POINT('',(0.000544853980181368,3.25260651745652E-20,0.00036));
#3648=CARTESIAN_POINT('',(0.000544853980181368,3.25260651745652E-20,0.000707014436429967));
#3649=CARTESIAN_POINT('',(0.00225232007852433,3.25260651745652E-20,0.00105402887285993));
#3650=CARTESIAN_POINT('',(0.000882440904629873,4.98732999343332E-20,0.00209101443642997));
#3651=CARTESIAN_POINT('',(0.00113563109796625,6.28837260041593E-20,0.00295550721821499));
#3652=CARTESIAN_POINT('',(0.00138882129130263,7.58941520739853E-20,0.00382));
#3653=CARTESIAN_POINT('',(0.0013903404358271,7.59722148032899E-20,0.0038251869681783));
#3654=CARTESIAN_POINT('',(0.00139185958035157,7.60502775325945E-20,0.00383037393635659));
#3655=CARTESIAN_POINT('',(0.00139337872487604,7.61283402618991E-20,0.00383556090453489));
#3656=CARTESIAN_POINT('',(0.00139489786940051,7.62064029912037E-20,0.00384074787271318));
#3657=CARTESIAN_POINT('',(0.00139641701392498,7.62844657205083E-20,0.00384593484089148));
#3658=CARTESIAN_POINT('',(-0.0012881870119414,0.0002,0.0016607326469099));
#3659=CARTESIAN_POINT('',(-0.00128821974552349,0.0002,0.00169111487048638));
#3660=CARTESIAN_POINT('',(-0.00128758508370216,0.0002,0.00172144181528122));
#3661=CARTESIAN_POINT('',(-0.00128643096642848,0.0002,0.00175172573481042));
#3662=CARTESIAN_POINT('',(-0.00128643096642848,0.0002,0.00175172573481042));
#3663=CARTESIAN_POINT('',(-0.00128643096642848,0.0002,0.00175172573481042));
#3664=CARTESIAN_POINT('',(-0.00130309301758358,8.12986256222839E-5,0.00176971669980665));
#3665=CARTESIAN_POINT('',(-0.00130481177834599,-4.09230005677475E-5,0.00177161668851816));
#3666=CARTESIAN_POINT('',(-0.00129147701945596,-0.000159999999999997,0.00175718125582655));
#3667=CARTESIAN_POINT('',(-0.00128818700908234,-0.000200000000000001,0.00166073357964839));
#3668=CARTESIAN_POINT('',(-0.00128819922233575,-0.000200000000000001,0.00167207423498372));
#3669=CARTESIAN_POINT('',(-0.00128811825839953,-0.0002,0.00168340717267316));
#3670=CARTESIAN_POINT('',(-0.00128795212410316,-0.0002,0.00169473305590341));
#3671=CARTESIAN_POINT('',(-0.00129270117575935,0.000160000000073166,0.00160955407172364));
#3672=CARTESIAN_POINT('',(-0.00130533736238441,5.40650920046272E-5,0.00162165538064076));
#3673=CARTESIAN_POINT('',(-0.00130531341331395,-5.42659069372954E-5,0.0016216324453033));
#3674=CARTESIAN_POINT('',(-0.00129270117410369,-0.00016,0.00160955407013807));
#3675=CARTESIAN_POINT('',(0.00129202251255363,0.00016,0.00158905116925693));
#3676=CARTESIAN_POINT('',(0.00130480905110467,5.41000219447269E-5,0.00160159383990456));
#3677=CARTESIAN_POINT('',(0.00130478361162937,-5.43107593423133E-5,0.00160156888549748));
#3678=CARTESIAN_POINT('',(0.00129202248940762,-0.00016,0.00158905114655237));
#3679=CARTESIAN_POINT('',(0.00128686023380768,-0.000199999999999999,0.0017397363274281));
#3680=CARTESIAN_POINT('',(0.00128795770259292,-0.000199999999999999,0.00170695360012237));
#3681=CARTESIAN_POINT('',(0.00128842351896097,-0.000200000000000001,0.00167412842739427));
#3682=CARTESIAN_POINT('',(0.00128807390563199,-0.000200000000000001,0.00164135143516964));
#3683=CARTESIAN_POINT('',(0.00128686023380768,-0.0002,0.0017397363274281));
#3684=CARTESIAN_POINT('',(0.00129191981597977,0.000159999999913876,0.00174540559479648));
#3685=CARTESIAN_POINT('',(0.00130531243593197,4.07112975674136E-5,0.00176043212156272));
#3686=CARTESIAN_POINT('',(0.00130355968952269,-8.13638992695808E-5,0.00175842316191384));
#3687=CARTESIAN_POINT('',(0.00128686023380768,-0.0002,0.0017397363274281));
#3688=CARTESIAN_POINT('',(0.00128810812261723,0.0002,0.00168136759190187));
#3689=CARTESIAN_POINT('',(0.00128822348007668,0.0002,0.00166801597068116));
#3690=CARTESIAN_POINT('',(0.00128821616354888,0.0002,0.00165466798452841));
#3691=CARTESIAN_POINT('',(0.00128807364581491,0.0002,0.0016413240046494));
#3692=CARTESIAN_POINT('',(0.00123920696333666,0.0002,0.00327843328522063));
#3693=CARTESIAN_POINT('',(0.00123471759163693,0.0002,0.00325204398270162));
#3694=CARTESIAN_POINT('',(0.00123060356630051,0.0002,0.00322559434947721));
#3695=CARTESIAN_POINT('',(0.00122688077270656,0.0002,0.00319908183223606));
#3696=CARTESIAN_POINT('',(0.00122162848272174,-0.0002,0.00315956622928193));
#3697=CARTESIAN_POINT('',(0.00124071991966942,-8.08077619099005E-5,0.00315703297804943));
#3698=CARTESIAN_POINT('',(0.00124261393687141,4.05615723451994E-5,0.0031567296359125));
#3699=CARTESIAN_POINT('',(0.00122738112976497,0.00016,0.00315879466124223));
#3700=CARTESIAN_POINT('',(0.00122162848272169,-0.0002,0.00315956622928193));
#3701=CARTESIAN_POINT('',(0.00123920718802441,-0.0002,0.00327843459553544));
#3702=CARTESIAN_POINT('',(0.00123248984306146,-0.0002,0.00323894899412804));
#3703=CARTESIAN_POINT('',(0.00122661375130028,-0.0002,0.00319931974716942));
#3704=CARTESIAN_POINT('',(0.00122162848272174,-0.0002,0.00315956622928193));
#3705=CARTESIAN_POINT('',(0.00125176818312509,-0.000160000001124658,0.00331687638924289));
#3706=CARTESIAN_POINT('',(0.0012648743538831,-5.37637862618939E-5,0.0033144757755184));
#3707=CARTESIAN_POINT('',(0.00126486088522106,5.3872968719551E-5,0.00331447824253224));
#3708=CARTESIAN_POINT('',(0.00125176818234732,0.000159999999912508,0.00331687638938535));
#3709=CARTESIAN_POINT('',(-0.00122712256095135,0.0002,0.00320079979146716));
#3710=CARTESIAN_POINT('',(-0.00122784225551495,0.00018331348459252,0.00318670935399751));
#3711=CARTESIAN_POINT('',(-0.0012285270048981,0.000166102050024566,0.00317330308576426));
#3712=CARTESIAN_POINT('',(-0.00122915408215363,0.000148024309889774,0.0031610259430642));
#3713=CARTESIAN_POINT('',(-0.00122712256095216,0.0002,0.00320079979147287));
#3714=CARTESIAN_POINT('',(-0.00122915408215362,0.000148024309890117,0.00316102594306443));
#3715=CARTESIAN_POINT('',(-0.00122712256095216,0.0002,0.00320079979147287));
#3716=CARTESIAN_POINT('',(-0.00123022177924808,0.0002,0.00322276961979814));
#3717=CARTESIAN_POINT('',(-0.00123359506543637,0.0002,0.00324473647603346));
#3718=CARTESIAN_POINT('',(-0.00123723636822921,0.0002,0.00326670042580113));
#3719=CARTESIAN_POINT('',(-0.00124965242784426,-0.000160000001139904,0.00330520450899449));
#3720=CARTESIAN_POINT('',(-0.00126278994574142,-5.37657146010008E-5,0.00330280805566044));
#3721=CARTESIAN_POINT('',(-0.00126277637976084,5.38754129922824E-5,0.00330281053026829));
#3722=CARTESIAN_POINT('',(-0.00124965242839493,0.00016,0.00330520450889405));
#3723=CARTESIAN_POINT('',(-0.00122722217896136,-0.0002,0.00320150530362031));
#3724=CARTESIAN_POINT('',(-0.00123029529774798,-0.0002,0.00322324894613977));
#3725=CARTESIAN_POINT('',(-0.00123363682353116,-0.000200000000000001,0.00324498967795751));
#3726=CARTESIAN_POINT('',(-0.00123724086669104,-0.000200000000000001,0.00326672756294267));
#3727=CARTESIAN_POINT('',(-0.00122915408215362,-0.000148024305961872,0.00316102594306444));
#3728=CARTESIAN_POINT('',(-0.00122852700483712,-0.000166102047457879,0.00317330308695814));
#3729=CARTESIAN_POINT('',(-0.00122784225538917,-0.000183313483308934,0.00318670935646012));
#3730=CARTESIAN_POINT('',(-0.00122712256076111,-0.0002,0.00320079979519182));
#3731=CARTESIAN_POINT('',(-0.00122915408215362,-0.000148024305961872,0.00316102594306444));
#3732=CARTESIAN_POINT('',(-0.00122915408215364,-0.000148024305961526,0.00316102594306443));
#3733=CARTESIAN_POINT('',(-0.00124074805121125,-4.96859927159725E-5,0.00315951403270278));
#3734=CARTESIAN_POINT('',(-0.00124074806165402,4.96859055888736E-5,0.00315951403134099));
#3735=CARTESIAN_POINT('',(-0.00122915408215362,0.000148024309890117,0.00316102594306443));
#3736=CARTESIAN_POINT('',(0.,8.5040777449073E-20,0.00382));
#3737=CARTESIAN_POINT('',(0.00138882129130263,8.5040777449073E-20,0.00382));
#3738=CARTESIAN_POINT('',(0.,3.33626841415903E-20,0.00036));
#3739=CARTESIAN_POINT('',(0.000544853980181368,3.25260651745652E-20,0.00036));
#3740=CARTESIAN_POINT('',(-0.00197336059063673,0.,-0.00104));
#3741=CARTESIAN_POINT('',(-0.00197336059063673,0.,0.));
#3742=CARTESIAN_POINT('',(-0.00197336059063673,-0.00153073770925403,0.));
#3743=CARTESIAN_POINT('',(-0.00197336059063673,0.00153073770925403,0.));
#3744=CARTESIAN_POINT('',(-0.00197336059063673,0.00153073770925403,-0.00104));
#3745=CARTESIAN_POINT('',(-0.00197336059063673,0.00153073770925403,-0.00104));
#3746=CARTESIAN_POINT('',(-0.00197336059063673,0.,-0.00104));
#3747=CARTESIAN_POINT('',(-0.00197336059063673,-0.00153073770925403,-0.00104));
#3748=CARTESIAN_POINT('',(-0.00197336059063673,-0.00153073770925403,-0.00104));
#3749=CARTESIAN_POINT('',(0.,-0.00153073770925403,-0.00104));
#3750=CARTESIAN_POINT('',(-0.00177336059063673,-0.00153073770925403,-0.00068));
#3751=CARTESIAN_POINT('',(-0.00177336059063673,-0.00153073770925403,-0.0002));
#3752=CARTESIAN_POINT('',(-0.00177336059063673,-0.00153073770925403,-0.00084));
#3753=CARTESIAN_POINT('',(0.000886680295318365,-0.00153073770925403,-0.0002));
#3754=CARTESIAN_POINT('',(0.00177336059063673,-0.00153073770925403,-0.0002));
#3755=CARTESIAN_POINT('',(0.00177336059063673,-0.00153073770925403,-0.00068));
#3756=CARTESIAN_POINT('',(0.00177336059063673,-0.00153073770925403,-0.00084));
#3757=CARTESIAN_POINT('',(-0.000886680295318365,-0.00153073770925403,-0.00084));
#3758=CARTESIAN_POINT('',(0.,-0.00153073770925403,0.));
#3759=CARTESIAN_POINT('',(0.00197336059063673,-0.00153073770925403,0.));
#3760=CARTESIAN_POINT('',(0.,-0.00153073770925403,-0.00104));
#3761=CARTESIAN_POINT('',(0.00197336059063673,-0.00153073770925403,-0.00104));
#3762=CARTESIAN_POINT('',(0.00197336059063673,-0.00153073770925403,-0.00104));
#3763=CARTESIAN_POINT('',(0.00197336059063673,0.,-0.00104));
#3764=CARTESIAN_POINT('',(0.00197336059063673,0.,0.));
#3765=CARTESIAN_POINT('',(0.00197336059063673,0.00153073770925403,0.));
#3766=CARTESIAN_POINT('',(0.00197336059063673,0.,-0.00104));
#3767=CARTESIAN_POINT('',(0.00197336059063673,0.00153073770925403,-0.00104));
#3768=CARTESIAN_POINT('',(0.00197336059063673,0.00153073770925403,-0.00104));
#3769=CARTESIAN_POINT('',(0.,0.00153073770925403,-0.00104));
#3770=CARTESIAN_POINT('',(0.,0.00153073770925403,0.));
#3771=CARTESIAN_POINT('',(0.,0.00153073770925403,-0.00104));
#3772=CARTESIAN_POINT('',(0.,0.,-0.00104));
#3773=CARTESIAN_POINT('',(0.,0.,0.));
#3774=CARTESIAN_POINT('',(0.,5.8697399822066E-20,0.));
#3775=CARTESIAN_POINT('',(0.000958601285904367,5.8697399822066E-20,0.));
#3776=CARTESIAN_POINT('',(0.000961279085694788,4.87891011864512E-20,-1.36721365052875E-10));
#3777=CARTESIAN_POINT('',(0.00094383179698733,4.87891526912596E-20,-2.38456023294018E-9));
#3778=CARTESIAN_POINT('',(0.000926369318064465,4.87888950630048E-20,-4.87075033314601E-9));
#3779=CARTESIAN_POINT('',(0.000888963259076658,4.86338236152873E-20,4.87678361459693E-6));
#3780=CARTESIAN_POINT('',(0.000868967826160751,4.84746720213148E-20,9.90061356935137E-6));
#3781=CARTESIAN_POINT('',(0.000826731633552818,4.79453377095959E-20,2.69900088923829E-5));
#3782=CARTESIAN_POINT('',(0.000804507416008616,4.75761982420141E-20,3.90255888291652E-5));
#3783=CARTESIAN_POINT('',(0.000759030317289051,4.66674735393788E-20,6.94802003426994E-5));
#3784=CARTESIAN_POINT('',(0.00073579397826151,4.61289315544897E-20,8.78692464879564E-5));
#3785=CARTESIAN_POINT('',(0.000667730459267687,4.44045056525632E-20,0.000149152565265975));
#3786=CARTESIAN_POINT('',(0.000603093057955962,4.24710014539961E-20,0.000222423314223705));
#3787=CARTESIAN_POINT('',(0.000565998928570503,4.13115161223908E-20,0.000286988118262484));
#3788=CARTESIAN_POINT('',(0.000549236155971731,4.07908002733679E-20,0.000326297748816368));
#3789=CARTESIAN_POINT('',(0.000544853980181368,4.06575814682064E-20,0.00034405698013434));
#3790=CARTESIAN_POINT('',(0.000544853980181368,4.06575814682064E-20,0.00036));
#3791=CARTESIAN_POINT('',(0.000961279085695267,0.000125831138069511,-1.36721365082029E-10));
#3792=CARTESIAN_POINT('',(0.000943831796984646,0.000123547293318323,-2.38456023303271E-9));
#3793=CARTESIAN_POINT('',(0.000926369318058674,0.000121261460172589,-4.87075030604236E-9));
#3794=CARTESIAN_POINT('',(0.000888963259065563,0.000116365018501089,4.8767836185074E-6));
#3795=CARTESIAN_POINT('',(0.000868967826147518,0.000113747622453004,9.90061357722052E-6));
#3796=CARTESIAN_POINT('',(0.000826731633536836,0.000108218917769139,2.69900089126741E-5));
#3797=CARTESIAN_POINT('',(0.000804507415992015,0.000105309774495445,3.9025588857888E-5));
#3798=CARTESIAN_POINT('',(0.000759030317272587,9.93568361936128E-5,6.94802003905613E-5));
#3799=CARTESIAN_POINT('',(0.000735793978245795,9.63152065275619E-5,8.78692465464941E-5));
#3800=CARTESIAN_POINT('',(0.000667730459255509,8.74057127255472E-5,0.000149152565353997));
#3801=CARTESIAN_POINT('',(0.000603093057949847,7.89446966793861E-5,0.000222423314335864));
#3802=CARTESIAN_POINT('',(0.000565998928568323,7.40890864973633E-5,0.000286988118348739));
#3803=CARTESIAN_POINT('',(0.0005492361559713,7.18948446952781E-5,0.000326297748870799));
#3804=CARTESIAN_POINT('',(0.000544853980181368,7.1321219225706E-5,0.000344056980165551));
#3805=CARTESIAN_POINT('',(0.000544853980181368,7.1321219225706E-5,0.00036));
#3806=CARTESIAN_POINT('',(0.000936245766873574,0.00025156926802773,-1.3672136510572E-10));
#3807=CARTESIAN_POINT('',(0.000919343719616092,0.000247287101865318,-2.38456023310798E-9));
#3808=CARTESIAN_POINT('',(0.00090242687468496,0.000243000950900131,-4.87075028402233E-9));
#3809=CARTESIAN_POINT('',(0.000866148544588133,0.00023369142221371,4.87678362168465E-6));
#3810=CARTESIAN_POINT('',(0.000846735674204032,0.000228651717780028,9.90061358361416E-6));
#3811=CARTESIAN_POINT('',(0.000805678691334251,0.00021784607888459,2.69900089291606E-5));
#3812=CARTESIAN_POINT('',(0.000784050881299324,0.000212085070315522,3.90255888812252E-5));
#3813=CARTESIAN_POINT('',(0.000739753447159602,0.000200169120767527,6.9480200429449E-5));
#3814=CARTESIAN_POINT('',(0.000717100125505562,0.000194019105681288,8.78692465940559E-5));
#3815=CARTESIAN_POINT('',(0.000650705323095341,0.00017588262859771,0.000149152565425514));
#3816=CARTESIAN_POINT('',(0.000587574009371812,0.000158413524116562,0.000222423314426992));
#3817=CARTESIAN_POINT('',(0.00055133093682726,0.000148346947619345,0.000286988118418821));
#3818=CARTESIAN_POINT('',(0.000534953619972622,0.000143800579465049,0.000326297748915025));
#3819=CARTESIAN_POINT('',(0.000530672984108642,0.000142614467617654,0.000344056980190909));
#3820=CARTESIAN_POINT('',(0.000530672984108642,0.000142614467617654,0.00036));
#3821=CARTESIAN_POINT('',(0.000839914248753204,0.000483952836746213,-1.3672136514353E-10));
#3822=CARTESIAN_POINT('',(0.000824920522762717,0.000476245022753148,-2.38456023322799E-9));
#3823=CARTESIAN_POINT('',(0.000809913515991504,0.000468529525346918,-4.87075024887277E-9));
#3824=CARTESIAN_POINT('',(0.000777653969051038,0.000451516155366492,4.87678362675604E-6));
#3825=CARTESIAN_POINT('',(0.000760353686918538,0.000442181727578734,9.90061359381945E-6));
#3826=CARTESIAN_POINT('',(0.000723668794401632,0.000421856979675516,2.69900089554757E-5));
#3827=CARTESIAN_POINT('',(0.000704299164947938,0.000410877249887374,3.9025588918475E-5));
#3828=CARTESIAN_POINT('',(0.000664550909196937,0.000387927091255557,6.94802004915198E-5));
#3829=CARTESIAN_POINT('',(0.000644187263830341,0.000375967252739199,8.78692466699718E-5));
#3830=CARTESIAN_POINT('',(0.000584430643915946,0.000340472394108341,0.000149152565539666));
#3831=CARTESIAN_POINT('',(0.000527465025360824,0.000305833354462792,0.000222423314572447));
#3832=CARTESIAN_POINT('',(0.000494736999428822,0.00028579774557437,0.000286988118530683));
#3833=CARTESIAN_POINT('',(0.000479949647247708,0.000276753924946149,0.000326297748985615));
#3834=CARTESIAN_POINT('',(0.000476086024670453,0.000274398811522483,0.000344056980231386));
#3835=CARTESIAN_POINT('',(0.000476086024670453,0.000274398811522483,0.00036));
#3836=CARTESIAN_POINT('',(0.000768653697719005,0.0005905073845555,-1.36721365157654E-10));
#3837=CARTESIAN_POINT('',(0.000755023051643957,0.000581372243893612,-2.38456023327285E-9));
#3838=CARTESIAN_POINT('',(0.000741380248529707,0.000572227719113274,-4.87075023574521E-9));
#3839=CARTESIAN_POINT('',(0.000712011450005964,0.000551924345736703,4.87678362865017E-6));
#3840=CARTESIAN_POINT('',(0.000696240879700596,0.000540718273620187,9.90061359763105E-6));
#3841=CARTESIAN_POINT('',(0.000662747823803461,0.000516153914049633,2.69900089653042E-5));
#3842=CARTESIAN_POINT('',(0.000645039239377002,0.000502809115775344,3.90255889323875E-5));
#3843=CARTESIAN_POINT('',(0.000608658705181076,0.000474792159509047,6.94802005147028E-5));
#3844=CARTESIAN_POINT('',(0.000590000656576918,0.000460133490696787,8.78692466983259E-5));
#3845=CARTESIAN_POINT('',(0.000535210101538227,0.000416515583770577,0.000149152565582302));
#3846=CARTESIAN_POINT('',(0.000482900277169678,0.000373724059759483,0.000222423314626774));
#3847=CARTESIAN_POINT('',(0.000452833954190694,0.000348935999224845,0.000286988118572463));
#3848=CARTESIAN_POINT('',(0.000439250083946482,0.000337749373871686,0.000326297749011979));
#3849=CARTESIAN_POINT('',(0.000435701671986041,0.000334838390318213,0.000344056980246503));
#3850=CARTESIAN_POINT('',(0.000435701671986041,0.000334838390318213,0.00036));
#3851=CARTESIAN_POINT('',(0.00059069522327457,0.00076831430457807,-1.36721365177695E-10));
#3852=CARTESIAN_POINT('',(0.000580335950046868,0.00075689546125866,-2.38456023333643E-9));
#3853=CARTESIAN_POINT('',(0.000569967330514592,0.000745464392576182,-4.87075021711079E-9));
#3854=CARTESIAN_POINT('',(0.000547593391499116,0.000719836759510866,4.87678363133863E-6));
#3855=CARTESIAN_POINT('',(0.000535552694299077,0.000705574216839897,9.90061360304109E-6));
#3856=CARTESIAN_POINT('',(0.000509914831113188,0.000674020801508879,2.69900089792543E-5));
#3857=CARTESIAN_POINT('',(0.000496328590959739,0.000656748461555686,3.90255889521345E-5));
#3858=CARTESIAN_POINT('',(0.000468364981666177,0.000620271536801973,6.9480200547608E-5));
#3859=CARTESIAN_POINT('',(0.000453998538358465,0.000601085484708308,8.78692467385706E-5));
#3860=CARTESIAN_POINT('',(0.000411761094502925,0.000543800660993448,0.000149152565642816));
#3861=CARTESIAN_POINT('',(0.000371336668443274,0.000487213883432204,0.000222423314703883));
#3862=CARTESIAN_POINT('',(0.000348085100794804,0.000454371372937621,0.000286988118631764));
#3863=CARTESIAN_POINT('',(0.000337581200590473,0.000439553931704683,0.000326297749049401));
#3864=CARTESIAN_POINT('',(0.000334838316061798,0.000435701792708207,0.000344056980267961));
#3865=CARTESIAN_POINT('',(0.000334838316061798,0.000435701792708207,0.00036));
#3866=CARTESIAN_POINT('',(0.000484066872900826,0.000839497103754885,-1.3672136518362E-10));
#3867=CARTESIAN_POINT('',(0.000475615892796006,0.000827221884256139,-2.38456023335527E-9));
#3868=CARTESIAN_POINT('',(0.000467157252233463,0.000814933299999141,-4.87075021160627E-9));
#3869=CARTESIAN_POINT('',(0.000448886849307576,0.000787271984570628,4.87678363213294E-6));
#3870=CARTESIAN_POINT('',(0.000439045723254673,0.00077182520470425,9.90061360463951E-6));
#3871=CARTESIAN_POINT('',(0.000418069253398778,0.000737524304380439,2.6990008983376E-5));
#3872=CARTESIAN_POINT('',(0.000406942943729033,0.000718690857443403,3.90255889579688E-5));
#3873=CARTESIAN_POINT('',(0.000384025168248979,0.000678824125085326,6.94802005573299E-5));
#3874=CARTESIAN_POINT('',(0.000372242736571918,0.000657811513184682,8.7869246750461E-5));
#3875=CARTESIAN_POINT('',(0.000337585944885629,0.000594989203187701,0.000149152565660696));
#3876=CARTESIAN_POINT('',(0.000304383953551794,0.000532766812465254,0.000222423314726665));
#3877=CARTESIAN_POINT('',(0.000285281138931435,0.000496626594986733,0.000286988118649284));
#3878=CARTESIAN_POINT('',(0.000276651796025693,0.000480323069801806,0.000326297749060457));
#3879=CARTESIAN_POINT('',(0.000274398734339196,0.000476086138543499,0.000344056980274301));
#3880=CARTESIAN_POINT('',(0.000274398734339196,0.000476086138543499,0.00036));
#3881=CARTESIAN_POINT('',(0.000251581486245014,0.000935711006766247,-1.36721365188631E-10));
#3882=CARTESIAN_POINT('',(0.000247219694766134,0.000922293955924433,-2.38456023337118E-9));
#3883=CARTESIAN_POINT('',(0.000242853920939158,0.000908861999747116,-4.87075020694788E-9));
#3884=CARTESIAN_POINT('',(0.000233409707083157,0.000878478381073138,4.87678363280505E-6));
#3885=CARTESIAN_POINT('',(0.000228315710797755,0.000861441609282315,9.90061360599201E-6));
#3886=CARTESIAN_POINT('',(0.000217440235921476,0.000823440779979101,2.69900089868635E-5));
#3887=CARTESIAN_POINT('',(0.000211663516503775,0.000802500322569931,3.90255889629055E-5));
#3888=CARTESIAN_POINT('',(0.000199751022349486,0.000758050987502672,6.94802005655561E-5));
#3889=CARTESIAN_POINT('',(0.000193620006786074,0.000734565709947806,8.78692467605222E-5));
#3890=CARTESIAN_POINT('',(0.000175573295980358,0.000664240801151769,0.000149152565675824));
#3891=CARTESIAN_POINT('',(0.000158258131378032,0.000594370513213245,0.000222423314745943));
#3892=CARTESIAN_POINT('',(0.000148291479419381,0.000553753147981523,0.000286988118664109));
#3893=CARTESIAN_POINT('',(0.000143789511639319,0.000535432158036778,0.000326297749069813));
#3894=CARTESIAN_POINT('',(0.000142614331869877,0.00053067295528161,0.000344056980279665));
#3895=CARTESIAN_POINT('',(0.000142614331869877,0.00053067295528161,0.00036));
#3896=CARTESIAN_POINT('',(0.000125815340913897,0.000960704462336206,-1.3672136518772E-10));
#3897=CARTESIAN_POINT('',(0.000123634445187079,0.00094700195622741,-2.38456023336831E-9));
#3898=CARTESIAN_POINT('',(0.000121451557880395,0.000933284144220769,-4.87075020779521E-9));
#3899=CARTESIAN_POINT('',(0.000116729247285901,0.00090221221554271,4.87678363268285E-6));
#3900=CARTESIAN_POINT('',(0.000114182040175925,0.000884770008080681,9.90061360574609E-6));
#3901=CARTESIAN_POINT('',(0.000108743607794216,0.000845817795969394,2.69900089862294E-5));
#3902=CARTESIAN_POINT('',(0.000105854763478504,0.000824332175101196,3.90255889620079E-5));
#3903=CARTESIAN_POINT('',(9.98973234552685E-5,0.000778691866687371,6.94802005640604E-5));
#3904=CARTESIAN_POINT('',(9.6831108703767E-5,0.000754561562922803,8.7869246758693E-5));
#3905=CARTESIAN_POINT('',(8.78054895846126E-5,0.000682274998638248,0.000149152565673074));
#3906=CARTESIAN_POINT('',(7.91453691393091E-5,0.000610396302821234,0.000222423314742438));
#3907=CARTESIAN_POINT('',(7.4160521088947E-5,0.000568601821288776,0.000286988118661414));
#3908=CARTESIAN_POINT('',(7.19088536483177E-5,0.000549750494436951,0.000326297749068112));
#3909=CARTESIAN_POINT('',(7.13210888852098E-5,0.000544854079516038,0.00034405698027869));
#3910=CARTESIAN_POINT('',(7.13210888852098E-5,0.000544854079516038,0.00036));
#3911=CARTESIAN_POINT('',(-0.000125815340880769,0.000960704462336221,-1.36721365180431E-10));
#3912=CARTESIAN_POINT('',(-0.000123634445368461,0.000947001956227391,-2.38456023334516E-9));
#3913=CARTESIAN_POINT('',(-0.000121451558282074,0.000933284144220491,-4.87075021457089E-9));
#3914=CARTESIAN_POINT('',(-0.000116729250958207,0.0009022122154404,4.87678363170523E-6));
#3915=CARTESIAN_POINT('',(-0.000114182046977771,0.000884770007873738,9.90061360377881E-6));
#3916=CARTESIAN_POINT('',(-0.000108743624705165,0.000845817795414553,2.69900089811566E-5));
#3917=CARTESIAN_POINT('',(-0.000105854787349918,0.000824332174303775,3.90255889548272E-5));
#3918=CARTESIAN_POINT('',(-9.98973643475114E-5,0.000778691865292824,6.94802005520949E-5));
#3919=CARTESIAN_POINT('',(-9.68311596372738E-5,0.000754561561174396,8.78692467440584E-5));
#3920=CARTESIAN_POINT('',(-8.78055725922307E-5,0.000682274995756797,0.000149152565651068));
#3921=CARTESIAN_POINT('',(-7.91454879656608E-5,0.000610396298669416,0.000222423314714398));
#3922=CARTESIAN_POINT('',(-7.41606613745124E-5,0.00056860181637515,0.00028698811863985));
#3923=CARTESIAN_POINT('',(-7.19090035723346E-5,0.000549750489181203,0.000326297749054504));
#3924=CARTESIAN_POINT('',(-7.13212412762631E-5,0.000544854074172762,0.000344056980270887));
#3925=CARTESIAN_POINT('',(-7.13212412762631E-5,0.000544854074172762,0.00036));
#3926=CARTESIAN_POINT('',(-0.000251581486212555,0.000935711006766279,-1.36721365174053E-10));
#3927=CARTESIAN_POINT('',(-0.000247219694943407,0.000922293955924433,-2.3845602333249E-9));
#3928=CARTESIAN_POINT('',(-0.000242853921333688,0.000908861999746371,-4.87075022049947E-9));
#3929=CARTESIAN_POINT('',(-0.000233409711613725,0.000878478380724204,4.87678363084981E-6));
#3930=CARTESIAN_POINT('',(-0.000228315719350774,0.000861441608576197,9.90061360205743E-6));
#3931=CARTESIAN_POINT('',(-0.000217440257559648,0.000823440778085214,2.69900089767179E-5));
#3932=CARTESIAN_POINT('',(-0.000211663547179665,0.000802500319847801,3.90255889485441E-5));
#3933=CARTESIAN_POINT('',(-0.000199751075162234,0.000758050982741706,6.94802005416252E-5));
#3934=CARTESIAN_POINT('',(-0.000193620072672979,0.000734565703978588,8.78692467312533E-5));
#3935=CARTESIAN_POINT('',(-0.000175573403654411,0.000664240791313755,0.000149152565631814));
#3936=CARTESIAN_POINT('',(-0.000158258285764518,0.000594370499037465,0.000222423314689863));
#3937=CARTESIAN_POINT('',(-0.000148291661798252,0.000553753131204484,0.000286988118620982));
#3938=CARTESIAN_POINT('',(-0.000143789706590611,0.000535432140091533,0.000326297749042597));
#3939=CARTESIAN_POINT('',(-0.000142614530038801,0.000530672937037493,0.00034405698026406));
#3940=CARTESIAN_POINT('',(-0.000142614530038801,0.000530672937037493,0.00036));
#3941=CARTESIAN_POINT('',(-0.000484066872871142,0.000839497103754969,-1.36721365157198E-10));
#3942=CARTESIAN_POINT('',(-0.000475615892958389,0.000827221884256555,-2.3845602332714E-9));
#3943=CARTESIAN_POINT('',(-0.000467157252593723,0.00081493329999618,-4.87075023616848E-9));
#3944=CARTESIAN_POINT('',(-0.000448886852922569,0.000787271982704952,4.87678362858908E-6));
#3945=CARTESIAN_POINT('',(-0.000439045730006554,0.000771825200927147,9.90061359750809E-6));
#3946=CARTESIAN_POINT('',(-0.000418069270315415,0.000737524294246374,2.69900089649871E-5));
#3947=CARTESIAN_POINT('',(-0.000406942967654245,0.00071869084287633,3.90255889319388E-5));
#3948=CARTESIAN_POINT('',(-0.00038402520932533,0.000678824099605499,6.9480200513955E-5));
#3949=CARTESIAN_POINT('',(-0.000372242787771538,0.000657811481237637,8.78692466974113E-5));
#3950=CARTESIAN_POINT('',(-0.000337586028430097,0.000594989150532553,0.000149152565580926));
#3951=CARTESIAN_POINT('',(-0.00030438407323358,0.000532766736591437,0.000222423314625022));
#3952=CARTESIAN_POINT('',(-0.000285281280265629,0.000496626505189152,0.000286988118571115));
#3953=CARTESIAN_POINT('',(-0.000276651947084966,0.000480322973751169,0.000326297749011129));
#3954=CARTESIAN_POINT('',(-0.000274398887887548,0.000476086040893093,0.000344056980246016));
#3955=CARTESIAN_POINT('',(-0.000274398887887548,0.000476086040893093,0.00036));
#3956=CARTESIAN_POINT('',(-0.000590695223246986,0.000768314304578184,-1.36721365146721E-10));
#3957=CARTESIAN_POINT('',(-0.000580335950198388,0.000756895461259374,-2.38456023323815E-9));
#3958=CARTESIAN_POINT('',(-0.000569967330847983,0.000745464392571853,-4.8707502459089E-9));
#3959=CARTESIAN_POINT('',(-0.000547593393533048,0.00071983675666567,4.87678362718375E-6));
#3960=CARTESIAN_POINT('',(-0.000535552697889008,0.000705574211079437,9.90061359468012E-6));
#3961=CARTESIAN_POINT('',(-0.000509914839628609,0.000674020786052791,2.6990008957695E-5));
#3962=CARTESIAN_POINT('',(-0.000496328602835629,0.000656748439338339,3.90255889216165E-5));
#3963=CARTESIAN_POINT('',(-0.000468365001719655,0.000620271497940355,6.94802004967547E-5));
#3964=CARTESIAN_POINT('',(-0.000453998563220038,0.000601085435982785,8.78692466763743E-5));
#3965=CARTESIAN_POINT('',(-0.000411761134694912,0.000543800580683557,0.000149152565549294));
#3966=CARTESIAN_POINT('',(-0.00037133672570424,0.000487213767708718,0.000222423314584715));
#3967=CARTESIAN_POINT('',(-0.000348085168274548,0.000454371235977314,0.000286988118540117));
#3968=CARTESIAN_POINT('',(-0.000337581272660461,0.000439553785207083,0.000326297748991568));
#3969=CARTESIAN_POINT('',(-0.000334838389307108,0.000435701643770604,0.000344056980234799));
#3970=CARTESIAN_POINT('',(-0.000334838389307108,0.000435701643770604,0.00036));
#3971=CARTESIAN_POINT('',(-0.000768653697696933,0.000590507384555613,-1.3672136512303E-10));
#3972=CARTESIAN_POINT('',(-0.000755023051765098,0.000581372243894192,-2.3845602331629E-9));
#3973=CARTESIAN_POINT('',(-0.000741380248796694,0.000572227719109277,-4.87075026792933E-9));
#3974=CARTESIAN_POINT('',(-0.000712011451842412,0.000551924343201123,4.87678362400649E-6));
#3975=CARTESIAN_POINT('',(-0.000696240882996371,0.000540718268486807,9.90061358828645E-6));
#3976=CARTESIAN_POINT('',(-0.000662747831753145,0.000516153900276555,2.69900089412084E-5));
#3977=CARTESIAN_POINT('',(-0.000645039250512644,0.000502809095977393,3.90255888982792E-5));
#3978=CARTESIAN_POINT('',(-0.000608658724083705,0.000474792124879634,6.94802004578669E-5));
#3979=CARTESIAN_POINT('',(-0.000590000680051951,0.000460133447277812,8.78692466288124E-5));
#3980=CARTESIAN_POINT('',(-0.000535210139602034,0.000416515512207323,0.000149152565477776));
#3981=CARTESIAN_POINT('',(-0.000482900331494937,0.000373723956639842,0.000222423314493586));
#3982=CARTESIAN_POINT('',(-0.000452834018253905,0.00034893587718148,0.000286988118470035));
#3983=CARTESIAN_POINT('',(-0.000439250152383789,0.000337749243329821,0.000326297748947343));
#3984=CARTESIAN_POINT('',(-0.000435701741543177,0.000334838257602108,0.000344056980209441));
#3985=CARTESIAN_POINT('',(-0.000435701741543177,0.000334838257602108,0.00036));
#3986=CARTESIAN_POINT('',(-0.000839914248734559,0.000483952836746302,-1.36721365109815E-10));
#3987=CARTESIAN_POINT('',(-0.000824920522864587,0.000476245022753398,-2.38456023312088E-9));
#3988=CARTESIAN_POINT('',(-0.000809913516218021,0.000468529525344185,-4.8707502802091E-9));
#3989=CARTESIAN_POINT('',(-0.000777653971555516,0.000451516153786012,4.87678362223456E-6));
#3990=CARTESIAN_POINT('',(-0.000760353691633146,0.000442181724379378,9.90061358472075E-6));
#3991=CARTESIAN_POINT('',(-0.000723668806298516,0.000421856971092323,2.6990008932014E-5));
#3992=CARTESIAN_POINT('',(-0.000704299181803275,0.00041087723754983,3.90255888852643E-5));
#3993=CARTESIAN_POINT('',(-0.000664550938194554,0.000387927069675974,6.94802004361795E-5));
#3994=CARTESIAN_POINT('',(-0.000644187299998093,0.000375967225682539,8.78692466022876E-5));
#3995=CARTESIAN_POINT('',(-0.00058443070299863,0.000340472349514065,0.000149152565437892));
#3996=CARTESIAN_POINT('',(-0.000527465110055647,0.000305833290204791,0.000222423314442765));
#3997=CARTESIAN_POINT('',(-0.000494737099471169,0.000285797669524448,0.000286988118430951));
#3998=CARTESIAN_POINT('',(-0.000479949754183232,0.000276753843600564,0.000326297748922679));
#3999=CARTESIAN_POINT('',(-0.000476086133370163,0.000274398728822064,0.000344056980195298));
#4000=CARTESIAN_POINT('',(-0.000476086133370163,0.000274398728822064,0.00036));
#4001=CARTESIAN_POINT('',(-0.000936245766863241,0.000251569268027812,-1.36721365082031E-10));
#4002=CARTESIAN_POINT('',(-0.000919343719673093,0.000247287101865793,-2.38456023303275E-9));
#4003=CARTESIAN_POINT('',(-0.000902426874809288,0.000243000950897101,-4.87075030604314E-9));
#4004=CARTESIAN_POINT('',(-0.000866148544819515,0.000233691420253843,4.8767836185074E-6));
#4005=CARTESIAN_POINT('',(-0.000846735674474304,0.000228651713812106,9.90061357722051E-6));
#4006=CARTESIAN_POINT('',(-0.000805678691640221,0.000217846068238281,2.69900089126741E-5));
#4007=CARTESIAN_POINT('',(-0.000784050881602289,0.000212085055012041,3.90255888578879E-5));
#4008=CARTESIAN_POINT('',(-0.000739753447419542,0.000200169093999446,6.94802003905612E-5));
#4009=CARTESIAN_POINT('',(-0.000717100125725668,0.000194019072118939,8.7869246546494E-5));
#4010=CARTESIAN_POINT('',(-0.000650705323163434,0.000175882573280024,0.000149152565353997));
#4011=CARTESIAN_POINT('',(-0.000587574009224396,0.000158413444405981,0.000222423314335863));
#4012=CARTESIAN_POINT('',(-0.000551330936544171,0.000148346853280837,0.000286988118348739));
#4013=CARTESIAN_POINT('',(-0.000534953619629007,0.000143800478557252,0.000326297748870799));
#4014=CARTESIAN_POINT('',(-0.000530672983749902,0.000142614365029183,0.000344056980165551));
#4015=CARTESIAN_POINT('',(-0.000530672983749902,0.000142614365029183,0.00036));
#4016=CARTESIAN_POINT('',(-0.000961279085689714,0.000125831138069589,-1.36721365067451E-10));
#4017=CARTESIAN_POINT('',(-0.000943831797014362,0.000123547293319045,-2.38456023298642E-9));
#4018=CARTESIAN_POINT('',(-0.000926369318127545,0.000121261460169141,-4.87075031959383E-9));
#4019=CARTESIAN_POINT('',(-0.000888963261150859,0.000116365016081292,4.87678361655216E-6));
#4020=CARTESIAN_POINT('',(-0.000868967830264437,0.000113747617553447,9.90061357328594E-6));
#4021=CARTESIAN_POINT('',(-0.000826731644360939,0.000108218904622178,2.69900089025285E-5));
#4022=CARTESIAN_POINT('',(-0.000804507431478599,0.000105309755597095,3.90255888435266E-5));
#4023=CARTESIAN_POINT('',(-0.000759030344217971,9.93568031369314E-5,6.94802003666303E-5));
#4024=CARTESIAN_POINT('',(-0.000735794011974419,9.63151650801923E-5,8.78692465172253E-5));
#4025=CARTESIAN_POINT('',(-0.000667730514691203,8.7405644411026E-5,0.000149152565309986));
#4026=CARTESIAN_POINT('',(-0.000603093137700453,7.89445982403064E-5,0.000222423314279785));
#4027=CARTESIAN_POINT('',(-0.000565999022896683,7.40889699931794E-5,0.000286988118305611));
#4028=CARTESIAN_POINT('',(-0.00054923625684663,7.18947200781954E-5,0.000326297748843584));
#4029=CARTESIAN_POINT('',(-0.000544854082731854,7.13210925330362E-5,0.000344056980149945));
#4030=CARTESIAN_POINT('',(-0.000544854082731854,7.13210925330362E-5,0.00036));
#4031=CARTESIAN_POINT('',(-0.000961279085699785,-0.000125831138069518,-1.36721365038298E-10));
#4032=CARTESIAN_POINT('',(-0.000943831796959061,-0.00012354729331791,-2.38456023289393E-9));
#4033=CARTESIAN_POINT('',(-0.000926369318005875,-0.000121261460173319,-4.87075034669807E-9));
#4034=CARTESIAN_POINT('',(-0.000888963260441537,-0.000116365019282505,4.87678361264169E-6));
#4035=CARTESIAN_POINT('',(-0.000868967829021104,-0.000113747624035813,9.90061356541679E-6));
#4036=CARTESIAN_POINT('',(-0.000826731641432667,-0.000108218922017579,2.69900088822374E-5));
#4037=CARTESIAN_POINT('',(-0.000804507427402467,-0.000105309780602868,3.90255888148038E-5));
#4038=CARTESIAN_POINT('',(-0.000759030337350798,-9.93568468774511E-5,6.94802003187684E-5));
#4039=CARTESIAN_POINT('',(-0.000735794003467134,-9.63152199235767E-5,8.78692464586875E-5));
#4040=CARTESIAN_POINT('',(-0.000667730500956049,-8.74057348060811E-5,0.000149152565221965));
#4041=CARTESIAN_POINT('',(-0.00060309311814745,-7.89447284975003E-5,0.000222423314167626));
#4042=CARTESIAN_POINT('',(-0.000565998999861092,-7.40891241549323E-5,0.000286988118219356));
#4043=CARTESIAN_POINT('',(-0.000549236232246645,-7.18948849753E-5,0.000326297748789153));
#4044=CARTESIAN_POINT('',(-0.000544854057731285,-7.13212601766497E-5,0.000344056980118735));
#4045=CARTESIAN_POINT('',(-0.000544854057731285,-7.13212601766497E-5,0.00036));
#4046=CARTESIAN_POINT('',(-0.000936245766880986,-0.000251569268027743,-1.36721365023722E-10));
#4047=CARTESIAN_POINT('',(-0.000919343719575655,-0.000247287101864662,-2.38456023284769E-9));
#4048=CARTESIAN_POINT('',(-0.000902426874594798,-0.00024300095090127,-4.87075036025014E-9));
#4049=CARTESIAN_POINT('',(-0.000866148543482577,-0.000233691423446313,4.87678361068645E-6));
#4050=CARTESIAN_POINT('',(-0.000846735672107142,-0.000228651720276765,9.90061356148223E-6));
#4051=CARTESIAN_POINT('',(-0.000805678686007191,-0.000217846085586163,2.69900088720918E-5));
#4052=CARTESIAN_POINT('',(-0.000784050873739611,-0.000212085079949508,3.90255888004424E-5));
#4053=CARTESIAN_POINT('',(-0.000739753434129169,-0.000200169137620481,6.94802002948375E-5));
#4054=CARTESIAN_POINT('',(-0.000717100109243243,-0.000194019126812508,8.78692464294187E-5));
#4055=CARTESIAN_POINT('',(-0.000650705296501938,-0.000175882663428148,0.000149152565177954));
#4056=CARTESIAN_POINT('',(-0.000587573971226965,-0.000158413574307351,0.000222423314111547));
#4057=CARTESIAN_POINT('',(-0.000551330891759838,-0.000148347007021466,0.000286988118176228));
#4058=CARTESIAN_POINT('',(-0.000534953571796039,-0.000143800643003906,0.000326297748761937));
#4059=CARTESIAN_POINT('',(-0.000530672935136359,-0.000142614532214844,0.000344056980103129));
#4060=CARTESIAN_POINT('',(-0.000530672935136359,-0.000142614532214844,0.00036));
#4061=CARTESIAN_POINT('',(-0.000839914248763711,-0.000483952836746241,-1.36721364995929E-10));
#4062=CARTESIAN_POINT('',(-0.000824920522704523,-0.00047624502275241,-2.38456023275937E-9));
#4063=CARTESIAN_POINT('',(-0.000809913515865578,-0.000468529525347877,-4.87075038608099E-9));
#4064=CARTESIAN_POINT('',(-0.000777653969301768,-0.000451516156612983,4.87678360695929E-6));
#4065=CARTESIAN_POINT('',(-0.000760353687628092,-0.000442181730103912,9.90061355398198E-6));
#4066=CARTESIAN_POINT('',(-0.000723668796732548,-0.000421856986454081,2.69900088527518E-5));
#4067=CARTESIAN_POINT('',(-0.000704299168437936,-0.000410877259632255,3.90255887730661E-5));
#4068=CARTESIAN_POINT('',(-0.000664550915576558,-0.000387927108302923,6.94802002492192E-5));
#4069=CARTESIAN_POINT('',(-0.000644187271937047,-0.000375967274114351,8.78692463736251E-5));
#4070=CARTESIAN_POINT('',(-0.000584430657577726,-0.000340472429341308,0.000149152565094059));
#4071=CARTESIAN_POINT('',(-0.000527465045297081,-0.000305833405234012,0.000222423314004646));
#4072=CARTESIAN_POINT('',(-0.00049473702313431,-0.000285797805663617,0.000286988118094017));
#4073=CARTESIAN_POINT('',(-0.000479949672645521,-0.000276753989220047,0.000326297748710058));
#4074=CARTESIAN_POINT('',(-0.000476086050500859,-0.00027439887686697,0.000344056980073382));
#4075=CARTESIAN_POINT('',(-0.000476086050500859,-0.00027439887686697,0.00036));
#4076=CARTESIAN_POINT('',(-0.000768653697729819,-0.000590507384555558,-1.36721364982719E-10));
#4077=CARTESIAN_POINT('',(-0.000755023051584556,-0.000581372243893318,-2.38456023271744E-9));
#4078=CARTESIAN_POINT('',(-0.000741380248399042,-0.000572227719112528,-4.87075039836239E-9));
#4079=CARTESIAN_POINT('',(-0.00071201144923941,-0.000551924345691667,4.87678360518735E-6));
#4080=CARTESIAN_POINT('',(-0.000696240878355634,-0.000540718273530088,9.90061355041626E-6));
#4081=CARTESIAN_POINT('',(-0.000662747820632628,-0.000516153913810177,2.69900088435574E-5));
#4082=CARTESIAN_POINT('',(-0.000645039234962037,-0.000502809115431886,3.9025588760051E-5));
#4083=CARTESIAN_POINT('',(-0.000608658697740632,-0.000474792158909761,6.94802002275317E-5));
#4084=CARTESIAN_POINT('',(-0.000590000647358456,-0.000460133489945968,8.78692463471002E-5));
#4085=CARTESIAN_POINT('',(-0.000535210086652083,-0.00041651558253468,0.000149152565054174));
#4086=CARTESIAN_POINT('',(-0.000482900255975787,-0.000373724057979946,0.000222423313953824));
#4087=CARTESIAN_POINT('',(-0.000452833929220895,-0.000348935997119332,0.000286988118054933));
#4088=CARTESIAN_POINT('',(-0.000439250057280533,-0.000337749371619777,0.000326297748685394));
#4089=CARTESIAN_POINT('',(-0.000435701644885774,-0.000334838388028849,0.000344056980059239));
#4090=CARTESIAN_POINT('',(-0.000435701644885774,-0.000334838388028849,0.00036));
#4091=CARTESIAN_POINT('',(-0.000590695223284263,-0.000768314304578139,-1.3672136495903E-10));
#4092=CARTESIAN_POINT('',(-0.000580335949993983,-0.00075689546125867,-2.38456023264223E-9));
#4093=CARTESIAN_POINT('',(-0.000569967330396688,-0.000745464392574449,-4.87075042038353E-9));
#4094=CARTESIAN_POINT('',(-0.000547593390052546,-0.000719836758655837,4.87678360201009E-6));
#4095=CARTESIAN_POINT('',(-0.00053555269155528,-0.000705574215109471,9.90061354402259E-6));
#4096=CARTESIAN_POINT('',(-0.000509914824142444,-0.000674020796867369,2.69900088270709E-5));
#4097=CARTESIAN_POINT('',(-0.000496328581067365,-0.000656748454884225,3.90255887367138E-5));
#4098=CARTESIAN_POINT('',(-0.000468364964614843,-0.000620271525133479,6.9480200188644E-5));
#4099=CARTESIAN_POINT('',(-0.000453998517077891,-0.000601085470078469,8.78692462995384E-5));
#4100=CARTESIAN_POINT('',(-0.000411761059703094,-0.000543800636881425,0.000149152564982657));
#4101=CARTESIAN_POINT('',(-0.000371336618527197,-0.000487213848688553,0.000222423313862696));
#4102=CARTESIAN_POINT('',(-0.000348085041819825,-0.000454371331818418,0.00028698811798485));
#4103=CARTESIAN_POINT('',(-0.000337581137546835,-0.000439553887722267,0.000326297748641169));
#4104=CARTESIAN_POINT('',(-0.000334838251976905,-0.000435701747993271,0.000344056980033881));
#4105=CARTESIAN_POINT('',(-0.000334838251976905,-0.000435701747993271,0.00036));
#4106=CARTESIAN_POINT('',(-0.000484066872909073,-0.00083949710375493,-1.36721364948551E-10));
#4107=CARTESIAN_POINT('',(-0.00047561589275057,-0.000827221884255922,-2.38456023260895E-9));
#4108=CARTESIAN_POINT('',(-0.000467157252134106,-0.000814933299998504,-4.8707504301233E-9));
#4109=CARTESIAN_POINT('',(-0.000448886848999674,-0.000787271984485137,4.87678360060477E-6));
#4110=CARTESIAN_POINT('',(-0.000439045722789373,-0.000771825204531971,9.90061354119463E-6));
#4111=CARTESIAN_POINT('',(-0.000418069252484689,-0.000737524303919903,2.69900088197787E-5));
#4112=CARTESIAN_POINT('',(-0.000406942942524233,-0.000718690856781965,3.90255887263916E-5));
#4113=CARTESIAN_POINT('',(-0.000384025166356952,-0.00067882412392947,6.94802001714436E-5));
#4114=CARTESIAN_POINT('',(-0.000372242734284054,-0.000657811511735877,8.78692462785014E-5));
#4115=CARTESIAN_POINT('',(-0.000337585941349803,-0.000594989200800969,0.000149152564951024));
#4116=CARTESIAN_POINT('',(-0.000304383948652652,-0.000532766809027068,0.000222423313822388));
#4117=CARTESIAN_POINT('',(-0.000285281133219873,-0.000496626590918036,0.000286988117953852));
#4118=CARTESIAN_POINT('',(-0.000276651789948958,-0.000480323065449949,0.000326297748621607));
#4119=CARTESIAN_POINT('',(-0.000274398728168748,-0.000476086134119198,0.000344056980022664));
#4120=CARTESIAN_POINT('',(-0.000274398728168748,-0.000476086134119198,0.00036));
#4121=CARTESIAN_POINT('',(-0.000251581486249548,-0.00093571100676626,-1.36721364931696E-10));
#4122=CARTESIAN_POINT('',(-0.000247219694740794,-0.000922293955924134,-2.38456023255544E-9));
#4123=CARTESIAN_POINT('',(-0.000242853920885335,-0.000908861999747442,-4.87075044579231E-9));
#4124=CARTESIAN_POINT('',(-0.000233409707674387,-0.000878478381544063,4.87678359834403E-6));
#4125=CARTESIAN_POINT('',(-0.000228315712082256,-0.000861441610236389,9.90061353664528E-6));
#4126=CARTESIAN_POINT('',(-0.000217440239553003,-0.00082344078254033,2.69900088080479E-5));
#4127=CARTESIAN_POINT('',(-0.000211663521784318,-0.000802500326252001,3.90255887097862E-5));
#4128=CARTESIAN_POINT('',(-0.000199751031705159,-0.000758050993944041,6.94802001437734E-5));
#4129=CARTESIAN_POINT('',(-0.000193620018563121,-0.000734565718024465,8.78692462446593E-5));
#4130=CARTESIAN_POINT('',(-0.000175573315521479,-0.00066424081446473,0.000149152564900137));
#4131=CARTESIAN_POINT('',(-0.000158258159644421,-0.000594370532397487,0.000222423313757547));
#4132=CARTESIAN_POINT('',(-0.000148291512920978,-0.000553753170686675,0.000286988117903986));
#4133=CARTESIAN_POINT('',(-0.000143789547491831,-0.000535432182323143,0.00032629774859014));
#4134=CARTESIAN_POINT('',(-0.000142614368323682,-0.000530672979972508,0.00034405698000462));
#4135=CARTESIAN_POINT('',(-0.000142614368323682,-0.000530672979972508,0.00036));
#4136=CARTESIAN_POINT('',(-0.00012581534091617,-0.000960704462336217,-1.36721364925316E-10));
#4137=CARTESIAN_POINT('',(-0.000123634445174507,-0.000947001956227336,-2.38456023253515E-9));
#4138=CARTESIAN_POINT('',(-0.00012145155785313,-0.000933284144220693,-4.87075045172038E-9));
#4139=CARTESIAN_POINT('',(-0.00011672924731043,-0.00090221221559546,4.87678359748861E-6));
#4140=CARTESIAN_POINT('',(-0.000114182040269235,-0.000884770008187732,9.90061353492391E-6));
#4141=CARTESIAN_POINT('',(-0.0001087436081369,-0.000845817796257154,2.69900088036092E-5));
#4142=CARTESIAN_POINT('',(-0.000105854764001234,-0.000824332175515008,3.90255887035031E-5));
#4143=CARTESIAN_POINT('',(-9.98973244290659E-5,-0.000778691867411534,6.94802001333036E-5));
#4144=CARTESIAN_POINT('',(-9.68311099480376E-5,-0.000754561563830908,8.78692462318542E-5));
#4145=CARTESIAN_POINT('',(-8.78054917003306E-5,-0.000682275000135366,0.000149152564880882));
#4146=CARTESIAN_POINT('',(-7.91453722420518E-5,-0.000610396304978832,0.000222423313733012));
#4147=CARTESIAN_POINT('',(-7.41605247850059E-5,-0.000568601823842459,0.000286988117885117));
#4148=CARTESIAN_POINT('',(-7.19088576107419E-5,-0.000549750497168512,0.000326297748578233));
#4149=CARTESIAN_POINT('',(-7.13210929157008E-5,-0.000544854082293108,0.000344056979997793));
#4150=CARTESIAN_POINT('',(-7.13210929157008E-5,-0.000544854082293108,0.00036));
#4151=CARTESIAN_POINT('',(0.000125815340883034,-0.000960704462336214,-1.3672136491803E-10));
#4152=CARTESIAN_POINT('',(0.000123634445355773,-0.000947001956227542,-2.38456023251208E-9));
#4153=CARTESIAN_POINT('',(0.000121451558255226,-0.000933284144220281,-4.87075045849732E-9));
#4154=CARTESIAN_POINT('',(0.000116729251303528,-0.000902212215168969,4.87678359651099E-6));
#4155=CARTESIAN_POINT('',(0.000114182047720675,-0.000884770007323866,9.90061353295662E-6));
#4156=CARTESIAN_POINT('',(0.000108743626791033,-0.000845817793938484,2.69900087985364E-5));
#4157=CARTESIAN_POINT('',(0.000105854790378463,-0.000824332172181776,3.90255886963224E-5));
#4158=CARTESIAN_POINT('',(9.98973697045219E-5,-0.000778691861580672,6.94802001213382E-5));
#4159=CARTESIAN_POINT('',(9.68311663773696E-5,-0.000754561556519847,8.78692462172198E-5));
#4160=CARTESIAN_POINT('',(8.78055837663871E-5,-0.000682274988084639,0.000149152564858877));
#4161=CARTESIAN_POINT('',(7.91455041214048E-5,-0.000610396287613727,0.000222423313704973));
#4162=CARTESIAN_POINT('',(7.41606805190354E-5,-0.000568601803290415,0.000286988117863553));
#4163=CARTESIAN_POINT('',(7.19090240590064E-5,-0.000549750475185239,0.000326297748564625));
#4164=CARTESIAN_POINT('',(7.13212621062279E-5,-0.000544854059943673,0.00034405697998999));
#4165=CARTESIAN_POINT('',(7.13212621062279E-5,-0.000544854059943673,0.00036));
#4166=CARTESIAN_POINT('',(0.000251581486217103,-0.000935711006766255,-1.36721364917122E-10));
#4167=CARTESIAN_POINT('',(0.00024721969491829,-0.000922293955924568,-2.38456023250925E-9));
#4168=CARTESIAN_POINT('',(0.000242853921279016,-0.000908861999746621,-4.87075045934526E-9));
#4169=CARTESIAN_POINT('',(0.000233409711554689,-0.000878478380693364,4.8767835963888E-6));
#4170=CARTESIAN_POINT('',(0.000228315719318505,-0.000861441608513285,9.90061353271071E-6));
#4171=CARTESIAN_POINT('',(0.000217440257657629,-0.000823440777915411,2.69900087979024E-5));
#4172=CARTESIAN_POINT('',(0.000211663547380758,-0.00080250031960339,3.90255886954249E-5));
#4173=CARTESIAN_POINT('',(0.000199751075632846,-0.000758050982313549,6.94802001198426E-5));
#4174=CARTESIAN_POINT('',(0.000193620073309628,-0.000734565703441502,8.78692462153905E-5));
#4175=CARTESIAN_POINT('',(0.000175573404833483,-0.00066424079042782,0.000149152564856126));
#4176=CARTESIAN_POINT('',(0.000158258287571618,-0.000594370497760282,0.000222423313701468));
#4177=CARTESIAN_POINT('',(0.000148291663984799,-0.00055375312969266,0.000286988117860858));
#4178=CARTESIAN_POINT('',(0.000143789708947389,-0.000535432138474335,0.000326297748562924));
#4179=CARTESIAN_POINT('',(0.000142614532438972,-0.000530672935393337,0.000344056979989015));
#4180=CARTESIAN_POINT('',(0.000142614532438972,-0.000530672935393337,0.00036));
#4181=CARTESIAN_POINT('',(0.000484066872879391,-0.000839497103754923,-1.36721364922129E-10));
#4182=CARTESIAN_POINT('',(0.000475615892912986,-0.000827221884256743,-2.38456023252507E-9));
#4183=CARTESIAN_POINT('',(0.000467157252494218,-0.000814933299996913,-4.87075045468551E-9));
#4184=CARTESIAN_POINT('',(0.000448886852500472,-0.00078727198286468,4.87678359706091E-6));
#4185=CARTESIAN_POINT('',(0.000439045729310011,-0.000771825201249752,9.90061353406323E-6));
#4186=CARTESIAN_POINT('',(0.000418069268780787,-0.00073752429511031,2.69900088013899E-5));
#4187=CARTESIAN_POINT('',(0.000406942965557423,-0.000718690844117653,3.90255887003616E-5));
#4188=CARTESIAN_POINT('',(0.000384025205872964,-0.000678824101775701,6.94802001280688E-5));
#4189=CARTESIAN_POINT('',(0.000372242783527267,-0.000657811483958264,8.78692462254517E-5));
#4190=CARTESIAN_POINT('',(0.000337586021669642,-0.000594989155015553,0.000149152564871255));
#4191=CARTESIAN_POINT('',(0.000304384063687821,-0.000532766743050297,0.000222423313720745));
#4192=CARTESIAN_POINT('',(0.000285281269054712,-0.000496626512832872,0.000286988117875683));
#4193=CARTESIAN_POINT('',(0.000276651935125919,-0.000480322981927001,0.00032629774857228));
#4194=CARTESIAN_POINT('',(0.000274398875736812,-0.000476086049205061,0.00034405697999438));
#4195=CARTESIAN_POINT('',(0.000274398875736812,-0.000476086049205061,0.00036));
#4196=CARTESIAN_POINT('',(0.000590695223256652,-0.000768314304578133,-1.36721364928048E-10));
#4197=CARTESIAN_POINT('',(0.000580335950145091,-0.000756895461259673,-2.3845602325438E-9));
#4198=CARTESIAN_POINT('',(0.000569967330731586,-0.000745464392572443,-4.87075044917899E-9));
#4199=CARTESIAN_POINT('',(0.000547593393241493,-0.000719836756647896,4.87678359785523E-6));
#4200=CARTESIAN_POINT('',(0.000535552697484083,-0.000705574211042462,9.90061353566165E-6));
#4201=CARTESIAN_POINT('',(0.000509914838934218,-0.000674020785951491,2.69900088055115E-5));
#4202=CARTESIAN_POINT('',(0.000496328601965473,-0.000656748439192043,3.90255887061959E-5));
#4203=CARTESIAN_POINT('',(0.000468365000450136,-0.000620271497683113,6.94802001377908E-5));
#4204=CARTESIAN_POINT('',(0.000453998561727253,-0.000601085435659722,8.78692462373422E-5));
#4205=CARTESIAN_POINT('',(0.000411761132510105,-0.00054380058014961,0.000149152564889135));
#4206=CARTESIAN_POINT('',(0.000371336722785662,-0.000487213766938095,0.000222423313743527));
#4207=CARTESIAN_POINT('',(0.000348085164921962,-0.000454371235064728,0.000286988117893204));
#4208=CARTESIAN_POINT('',(0.00033758126911259,-0.000439553784230745,0.000326297748583336));
#4209=CARTESIAN_POINT('',(0.000334838385708937,-0.000435701642777959,0.000344056980000719));
#4210=CARTESIAN_POINT('',(0.000334838385708937,-0.000435701642777959,0.00036));
#4211=CARTESIAN_POINT('',(0.000768653697707728,-0.000590507384555554,-1.36721364948096E-10));
#4212=CARTESIAN_POINT('',(0.000755023051705396,-0.000581372243894488,-2.38456023260753E-9));
#4213=CARTESIAN_POINT('',(0.000741380248667099,-0.00057222771911004,-4.87075043054719E-9));
#4214=CARTESIAN_POINT('',(0.000712011451896325,-0.000551924343259022,4.87678360054367E-6));
#4215=CARTESIAN_POINT('',(0.000696240883312832,-0.000540718268602952,9.90061354107167E-6));
#4216=CARTESIAN_POINT('',(0.000662747833040732,-0.000516153900585906,2.69900088194617E-5));
#4217=CARTESIAN_POINT('',(0.000645039252506628,-0.000502809096421324,3.90255887259428E-5));
#4218=CARTESIAN_POINT('',(0.000608658727853902,-0.00047479212565467,6.94802001706958E-5));
#4219=CARTESIAN_POINT('',(0.000590000684889782,-0.000460133448248992,8.78692462775868E-5));
#4220=CARTESIAN_POINT('',(0.000535210147884031,-0.000416515513806427,0.000149152564949649));
#4221=CARTESIAN_POINT('',(0.000482900343685805,-0.000373723958942754,0.000222423313820636));
#4222=CARTESIAN_POINT('',(0.000452834032795574,-0.000348935879906416,0.000286988117952504));
#4223=CARTESIAN_POINT('',(0.000439250167980765,-0.000337749246244287,0.000326297748620757));
#4224=CARTESIAN_POINT('',(0.000435701757409763,-0.000334838260565066,0.000344056980022177));
#4225=CARTESIAN_POINT('',(0.000435701757409763,-0.000334838260565066,0.00036));
#4226=CARTESIAN_POINT('',(0.000839914248745059,-0.000483952836746235,-1.36721364962215E-10));
#4227=CARTESIAN_POINT('',(0.000824920522806262,-0.000476245022753501,-2.38456023265229E-9));
#4228=CARTESIAN_POINT('',(0.000809913516092562,-0.000468529525345614,-4.87075041741793E-9));
#4229=CARTESIAN_POINT('',(0.000777653972163968,-0.000451516154366723,4.8767836024378E-6));
#4230=CARTESIAN_POINT('',(0.000760353693067074,-0.00044218172555423,9.90061354488327E-6));
#4231=CARTESIAN_POINT('',(0.000723668810573287,-0.000421856974242767,2.69900088292902E-5));
#4232=CARTESIAN_POINT('',(0.000704299188087551,-0.000410877242077833,3.90255887398554E-5));
#4233=CARTESIAN_POINT('',(0.000664550949461975,-0.000387927077594975,6.94802001938789E-5));
#4234=CARTESIAN_POINT('',(0.000644187314233293,-0.000375967235611087,8.78692463059409E-5));
#4235=CARTESIAN_POINT('',(0.000584430726761639,-0.000340472365877103,0.000149152564992284));
#4236=CARTESIAN_POINT('',(0.000527465144547541,-0.000305833313782227,0.000222423313874962));
#4237=CARTESIAN_POINT('',(0.000494737140403518,-0.000285797697428184,0.000286988117994284));
#4238=CARTESIAN_POINT('',(0.000479949798007531,-0.00027675387344721,0.000326297748647122));
#4239=CARTESIAN_POINT('',(0.000476086177933965,-0.000274398759165783,0.000344056980037294));
#4240=CARTESIAN_POINT('',(0.000476086177933965,-0.000274398759165783,0.00036));
#4241=CARTESIAN_POINT('',(0.000936245766870596,-0.000251569268027726,-1.3672136500003E-10));
#4242=CARTESIAN_POINT('',(0.000919343719631749,-0.000247287101865233,-2.38456023277241E-9));
#4243=CARTESIAN_POINT('',(0.000902426874722429,-0.000243000950900418,-4.87075038227023E-9));
#4244=CARTESIAN_POINT('',(0.000866148546243947,-0.00023369142243335,4.87678360750919E-6));
#4245=CARTESIAN_POINT('',(0.000846735677500566,-0.000228651718224792,9.90061355508855E-6));
#4246=CARTESIAN_POINT('',(0.000805678700061116,-0.000217846080078112,2.69900088556052E-5));
#4247=CARTESIAN_POINT('',(0.000784050893805172,-0.000212085072031202,3.90255887771051E-5));
#4248=CARTESIAN_POINT('',(0.000739753468958174,-0.000200169123768623,6.94802002559497E-5));
#4249=CARTESIAN_POINT('',(0.000717100152807245,-0.000194019109444166,8.78692463818568E-5));
#4250=CARTESIAN_POINT('',(0.000650705368011171,-0.000175882634799835,0.000149152565106437));
#4251=CARTESIAN_POINT('',(0.000587574074024589,-0.00015841353305368,0.000222423314020418));
#4252=CARTESIAN_POINT('',(0.000551331013314074,-0.000148346958196586,0.000286988118106146));
#4253=CARTESIAN_POINT('',(0.000534953701774125,-0.000143800590778857,0.000326297748717712));
#4254=CARTESIAN_POINT('',(0.000530673067269945,-0.000142614479119903,0.000344056980077771));
#4255=CARTESIAN_POINT('',(0.000530673067269945,-0.000142614479119903,0.00036));
#4256=CARTESIAN_POINT('',(0.000961279085694309,-0.000125831138069511,-1.36721365023721E-10));
#4257=CARTESIAN_POINT('',(0.000943831796990014,-0.000123547293318323,-2.38456023284766E-9));
#4258=CARTESIAN_POINT('',(0.000926369318070256,-0.000121261460172589,-4.87075036024967E-9));
#4259=CARTESIAN_POINT('',(0.000888963259087753,-0.000116365018501089,4.87678361068645E-6));
#4260=CARTESIAN_POINT('',(0.000868967826173983,-0.000113747622453004,9.90061356148222E-6));
#4261=CARTESIAN_POINT('',(0.0008267316335688,-0.000108218917769139,2.69900088720918E-5));
#4262=CARTESIAN_POINT('',(0.000804507416025218,-0.000105309774495444,3.90255888004424E-5));
#4263=CARTESIAN_POINT('',(0.000759030317305515,-9.93568361936127E-5,6.94802002948374E-5));
#4264=CARTESIAN_POINT('',(0.000735793978277225,-9.63152065275618E-5,8.78692464294187E-5));
#4265=CARTESIAN_POINT('',(0.000667730459279866,-8.74057127255471E-5,0.000149152565177954));
#4266=CARTESIAN_POINT('',(0.000603093057962077,-7.8944696679386E-5,0.000222423314111546));
#4267=CARTESIAN_POINT('',(0.000565998928572682,-7.40890864973632E-5,0.000286988118176228));
#4268=CARTESIAN_POINT('',(0.000549236155972161,-7.1894844695278E-5,0.000326297748761937));
#4269=CARTESIAN_POINT('',(0.000544853980181368,-7.1321219225706E-5,0.000344056980103129));
#4270=CARTESIAN_POINT('',(0.000544853980181368,-7.1321219225706E-5,0.00036));
#4271=CARTESIAN_POINT('',(0.000961279085694788,4.87891011864512E-20,-1.36721365052875E-10));
#4272=CARTESIAN_POINT('',(0.00094383179698733,4.87891526912596E-20,-2.38456023294018E-9));
#4273=CARTESIAN_POINT('',(0.000926369318064465,4.87888950630048E-20,-4.87075033314601E-9));
#4274=CARTESIAN_POINT('',(0.000888963259076658,4.86338236152873E-20,4.87678361459693E-6));
#4275=CARTESIAN_POINT('',(0.000868967826160751,4.84746720213148E-20,9.90061356935137E-6));
#4276=CARTESIAN_POINT('',(0.000826731633552818,4.79453377095959E-20,2.69900088923829E-5));
#4277=CARTESIAN_POINT('',(0.000804507416008616,4.75761982420141E-20,3.90255888291652E-5));
#4278=CARTESIAN_POINT('',(0.000759030317289051,4.66674735393788E-20,6.94802003426994E-5));
#4279=CARTESIAN_POINT('',(0.00073579397826151,4.61289315544897E-20,8.78692464879564E-5));
#4280=CARTESIAN_POINT('',(0.000667730459267687,4.44045056525632E-20,0.000149152565265975));
#4281=CARTESIAN_POINT('',(0.000603093057955962,4.24710014539961E-20,0.000222423314223705));
#4282=CARTESIAN_POINT('',(0.000565998928570503,4.13115161223908E-20,0.000286988118262484));
#4283=CARTESIAN_POINT('',(0.000549236155971731,4.07908002733679E-20,0.000326297748816368));
#4284=CARTESIAN_POINT('',(0.000544853980181368,4.06575814682064E-20,0.00034405698013434));
#4285=CARTESIAN_POINT('',(0.000544853980181368,4.06575814682064E-20,0.00036));
#4286=CARTESIAN_POINT('',(0.,0.,0.00382));
#4287=CARTESIAN_POINT('',(-0.000924298823837225,0.0009260713208912,0.00382));
#4288=CARTESIAN_POINT('',(-0.00130845935673605,-2.37720654267616E-7,0.00382));
#4289=CARTESIAN_POINT('',(-0.000924597296693307,-0.000925120438074015,0.00382));
#4290=CARTESIAN_POINT('',(-9.53106154398317E-7,-0.00130799225428587,0.00382));
#4291=CARTESIAN_POINT('',(0.000924648318524852,-0.000925667357237938,0.00382));
#4292=CARTESIAN_POINT('',(0.00130804212271149,-1.68137520667879E-7,0.00382));
#4293=CARTESIAN_POINT('',(0.000925916286132175,0.000923838908023393,0.00382));
#4294=CARTESIAN_POINT('',(1.40294514059617E-6,0.00130821097339327,0.00382));
#4295=CARTESIAN_POINT('',(-0.000924298823837225,0.0009260713208912,0.00382));
#4296=CARTESIAN_POINT('',(-0.00130845935673605,-2.37720654267616E-7,0.00382));
#4297=CARTESIAN_POINT('',(-0.000924597296693307,-0.000925120438074015,0.00382));
#4298=CARTESIAN_POINT('',(-0.00118045559124579,3.33526240739549E-14,0.00382));
#4299=CARTESIAN_POINT('',(0.001220902231017,0.00016,0.00315966246519913));
#4300=CARTESIAN_POINT('',(0.001220902231017,-0.0002,0.00315966246519913));
#4301=CARTESIAN_POINT('',(0.00202148106186302,0.00016,0.00305372146836131));
#4302=CARTESIAN_POINT('',(0.00202148106186302,-0.0002,0.00305372146836131));
#4303=CARTESIAN_POINT('',(0.00203892959420059,0.00016,0.00257535320331135));
#4304=CARTESIAN_POINT('',(0.00203892959420059,-0.0002,0.00257535320331135));
#4305=CARTESIAN_POINT('',(0.00127324782802972,0.00016,0.00172455767004926));
#4306=CARTESIAN_POINT('',(0.00127324782802972,-0.0002,0.00172455767004926));
#4307=CARTESIAN_POINT('',(0.001220902231017,-0.0002,0.00315966246519913));
#4308=CARTESIAN_POINT('',(0.00245192218571902,-0.0002,0.00299676097929478));
#4309=CARTESIAN_POINT('',(0.00121409191082617,-0.0002,0.00165976732969284));
#4310=CARTESIAN_POINT('',(0.00123344209066399,0.00016,0.00332017118239424));
#4311=CARTESIAN_POINT('',(0.00123344209066399,-0.000160000001124658,0.00332017118239424));
#4312=CARTESIAN_POINT('',(0.00226983983177383,0.00016,0.00313730204377848));
#4313=CARTESIAN_POINT('',(0.00226983983177383,-0.000160000001124658,0.00313730204377848));
#4314=CARTESIAN_POINT('',(0.0022834189513555,0.00016,0.00255444899519615));
#4315=CARTESIAN_POINT('',(0.0022834189513555,-0.000160000001124658,0.00255444899519615));
#4316=CARTESIAN_POINT('',(0.00127417944940902,0.00016,0.00157161203664727));
#4317=CARTESIAN_POINT('',(0.00127417944940902,-0.000160000001124658,0.00157161203664727));
#4318=CARTESIAN_POINT('',(-3.63290458308615E-6,0.0002,0.00241366085841181));
#4319=CARTESIAN_POINT('',(-3.63290458308615E-6,-0.0002,0.00241366085841181));
#4320=CARTESIAN_POINT('',(-0.00122534461162932,0.0002,0.00323560911894221));
#4321=CARTESIAN_POINT('',(-0.00122915408215362,0.0002,0.00316102594306444));
#4322=CARTESIAN_POINT('',(-0.00122915408215362,0.0002,0.00316102594306444));
#4323=CARTESIAN_POINT('',(-0.00122915408215362,-0.00016,0.00316102594306444));
#4324=CARTESIAN_POINT('',(-0.00204445672577547,0.0002,0.00305470648433147));
#4325=CARTESIAN_POINT('',(-0.00204445672577547,-0.00016,0.00305470648433147));
#4326=CARTESIAN_POINT('',(-0.00205888699953173,0.0002,0.00257992355256368));
#4327=CARTESIAN_POINT('',(-0.00205888699953173,-0.00016,0.00257992355256368));
#4328=CARTESIAN_POINT('',(-0.00127244490342242,0.0002,0.00173667714776106));
#4329=CARTESIAN_POINT('',(-0.00127244490342242,-0.00016,0.00173667714776106));
#4330=CARTESIAN_POINT('',(-0.00122915408215362,0.0002,0.00316102594306444));
#4331=CARTESIAN_POINT('',(-0.00248880740255118,0.0002,0.00299676097929478));
#4332=CARTESIAN_POINT('',(-0.00119948078174553,0.0002,0.00165976732969284));
#4333=CARTESIAN_POINT('',(-0.00122915408215362,0.0002,0.00316102594306444));
#4334=CARTESIAN_POINT('',(-0.00122915408215362,0.0002,0.00316102594306444));
#4335=CARTESIAN_POINT('',(-0.00122534461162932,0.0002,0.00323560911894221));
#4336=CARTESIAN_POINT('',(-0.00122534461162932,0.0002,0.00323560911894221));
#4337=CARTESIAN_POINT('',(-0.00123126271813567,0.000160000000073166,0.0033084982693859));
#4338=CARTESIAN_POINT('',(-0.00123126271813567,-0.000160000001139904,0.0033084982693859));
#4339=CARTESIAN_POINT('',(-0.0022712529162727,0.000160000000073166,0.00312562279967617));
#4340=CARTESIAN_POINT('',(-0.0022712529162727,-0.000160000001139904,0.00312562279967617));
#4341=CARTESIAN_POINT('',(-0.00228577469334421,0.000160000000073166,0.0025536233849686));
#4342=CARTESIAN_POINT('',(-0.00228577469334421,-0.000160000001139904,0.0025536233849686));
#4343=CARTESIAN_POINT('',(-0.00127482804935022,0.000160000000073166,0.00159250002526319));
#4344=CARTESIAN_POINT('',(-0.00127482804935022,-0.000160000001139904,0.00159250002526319));
#4345=CARTESIAN_POINT('',(-3.63290458308615E-6,0.0002,0.00241366085841181));
#4346=CARTESIAN_POINT('',(-3.63290458308615E-6,-0.0002,0.00241366085841181));
#4347=CARTESIAN_POINT('',(0.000270231773640522,-0.000270231562617631,0.00036));
#4348=CARTESIAN_POINT('',(0.000281691123862326,-0.000280326892032157,0.000508029500463326));
#4349=CARTESIAN_POINT('',(0.000366827048541486,-0.000364882045644924,0.000621104883144214));
#4350=CARTESIAN_POINT('',(0.000485342370989547,-0.000482101636389639,0.000750083537291351));
#4351=CARTESIAN_POINT('',(0.000620181102364055,-0.000614301804538414,0.000882730215151115));
#4352=CARTESIAN_POINT('',(0.000761829769439318,-0.000755044572846404,0.00106126812989582));
#4353=CARTESIAN_POINT('',(0.000866332988090776,-0.000863323035372118,0.00130173191574041));
#4354=CARTESIAN_POINT('',(0.000900351166426493,-0.00089695650404579,0.00164952988806694));
#4355=CARTESIAN_POINT('',(0.000851792711199809,-0.000849496183741167,0.00213491214682579));
#4356=CARTESIAN_POINT('',(0.000795252937733005,-0.000794913623403275,0.00266108056099886));
#4357=CARTESIAN_POINT('',(0.00080463732494506,-0.000804858455371319,0.00325014655414725));
#4358=CARTESIAN_POINT('',(0.000881371798505384,-0.000881416137938871,0.00363600485842264));
#4359=CARTESIAN_POINT('',(0.000930931861892313,-0.000930933229636066,0.00384586933448694));
#4360=CARTESIAN_POINT('',(0.000382165113542128,-7.42684292916792E-11,0.00036));
#4361=CARTESIAN_POINT('',(0.000394675702786568,-7.05875244723596E-11,0.000501037228648462));
#4362=CARTESIAN_POINT('',(0.000507460635785144,-5.20464176827502E-11,0.000616814530132421));
#4363=CARTESIAN_POINT('',(0.000665063666994081,-3.2986381702923E-11,0.000745967831448668));
#4364=CARTESIAN_POINT('',(0.000841951390677075,-1.1141619674059E-11,0.000878811011439094));
#4365=CARTESIAN_POINT('',(0.00103033528623665,1.50645183980686E-11,0.001057006894786));
#4366=CARTESIAN_POINT('',(0.001177517052433,3.85691518008516E-11,0.00130069661361306));
#4367=CARTESIAN_POINT('',(0.00122903840224611,3.72569801506615E-11,0.00165402263169861));
#4368=CARTESIAN_POINT('',(0.00117499919906345,1.93632936906775E-11,0.00214062706261894));
#4369=CARTESIAN_POINT('',(0.00111283226444724,-1.21808677717832E-12,0.00266601045567019));
#4370=CARTESIAN_POINT('',(0.00113777166293572,-1.24797823189212E-11,0.00325207960971866));
#4371=CARTESIAN_POINT('',(0.00124664843424675,-5.4993258164604E-12,0.00363608938545338));
#4372=CARTESIAN_POINT('',(0.00131653948790206,-4.50693486437476E-13,0.00384587627459843));
#4373=CARTESIAN_POINT('',(0.000270231653279173,0.000270231859691349,0.00036));
#4374=CARTESIAN_POINT('',(0.000281691003151874,0.000280327174381291,0.000508029472704458));
#4375=CARTESIAN_POINT('',(0.000366826955780352,0.00036488225381939,0.000621104867633584));
#4376=CARTESIAN_POINT('',(0.000485342292867685,0.000482101768317814,0.00075008352255245));
#4377=CARTESIAN_POINT('',(0.000620181031971661,0.000614301849085514,0.000882730202281633));
#4378=CARTESIAN_POINT('',(0.000761829715032328,0.000755044512571845,0.00106126811653748));
#4379=CARTESIAN_POINT('',(0.000866332968604188,0.000863322881088052,0.00130173191201302));
#4380=CARTESIAN_POINT('',(0.000900351150995793,0.000896956355019259,0.00164952990155862));
#4381=CARTESIAN_POINT('',(0.000851792696496202,0.000849496106290984,0.00213491216509545));
#4382=CARTESIAN_POINT('',(0.000795252922422866,0.000794913628276169,0.00266108057638142));
#4383=CARTESIAN_POINT('',(0.000804637308041906,0.000804858505288736,0.00325014655726509));
#4384=CARTESIAN_POINT('',(0.000881371790327104,0.000881416159935383,0.00363600485452304));
#4385=CARTESIAN_POINT('',(0.000930931860076963,0.000930933231438744,0.00384586933032254));
#4386=CARTESIAN_POINT('',(-9.53891518399263E-11,0.000382165242608475,0.00036));
#4387=CARTESIAN_POINT('',(-9.42692536515341E-11,0.000401292354381929,0.00051784676816085));
#4388=CARTESIAN_POINT('',(-1.0273356007332E-10,0.000530052543783552,0.000625974182878793));
#4389=CARTESIAN_POINT('',(-1.049811462867E-10,0.000708664118173957,0.0007552875163537));
#4390=CARTESIAN_POINT('',(-1.02703262834972E-10,0.000913146702909945,0.000887869358774782));
#4391=CARTESIAN_POINT('',(-1.02719475940002E-10,0.00112782354289868,0.00106773715598243));
#4392=CARTESIAN_POINT('',(-1.10171609216175E-10,0.00128201467543809,0.00130412808033573));
#4393=CARTESIAN_POINT('',(-9.41488172301819E-11,0.00132532230355255,0.0016426874854693));
#4394=CARTESIAN_POINT('',(-7.18282794959044E-11,0.00123996401662414,0.00212672385072318));
#4395=CARTESIAN_POINT('',(-4.91572923590656E-11,0.00113998110133995,0.002653931679663));
#4396=CARTESIAN_POINT('',(-2.26839907321705E-11,0.00113853889219929,0.00324728745187341));
#4397=CARTESIAN_POINT('',(-8.34658884710465E-12,0.00124625145089326,0.00363589379975382));
#4398=CARTESIAN_POINT('',(-6.25845378773842E-13,0.00131653480464809,0.00384585925666895));
#4399=CARTESIAN_POINT('',(-0.000270231683944611,0.000270231630941154,0.00036));
#4400=CARTESIAN_POINT('',(-0.000281691045707155,0.000280326956674639,0.000508029521305919));
#4401=CARTESIAN_POINT('',(-0.000366827017931472,0.000364882076356224,0.000621104895413125));
#4402=CARTESIAN_POINT('',(-0.000485342390388509,0.000482101634509464,0.000750083550381995));
#4403=CARTESIAN_POINT('',(-0.000620181180499015,0.000614301768747811,0.000882730229441729));
#4404=CARTESIAN_POINT('',(-0.000761829909337065,0.000755044491679252,0.00106126814870105));
#4405=CARTESIAN_POINT('',(-0.000866333163666754,0.000863322904083771,0.00130173192606527));
#4406=CARTESIAN_POINT('',(-0.000900351328860414,0.000896956385311696,0.00164952987650912));
#4407=CARTESIAN_POINT('',(-0.000851792815975703,0.000849496109703977,0.00213491213239688));
#4408=CARTESIAN_POINT('',(-0.000795252972693519,0.000794913597278696,0.00266108054977716));
#4409=CARTESIAN_POINT('',(-0.000804637313102038,0.000804858463592749,0.0032501465517679));
#4410=CARTESIAN_POINT('',(-0.000881371792751476,0.000881416142662736,0.00363600486125287));
#4411=CARTESIAN_POINT('',(-0.000930931862194919,0.00093093323019576,0.00384586933751612));
#4412=CARTESIAN_POINT('',(-0.000382165281228615,-5.69479982941431E-11,0.00036));
#4413=CARTESIAN_POINT('',(-0.000394675850226011,-5.94221512158803E-11,0.00050103716225819));
#4414=CARTESIAN_POINT('',(-0.000507460727066017,-7.09517348944868E-11,0.000616814490054209));
#4415=CARTESIAN_POINT('',(-0.000665063682939751,-7.42894372640678E-11,0.000745967791590125));
#4416=CARTESIAN_POINT('',(-0.000841951306689909,-7.480305951641E-11,0.000878810971785258));
#4417=CARTESIAN_POINT('',(-0.00103033510129084,-6.97000918087518E-11,0.00105700684778114));
#4418=CARTESIAN_POINT('',(-0.00117751682481697,-5.93388713879669E-11,0.00130069659157364));
#4419=CARTESIAN_POINT('',(-0.00122903818736917,-5.0867327140844E-11,0.00165402266378436));
#4420=CARTESIAN_POINT('',(-0.00117499906927337,-4.01385070184873E-11,0.00214062710560626));
#4421=CARTESIAN_POINT('',(-0.00111283223775867,-2.85328453710543E-11,0.00266601049011311));
#4422=CARTESIAN_POINT('',(-0.00113777169455517,-1.61491867631265E-11,0.00325207961589114));
#4423=CARTESIAN_POINT('',(-0.00124664844709387,-6.69406423144919E-12,0.00363608937526895));
#4424=CARTESIAN_POINT('',(-0.00131653948659747,-8.39556833842182E-13,0.00384587626377239));
#4425=CARTESIAN_POINT('',(-0.000270231612530365,-0.000270231695759018,0.00036));
#4426=CARTESIAN_POINT('',(-0.000281690966666859,-0.0002803270260598,0.000508029515692566));
#4427=CARTESIAN_POINT('',(-0.00036682690017681,-0.00036488218032029,0.00062110489274896));
#4428=CARTESIAN_POINT('',(-0.000485342243405658,-0.000482101760925608,0.000750083547261206));
#4429=CARTESIAN_POINT('',(-0.000620181004864476,-0.000614301913950875,0.000882730225694614));
#4430=CARTESIAN_POINT('',(-0.000761829707277335,-0.000755044657363965,0.00106126814318196));
#4431=CARTESIAN_POINT('',(-0.000866332949144973,-0.000863323090321569,0.00130173192362179));
#4432=CARTESIAN_POINT('',(-0.000900351138669317,-0.000896956548008629,0.00164952988180397));
#4433=CARTESIAN_POINT('',(-0.000851792679342467,-0.000849496225279041,0.00213491213798394));
#4434=CARTESIAN_POINT('',(-0.000795252897074942,-0.000794913663247408,0.00266108055416411));
#4435=CARTESIAN_POINT('',(-0.000804637289676042,-0.000804858485874864,0.00325014655351082));
#4436=CARTESIAN_POINT('',(-0.000881371784231737,-0.000881416150886497,0.00363600486142811));
#4437=CARTESIAN_POINT('',(-0.000930931861016563,-0.000930933231279711,0.00384586933763698));
#4438=CARTESIAN_POINT('',(3.96108662113079E-11,-0.000382165292083427,0.00036));
#4439=CARTESIAN_POINT('',(4.37786696635192E-11,-0.000401292398084804,0.000517846760145525));
#4440=CARTESIAN_POINT('',(5.39177340017813E-11,-0.000530052558083268,0.000625974178459442));
#4441=CARTESIAN_POINT('',(5.37063827765556E-11,-0.000708664104795366,0.000755287512166065));
#4442=CARTESIAN_POINT('',(5.15861823324461E-11,-0.000913146659167188,0.000887869355272368));
#4443=CARTESIAN_POINT('',(4.06098628478247E-11,-0.00112782346423575,0.00106773715257965));
#4444=CARTESIAN_POINT('',(2.06853462492609E-11,-0.00128201456746226,0.00130412807986291));
#4445=CARTESIAN_POINT('',(1.68420777782226E-11,-0.00132532220488052,0.00164268748976277));
#4446=CARTESIAN_POINT('',(1.55804816845173E-11,-0.00123996395362527,0.00212672385647615));
#4447=CARTESIAN_POINT('',(1.40386591805407E-11,-0.00113998107846595,0.00265393168480872));
#4448=CARTESIAN_POINT('',(1.2155176534747E-11,-0.00113853889727204,0.00324728745353579));
#4449=CARTESIAN_POINT('',(5.65157008341775E-12,-0.00124625145383447,0.00363589379928827));
#4450=CARTESIAN_POINT('',(9.25257690637884E-13,-0.00131653480489196,0.00384585925612552));
#4451=CARTESIAN_POINT('',(0.000270231773640522,-0.000270231562617631,0.00036));
#4452=CARTESIAN_POINT('',(0.000281691123862326,-0.000280326892032157,0.000508029500463326));
#4453=CARTESIAN_POINT('',(0.000366827048541486,-0.000364882045644924,0.000621104883144214));
#4454=CARTESIAN_POINT('',(0.000485342370989547,-0.000482101636389639,0.000750083537291351));
#4455=CARTESIAN_POINT('',(0.000620181102364055,-0.000614301804538414,0.000882730215151115));
#4456=CARTESIAN_POINT('',(0.000761829769439318,-0.000755044572846404,0.00106126812989582));
#4457=CARTESIAN_POINT('',(0.000866332988090776,-0.000863323035372118,0.00130173191574041));
#4458=CARTESIAN_POINT('',(0.000900351166426493,-0.00089695650404579,0.00164952988806694));
#4459=CARTESIAN_POINT('',(0.000851792711199809,-0.000849496183741167,0.00213491214682579));
#4460=CARTESIAN_POINT('',(0.000795252937733005,-0.000794913623403275,0.00266108056099886));
#4461=CARTESIAN_POINT('',(0.00080463732494506,-0.000804858455371319,0.00325014655414725));
#4462=CARTESIAN_POINT('',(0.000881371798505384,-0.000881416137938871,0.00363600485842264));
#4463=CARTESIAN_POINT('',(0.000930931861892313,-0.000930933229636066,0.00384586933448694));
#4464=CARTESIAN_POINT('',(0.000382165113542128,-7.42684292916792E-11,0.00036));
#4465=CARTESIAN_POINT('',(0.000394675702786568,-7.05875244723596E-11,0.000501037228648462));
#4466=CARTESIAN_POINT('',(0.000507460635785144,-5.20464176827502E-11,0.000616814530132421));
#4467=CARTESIAN_POINT('',(0.000665063666994081,-3.2986381702923E-11,0.000745967831448668));
#4468=CARTESIAN_POINT('',(0.000841951390677075,-1.1141619674059E-11,0.000878811011439094));
#4469=CARTESIAN_POINT('',(0.00103033528623665,1.50645183980686E-11,0.001057006894786));
#4470=CARTESIAN_POINT('',(0.001177517052433,3.85691518008516E-11,0.00130069661361306));
#4471=CARTESIAN_POINT('',(0.00122903840224611,3.72569801506615E-11,0.00165402263169861));
#4472=CARTESIAN_POINT('',(0.00117499919906345,1.93632936906775E-11,0.00214062706261894));
#4473=CARTESIAN_POINT('',(0.00111283226444724,-1.21808677717832E-12,0.00266601045567019));
#4474=CARTESIAN_POINT('',(0.00113777166293572,-1.24797823189212E-11,0.00325207960971866));
#4475=CARTESIAN_POINT('',(0.00124664843424675,-5.4993258164604E-12,0.00363608938545338));
#4476=CARTESIAN_POINT('',(0.00131653948790206,-4.50693486437476E-13,0.00384587627459843));
#4477=CARTESIAN_POINT('',(0.000270231653279173,0.000270231859691349,0.00036));
#4478=CARTESIAN_POINT('',(0.000281691003151874,0.000280327174381291,0.000508029472704458));
#4479=CARTESIAN_POINT('',(0.000366826955780352,0.00036488225381939,0.000621104867633584));
#4480=CARTESIAN_POINT('',(0.000485342292867685,0.000482101768317814,0.00075008352255245));
#4481=CARTESIAN_POINT('',(0.000620181031971661,0.000614301849085514,0.000882730202281633));
#4482=CARTESIAN_POINT('',(0.000761829715032328,0.000755044512571845,0.00106126811653748));
#4483=CARTESIAN_POINT('',(0.000866332968604188,0.000863322881088052,0.00130173191201302));
#4484=CARTESIAN_POINT('',(0.000900351150995793,0.000896956355019259,0.00164952990155862));
#4485=CARTESIAN_POINT('',(0.000851792696496202,0.000849496106290984,0.00213491216509545));
#4486=CARTESIAN_POINT('',(0.000795252922422866,0.000794913628276169,0.00266108057638142));
#4487=CARTESIAN_POINT('',(0.000804637308041906,0.000804858505288736,0.00325014655726509));
#4488=CARTESIAN_POINT('',(0.000881371790327104,0.000881416159935383,0.00363600485452304));
#4489=CARTESIAN_POINT('',(0.000930931860076963,0.000930933231438744,0.00384586933032254));
#4490=CARTESIAN_POINT('',(1.21052323519928E-10,-0.000517281080861933,0.00036));
#4491=CARTESIAN_POINT('',(0.00051728095548187,-1.50550811509227E-11,0.00036));
#4492=CARTESIAN_POINT('',(-6.18915931553015E-11,0.000517281141082258,0.00036));
#4493=CARTESIAN_POINT('',(-0.000517281120137542,-8.82075454209296E-11,0.00036));
#4494=CARTESIAN_POINT('',(1.21052323519928E-10,-0.000517281080861933,0.00036));
#4495=CARTESIAN_POINT('',(0.00051728095548187,-1.50550811509227E-11,0.00036));
#4496=CARTESIAN_POINT('',(-6.18915931553015E-11,0.000517281141082258,0.00036));
#4497=CARTESIAN_POINT('',(0.000344853980181368,3.25260651745652E-20,0.00036));
#4498=CARTESIAN_POINT('',(-0.00177336059063673,0.,-0.00104));
#4499=CARTESIAN_POINT('',(-0.00177336059063673,0.,-0.0002));
#4500=CARTESIAN_POINT('',(-0.00177336059063673,-0.00133073770925403,-0.0002));
#4501=CARTESIAN_POINT('',(-0.00177336059063673,0.00133073770925403,-0.0002));
#4502=CARTESIAN_POINT('',(-0.00177336059063673,-0.00133073770925403,-0.00104));
#4503=CARTESIAN_POINT('',(-0.00177336059063673,-0.00133073770925403,-0.00084));
#4504=CARTESIAN_POINT('',(-0.00177336059063673,0.,-0.00084));
#4505=CARTESIAN_POINT('',(-0.00177336059063673,0.00133073770925403,-0.00084));
#4506=CARTESIAN_POINT('',(-0.00177336059063673,0.00133073770925403,-0.00104));
#4507=CARTESIAN_POINT('',(0.,-0.00133073770925403,-0.00104));
#4508=CARTESIAN_POINT('',(0.,-0.00133073770925403,-0.0002));
#4509=CARTESIAN_POINT('',(0.00177336059063673,-0.00133073770925403,-0.0002));
#4510=CARTESIAN_POINT('',(0.00177336059063673,-0.00133073770925403,-0.00104));
#4511=CARTESIAN_POINT('',(0.00177336059063673,-0.00133073770925403,-0.00084));
#4512=CARTESIAN_POINT('',(0.,-0.00133073770925403,-0.00084));
#4513=CARTESIAN_POINT('',(0.00177336059063673,0.,-0.00104));
#4514=CARTESIAN_POINT('',(0.00177336059063673,0.,-0.0002));
#4515=CARTESIAN_POINT('',(0.00177336059063673,0.00133073770925403,-0.0002));
#4516=CARTESIAN_POINT('',(0.00177336059063673,0.00133073770925403,-0.00104));
#4517=CARTESIAN_POINT('',(0.00177336059063673,0.00133073770925403,-0.00084));
#4518=CARTESIAN_POINT('',(0.00177336059063673,0.,-0.00084));
#4519=CARTESIAN_POINT('',(0.,0.00133073770925403,-0.00104));
#4520=CARTESIAN_POINT('',(0.,0.00133073770925403,-0.0002));
#4521=CARTESIAN_POINT('',(0.,0.00133073770925403,-0.00084));
#4522=CARTESIAN_POINT('',(0.,0.,-0.00084));
#4523=CARTESIAN_POINT('',(0.,0.,-0.0002));
#4524=CARTESIAN_POINT('',(0.,5.8697399822066E-20,-0.0002));
#4525=CARTESIAN_POINT('',(0.000958601285904367,5.8697399822066E-20,-0.0002));
#4526=CARTESIAN_POINT('',(0.000753093720897713,-0.000752896841641967,-0.0002));
#4527=CARTESIAN_POINT('',(0.000718795647516599,-0.000723481371466852,-0.000205464905858153));
#4528=CARTESIAN_POINT('',(0.000581286077525843,-0.000596201668369096,-0.000175883823585639));
#4529=CARTESIAN_POINT('',(0.000453216599570182,-0.00046344073373327,-4.51745504573783E-5));
#4530=CARTESIAN_POINT('',(0.000339649687503712,-0.000341586691010004,0.000115540628091586));
#4531=CARTESIAN_POINT('',(0.00027750054513492,-0.000276334359818375,0.000233733495286132));
#4532=CARTESIAN_POINT('',(0.000270231773640521,-0.000270231562617632,0.00036));
#4533=CARTESIAN_POINT('',(0.00106520028767177,8.13151629364128E-20,-0.0002));
#4534=CARTESIAN_POINT('',(0.00101771410524011,-8.72843328647219E-14,-0.000204887175432251));
#4535=CARTESIAN_POINT('',(0.00082741713546274,3.28627573829669E-13,-0.000179073681523254));
#4536=CARTESIAN_POINT('',(0.000634581156120416,-2.29083421408372E-11,-4.22340160266769E-5));
#4537=CARTESIAN_POINT('',(0.000473160513824542,-5.41461386090094E-11,0.000121542528245844));
#4538=CARTESIAN_POINT('',(0.000390004042029082,-7.27836170036377E-11,0.000240188774194232));
#4539=CARTESIAN_POINT('',(0.000382165113542129,-7.42684293106527E-11,0.00036));
#4540=CARTESIAN_POINT('',(0.00075309372091015,0.000752896841641967,-0.0002));
#4541=CARTESIAN_POINT('',(0.000718795649220888,0.00072348137180997,-0.000205464906626846));
#4542=CARTESIAN_POINT('',(0.000581286068252335,0.000596201667072915,-0.0001758838213601));
#4543=CARTESIAN_POINT('',(0.000453216551893726,0.000463440825878498,-4.51745351353447E-5));
#4544=CARTESIAN_POINT('',(0.000339649590178282,0.000341586908739817,0.0001155406483624));
#4545=CARTESIAN_POINT('',(0.000277500423386142,0.000276334651191372,0.000233733518528908));
#4546=CARTESIAN_POINT('',(0.000270231653279173,0.000270231859691349,0.000360000000000001));
#4547=CARTESIAN_POINT('',(1.6957633485349E-14,0.00106447353618597,-0.0002));
#4548=CARTESIAN_POINT('',(-4.65436127410502E-13,0.00102107893079568,-0.000206100326853998));
#4549=CARTESIAN_POINT('',(-5.48035514267697E-13,0.000840911008743282,-0.000170600471069724));
#4550=CARTESIAN_POINT('',(-3.49150586474191E-11,0.000667109303851016,-4.96736523020391E-5));
#4551=CARTESIAN_POINT('',(-7.78737492937079E-11,0.000493248832991713,0.000108184949194198));
#4552=CARTESIAN_POINT('',(-9.46321503096133E-11,0.000393941479684255,0.000224418932109335));
#4553=CARTESIAN_POINT('',(-9.53891526483703E-11,0.000382165242608476,0.00036));
#4554=CARTESIAN_POINT('',(-0.000753093720883017,0.000752896841642045,-0.0002));
#4555=CARTESIAN_POINT('',(-0.000718795646063683,0.000723481371126953,-0.000205464905477275));
#4556=CARTESIAN_POINT('',(-0.000581286084353777,0.000596201668903513,-0.000175883824350681));
#4557=CARTESIAN_POINT('',(-0.000453216585331769,0.000463440754822622,-4.51745609890768E-5));
#4558=CARTESIAN_POINT('',(-0.000339649635971405,0.000341586740094581,0.000115540615442929));
#4559=CARTESIAN_POINT('',(-0.000277500461036033,0.00027633442716482,0.000233733479157459));
#4560=CARTESIAN_POINT('',(-0.000270231683944611,0.000270231630941154,0.000360000000000001));
#4561=CARTESIAN_POINT('',(-0.00106520028767177,9.23265912507187E-20,-0.0002));
#4562=CARTESIAN_POINT('',(-0.00101771410966868,6.73406166280336E-13,-0.000204887176973103));
#4563=CARTESIAN_POINT('',(-0.000827417116920139,-3.1000814236052E-12,-0.000179073677775832));
#4564=CARTESIAN_POINT('',(-0.000634581180862964,-2.92897908955699E-11,-4.22339752606712E-5));
#4565=CARTESIAN_POINT('',(-0.000473160612715884,-5.67645507456689E-11,0.000121542579641153));
#4566=CARTESIAN_POINT('',(-0.000390004198431086,-5.86238593472674E-11,0.000240188832588368));
#4567=CARTESIAN_POINT('',(-0.000382165281228614,-5.69479946681477E-11,0.00036));
#4568=CARTESIAN_POINT('',(-0.000753093720924846,-0.000752896841642044,-0.0002));
#4569=CARTESIAN_POINT('',(-0.000718795646578208,-0.000723481370426695,-0.00020546490535726));
#4570=CARTESIAN_POINT('',(-0.000581286078579879,-0.000596201674682281,-0.000175883824912837));
#4571=CARTESIAN_POINT('',(-0.000453216544319588,-0.000463440793703407,-4.51745630780196E-5));
#4572=CARTESIAN_POINT('',(-0.00033964955961537,-0.000341586812382022,0.000115540612495969));
#4573=CARTESIAN_POINT('',(-0.000277500386358501,-0.000276334495373141,0.000233733477695335));
#4574=CARTESIAN_POINT('',(-0.00027023161253037,-0.000270231695759017,0.00036));
#4575=CARTESIAN_POINT('',(-1.69576605904033E-14,-0.00106447353618597,-0.0002));
#4576=CARTESIAN_POINT('',(-6.90421996646633E-13,-0.00102107893096055,-0.000206100326834418));
#4577=CARTESIAN_POINT('',(5.71869604486719E-12,-0.000840911009091878,-0.000170600471357778));
#4578=CARTESIAN_POINT('',(2.81174173367657E-11,-0.000667109316262783,-4.96736510631489E-5));
#4579=CARTESIAN_POINT('',(4.91721031500489E-11,-0.000493248864353346,0.000108184950825555));
#4580=CARTESIAN_POINT('',(4.31539254979981E-11,-0.000393941526920721,0.000224418936261592));
#4581=CARTESIAN_POINT('',(3.96108721588103E-11,-0.000382165292083427,0.000360000000000001));
#4582=CARTESIAN_POINT('',(0.000753093720897713,-0.000752896841641967,-0.0002));
#4583=CARTESIAN_POINT('',(0.000718795647516599,-0.000723481371466852,-0.000205464905858153));
#4584=CARTESIAN_POINT('',(0.000581286077525843,-0.000596201668369096,-0.000175883823585639));
#4585=CARTESIAN_POINT('',(0.000453216599570182,-0.00046344073373327,-4.51745504573783E-5));
#4586=CARTESIAN_POINT('',(0.000339649687503712,-0.000341586691010004,0.000115540628091586));
#4587=CARTESIAN_POINT('',(0.00027750054513492,-0.000276334359818375,0.000233733495286132));
#4588=CARTESIAN_POINT('',(0.000270231773640521,-0.000270231562617632,0.00036));
#4589=CARTESIAN_POINT('',(0.00106520028767177,8.13151629364128E-20,-0.0002));
#4590=CARTESIAN_POINT('',(0.00101771410524011,-8.72843328647219E-14,-0.000204887175432251));
#4591=CARTESIAN_POINT('',(0.00082741713546274,3.28627573829669E-13,-0.000179073681523254));
#4592=CARTESIAN_POINT('',(0.000634581156120416,-2.29083421408372E-11,-4.22340160266769E-5));
#4593=CARTESIAN_POINT('',(0.000473160513824542,-5.41461386090094E-11,0.000121542528245844));
#4594=CARTESIAN_POINT('',(0.000390004042029082,-7.27836170036377E-11,0.000240188774194232));
#4595=CARTESIAN_POINT('',(0.000382165113542129,-7.42684293106527E-11,0.00036));
#4596=CARTESIAN_POINT('',(0.00075309372091015,0.000752896841641967,-0.0002));
#4597=CARTESIAN_POINT('',(0.000718795649220888,0.00072348137180997,-0.000205464906626846));
#4598=CARTESIAN_POINT('',(0.000581286068252335,0.000596201667072915,-0.0001758838213601));
#4599=CARTESIAN_POINT('',(0.000453216551893726,0.000463440825878498,-4.51745351353447E-5));
#4600=CARTESIAN_POINT('',(0.000339649590178282,0.000341586908739817,0.0001155406483624));
#4601=CARTESIAN_POINT('',(0.000277500423386142,0.000276334651191372,0.000233733518528908));
#4602=CARTESIAN_POINT('',(0.000270231653279173,0.000270231859691349,0.000360000000000001));
#4603=CARTESIAN_POINT('',(-0.00177336059063673,-0.00156073770925403,-0.00068));
#4604=CARTESIAN_POINT('',(-0.00177336059063673,-0.00156073770925403,-0.00084));
#4605=CARTESIAN_POINT('',(-0.00177336059063673,-0.00156073770925403,-0.00084));
#4606=CARTESIAN_POINT('',(-0.00177336059063673,-0.00156073770925403,-0.00068));
#4607=CARTESIAN_POINT('',(-0.00177336059063673,-0.00156073770925403,-0.0002));
#4608=CARTESIAN_POINT('',(-0.00177336059063673,-0.00156073770925403,-0.0002));
#4609=CARTESIAN_POINT('',(-0.000886680295318365,-0.00156073770925403,-0.00084));
#4610=CARTESIAN_POINT('',(0.00177336059063673,-0.00156073770925403,-0.00084));
#4611=CARTESIAN_POINT('',(0.00177336059063673,-0.00156073770925403,-0.00084));
#4612=CARTESIAN_POINT('',(-0.000886680295318365,-0.00156073770925403,-0.00084));
#4613=CARTESIAN_POINT('',(0.00177336059063673,-0.00156073770925403,-0.00068));
#4614=CARTESIAN_POINT('',(0.00177336059063673,-0.00156073770925403,-0.0002));
#4615=CARTESIAN_POINT('',(0.00177336059063673,-0.00156073770925403,-0.0002));
#4616=CARTESIAN_POINT('',(0.00177336059063673,-0.00156073770925403,-0.00068));
#4617=CARTESIAN_POINT('',(0.000886680295318365,-0.00156073770925403,-0.0002));
#4618=CARTESIAN_POINT('',(0.000886680295318365,-0.00156073770925403,-0.0002));
#4619=CARTESIAN_POINT('',(0.,-0.00156073770925403,-0.00052));
#4620=MECHANICAL_DESIGN_GEOMETRIC_PRESENTATION_REPRESENTATION('',(#677,
#607,#608,#609,#610,#611,#612,#613,#614,#615,#616,#617,#618,#619,#620,#621,
#622,#623,#624,#625,#626,#627,#628,#629,#630,#631,#632,#633,#634,#635,#636,
#637),#4621);
#4621=(
GEOMETRIC_REPRESENTATION_CONTEXT(3)
GLOBAL_UNCERTAINTY_ASSIGNED_CONTEXT((#4622))
GLOBAL_UNIT_ASSIGNED_CONTEXT((#4625,#4624,#4623))
REPRESENTATION_CONTEXT('Part 1','TOP_LEVEL_ASSEMBLY_PART')
);
#4622=UNCERTAINTY_MEASURE_WITH_UNIT(LENGTH_MEASURE(2.E-5),#4625,
'DISTANCE_ACCURACY_VALUE','Maximum Tolerance applied to model');
#4623=(
NAMED_UNIT(*)
SI_UNIT($,.STERADIAN.)
SOLID_ANGLE_UNIT()
);
#4624=(
NAMED_UNIT(*)
PLANE_ANGLE_UNIT()
SI_UNIT($,.RADIAN.)
);
#4625=(
LENGTH_UNIT()
NAMED_UNIT(*)
SI_UNIT($,.METRE.)
);
#4626=PRODUCT_DEFINITION_SHAPE('','',#4627);
#4627=PRODUCT_DEFINITION('','',#4629,#4628);
#4628=PRODUCT_DEFINITION_CONTEXT('',#4635,'design');
#4629=PRODUCT_DEFINITION_FORMATION_WITH_SPECIFIED_SOURCE('','',#4631,
 .NOT_KNOWN.);
#4630=PRODUCT_RELATED_PRODUCT_CATEGORY('','',(#4631));
#4631=PRODUCT('Part 1','Part 1','Part 1',(#4633));
#4632=PRODUCT_CATEGORY('','');
#4633=PRODUCT_CONTEXT('',#4635,'mechanical');
#4634=APPLICATION_PROTOCOL_DEFINITION('international standard',
'ap242_managed_model_based_3d_engineering',2020,#4635);
#4635=APPLICATION_CONTEXT('managed model based 3d engineering');
ENDSEC;
END-ISO-10303-21;
